$MeshFormat
4.1 0 8
$EndMeshFormat
$Entities
14 20 14 4
1 0.5 -1.224646799147353e-16 2 0 
2 0.5 -1.224646799147353e-16 0 0 
3 0.8576159332410815 -0.000966400726790388 2.313846236448176 0 
4 0.9747559871245772 -0.0001395936009182354 -0.03156395054383086 0 
10 0.5 -1.224646799147353e-16 2 0 
16 0.5 -1.224646799147353e-16 0 0 
17 -1.5 -1.5 0 0 
18 1.5 -1.5 0 0 
19 1.5 1.5 0 0 
20 -1.5 1.5 0 0 
21 -1.5 -1.5 4 0 
22 1.5 -1.5 4 0 
23 1.5 1.5 4 0 
24 -1.5 1.5 4 0 
1 -0.5000000999999999 -0.5000000999999999 1.9999999 0.5000000999999999 0.5000000999999999 2.0000001 0 2 1 -1 
2 0.4999999 -1.000000001224647e-07 -9.999999994736442e-08 0.5000000999999999 9.999999987753531e-08 2.0000001 0 2 2 -1 
3 -0.5000000999999999 -0.5000000999999999 -1e-07 0.5000000999999999 0.5000000999999999 1e-07 0 2 2 -2 
5 -0.7790800305899257 -0.8449808913496826 2.304245997772552 0.8576159332410815 0.8451176946216061 2.313846236448176 0 2 3 -3 
6 0.8576159332410815 -0.0009664007267903881 -0.03156395054383077 0.9758036828631312 0.0009776064934406807 2.313846236448176 0 2 4 -3 
7 -0.8801628507687638 -0.9506409295857925 -0.03474018766347492 0.9747559871245772 0.9507608557222873 -0.02064181309351322 0 2 4 -4 
10 0.5 -0.000966400726790388 2 0.8576159332410815 -1.224606353822377e-16 2.313846236448176 0 2 1 -3 
14 0.5 -0.0001395936009182354 -0.03156395054383086 0.9747559871245772 -1.224606353822377e-16 0 0 2 2 -4 
15 -1.5 -1.5 0 1.5 -1.5 0 0 2 17 -18 
16 1.5 -1.5 0 1.5 1.5 0 0 2 18 -19 
17 -1.5 1.5 0 1.5 1.5 0 0 2 19 -20 
18 -1.5 -1.5 0 -1.5 1.5 0 0 2 20 -17 
19 -1.5 -1.5 4 1.5 -1.5 4 0 2 21 -22 
20 1.5 -1.5 4 1.5 1.5 4 0 2 22 -23 
21 -1.5 1.5 4 1.5 1.5 4 0 2 23 -24 
22 -1.5 -1.5 4 -1.5 1.5 4 0 2 24 -21 
23 -1.5 -1.5 0 -1.5 -1.5 4 0 2 17 -21 
24 1.5 -1.5 0 1.5 -1.5 4 0 2 18 -22 
25 1.5 1.5 0 1.5 1.5 4 0 2 19 -23 
26 -1.5 1.5 0 -1.5 1.5 4 0 2 20 -24 
1 -0.5000000999999999 -0.5000000999999999 -9.999999994736442e-08 0.5000000999999999 0.5000000999999999 2.0000001 0 4 -1 -2 3 2 
2 -0.5000000999999999 -0.5000000999999999 1.9999999 0.5000000999999999 0.5000000999999999 2.0000001 0 1 1 
3 -0.5000000999999999 -0.5000000999999999 -1e-07 0.5000000999999999 0.5000000999999999 1e-07 0 1 3 
12 -0.7790800305899257 -0.8449808913496826 2 0.8576159332410815 0.8451176946216061 2.313846236448176 0 4 -1 10 5 -10 
16 0.5 -0.0009664007267903881 -0.03156395054383077 0.9758036828631312 0.0009776064934406807 2.313846236448176 0 4 -2 10 6 -14 
20 -0.8801628507687638 -0.9506409295857925 -0.03474018766347492 0.9747559871245772 0.9507608557222873 0 0 4 3 14 7 14 
25 -0.9756855004576724 -0.9656607969149829 -0.03474018766347498 0.9758036828631312 0.9617174661528718 2.313846236448176 0 4 5 6 7 6 
32 -0.7790800305899257 -0.8449808913496826 2.304245997772552 0.8576159332410815 0.8451176946216061 2.475804108610822 0 1 5 
33 -1.5 -1.5 -0.03474018766347492 1.5 1.5 0 0 5 15 16 17 18 -7 
34 -1.5 -1.5 4 1.5 1.5 4 0 4 19 20 21 22 
35 -1.5 -1.5 0 1.5 -1.5 4 0 4 15 24 -19 -23 
36 1.5 -1.5 0 1.5 1.5 4 0 4 16 25 -20 -24 
37 -1.5 1.5 0 1.5 1.5 4 0 4 17 26 -21 -25 
38 -1.5 -1.5 0 -1.5 1.5 4 0 4 18 23 -22 -26 
1 -0.5000000999999999 -0.5000000999999999 -9.999999994736442e-08 0.5000000999999999 0.5000000999999999 2.0000001 0 3 1 2 -3 
2 -0.9756855004576724 -0.9656607969149829 -0.03474018766347498 0.9758036828631312 0.9617174661528718 2.313846236448176 0 6 -25 12 -16 -20 16 1 
3 -0.7790800305899257 -0.8449808913496826 1.9999999 0.8576159332410815 0.8451176946216061 2.475804108610822 0 3 -32 12 2 
4 -1.5 -1.5 -0.03474018766347498 1.5 1.5 4 0 8 25 32 33 34 35 36 37 38 
$EndEntities
$Nodes
52 1044 1 1044
0 1 0 1
1
0.5 -1.224646799147353e-16 2
0 2 0 1
2
0.5 -1.224646799147353e-16 0
0 3 0 1
3
0.8576159332410815 -0.000966400726790388 2.313846236448176
0 4 0 1
4
0.9747559871245772 -0.0001395936009182354 -0.03156395054383086
0 10 0 1
5
0.5 -1.224646799147353e-16 2
0 16 0 1
6
0.5 -1.224646799147353e-16 0
0 17 0 1
7
-1.5 -1.5 0
0 18 0 1
8
1.5 -1.5 0
0 19 0 1
9
1.5 1.5 0
0 20 0 1
10
-1.5 1.5 0
0 21 0 1
11
-1.5 -1.5 4
0 22 0 1
12
1.5 -1.5 4
0 23 0 1
13
1.5 1.5 4
0 24 0 1
14
-1.5 1.5 4
1 1 0 6
15
16
17
18
19
20
0.3117449009293674 0.3909157412340144 2
-0.1112604669781563 0.487463956090912 2
-0.4504844339512092 0.2169418695587797 2
-0.4504844339512098 -0.2169418695587786 2
-0.1112604669781577 -0.4874639560909117 2
0.3117449009293667 -0.390915741234015 2
1 2 0 3
21
22
23
0.5 -1.224646799147353e-16 0.4999999999999999
0.5 -1.224646799147353e-16 0.9999999999999999
0.5 -1.224646799147353e-16 1.5
1 3 0 6
24
25
26
27
28
29
0.3117449009293674 0.3909157412340144 0
-0.1112604669781563 0.487463956090912 0
-0.4504844339512092 0.2169418695587797 0
-0.4504844339512098 -0.2169418695587786 0
-0.1112604669781577 -0.4874639560909117 0
0.3117449009293667 -0.390915741234015 0
1 5 0 6
30
31
32
33
34
35
0.5285789703838923 0.6819068484526702 2.307728308113488
-0.1881221994940215 0.8451176946216062 2.304245997772552
-0.7786822289974935 0.3749350562944914 2.306127277521606
-0.7790800305899257 -0.3747372999207014 2.305802363950118
-0.1875975171171794 -0.8449808913496826 2.304538742281154
0.5299224880973465 -0.681349466175982 2.307304965213436
1 6 0 3
36
37
38
0.9754231450590669 -3.14311954604067e-05 0.5190363317150118
0.9758036828631312 0.0003821096757532197 1.000509055021725
0.9752597426884166 0.0009776064934406807 1.477267401463479
1 7 0 6
39
40
41
42
43
44
0.6078884755698097 0.7617067092551097 -0.03467839390886522
-0.2169398049919481 0.9507608557222873 -0.02402935870681403
-0.8801628507687638 0.4202640853747375 -0.02064181309351322
-0.8796714525520816 -0.4208004805162553 -0.02509421395305721
-0.2176982993606645 -0.9506409295857924 -0.02297017267620305
0.6077408238240531 -0.7618188050684459 -0.03474018766347492
1 10 0 14
45
46
47
48
49
50
51
52
53
54
55
56
57
58
0.5075160328960839 -2.031089495249711e-05 2.006596122874275
0.5161594707265804 -4.366842414772794e-05 2.014181664179691
0.5260994242316513 -7.05295827222434e-05 2.022905036680919
0.537530370762483 -0.0001014199150829362 2.032936915057332
0.5506759592729393 -0.0001369437972977328 2.044473575190206
0.5657933860599641 -0.000177796261844749 2.057740734343012
0.5831784268650426 -0.0002247765960738177 2.072997967368738
0.6031712237908829 -0.0002788039804372465 2.090543785348324
0.6261629402555993 -0.0003409354724551898 2.110721476024847
0.652603414190023 -0.0004123866882758245 2.133925820302849
0.6830099592146104 -0.0004945555864695545 2.160610816222551
0.7179774859928858 -0.0005890498193923438 2.191298561530209
0.7581901417879026 -0.0006977181872535517 2.226589468634015
0.8044346959521719 -0.0008226868102939407 2.267174011803392
1 14 0 14
59
60
61
62
63
64
65
66
67
68
69
70
71
72
0.5099779715755439 -2.933846059705189e-06 -0.0006633812103049369
0.5214526388874193 -6.307769028225322e-06 -0.001426269602155614
0.5346485062960761 -1.018778044202347e-05 -0.002303591252783893
0.5498237538160314 -1.464979356789135e-05 -0.003312511151006414
0.56727528846398 -1.97811086626394e-05 -0.004472769033962313
0.5873445533091208 -2.568212102159967e-05 -0.005807065599361595
0.6104242078810329 -3.246828523440398e-05 -0.007341506649570772
0.6369658106387317 -4.027237407912892e-05 -0.009106113857311323
0.6674886538100853 -4.92470762505626e-05 -0.01113541214621296
0.702589923457142 -5.956798374771134e-05 -0.01346910517844984
0.7429563835512571 -7.143702736943239e-05 -0.01615285216552225
0.7893778126594895 -8.508642753441161e-05 -0.01923916120065552
0.8427624561339568 -0.0001007832377241377 -0.02278841659105879
0.9041547961295943 -0.0001188345694423227 -0.02687006029002254
1 15 0 5
73
74
75
76
77
-1.00000000000185 -1.5 0
-0.5000000000036988 -1.5 0
-5.504929845301376e-12 -1.5 0
0.4999999999963034 -1.5 0
0.9999999999981535 -1.5 0
1 16 0 5
78
79
80
81
82
1.5 -1.00000000000185 0
1.5 -0.5000000000036988 0
1.5 -5.504929845301376e-12 0
1.5 0.4999999999963034 0
1.5 0.9999999999981535 0
1 17 0 5
83
84
85
86
87
1.00000000000185 1.5 0
0.5000000000036988 1.5 0
5.504929845301376e-12 1.5 0
-0.4999999999963034 1.5 0
-0.9999999999981535 1.5 0
1 18 0 5
88
89
90
91
92
-1.5 1.00000000000185 0
-1.5 0.5000000000036988 0
-1.5 5.504929845301376e-12 0
-1.5 -0.4999999999963034 0
-1.5 -0.9999999999981535 0
1 19 0 5
93
94
95
96
97
-1.00000000000185 -1.5 4
-0.5000000000036988 -1.5 4
-5.504929845301376e-12 -1.5 4
0.4999999999963034 -1.5 4
0.9999999999981535 -1.5 4
1 20 0 5
98
99
100
101
102
1.5 -1.00000000000185 4
1.5 -0.5000000000036988 4
1.5 -5.504929845301376e-12 4
1.5 0.4999999999963034 4
1.5 0.9999999999981535 4
1 21 0 5
103
104
105
106
107
1.00000000000185 1.5 4
0.5000000000036988 1.5 4
5.504929845301376e-12 1.5 4
-0.4999999999963034 1.5 4
-0.9999999999981535 1.5 4
1 22 0 5
108
109
110
111
112
-1.5 1.00000000000185 4
-1.5 0.5000000000036988 4
-1.5 5.504929845301376e-12 4
-1.5 -0.4999999999963034 4
-1.5 -0.9999999999981535 4
1 23 0 6
113
114
115
116
117
118
-1.5 -1.5 0.5714285714274668
-1.5 -1.5 1.142857142854369
-1.5 -1.5 1.714285714281272
-1.5 -1.5 2.285714285709761
-1.5 -1.5 2.857142857139841
-1.5 -1.5 3.428571428569921
1 24 0 6
119
120
121
122
123
124
1.5 -1.5 0.5714285714274668
1.5 -1.5 1.142857142854369
1.5 -1.5 1.714285714281272
1.5 -1.5 2.285714285709761
1.5 -1.5 2.857142857139841
1.5 -1.5 3.428571428569921
1 25 0 6
125
126
127
128
129
130
1.5 1.5 0.5714285714274668
1.5 1.5 1.142857142854369
1.5 1.5 1.714285714281272
1.5 1.5 2.285714285709761
1.5 1.5 2.857142857139841
1.5 1.5 3.428571428569921
1 26 0 6
131
132
133
134
135
136
-1.5 1.5 0.5714285714274668
-1.5 1.5 1.142857142854369
-1.5 1.5 1.714285714281272
-1.5 1.5 2.285714285709761
-1.5 1.5 2.857142857139841
-1.5 1.5 3.428571428569921
2 1 0 29
137
138
139
140
141
142
143
144
145
146
147
148
149
150
151
152
153
154
155
156
157
158
159
160
161
162
163
164
165
-0.3117449009293672 -0.3909157412340146 0.3724775604272849
-0.3041706007532069 0.3968378077217861 0.3478803259329754
-0.5 7.273661547324616e-16 1.627522439572717
0.3049772355928107 0.3962182299821239 1.209196139012487
0.3067926962951991 -0.394814186041892 1.2119445188266
0.3088127492598778 -0.3932361706335721 0.7259725892849663
-0.07571830595652271 -0.4942334854530543 1.027500960669286
-0.08626525931005775 -0.4925020863267165 1.464073995713317
-0.4143664254383086 -0.2798222033175327 1.231551468890656
0.3081893411610084 0.3937249420531337 0.7274311653666746
-0.08786317354180681 0.4922195269746644 1.004819667078604
-0.08728219339422935 0.4923228805532933 1.462849581488802
-0.431348520747754 0.2528605418975535 1.211565126019798
-0.4999995691043433 0.000656426287567791 0.8552867543222081
0.107003688171344 -0.4884160221754911 0.3550095359554996
0.106766631999363 0.4884678968893582 0.3457710291248176
-0.4999220509002419 -0.008828534629025291 0.4670159366950735
0.2527588144383588 0.4314081382214703 1.622292445184406
0.2529360002072656 -0.4313042775108428 1.62230616269054
-0.3663949833642337 -0.3402274476956892 1.651054346137133
-0.3717142936322896 0.3344076612600974 1.64926320601117
-0.1049390407801287 -0.4888637823772042 0.6548614895767542
-0.1112604669781417 0.4874639560909154 0.6423291134737252
-0.376192994558481 -0.3293612467263304 0.8072944544677472
-0.3857025383517989 0.3181722048026495 0.7764964084777772
0.3970162286075327 -0.303937681478048 0.3182370688109382
0.3977646837641007 0.3029575157510455 0.3173760144365991
0.4486678843640346 0.2206742611640544 1.785107795035476
0.4520688172058274 -0.2136206556260986 1.763607045859179
2 2 0 1
166
1.427429603089487e-16 1.506731247705569e-16 2
2 3 0 1
167
1.427429603089487e-16 1.506731247705569e-16 0
2 12 0 84
168
169
170
171
172
173
174
175
176
177
178
179
180
181
182
183
184
185
186
187
188
189
190
191
192
193
194
195
196
197
198
199
200
201
202
203
204
205
206
207
208
209
210
211
212
213
214
215
216
217
218
219
220
221
222
223
224
225
226
227
228
229
230
231
232
233
234
235
236
237
238
239
240
241
242
243
244
245
246
247
248
249
250
251
0.3163021139826049 0.3970315166540344 2.006467542052378
0.3215429089938279 0.4040646583870572 2.013905215412613
0.3275698232567344 0.4121527713800336 2.022458539776884
0.334500774659077 0.4214541013219564 2.032294862795795
0.3424713687717709 0.4321506307551677 2.043606634267542
0.3516375520013689 0.4444516396033606 2.056615171460052
0.3621786627154065 0.4585977997787825 2.071574989231438
0.3743009400365498 0.4748658839805175 2.088778779668532
0.3882415589558647 0.493574180812513 2.10856313867119
0.4042732707130767 0.5150887221693077 2.131315151524247
0.4227097392338705 0.5398304447296216 2.157479966305262
0.4439116780327834 0.5682834256739826 2.18756950330343
0.4682939076515333 0.6010043537599977 2.222172470851323
0.4963334717130956 0.6386334210589152 2.2619658835314
-0.1128758740569282 0.494980783542758 2.006394354152612
-0.1147335921975158 0.5036251351123809 2.013747861428116
-0.1168699680591916 0.5135661394174473 2.022204394794946
-0.1193268003001187 0.5249982943682736 2.0319294081668
-0.1221521573771849 0.5381452725617238 2.043113173544432
-0.125401318015811 0.5532642974841916 2.055974503728708
-0.1291378527502311 0.5706511761450295 2.070765033440627
-0.1334348676948142 0.5906460866049931 2.087774142609333
-0.1383764348810847 0.6136402336339513 2.107334618153345
-0.1440592371452958 0.6400835027172531 2.129829165028959
-0.1505944597491386 0.6704932621630503 2.155697893935915
-0.1581099657435577 0.7054644855257171 2.185446932178915
-0.1667527976371398 0.7456813923927837 2.219658326158364
-0.1766920543147592 0.7919308352899105 2.259001429234731
-0.4573821842880969 0.220262420682161 2.00643389310814
-0.4653145971755178 0.2240810544740496 2.013832870182502
-0.4744368719960517 0.2284724833347214 2.022341693818018
-0.4849274880396658 0.233522626524494 2.032126840998861
-0.496991696489822 0.2393302911927324 2.04337976025683
-0.5108655362075016 0.2460091055612066 2.056320617403495
-0.5268204518828331 0.253689742084952 2.07120260312216
-0.5451686049094644 0.2625224740872592 2.088316886698624
-0.5662689808900904 0.2726801158899125 2.107998312811558
-0.5905344132678102 0.2843614039629637 2.130631952841432
-0.618439660502188 0.2977948852469726 2.156660638875787
-0.6505306948217224 0.3132433887235829 2.186593627815296
-0.6874353842891872 0.3310091677216847 2.221016565095731
-0.7298757771767715 0.3514398135695018 2.260602942968231
-0.4573905449051084 -0.2202582644260409 2.006427064382503
-0.4653325725020918 -0.2240721185233925 2.013818188422381
-0.4744659042386227 -0.2284580507353468 2.022317981068241
-0.4849692357356333 -0.2335018727790943 2.032092742610981
-0.4970480669571954 -0.2393022681294039 2.043333718385131
-0.5109387228619918 -0.24597272278226 2.056260840525403
-0.5269129771525077 -0.2536437456330445 2.071127030986717
-0.5452833695866011 -0.2624654219114466 2.088223150017227
-0.5664093208858083 -0.2726103496316091 2.107883686902314
-0.5907041648798967 -0.2842770165097959 2.130493304320164
-0.6186432354730983 -0.2976936834197108 2.156494364350692
-0.6507731666552802 -0.3131228503661129 2.186395583385799
-0.6877225875147894 -0.3308663923544753 2.220781985276171
-0.7302144215032249 -0.3512714656410921 2.2603263474501
-0.1128648467797929 -0.4949779083411895 2.006400506779361
-0.1147098835516733 -0.503618953429009 2.013761089575627
-0.1168316758393358 -0.5135561552800014 2.022225759791332
-0.1192717369701476 -0.5249839374086427 2.031960130539393
-0.1220778072705812 -0.53812588685658 2.043154656899664
-0.1253047881160799 -0.5532391287217081 2.056028362213975
-0.1290158160884034 -0.5706193568666054 2.070833123325432
-0.1332834982565754 -0.5906066192332372 2.087858598603608
-0.1381913327499731 -0.6135919709548638 2.107437895173511
-0.1438353424173806 -0.6400251254347344 2.129954086228899
-0.1503259535348992 -0.6704232530865857 2.155847705942595
-0.1577901563200455 -0.7053810998862146 2.185625368613346
-0.1663739895229638 -0.7455826237057879 2.219869680684709
-0.1762453977063199 -0.791814376098297 2.259250639566776
0.3163303507651191 -0.3970198021213816 2.006458644632361
0.3216036180762343 -0.4040394721418533 2.013886085959575
0.3276678754840168 -0.4121120926653957 2.022427643485872
0.3346417715029667 -0.4213956062674694 2.032250434641113
0.3426617519247591 -0.4320716469098542 2.04354664446964
0.3518847294098203 -0.4443490936485968 2.056537285772447
0.3624911535176407 -0.4584681573981507 2.071476523270675
0.3746885412416342 -0.4747050807101377 2.088656646393637
0.3887155371242267 -0.4933775425189227 2.108413787985043
0.4048465823892081 -0.5148508735990255 2.131134500815159
0.4233972844439367 -0.5395452043411437 2.157263320569794
0.4447305918068745 -0.5679436846945797 2.187311463287623
0.4692638952742531 -0.600601937101031 2.221866827413127
0.4974771942617384 -0.63815892736845 2.261605496157457
2 16 0 42
252
253
254
255
256
257
258
259
260
261
262
263
264
265
266
267
268
269
270
271
272
273
274
275
276
277
278
279
280
281
282
283
284
285
286
287
288
289
290
291
292
293
0.5099919932689765 -6.605910898474381e-07 0.5004000875858468
0.5214827855282994 -1.420270843031157e-06 0.5008601883095707
0.5346971966265207 -2.293902559192435e-06 0.5013893041418531
0.5498937693894752 -3.298579032777904e-06 0.5019977873489779
0.567369828066873 -4.453956977401192e-06 0.5026975430371715
0.5874672955458804 -5.782641613717973e-06 0.5035022620785941
0.6105793831467389 -7.310628945482274e-06 0.5044276889762301
0.6371582838877261 -9.067814377011215e-06 0.5054919299085114
0.6677240197398615 -1.10885776232695e-05 0.5067158069806351
0.7028746159698172 -1.341245535646653e-05 0.5081232656135772
0.7432978016342662 -1.608491474964311e-05 0.5097418430414606
0.7897844651483825 -1.915824305179618e-05 0.5116032070835267
0.8432441281896162 -2.269257059927221e-05 0.5137437757319026
0.9047227406870352 -2.675704727886965e-05 0.5162054296775348
0.5099999910520384 8.030819171846564e-06 1.000010698836191
0.5214999807618825 1.726626121961094e-05 1.000023002497812
0.5347249689282032 2.788701957453999e-05 1.000037151708675
0.5499337053194722 4.010089168270838e-05 1.000053423301167
0.5674237521694313 5.414684460710202e-05 1.000072135632534
0.5875373060468844 7.029969047015472e-05 1.000093654813605
0.6106678930059554 8.887546321266533e-05 1.000118401871838
0.637268068008887 0.0001102376018665525 1.000146860988805
0.6678582692622584 0.0001348040613185228 1.000179588973317
0.7030370007036356 0.0001630554896882886 1.000217226155506
0.7434925418612193 0.0001955446323135192 1.000260508915024
0.7900164141924406 0.0002329071463325345 1.000310284088469
0.843518867373345 0.0002758740374544021 1.00036752553793
0.9050466885313851 0.0003252859622445498 1.000433353204812
0.50998855903275 2.054640713988869e-05 1.499522227779771
0.5214754019204124 4.417477535090151e-05 1.498972789726507
0.5346852712412242 7.134739879356628e-05 1.498340935965254
0.5498766209601579 0.0001025959157526307 1.497614304139812
0.5673466731369314 0.0001385317102555548 1.496778677540555
0.5874372331402211 0.0001798578739339176 1.495817706951409
0.6105413771440042 0.0002273829621640347 1.494712590773891
0.6371111427483549 0.0002820368136286694 1.493441707169745
0.667666373193358 0.0003448887428129993 1.491980191024978
0.7028048882051117 0.0004171684613749787 1.490299447458495
0.7432141804686283 0.000500290137721255 1.48836659235704
0.7896848665716725 0.0005958800655194728 1.486143808990367
0.8431261555901735 0.0007058084824874232 1.483587608118693
0.9045836379614494 0.0008322261620005662 1.480647977116268
2 20 0 84
294
295
296
297
298
299
300
301
302
303
304
305
306
307
308
309
310
311
312
313
314
315
316
317
318
319
320
321
322
323
324
325
326
327
328
329
330
331
332
333
334
335
336
337
338
339
340
341
342
343
344
345
346
347
348
349
350
351
352
353
354
355
356
357
358
359
360
361
362
363
364
365
366
367
368
369
370
371
372
373
374
375
376
377
0.3179689660284494 0.3987086745296867 -0.0007288376304717873
0.3251266408923936 0.4076705478197098 -0.001567000905514342
0.3333579669859296 0.4179767021032365 -0.002530888671813281
0.3428239919934958 0.4298287795292921 -0.00363935960305706
0.3537099207521971 0.443458668569256 -0.004914101173987406
0.3662287388247035 0.4591330409652146 -0.006380053980557303
0.3806253796080858 0.4771585692205669 -0.008065899708112686
0.3971815165089756 0.4978879267142221 -0.01000462229480137
0.4162210739449988 0.5217266878319256 -0.01223415326949337
0.4381165649964255 0.5491412631172845 -0.01479811389038916
0.4632963797055661 0.5806680246954472 -0.01774666860441932
0.4922531666210779 0.6169238005103345 -0.021137506525554
0.5255534715739164 0.6586179426974548 -0.02503697013485889
0.5638488222696807 0.7065662062126432 -0.02952135328555951
-0.1134815351888184 0.4972010914213327 -0.0005050262969979639
-0.1160357636310798 0.5083987970513165 -0.001085806538545622
-0.1189731263396805 0.5212761585257979 -0.001753703816325429
-0.1223510934545712 0.5360851242214514 -0.002521785685772208
-0.1262357556366956 0.553115434771453 -0.003405079835636002
-0.1307031171461386 0.5727002919039548 -0.004420868107979366
-0.135840582881998 0.595222877606332 -0.005589024621174234
-0.1417486684782364 0.6211238511640655 -0.006932404611348333
-0.1485429669139105 0.6509099707554593 -0.008477291600048545
-0.1563564101149357 0.685164008285562 -0.01025391163705379
-0.1653418697961147 0.7245561514451802 -0.01229702467960982
-0.1756751484294706 0.7698571160787411 -0.01464660467854926
-0.1875584188578298 0.8219532254073361 -0.01734862167732961
-0.201224179850443 0.8818637511352204 -0.02045594122592702
-0.4595150078584431 0.2212151032727463 -0.0004338300725014745
-0.469900167851762 0.2261293220438078 -0.0009327346558781702
-0.4818431018440787 0.2317806736305286 -0.00150647492676137
-0.495577475935243 0.2382797279552576 -0.00216627623827705
-0.5113720061400819 0.2457536404286958 -0.002925047746520082
-0.5295357158756467 0.2543486397731498 -0.003797634980999568
-0.5504239820715462 0.2642328890192719 -0.004801110300650978
-0.5744454881968305 0.2755997756523123 -0.005955106918250098
-0.6020702202409076 0.2886716952803087 -0.007282203028489086
-0.6338386620915961 0.3037044028525047 -0.008808363555263923
-0.670372370219888 0.32099201656053 -0.01056344816105499
-0.7123861345674236 0.3408727723247591 -0.01258179545771471
-0.7607019635670896 0.3637356414536226 -0.01490289484887339
-0.8162651669167056 0.3900279409518156 -0.01757215914870587
-0.4595046801162533 -0.2212263767176737 -0.0005274064157689466
-0.4698779632060534 -0.226153559950403 -0.001133923793903235
-0.4818072387593234 -0.2318198206680418 -0.001831418778757667
-0.495525905645584 -0.2383360204933264 -0.002633538011340264
-0.5113023725647836 -0.2458296502924037 -0.003555975128810249
-0.5294453095218632 -0.2544473245613426 -0.004616777813900732
-0.5503096870225048 -0.2643576499706222 -0.005836700901754789
-0.5743037211482426 -0.2757545241912939 -0.007239612452786953
-0.601896860392841 -0.2888609295450663 -0.008852960736473941
-0.6336289705241291 -0.3039332957019045 -0.01070831126271398
-0.6701208971751106 -0.3212665167822685 -0.01284196436789002
-0.7120866128237392 -0.341199721024687 -0.01529566543884247
-0.7603471858196622 -0.3641229059034684 -0.01811742167043779
-0.8158468447649735 -0.390484568514067 -0.0213624413367724
-0.113497476504899 -0.497198570927408 -0.0004827653284303863
-0.1160700374606516 -0.5083933779893788 -0.00103794545612533
-0.1190284825597669 -0.5212674061106451 -0.001676402602974516
-0.1224306944237496 -0.5360725384501015 -0.00241062832185108
-0.1263432380673297 -0.5530984406404762 -0.003254987898559127
-0.1308426632574469 -0.5726782281594072 -0.004226001411773382
-0.1360170022260815 -0.5951949838061779 -0.005342666951969776
-0.1419674920400114 -0.6210892527999641 -0.006626832323195627
-0.1488105553260308 -0.6508676621428182 -0.008103622500105356
-0.1566800781049531 -0.6851128328871005 -0.009801931203551545
-0.1657300293007137 -0.7244947792430251 -0.01175498621251466
-0.1761374731758384 -0.7697840175523384 -0.01400099947282225
-0.1881060336322318 -0.8218666416080487 -0.01658391472217597
-0.2018698781570842 -0.8817616592721156 -0.01955426725893275
0.3179658628239348 -0.3987110304532976 -0.0007301363530656319
0.3251199690026881 -0.4076756130554726 -0.001569793159091108
0.3333471911082544 -0.4179848830479738 -0.002535398486020407
0.3428084965296557 -0.4298405435393503 -0.003645844611989099
0.3536889977642672 -0.4434745531044331 -0.004922857656853095
0.3662015741840703 -0.4591536641042785 -0.00639142265844669
0.3805910370668439 -0.4771846417541006 -0.008080272410279326
0.3971389193820336 -0.4979202660513961 -0.01002244962488686
0.4161689840445018 -0.5217662339932858 -0.01225595342168551
0.4380535584063401 -0.549189097126459 -0.01482448278800397
0.4632208189224543 -0.5807253897296082 -0.0177782915592702
0.4921631685159854 -0.6169921262232299 -0.02117517164622636
0.5254468705485463 -0.6586988731908947 -0.02508158374622594
0.5637231278859913 -0.7066616322037091 -0.02957395766122547
2 25 0 29
378
379
380
381
382
383
384
385
386
387
388
389
390
391
392
393
394
395
396
397
398
399
400
401
402
403
404
405
406
-0.6110459955819822 -0.7607612401517312 0.3677119082169095
-0.6003671713813474 0.769178235252779 0.343436527433363
-0.9756821686464801 -0.002629756942022114 1.617076934264393
0.6053308160313292 0.7652330873160098 1.211500820238353
0.6094809299374953 -0.7619091473474291 1.215211378102983
0.6096608543269376 -0.7616909913739005 0.7369731584388984
-0.1399871507749236 -0.9656607969149829 1.031419552817598
-0.1634567767835239 -0.9618952321330747 1.454019440969666
-0.8170563962157876 -0.5332588481582813 1.231099519738658
0.6071752506662942 0.7636789132582984 0.7388782120497217
-0.164909436772183 0.9617174661528717 1.009830475455558
-0.169195592586504 0.9608761531218153 1.45112032025742
-0.8465233419445028 0.485272754885075 1.213560337644969
-0.9756364122415637 -0.00300693918386989 0.8673583314693945
0.1961865353007701 -0.9557867355021527 0.3542441123109833
0.1975338606682673 0.9555333584343668 0.3449256875053757
-0.9756855004576724 -0.01393118498468646 0.4634588598754338
0.499413760368984 0.8380810113957267 1.609328586071693
0.4990413501904853 -0.8383090109300353 1.609311800261098
-0.7151210031968611 -0.6639239704514501 1.650530878409634
-0.7226137159503974 0.6557386017277016 1.646902721746916
-0.1854305547986318 -0.9578093014931252 0.6557367284282689
-0.1974448505864511 0.9553811389917147 0.6462421352183886
-0.737091282790111 -0.6394264513006018 0.8085371268836042
-0.7538440270867048 0.6196028962465595 0.7755308523520046
0.7811165097559445 -0.5847310636369032 0.3216429943005384
0.7822104089724684 0.5832795665005179 0.3206290136006254
0.8696301209885147 0.442081548447585 1.772492001568476
0.8734525027465592 -0.4335752141923856 1.74250416698074
2 32 0 1
407
1.427429603089487e-16 1.506731247705569e-16 2.475804108610822
2 33 0 12
408
409
410
411
412
413
414
415
416
417
418
419
-0.7960558381982755 1.037434685687029 -0.003813039578606798
-0.8145181083914216 -1.043090600088488 -0.003767228133902328
1.175331371918195 -0.7514677435869236 -0.008785635787966262
1.150599740295319 0.7509788994062763 -0.008722718559011423
-1.157856226778434 0.7852179053952312 -0.00290064962237714
-1.15608920124652 -0.7681307158834703 -0.002905667200153384
-1.137446777374702 1.13743670647537 -0.002951996194016759
-1.152106552196987 -1.143800233447366 -0.002915847350954547
1.047175651972556 -1.168881091006467 -0.008462570572332498
1.043078297765269 1.168780935216462 -0.008451392494985516
1.146664679346904 0.4025092007420056 -0.008712919973136514
1.151581506219691 -0.4026852307257707 -0.008725611309336884
2 34 0 34
420
421
422
423
424
425
426
427
428
429
430
431
432
433
434
435
436
437
438
439
440
441
442
443
444
445
446
447
448
449
450
451
452
453
0.9974559179526296 0.2394727492888553 4
-1.051851937522993 -0.2933628273515458 4
0.245913491189248 -1.069346645067539 4
-0.2445328704990883 1.047472057172778 4
-0.7478813153621813 -1.076613977473109 4
1.071073806912788 -0.7665154287177471 4
0.7128773241466858 1.04607572956816 4
-1.083486063608917 0.756881175008436 4
-0.2503279706984286 -1.068984969162653 4
-0.0007357465880531803 -0.6347007658863698 4
0.5745286777048092 -0.5933413620874899 4
0.2499999999946317 -0.2009618943263862 4
-0.2356194489613306 -0.1927095103414452 4
0.002396758502260278 0.2245974627177042 4
-0.5000000000029787 0.232050807563716 4
0.4723189040245582 0.2328248862411785 4
0.2400976615655514 0.6830719123804646 4
1.051006558288197 -0.2951842437122377 4
-0.9954036253922242 0.2372360537825321 4
-0.5757915351655267 -0.5917963454455594 4
0.7460291482377789 -1.09022882663833 4
1.082876091214172 0.7367866021131202 4
-0.7586493134460323 1.089151974055238 4
-1.083838511421416 -0.7543930975786561 4
0.2416884230444706 1.15532393982428 4
-0.2343089759764847 0.5605993763656504 4
0.7011251797807193 0.5876463759183558 4
-0.636063474820954 0.6538985739913916 4
0.664563898125742 -0.14361931541969 4
-0.662980947162513 -0.1507214207456737 4
-1.133974596217543 -1.133974596216553 4
1.133974596216553 -1.133974596217543 4
1.133974596217543 1.133974596216553 4
-1.133974596216553 1.133974596217543 4
2 35 0 39
454
455
456
457
458
459
460
461
462
463
464
465
466
467
468
469
470
471
472
473
474
475
476
477
478
479
480
481
482
483
484
485
486
487
488
489
490
491
492
-0.9779443315335949 -1.5 2.006930967148778
0.2685403861777736 -1.5 0.4137905974504664
0.259236709532406 -1.5 3.579742062903811
1.004391768543744 -1.5 2.005150703656818
-0.9694419558557883 -1.5 3.12060852109064
-1.014634165663543 -1.5 0.8021419398247809
0.9896436601698229 -1.5 0.8450356111540364
0.9907139873383586 -1.5 3.167670640978358
1.006112078937933 -1.5 2.577631704484941
0.5166882050780808 -1.5 2.293491274825058
0.5076896384725027 -1.5 1.729200551202579
0.02643686159149594 -1.5 2.016160102529838
0.01274406678279392 -1.5 1.45363968818667
0.02881959198189055 -1.5 2.57174909424802
-0.467367582659664 -1.5 2.29360226306428
-0.4736087773438363 -1.5 2.849555326273955
0.5030392387386983 -1.5 1.189732012645847
1.000794050987461 -1.5 1.437710289299154
-0.9813937745654804 -1.5 2.568925703404542
-0.5037593566625783 -1.5 3.391493905057779
-0.4857850214121778 -1.5 1.726638197551642
-0.4723394394364991 -1.5 1.162015419696354
-0.9917838263409693 -1.5 1.425811563559533
-0.505490214524888 -1.5 0.6146431381494843
0.5090721340474769 -1.5 2.828304862877802
0.02206566838707458 -1.5 0.8527844227131439
0.02401626989259485 -1.5 3.157135011775632
0.7334376476762781 -1.5 3.604928820369717
0.7499999999972283 -1.5 0.4300825362030379
-0.8540248760389808 -1.5 0.3393960298016421
-0.9213348425900159 -1.5 3.570942571149417
-0.1429768319938487 -1.5 0.3762436316626189
-0.1441012754493562 -1.5 3.625674195947445
0.5066577906941195 -1.5 0.7462850360333064
1.147928732033041 -1.5 0.3693093437569083
1.144830327002558 -1.5 3.640234177983599
0.5032953496974228 -1.5 3.267556279781064
-1.222205469512568 -1.5 0.3029349533870183
-1.250000000000925 -1.5 3.732423858079575
2 36 0 39
493
494
495
496
497
498
499
500
501
502
503
504
505
506
507
508
509
510
511
512
513
514
515
516
517
518
519
520
521
522
523
524
525
526
527
528
529
530
531
1.5 -0.9779443315335953 2.006930967148777
1.5 0.2685403861777739 0.4137905974504664
1.5 0.259236709532406 3.579742062903811
1.5 1.004391768543744 2.005150703656818
1.5 -0.9694419558557877 3.120608521090639
1.5 -1.014634165663544 0.8021419398247805
1.5 0.9896436601698229 0.8450356111540361
1.5 0.9907139873383586 3.167670640978358
1.5 1.006112078937933 2.577631704484941
1.5 0.516688205078081 2.293491274825059
1.5 0.507689638472503 1.729200551202579
1.5 0.02643686159149605 2.016160102529838
1.5 0.01274406678279431 1.453639688186669
1.5 0.02881959198189055 2.571749094248019
1.5 -0.467367582659664 2.29360226306428
1.5 -0.4736087773438362 2.849555326273955
1.5 0.5030392387386986 1.189732012645847
1.5 1.000794050987461 1.437710289299154
1.5 -0.9813937745654805 2.568925703404542
1.5 -0.5037593566625779 3.391493905057779
1.5 -0.485785021412178 1.726638197551642
1.5 -0.4723394394364985 1.162015419696353
1.5 -0.9917838263409691 1.425811563559532
1.5 -0.5054902145248877 0.6146431381494841
1.5 0.5090721340474768 2.828304862877802
1.5 0.02206566838707484 0.8527844227131435
1.5 0.02401626989259501 3.157135011775632
1.5 0.7334376476762781 3.604928820369717
1.5 0.7499999999972283 0.4300825362030379
1.5 -0.8540248760389808 0.339396029801642
1.5 -0.921334842590015 3.570942571149417
1.5 -0.1429768319938486 0.3762436316626188
1.5 -0.1441012754493561 3.625674195947444
1.5 0.5066577906941196 0.7462850360333063
1.5 1.147928732033041 0.3693093437569082
1.5 1.144830327002558 3.640234177983599
1.5 0.5032953496974228 3.267556279781064
1.5 -1.222205469512568 0.3029349533870181
1.5 -1.250000000000925 3.732423858079574
2 37 0 39
532
533
534
535
536
537
538
539
540
541
542
543
544
545
546
547
548
549
550
551
552
553
554
555
556
557
558
559
560
561
562
563
564
565
566
567
568
569
570
0.9779443315335953 1.5 2.006930967148777
-0.2685403861777739 1.5 0.4137905974504664
-0.2592367095324059 1.5 3.579742062903812
-1.004391768543744 1.5 2.005150703656818
0.9694419558557877 1.5 3.120608521090639
1.014634165663544 1.5 0.8021419398247805
-0.9896436601698229 1.5 0.8450356111540361
-0.9907139873383586 1.5 3.167670640978358
-1.006112078937933 1.5 2.577631704484941
-0.516688205078081 1.5 2.293491274825059
-0.507689638472503 1.5 1.729200551202579
-0.02643686159149605 1.5 2.016160102529838
-0.01274406678279431 1.5 1.453639688186669
-0.02881959198189055 1.5 2.571749094248019
0.467367582659664 1.5 2.29360226306428
0.4736087773438362 1.5 2.849555326273955
-0.5030392387386986 1.5 1.189732012645847
-1.000794050987461 1.5 1.437710289299154
0.9813937745654805 1.5 2.568925703404542
0.5037593566625779 1.5 3.391493905057779
0.485785021412178 1.5 1.726638197551642
0.4723394394364985 1.5 1.162015419696353
0.9917838263409691 1.5 1.425811563559532
0.5054902145248877 1.5 0.6146431381494841
-0.5090721340474768 1.5 2.828304862877802
-0.02206566838707484 1.5 0.8527844227131435
-0.02401626989259496 1.5 3.157135011775632
-0.7334376476762779 1.5 3.604928820369717
-0.7499999999972283 1.5 0.4300825362030379
0.8540248760389808 1.5 0.339396029801642
0.921334842590015 1.5 3.570942571149417
0.1429768319938486 1.5 0.3762436316626188
0.1441012754493562 1.5 3.625674195947444
-0.5066577906941196 1.5 0.7462850360333063
-1.147928732033041 1.5 0.3693093437569082
-1.144830327002558 1.5 3.640234177983599
-0.5032953496974228 1.5 3.267556279781064
1.222205469512568 1.5 0.3029349533870181
1.250000000000925 1.5 3.732423858079574
2 38 0 39
571
572
573
574
575
576
577
578
579
580
581
582
583
584
585
586
587
588
589
590
591
592
593
594
595
596
597
598
599
600
601
602
603
604
605
606
607
608
609
-1.5 0.9779443315335949 2.006930967148778
-1.5 -0.2685403861777736 0.4137905974504664
-1.5 -0.259236709532406 3.579742062903811
-1.5 -1.004391768543744 2.005150703656818
-1.5 0.9694419558557883 3.12060852109064
-1.5 1.014634165663543 0.8021419398247809
-1.5 -0.9896436601698229 0.8450356111540364
-1.5 -0.9907139873383586 3.167670640978358
-1.5 -1.006112078937933 2.577631704484941
-1.5 -0.5166882050780808 2.293491274825058
-1.5 -0.5076896384725027 1.729200551202579
-1.5 -0.02643686159149594 2.016160102529838
-1.5 -0.01274406678279392 1.45363968818667
-1.5 -0.02881959198189055 2.57174909424802
-1.5 0.467367582659664 2.29360226306428
-1.5 0.4736087773438363 2.849555326273955
-1.5 -0.5030392387386983 1.189732012645847
-1.5 -1.000794050987461 1.437710289299154
-1.5 0.9813937745654804 2.568925703404542
-1.5 0.5037593566625783 3.391493905057779
-1.5 0.4857850214121778 1.726638197551642
-1.5 0.4723394394364991 1.162015419696354
-1.5 0.9917838263409693 1.425811563559533
-1.5 0.505490214524888 0.6146431381494843
-1.5 -0.5090721340474769 2.828304862877802
-1.5 -0.02206566838707458 0.8527844227131439
-1.5 -0.02401626989259485 3.157135011775632
-1.5 -0.7334376476762781 3.604928820369717
-1.5 -0.7499999999972283 0.4300825362030379
-1.5 0.8540248760389808 0.3393960298016421
-1.5 0.9213348425900159 3.570942571149417
-1.5 0.1429768319938487 0.3762436316626189
-1.5 0.1441012754493562 3.625674195947445
-1.5 -0.5066577906941195 0.7462850360333064
-1.5 -1.147928732033041 0.3693093437569083
-1.5 -1.144830327002558 3.640234177983599
-1.5 -0.5032953496974228 3.267556279781064
-1.5 1.222205469512568 0.3029349533870183
-1.5 1.250000000000925 3.732423858079575
3 1 0 2
610
611
0.0004464705310807948 -0.02342851876555085 0.5052161039827232
-0.02493483820099186 -0.0006570068528186646 1.000937369046895
3 2 0 406
612
613
614
615
616
617
618
619
620
621
622
623
624
625
626
627
628
629
630
631
632
633
634
635
636
637
638
639
640
641
642
643
644
645
646
647
648
649
650
651
652
653
654
655
656
657
658
659
660
661
662
663
664
665
666
667
668
669
670
671
672
673
674
675
676
677
678
679
680
681
682
683
684
685
686
687
688
689
690
691
692
693
694
695
696
697
698
699
700
701
702
703
704
705
706
707
708
709
710
711
712
713
714
715
716
717
718
719
720
721
722
723
724
725
726
727
728
729
730
731
732
733
734
735
736
737
738
739
740
741
742
743
744
745
746
747
748
749
750
751
752
753
754
755
756
757
758
759
760
761
762
763
764
765
766
767
768
769
770
771
772
773
774
775
776
777
778
779
780
781
782
783
784
785
786
787
788
789
790
791
792
793
794
795
796
797
798
799
800
801
802
803
804
805
806
807
808
809
810
811
812
813
814
815
816
817
818
819
820
821
822
823
824
825
826
827
828
829
830
831
832
833
834
835
836
837
838
839
840
841
842
843
844
845
846
847
848
849
850
851
852
853
854
855
856
857
858
859
860
861
862
863
864
865
866
867
868
869
870
871
872
873
874
875
876
877
878
879
880
881
882
883
884
885
886
887
888
889
890
891
892
893
894
895
896
897
898
899
900
901
902
903
904
905
906
907
908
909
910
911
912
913
914
915
916
917
918
919
920
921
922
923
924
925
926
927
928
929
930
931
932
933
934
935
936
937
938
939
940
941
942
943
944
945
946
947
948
949
950
951
952
953
954
955
956
957
958
959
960
961
962
963
964
965
966
967
968
969
970
971
972
973
974
975
976
977
978
979
980
981
982
983
984
985
986
987
988
989
990
991
992
993
994
995
996
997
998
999
1000
1001
1002
1003
1004
1005
1006
1007
1008
1009
1010
1011
1012
1013
1014
1015
1016
1017
-0.3180353277927768 -0.3986888035557657 0.3723774004638855
-0.3252693186856978 -0.4076278252257795 0.3722622165059762
-0.3335884082125569 -0.4179077001462954 0.3721297549543804
-0.3431553611684449 -0.4297295563048887 0.3719774241700453
-0.3541573570677161 -0.4433246908872709 0.37180224376806
-0.366809652351878 -0.4589590956570105 0.3716007863057768
-0.3813597919286641 -0.4769386611422111 0.3713691102241512
-0.3980924524419682 -0.4976151614501917 0.3711026827302817
-0.4173350120322679 -0.5213931368043694 0.3707962911123318
-0.4394639555611126 -0.5487378084616736 0.3704439407516894
-0.4649122406192839 -0.5801841808675737 0.3700387378369507
-0.494177768436181 -0.6163475091343587 0.3695727544850011
-0.5278331254256126 -0.6579353366411614 0.3690368736302591
-0.5665367859634589 -0.7057613382739847 0.3684206106473059
-0.3103957796717524 0.4046633060895512 0.3477869303859595
-0.3175547354280797 0.4136626292124811 0.3476795255068912
-0.325787534547856 0.4240118508038505 0.3475560098959627
-0.3352552535355989 0.4359134556339253 0.3474139669433949
-0.3461431303715031 0.4496003011885112 0.3472506175479418
-0.358664188732793 0.4653401735762852 0.3470627657431709
-0.3730634058482764 0.4834410268222252 0.3468467361676844
-0.3896225055310822 0.5042570080550561 0.3465983021558748
-0.4086654701663091 0.5281953864728117 0.3463126030422938
-0.4305648794968198 0.5557245216532307 0.3459840490616756
-0.4557492002269072 0.5873830271107126 0.3456062119839647
-0.4847111690665077 0.6237903083868167 0.3451716993445972
-0.5180174332320483 0.6656586818543364 0.3446720098093246
-0.5563196370224199 0.7138073113419841 0.3440973668437611
-0.5099974371813497 -5.526974009674243e-05 1.627302905837735
-0.521494489939902 -0.0001188299412088327 1.627050442042506
-0.534716100612237 -0.0001919241724877365 1.626760108677991
-0.5499209528854223 -0.0002759825384584759 1.6264262253088
-0.5674065329995853 -0.0003726496593248261 1.626042259434231
-0.5875149501308728 -0.0004838168483211288 1.625600698678475
-0.6106396298318535 -0.0006116591156668771 1.625092903809357
-0.6372330114879813 -0.0007586777231144874 1.62450893970987
-0.6678154003925283 -0.0009277491216792393 1.623837380995461
-0.7029851476327572 -0.001122181230028704 1.62306508847389
-0.7434303569590205 -0.001345778154630589 1.622176952074084
-0.7899423476842233 -0.001602914617922756 1.621155595214306
-0.8434311370182066 -0.001898621550708748 1.619981034825563
-0.9049432447522873 -0.002238684523412639 1.618630290378507
0.3112897826053921 0.4039738346659775 1.209244576619144
0.3185492116698607 0.4128927800524091 1.209300279866799
0.3268975550939995 0.4231495672468054 1.209364338601603
0.3364981500317592 0.4349448725203612 1.209438006146627
0.3475388342101828 0.4485094735849504 1.209522723823405
0.36023562101537 0.4641087648092279 1.2096201491517
0.3748369258413353 0.482047949717147 1.209732188279239
0.3916284263911953 0.5026780123612541 1.209861033275909
0.4109386520235344 0.5264025844019771 1.21000920502208
0.4331454115007243 0.5536858422488087 1.210179602530176
0.4586831848994927 0.5850615887726649 1.210375559664486
0.4880516243080764 0.6211436972750997 1.210600910368943
0.5218253296279476 0.6626381220528995 1.210860063679068
0.5606650907457995 0.7103567105473694 1.211158089985712
0.3131543108370751 -0.4025294401698423 1.21201317858
0.3204701675602326 -0.4114019824169852 1.21209213729641
0.3288834027918636 -0.4216054060011996 1.212182939820281
0.3385586233082393 -0.433339343123046 1.212287362722733
0.3496851269020713 -0.4468333708131694 1.212407449060553
0.3624806060349782 -0.4623515026568114 1.212545548349045
0.3771954070378211 -0.4801973542769996 1.212704362530812
0.3941174281910904 -0.500720083640216 1.212886998839843
0.4135777525173501 -0.524321222407915 1.21309703059523
0.4359571254925487 -0.5514625319907687 1.213338567113924
0.4616934044140272 -0.5826750380110506 1.213616334110422
0.4912901251737274 -0.6185694199343746 1.213935766156395
0.5253263540473827 -0.6598479591461974 1.214303113009264
0.5644680172520862 -0.7073182792397935 1.214725561890064
0.3151356897226121 -0.4009800049988551 0.7262037888260138
0.3224070712547565 -0.4098854145189304 0.7264696682982184
0.3307691600167227 -0.4201266354670171 0.7267754296912536
0.3403855620929838 -0.4319040395573167 0.7271270552932442
0.351444424480684 -0.4454480542611613 0.7275314247355333
0.3641621162265392 -0.4610236711705826 0.7279964495941659
0.3787874617342727 -0.478935630616417 0.7285312281815933
0.3956066090681662 -0.4995343839791266 0.7291462235571348
0.4149486285021439 -0.5232229503462428 0.7298534682390075
0.4371919508512181 -0.5504648016684263 0.7306667996231612
0.4627717715526534 -0.5817929306889372 0.731602130714938
0.4921885653593041 -0.6178202790625249 0.7326777614704811
0.5260178782369523 -0.6592517296921507 0.7339147368393558
0.5649215880462478 -0.7068978979162204 0.7353372585135617
-0.07706904765158799 -0.5041414980769539 1.027583317926766
-0.07862240060091308 -0.5155357125944383 1.027678028772869
-0.08040875649263692 -0.5286390592895454 1.027786946245887
-0.08246306576811933 -0.5437079079889187 1.027912201339857
-0.08482552143492411 -0.5610370839931977 1.028056244697923
-0.0875423454517496 -0.5809656363981188 1.028221894559699
-0.09066669307109894 -0.603883471663778 1.028412391900742
-0.09425969283335064 -0.6302389822192861 1.028631463842941
-0.09839164255994012 -0.6605478193581203 1.02888339657647
-0.103143384745518 -0.6954029820677798 1.029173119220028
-0.1086078882589326 -0.7354864191838881 1.029506300260119
-0.1148920672993594 -0.7815823718674128 1.029889458456225
-0.1221188731958502 -0.834592717453466 1.030330090381746
-0.1304296999768146 -0.8955546148774274 1.030836817096096
-0.08788759749664546 -0.5023673467839416 1.463862678606935
-0.08975328641122132 -0.5137123963097505 1.463619663934595
-0.09189882866298357 -0.5267592032644307 1.463340197061404
-0.09436620225251016 -0.541763031262313 1.463018810157235
-0.09720368188046573 -0.5590174334598775 1.46264921521744
-0.1004667834526146 -0.5788599959870767 1.462224181036676
-0.1042193502605859 -0.6016789428933559 1.461735391728797
-0.1085348020897528 -0.627920731835577 1.461173284024737
-0.1134975716932947 -0.658098789119131 1.460526860165067
-0.119204756737368 -0.6928035549952183 1.459783472726448
-0.1257680195380523 -0.7327140357527188 1.458928577172035
-0.1333157717588391 -0.7786110886238442 1.45794544728446
-0.141995686812744 -0.8313926994256384 1.456814847913749
-0.1519775891247347 -0.8920915518477018 1.455514658637431
-0.4228297817542764 -0.2851486946246526 1.231541970251535
-0.4325626415176392 -0.2912741596278405 1.231531046816546
-0.4437554302455066 -0.2983184443815066 1.231518484866308
-0.456627137282554 -0.3064193718482226 1.231504038623535
-0.4714296003751585 -0.315735438434946 1.231487425444346
-0.4884524329316536 -0.3264489150096779 1.231468320288279
-0.5080286903716231 -0.3387694130706196 1.231446349358801
-0.5305413864275881 -0.3529379858407026 1.231421082789902
-0.5564309868919476 -0.369231844526298 1.231392026235667
-0.5862040274259612 -0.3879697820147328 1.231358611198298
-0.6204430240400768 -0.4095184101264326 1.231320183905324
-0.6598178701463098 -0.4342993324548876 1.231275992518403
-0.7050989431684775 -0.4627973931326108 1.231225172423444
-0.7571721771439707 -0.4955701629119924 1.231166729314241
0.3144731437615833 0.4015002841426609 0.7276717485494569
0.3216995167522443 0.410441927545617 0.7279484192096565
0.3300098456915044 0.4207248174590166 0.7282665904688861
0.3395667239716537 0.4325501408594261 0.728632487417
0.3505571339938252 0.4461492627698971 0.7290532689073311
0.3631961055193225 0.4617882529669387 0.7295371676212118
0.3777309227736445 0.4797730916935365 0.7300936511421747
0.3944459626161146 0.500455656229124 0.730733607191282
0.4136682584349554 0.5242406054450497 0.7314695566477554
0.4357738986266222 0.5515932970433641 0.7323158985226997
0.461195384847039 0.5830488923814259 0.7332891916788857
0.4904300940005184 0.6192228270201967 0.7344084788084997
0.5240500095270197 0.6608228518547833 0.7356956590075556
0.5627129123824962 0.7086628804145578 0.7371759162364701
-0.0894824589123204 0.5020869898797026 1.004924979502063
-0.09134463708841102 0.5134345722204966 1.005046088789041
-0.09348614199091525 0.5264842919124096 1.005185364469066
-0.09594887262879509 0.5414914695581097 1.005345531501094
-0.09878101286235692 0.5587497238506648 1.005529723587926
-0.102037974130953 0.5785967162871031 1.005741544487783
-0.1057834795898386 0.6014207575890071 1.005985138522619
-0.1100908108675569 0.6276684050861967 1.00626527166268
-0.115044241836933 0.6578531997079649 1.006587424773751
-0.1207406874517155 0.6925657135229981 1.006957900851482
-0.1272915999087154 0.7324851044102865 1.007383948340872
-0.1348251492342653 0.778392403930668 1.007873902953671
-0.1434887309586476 0.8311857983791068 1.00843735075839
-0.1534518499416873 0.8918982019948114 1.009085315733817
-0.08900377161749086 0.5021704893504626 1.462603066988
-0.0909835865742416 0.5134952394672073 1.462319575312077
-0.09326037377450495 0.5265187021014637 1.461993559884766
-0.09587867905480781 0.5414956841308585 1.461618642143359
-0.09888973012715609 0.5587192134646626 1.46118748674074
-0.1023524388603566 0.5785262721985373 1.460691658027729
-0.1063345539035372 0.6013043897424931 1.460121455007765
-0.1109139862031949 0.6274992249180423 1.459465721534808
-0.1161803333478012 0.657623285369924 1.458711628040907
-0.1222366325640985 0.6922659548895879 1.45784442052292
-0.1292013766628404 0.7321050248372013 1.456847131877236
-0.1372108323763936 0.7779199552769568 1.455700249934699
-0.1464217064469797 0.8306071252826756 1.454381335700781
-0.1570142116281538 0.8911973707892522 1.452864584331776
-0.4400742718222648 0.2577451616135556 1.211607059487565
-0.4501088855579521 0.263362474286958 1.211655282975497
-0.4616486913539925 0.2698223838613708 1.211710739986618
-0.474919468019439 0.2772512798719454 1.211774515549408
-0.4901808611847024 0.2857945102841062 1.211847857446616
-0.5077314633247554 0.2956192252580913 1.211932200628405
-0.5279146557858163 0.306917647478174 1.212029195287463
-0.5511253271160362 0.3199108330312691 1.21214073914538
-0.5778175991457893 0.3348529964173285 1.212269014581984
-0.6085137119800053 0.3520364843112969 1.212416531334078
-0.6438142417393538 0.3717974953893605 1.212586175598987
-0.6844098509626043 0.3945226581291336 1.212781266503632
-0.7310948015693426 0.4206565952798726 1.213005621043974
-0.7847824947670916 0.4507106230032226 1.213263628765367
-0.5099960536770788 0.0005794331425919436 0.8555404632946344
-0.5214920109357245 0.0004908910258697192 0.8558322286129246
-0.5347123617831671 0.0003890675916391611 0.8561677587289585
-0.549915765257726 0.0002719706422740193 0.8565536183623973
-0.5673996792534688 0.0001373091505041063 0.856997356940852
-0.587506180348573 -1.755156503129365e-05 0.8575076563060748
-0.610628656607943 -0.0001956413878970037 0.8580945005760812
-0.6372195043062183 -0.0004004446841925701 0.8587693714865884
-0.6677989791592349 -0.0006359684749324713 0.8595454730336718
-0.7029653752402041 -0.000906820834283358 0.8604379898128176
-0.7434067307333185 -0.001218301047536877 0.8614643841088353
-0.7899142895504002 -0.001576503292778425 0.8626447375492557
-0.8433979821900441 -0.001988435874806205 0.8640021440057392
-0.9049042287256347 -0.002462158344138151 0.8655631614306951
0.1088780487646102 -0.4982387770628168 0.354993449006466
0.1110335634468663 -0.5095349451832414 0.3549749490150775
0.1135124053314608 -0.5225255385217297 0.3549536740249806
0.1163630734987445 -0.5374647208609913 0.3549292077863693
0.1196413418911207 -0.554644780551142 0.3549010716119662
0.1234113505423534 -0.5744018491948153 0.3548687150114027
0.127746860491271 -0.5971224781350397 0.3548315049207547
0.1327326969325262 -0.6232512014162978 0.3547887133165094
0.1384664088399696 -0.6532992331897445 0.3547395029716274
0.1450601775335297 -0.6878544697292082 0.354682911075013
0.1526430115311237 -0.7275929917495915 0.3546178303939065
0.1613632706283568 -0.7732922920730323 0.354542987610634
0.1713915685901749 -0.8258464874449891 0.3544569184098706
0.1829241112462657 -0.8862838121227397 0.3543579388289928
0.1086742916228562 0.4982842362839185 0.3457532625354977
0.1108681001898734 0.5095730265876629 0.3457328309577798
0.1133909800419431 0.522555135436969 0.3457093346434042
0.1162922918718234 0.537484560613671 0.3456823138818723
0.1196288004761856 0.5546533995668783 0.3456512400061105
0.1234657853712023 0.5743975643630667 0.3456155050489845
0.1278783180004714 0.5971033538786833 0.3455744098482897
0.1329527305241308 0.6232150118216424 0.3455271503674905
0.1387883049263392 0.6532434184560454 0.3454728019645716
0.1454992154888789 0.6877760860856088 0.3454103013012148
0.1532167626357995 0.7274886538596068 0.3453384255383544
0.1620919418547581 0.7731581067997044 0.345255768411065
0.1722983979565607 0.8256779776808167 0.3451607127146822
0.1840358224736335 0.8860758291940958 0.345051398663842
-0.5099211963667762 -0.008935777300185889 0.4669411774242882
-0.5214202136532907 -0.009059106372020577 0.4668552042628851
-0.5346440835327824 -0.009200934804630467 0.4667563351272715
-0.5498515338941978 -0.009364037502131842 0.466642635621316
-0.5673401018098255 -0.009551605604258421 0.466511881189467
-0.5874519549127973 -0.009767308921703988 0.4663615135928407
-0.610580585981215 -0.01001536773676639 0.4661885908567205
-0.6371785117098953 -0.01030063537408815 0.4659897297101823
-0.6677661262978776 -0.01062869315700818 0.4657610393916632
-0.7029418830740572 -0.01100595960736621 0.4654980455253664
-0.7433940033666638 -0.01143981602527795 0.465195602579125
-0.7899139417031613 -0.01193875090587644 0.4648477931909474
-0.8434118707901337 -0.01251252601856471 0.4644478123945432
-0.9049344892401516 -0.01317236739815622 0.4639878344786784
0.2579427744224533 0.4399552034067962 1.622019983074934
0.263904328404162 0.4497843283699209 1.621706651649043
0.270760115483127 0.4610878220775144 1.621346320509267
0.2786442706239367 0.4740868398412469 1.620931939698525
0.2877110490358679 0.4890357102695392 1.620455401766172
0.2981378442095887 0.5062269112620754 1.619907383143966
0.3101286586593677 0.5259967924034921 1.619277161728429
0.3239180952766135 0.5487321557161212 1.618552407100561
0.3397759473864462 0.5748778235256446 1.617718939278513
0.3580124773127538 0.6049453415065966 1.616760451283159
0.3789844867280075 0.6395229871846915 1.6156581900885
0.4031022975555493 0.6792872797145005 1.614390589714644
0.4308377800072224 0.725016216123781 1.612932849284708
0.4627335848266464 0.7776044929944533 1.611256447790282
0.2581084093043993 -0.4398583174204077 1.622033059491256
0.264056679766103 -0.4496954633164074 1.621718990812078
0.2708971907970623 -0.461008181096807 1.621357811831024
0.2787637784826655 -0.4740178065442665 1.620942456002812
0.2878103543211091 -0.4889788758088449 1.620464796800368
0.2982139165353194 -0.5061841054631101 1.619915488717558
0.3101780130816611 -0.5259701195655151 1.619283784422326
0.3239367241099541 -0.5487240357832809 1.618557324482809
0.3397592417924911 -0.5748910394337114 1.617721895552364
0.3579551371274086 -0.6049830936317067 1.616761152282353
0.3788804167625637 -0.6395889559594012 1.61565629752184
0.4029444883429921 -0.6793856976362498 1.614385714547251
0.4306181706604847 -0.7251519505646258 1.612924544126472
0.4624429053256013 -0.7777831414322581 1.611244198142578
-0.3737241764821911 -0.3470305945558716 1.651043344388345
-0.382152748567842 -0.3548542134450814 1.65103069237724
-0.3918456064663406 -0.3638513751676727 1.651016142564468
-0.4029923930496141 -0.3741981111486526 1.650999410279781
-0.4158111976203785 -0.3860968575267795 1.650980168152391
-0.4305528228767576 -0.3997804158616255 1.650958039705892
-0.4475056919215935 -0.4155165079466984 1.650932591992419
-0.4670014913231548 -0.4336130138445322 1.650903327121924
-0.4894216606349504 -0.4544239956270411 1.650869672520855
-0.5152048553435152 -0.4783566246769262 1.650830969729626
-0.5448555292583648 -0.5058791480842942 1.650786461519713
-0.5789538042604419 -0.5375300500027673 1.650735277078312
-0.6181668205128303 -0.5739285872090115 1.650676414970702
-0.6632617892030772 -0.6157869049961924 1.650608723546949
-0.3790891652647059 0.3411610905527904 1.649213595589118
-0.3875702676419847 0.3489275342393875 1.649156543603757
-0.3973235353758552 0.3578589444789741 1.649090933820593
-0.4085397932698064 0.3681300662544987 1.649015482569953
-0.4214384898478502 0.3799418562963519 1.648928713631718
-0.4362719909126006 0.3935254148444832 1.648828929352748
-0.4533305171370636 0.4091465071748341 1.648714177431932
-0.4729478222951959 0.4271107633547377 1.648582212722994
-0.4955077232270482 0.4477696579616268 1.648430453307715
-0.5214516092986783 0.4715273867595493 1.648255929980143
-0.5512870782810529 0.4988487748771602 1.648055228153437
-0.5855978676107837 0.5302683712124128 1.647824421052724
-0.6250552753399741 0.5664009069979531 1.647558992886905
-0.6704312942285431 0.6079533231513246 1.647253750496212
-0.106630735167836 -0.4987196350407105 0.6548798845177746
-0.1085761837136995 -0.5100538656037428 0.654901038699948
-0.1108134495414425 -0.5230882307512299 0.6549253660094474
-0.1133863052433469 -0.5380777506708401 0.6549533424153717
-0.116345089300537 -0.5553156985783917 0.6549855152821847
-0.1197476909663056 -0.5751393386720761 0.6550225140790198
-0.1236606828819395 -0.5979365247798132 0.65506506269538
-0.1281606235849185 -0.6241532888037108 0.6551139936041942
-0.1333355553933444 -0.6543025674311931 0.6551702641493306
-0.1392867269730341 -0.6889742378527977 0.6552349752762374
-0.1461305742896773 -0.728846658837643 0.6553093930721803
-0.1540009987038169 -0.774699942970215 0.6553949735375145
-0.1630519867800775 -0.827431219722673 0.655493391072649
-0.1734606230677772 -0.8880721879879996 0.6556065712380537
-0.1130718087057265 0.4972981961580504 0.6424113536577389
-0.1151548516924491 0.5086075722352557 0.6425059298693547
-0.1175503511271801 0.5216133547240416 0.6426146925127129
-0.1203051754771207 0.5365700045861456 0.6427397695525747
-0.1234732234795524 0.5537701519275651 0.6428836081484158
-0.1271164786823488 0.5735503213701976 0.6430490225336332
-0.1313062221655648 0.5962975162292248 0.643239249076633
-0.1361244271712631 0.6224567903171062 0.6434580096010829
-0.1416653629278161 0.6525399555181699 0.6437095842042002
-0.1480374390478521 0.687135595499393 0.6439988949977852
-0.1553653265858935 0.7269205814777997 0.6443316024104079
-0.1637923972546411 0.7726733153529672 0.6447142159349241
-0.1734835285237009 0.82528895930941 0.6451542214881175
-0.1846283294831196 0.8857969498593192 0.6456602278742901
-0.3837780128822051 -0.335877903454654 0.8073205717793334
-0.3925007839544878 -0.3433720586922261 0.8073506066876575
-0.402531970687613 -0.351990337215434 0.8073851468322302
-0.4140678354307069 -0.3619013575171232 0.8074248679984888
-0.4273340798852649 -0.3732990308640657 0.8074705473396862
-0.4425902610080066 -0.3864063552130495 0.8075230785820632
-0.4601348692991595 -0.401479778214381 0.8075834895107968
-0.4803111688339854 -0.4188142146659121 0.8076529620788404
-0.5035139132990352 -0.4387488165851729 0.8077328555320906
-0.5301970694338424 -0.4616736087923228 0.8078247330033282
-0.5608826989888707 -0.4880371198305453 0.8079303920952516
-0.5961711729771533 -0.518355157524501 0.8080519000509635
-0.6367529180636782 -0.5532209008725502 0.808191634200032
-0.6834219249131819 -0.5933165057228067 0.808352328471461
-0.3934397874018281 0.3245073895139371 0.7764761153338489
-0.4023376238093616 0.3317928519319178 0.7764527782183314
-0.4125701356780252 0.3401711337125957 0.7764259405354861
-0.4243375243269883 0.3498061577603752 0.7763950772002142
-0.4378700212732959 0.3608864354153217 0.7763595843646514
-0.4534323927615496 0.37362875471851 0.7763187676037542
-0.4713291199730414 0.3882824219171767 0.7762718283287223
-0.491910356266257 0.4051341391956434 0.7762178481624358
-0.5155787780034549 0.4245136140658801 0.7761557709712062
-0.5427974630012324 0.4468000101666522 0.7760843822012923
-0.5740989507486766 0.4724293656825402 0.7760022851158913
-0.6100956616582374 0.5019031245258114 0.7759078734676801
-0.6514918792042323 0.5357979471955733 0.7757993000722372
-0.6990975293821265 0.5747769932657995 0.7756744406674778
0.4050888844378879 -0.3098391307736136 0.3183086513262625
0.4143724386427964 -0.316625797463514 0.3183909712188855
0.4250485259784412 -0.3244304641568995 0.3184856390954018
0.4373260264144326 -0.3334058308542929 0.3185945071533957
0.4514451519158229 -0.3437275025562952 0.3187197054200887
0.4676821462424216 -0.3555974250135979 0.3188636834267855
0.4863546897180102 -0.3692478358394959 0.3190292581344869
0.5078281147149371 -0.3849458082892787 0.3192196690483435
0.5325225534614029 -0.4029984766065289 0.3194386415992786
0.5609211580198386 -0.4237590451713666 0.319690460032854
0.5935795532620397 -0.44763369902093 0.3199800512314657
0.631136707790571 -0.4750895509479279 0.3203130811098691
0.6743274354983819 -0.5066637806639755 0.320696065470033
0.7239967723623646 -0.5429741448374302 0.3211364974842216
0.4058445998104503 0.3088490590495662 0.3174443828912878
0.4151365032637525 0.3156243338428651 0.3175230066141798
0.4258221922350499 0.3234158998551587 0.3176134238955056
0.4381107345520419 0.3323762007692965 0.3177174037690303
0.4522425582165828 0.3426805468205549 0.3178369806235837
0.4684941554308047 0.354530544779502 0.3179744940063202
0.48718349222716 0.3681580424322913 0.3181326343964671
0.5086762295429685 0.3838296647329989 0.3183144958451359
0.5333928774561484 0.4018520303788126 0.3185236365111052
0.5618170225563052 0.4225777508714985 0.3187641482769698
0.5945047894214855 0.4464123294380872 0.3190407368077142
0.6320957213164429 0.4738220947896641 0.3193588136180701
0.6753252929956439 0.5053433249439777 0.3197246019499795
0.725039300426725 0.5415927396214383 0.3201452585316752
0.457515269853276 0.2253275897771671 1.784842648240005
0.4676897631659035 0.2306789176822466 1.784537729425214
0.4793904304754252 0.2368329447730881 1.784187072788204
0.4928461978813751 0.2439100759275559 1.783783817655642
0.5083203303982176 0.2520487767551938 1.783320074253196
0.5261155827925863 0.2614082827069774 1.782786769340383
0.5465801230461105 0.2721717145515284 1.782173468690649
0.5701143443376632 0.2845496611727622 1.781468172943454
0.5971786988229488 0.298784299787181 1.780657082834179
0.6283027064810273 0.3151541341937627 1.779724329208514
0.6640953152878175 0.3339794437613317 1.778651662538999
0.7052568154156263 0.3556285497640359 1.777418095869057
0.7525925405626064 0.3805250216671457 1.775999494198623
0.8070286244816336 0.4091559643557222 1.774368102277625
0.4609250603091293 -0.2182434521632802 1.763163525542803
0.4711097398779265 -0.223559668181039 1.762653477178969
0.4828221213820434 -0.2296733166014616 1.762066921560561
0.4962913601117777 -0.2367040122849477 1.761392382599392
0.5117809846509722 -0.2447893123209566 1.760616662794047
0.5295940528710459 -0.2540874073623668 1.759724585017901
0.5500790813241305 -0.2647802166599886 1.758698695575332
0.573636864045178 -0.2770769473522537 1.757518922716378
0.6007283141743824 -0.2912181876483585 1.756162183928581
0.6318834818229677 -0.307480613988879 1.754601934322615
0.6677119246188407 -0.3261824042804777 1.752807647275754
0.7089146338340946 -0.3476894631158161 1.750744217171863
0.7562977494316365 -0.3724225807764553 1.748371272552389
0.8107883323688099 -0.4008656660861903 1.745642386239994
3 3 0 14
1018
1019
1020
1021
1022
1023
1024
1025
1026
1027
1028
1029
1030
1031
1.427429603089487e-16 1.506731247705569e-16 2.01
1.427429603089487e-16 1.506731247705569e-16 2.0215
1.427429603089487e-16 1.506731247705569e-16 2.034725
1.427429603089487e-16 1.506731247705569e-16 2.04993375
1.427429603089487e-16 1.506731247705569e-16 2.0674238125
1.427429603089487e-16 1.506731247705569e-16 2.087537384375
1.427429603089487e-16 1.506731247705569e-16 2.11066799203125
1.427429603089487e-16 1.506731247705569e-16 2.137268190835937
1.427429603089487e-16 1.506731247705569e-16 2.167858419461328
1.427429603089487e-16 1.506731247705569e-16 2.203037182380527
1.427429603089487e-16 1.506731247705569e-16 2.243492759737606
1.427429603089487e-16 1.506731247705569e-16 2.290016673698247
1.427429603089487e-16 1.506731247705569e-16 2.343519174752984
1.427429603089487e-16 1.506731247705569e-16 2.405047050965932
3 4 0 13
1032
1033
1034
1035
1036
1037
1038
1039
1040
1041
1042
1043
1044
0.6777662144254694 0.699398259942217 3.154908156206552
0.6794728642417589 -0.3035892682135191 3.130822305534926
-0.6929791295667955 0.6695969626230354 3.140864288807332
-0.6888208321934622 -0.7080846163453899 3.173912293897166
-0.2508168023732628 0.09248972306626729 3.310292377526534
0.2403536808759577 -0.8370408435880875 3.313487600653082
-0.9207100454751768 -0.03748978835317432 3.426400373544274
-0.04519524023151003 0.8081142838667661 3.371520973193176
0.8800722345671922 -0.9084004049761096 3.396888560172073
-0.9594771587558558 1.001323552444587 3.493531951034393
0.9887769322904797 0.2403536808759576 3.313487600653082
0.3644461997071198 0.2029381011777645 3.380959233759162
-1.007170713112833 0.1381064744842927 2.863092065444433
$EndNodes
$Elements
52 3500 1 3500
0 1 15 1
1 1 
0 2 15 1
2 2 
0 3 15 1
3 3 
0 4 15 1
4 4 
0 10 15 1
5 5 
0 16 15 1
6 6 
0 17 15 1
7 7 
0 18 15 1
8 8 
0 19 15 1
9 9 
0 20 15 1
10 10 
0 21 15 1
11 11 
0 22 15 1
12 12 
0 23 15 1
13 13 
0 24 15 1
14 14 
1 1 1 7
15 1 15 
16 15 16 
17 16 17 
18 17 18 
19 18 19 
20 19 20 
21 20 1 
1 2 1 4
22 2 21 
23 21 22 
24 22 23 
25 23 1 
1 3 1 7
26 2 24 
27 24 25 
28 25 26 
29 26 27 
30 27 28 
31 28 29 
32 29 2 
1 5 1 7
33 3 30 
34 30 31 
35 31 32 
36 32 33 
37 33 34 
38 34 35 
39 35 3 
1 6 1 4
40 4 36 
41 36 37 
42 37 38 
43 38 3 
1 7 1 7
44 4 39 
45 39 40 
46 40 41 
47 41 42 
48 42 43 
49 43 44 
50 44 4 
1 10 1 15
51 1 45 
52 45 46 
53 46 47 
54 47 48 
55 48 49 
56 49 50 
57 50 51 
58 51 52 
59 52 53 
60 53 54 
61 54 55 
62 55 56 
63 56 57 
64 57 58 
65 58 3 
1 14 1 15
66 2 59 
67 59 60 
68 60 61 
69 61 62 
70 62 63 
71 63 64 
72 64 65 
73 65 66 
74 66 67 
75 67 68 
76 68 69 
77 69 70 
78 70 71 
79 71 72 
80 72 4 
1 15 1 6
81 7 73 
82 73 74 
83 74 75 
84 75 76 
85 76 77 
86 77 8 
1 16 1 6
87 8 78 
88 78 79 
89 79 80 
90 80 81 
91 81 82 
92 82 9 
1 17 1 6
93 9 83 
94 83 84 
95 84 85 
96 85 86 
97 86 87 
98 87 10 
1 18 1 6
99 10 88 
100 88 89 
101 89 90 
102 90 91 
103 91 92 
104 92 7 
1 19 1 6
105 11 93 
106 93 94 
107 94 95 
108 95 96 
109 96 97 
110 97 12 
1 20 1 6
111 12 98 
112 98 99 
113 99 100 
114 100 101 
115 101 102 
116 102 13 
1 21 1 6
117 13 103 
118 103 104 
119 104 105 
120 105 106 
121 106 107 
122 107 14 
1 22 1 6
123 14 108 
124 108 109 
125 109 110 
126 110 111 
127 111 112 
128 112 11 
1 23 1 7
129 7 113 
130 113 114 
131 114 115 
132 115 116 
133 116 117 
134 117 118 
135 118 11 
1 24 1 7
136 8 119 
137 119 120 
138 120 121 
139 121 122 
140 122 123 
141 123 124 
142 124 12 
1 25 1 7
143 9 125 
144 125 126 
145 126 127 
146 127 128 
147 128 129 
148 129 130 
149 130 13 
1 26 1 7
150 10 131 
151 131 132 
152 132 133 
153 133 134 
154 134 135 
155 135 136 
156 136 14 
2 1 2 78
157 1 164 15 
158 20 165 1 
159 23 164 1 
160 1 165 23 
161 21 162 2 
162 2 163 21 
163 24 163 2 
164 2 162 29 
165 15 154 16 
166 15 164 154 
167 16 157 17 
168 16 154 148 
169 148 157 16 
170 17 139 18 
171 17 157 139 
172 18 156 19 
173 139 156 18 
174 19 155 20 
175 144 155 19 
176 19 156 144 
177 155 165 20 
178 22 142 21 
179 21 146 22 
180 142 162 21 
181 21 163 146 
182 22 140 23 
183 23 141 22 
184 22 146 140 
185 141 142 22 
186 140 154 23 
187 23 155 141 
188 154 164 23 
189 23 165 155 
190 25 152 24 
191 152 163 24 
192 26 138 25 
193 138 152 25 
194 27 153 26 
195 26 153 138 
196 28 137 27 
197 137 153 27 
198 29 151 28 
199 28 151 137 
200 29 162 151 
201 151 158 137 
202 137 160 153 
203 158 160 137 
204 138 159 152 
205 153 161 138 
206 138 161 159 
207 139 149 145 
208 145 156 139 
209 139 157 149 
210 146 147 140 
211 147 148 140 
212 148 154 140 
213 141 143 142 
214 141 144 143 
215 141 155 144 
216 143 158 142 
217 142 158 151 
218 151 162 142 
219 144 145 143 
220 145 160 143 
221 143 160 158 
222 144 156 145 
223 149 150 145 
224 150 160 145 
225 146 159 147 
226 152 159 146 
227 146 163 152 
228 147 149 148 
229 147 161 149 
230 159 161 147 
231 149 157 148 
232 149 161 150 
233 153 160 150 
234 150 161 153 
2 2 2 7
235 15 166 1 
236 1 166 20 
237 16 166 15 
238 17 166 16 
239 18 166 17 
240 19 166 18 
241 20 166 19 
2 3 2 7
242 24 2 167 
243 2 29 167 
244 25 24 167 
245 26 25 167 
246 27 26 167 
247 28 27 167 
248 29 28 167 
2 12 3 105
249 1 15 168 45 
250 45 168 169 46 
251 46 169 170 47 
252 47 170 171 48 
253 48 171 172 49 
254 49 172 173 50 
255 50 173 174 51 
256 51 174 175 52 
257 52 175 176 53 
258 53 176 177 54 
259 54 177 178 55 
260 55 178 179 56 
261 56 179 180 57 
262 57 180 181 58 
263 58 181 30 3 
264 15 16 182 168 
265 168 182 183 169 
266 169 183 184 170 
267 170 184 185 171 
268 171 185 186 172 
269 172 186 187 173 
270 173 187 188 174 
271 174 188 189 175 
272 175 189 190 176 
273 176 190 191 177 
274 177 191 192 178 
275 178 192 193 179 
276 179 193 194 180 
277 180 194 195 181 
278 181 195 31 30 
279 16 17 196 182 
280 182 196 197 183 
281 183 197 198 184 
282 184 198 199 185 
283 185 199 200 186 
284 186 200 201 187 
285 187 201 202 188 
286 188 202 203 189 
287 189 203 204 190 
288 190 204 205 191 
289 191 205 206 192 
290 192 206 207 193 
291 193 207 208 194 
292 194 208 209 195 
293 195 209 32 31 
294 17 18 210 196 
295 196 210 211 197 
296 197 211 212 198 
297 198 212 213 199 
298 199 213 214 200 
299 200 214 215 201 
300 201 215 216 202 
301 202 216 217 203 
302 203 217 218 204 
303 204 218 219 205 
304 205 219 220 206 
305 206 220 221 207 
306 207 221 222 208 
307 208 222 223 209 
308 209 223 33 32 
309 18 19 224 210 
310 210 224 225 211 
311 211 225 226 212 
312 212 226 227 213 
313 213 227 228 214 
314 214 228 229 215 
315 215 229 230 216 
316 216 230 231 217 
317 217 231 232 218 
318 218 232 233 219 
319 219 233 234 220 
320 220 234 235 221 
321 221 235 236 222 
322 222 236 237 223 
323 223 237 34 33 
324 19 20 238 224 
325 224 238 239 225 
326 225 239 240 226 
327 226 240 241 227 
328 227 241 242 228 
329 228 242 243 229 
330 229 243 244 230 
331 230 244 245 231 
332 231 245 246 232 
333 232 246 247 233 
334 233 247 248 234 
335 234 248 249 235 
336 235 249 250 236 
337 236 250 251 237 
338 237 251 35 34 
339 20 1 45 238 
340 238 45 46 239 
341 239 46 47 240 
342 240 47 48 241 
343 241 48 49 242 
344 242 49 50 243 
345 243 50 51 244 
346 244 51 52 245 
347 245 52 53 246 
348 246 53 54 247 
349 247 54 55 248 
350 248 55 56 249 
351 249 56 57 250 
352 250 57 58 251 
353 251 58 3 35 
2 16 3 60
354 2 21 252 59 
355 59 252 253 60 
356 60 253 254 61 
357 61 254 255 62 
358 62 255 256 63 
359 63 256 257 64 
360 64 257 258 65 
361 65 258 259 66 
362 66 259 260 67 
363 67 260 261 68 
364 68 261 262 69 
365 69 262 263 70 
366 70 263 264 71 
367 71 264 265 72 
368 72 265 36 4 
369 21 22 266 252 
370 252 266 267 253 
371 253 267 268 254 
372 254 268 269 255 
373 255 269 270 256 
374 256 270 271 257 
375 257 271 272 258 
376 258 272 273 259 
377 259 273 274 260 
378 260 274 275 261 
379 261 275 276 262 
380 262 276 277 263 
381 263 277 278 264 
382 264 278 279 265 
383 265 279 37 36 
384 22 23 280 266 
385 266 280 281 267 
386 267 281 282 268 
387 268 282 283 269 
388 269 283 284 270 
389 270 284 285 271 
390 271 285 286 272 
391 272 286 287 273 
392 273 287 288 274 
393 274 288 289 275 
394 275 289 290 276 
395 276 290 291 277 
396 277 291 292 278 
397 278 292 293 279 
398 279 293 38 37 
399 23 1 45 280 
400 280 45 46 281 
401 281 46 47 282 
402 282 47 48 283 
403 283 48 49 284 
404 284 49 50 285 
405 285 50 51 286 
406 286 51 52 287 
407 287 52 53 288 
408 288 53 54 289 
409 289 54 55 290 
410 290 55 56 291 
411 291 56 57 292 
412 292 57 58 293 
413 293 58 3 38 
2 20 3 105
414 2 24 294 59 
415 59 294 295 60 
416 60 295 296 61 
417 61 296 297 62 
418 62 297 298 63 
419 63 298 299 64 
420 64 299 300 65 
421 65 300 301 66 
422 66 301 302 67 
423 67 302 303 68 
424 68 303 304 69 
425 69 304 305 70 
426 70 305 306 71 
427 71 306 307 72 
428 72 307 39 4 
429 24 25 308 294 
430 294 308 309 295 
431 295 309 310 296 
432 296 310 311 297 
433 297 311 312 298 
434 298 312 313 299 
435 299 313 314 300 
436 300 314 315 301 
437 301 315 316 302 
438 302 316 317 303 
439 303 317 318 304 
440 304 318 319 305 
441 305 319 320 306 
442 306 320 321 307 
443 307 321 40 39 
444 25 26 322 308 
445 308 322 323 309 
446 309 323 324 310 
447 310 324 325 311 
448 311 325 326 312 
449 312 326 327 313 
450 313 327 328 314 
451 314 328 329 315 
452 315 329 330 316 
453 316 330 331 317 
454 317 331 332 318 
455 318 332 333 319 
456 319 333 334 320 
457 320 334 335 321 
458 321 335 41 40 
459 26 27 336 322 
460 322 336 337 323 
461 323 337 338 324 
462 324 338 339 325 
463 325 339 340 326 
464 326 340 341 327 
465 327 341 342 328 
466 328 342 343 329 
467 329 343 344 330 
468 330 344 345 331 
469 331 345 346 332 
470 332 346 347 333 
471 333 347 348 334 
472 334 348 349 335 
473 335 349 42 41 
474 27 28 350 336 
475 336 350 351 337 
476 337 351 352 338 
477 338 352 353 339 
478 339 353 354 340 
479 340 354 355 341 
480 341 355 356 342 
481 342 356 357 343 
482 343 357 358 344 
483 344 358 359 345 
484 345 359 360 346 
485 346 360 361 347 
486 347 361 362 348 
487 348 362 363 349 
488 349 363 43 42 
489 28 29 364 350 
490 350 364 365 351 
491 351 365 366 352 
492 352 366 367 353 
493 353 367 368 354 
494 354 368 369 355 
495 355 369 370 356 
496 356 370 371 357 
497 357 371 372 358 
498 358 372 373 359 
499 359 373 374 360 
500 360 374 375 361 
501 361 375 376 362 
502 362 376 377 363 
503 363 377 44 43 
504 29 2 59 364 
505 364 59 60 365 
506 365 60 61 366 
507 366 61 62 367 
508 367 62 63 368 
509 368 63 64 369 
510 369 64 65 370 
511 370 65 66 371 
512 371 66 67 372 
513 372 67 68 373 
514 373 68 69 374 
515 374 69 70 375 
516 375 70 71 376 
517 376 71 72 377 
518 377 72 4 44 
2 25 2 78
519 3 405 30 
520 35 406 3 
521 38 405 3 
522 3 406 38 
523 36 403 4 
524 4 404 36 
525 39 404 4 
526 4 403 44 
527 30 395 31 
528 30 405 395 
529 31 398 32 
530 31 395 389 
531 389 398 31 
532 32 380 33 
533 32 398 380 
534 33 397 34 
535 380 397 33 
536 34 396 35 
537 385 396 34 
538 34 397 385 
539 396 406 35 
540 37 383 36 
541 36 387 37 
542 383 403 36 
543 36 404 387 
544 37 381 38 
545 38 382 37 
546 37 387 381 
547 382 383 37 
548 381 395 38 
549 38 396 382 
550 395 405 38 
551 38 406 396 
552 40 393 39 
553 393 404 39 
554 41 379 40 
555 379 393 40 
556 42 394 41 
557 41 394 379 
558 43 378 42 
559 378 394 42 
560 44 392 43 
561 43 392 378 
562 44 403 392 
563 392 399 378 
564 378 401 394 
565 399 401 378 
566 379 400 393 
567 394 402 379 
568 379 402 400 
569 380 390 386 
570 386 397 380 
571 380 398 390 
572 387 388 381 
573 388 389 381 
574 389 395 381 
575 382 384 383 
576 382 385 384 
577 382 396 385 
578 384 399 383 
579 383 399 392 
580 392 403 383 
581 385 386 384 
582 386 401 384 
583 384 401 399 
584 385 397 386 
585 390 391 386 
586 391 401 386 
587 387 400 388 
588 393 400 387 
589 387 404 393 
590 388 390 389 
591 388 402 390 
592 400 402 388 
593 390 398 389 
594 390 402 391 
595 394 401 391 
596 391 402 394 
2 32 2 7
597 30 407 3 
598 3 407 35 
599 31 407 30 
600 32 407 31 
601 33 407 32 
602 34 407 33 
603 35 407 34 
2 33 2 55
604 4 80 418 
605 80 4 419 
606 39 4 418 
607 4 44 419 
608 7 73 415 
609 92 7 415 
610 77 8 416 
611 8 78 416 
612 82 9 417 
613 9 83 417 
614 87 10 414 
615 10 88 414 
616 73 74 409 
617 73 409 415 
618 74 75 43 
619 74 43 409 
620 75 76 44 
621 43 75 44 
622 76 77 416 
623 44 76 416 
624 78 79 410 
625 78 410 416 
626 79 80 419 
627 410 79 419 
628 80 81 418 
629 81 82 411 
630 81 411 418 
631 411 82 417 
632 83 84 417 
633 84 85 39 
634 84 39 417 
635 85 86 40 
636 39 85 40 
637 86 87 408 
638 40 86 408 
639 408 87 414 
640 88 89 412 
641 88 412 414 
642 41 89 90 
643 89 41 412 
644 90 91 42 
645 41 90 42 
646 91 92 413 
647 42 91 413 
648 413 92 415 
649 39 411 417 
650 411 39 418 
651 41 40 408 
652 41 408 412 
653 43 42 409 
654 409 42 413 
655 410 44 416 
656 44 410 419 
657 412 408 414 
658 409 413 415 
2 34 2 90
659 11 93 450 
660 112 11 450 
661 97 12 451 
662 12 98 451 
663 102 13 452 
664 13 103 452 
665 107 14 453 
666 14 108 453 
667 93 94 424 
668 93 424 450 
669 94 95 428 
670 424 94 428 
671 95 96 422 
672 95 422 428 
673 96 97 440 
674 422 96 440 
675 440 97 451 
676 98 99 425 
677 98 425 451 
678 99 100 437 
679 425 99 437 
680 100 101 420 
681 100 420 437 
682 101 102 441 
683 420 101 441 
684 441 102 452 
685 103 104 426 
686 103 426 452 
687 104 105 444 
688 426 104 444 
689 105 106 423 
690 105 423 444 
691 106 107 442 
692 423 106 442 
693 442 107 453 
694 108 109 427 
695 108 427 453 
696 109 110 438 
697 427 109 438 
698 110 111 421 
699 110 421 438 
700 111 112 443 
701 421 111 443 
702 443 112 450 
703 435 420 446 
704 420 435 448 
705 437 420 448 
706 420 441 446 
707 438 421 449 
708 439 421 443 
709 421 439 449 
710 428 422 429 
711 429 422 430 
712 430 422 440 
713 423 436 444 
714 436 423 445 
715 423 442 447 
716 445 423 447 
717 424 428 439 
718 424 439 443 
719 424 443 450 
720 430 425 437 
721 425 430 440 
722 425 440 451 
723 436 426 444 
724 426 436 446 
725 441 426 446 
726 426 441 452 
727 427 438 447 
728 442 427 447 
729 427 442 453 
730 428 429 439 
731 429 430 431 
732 429 431 432 
733 429 432 439 
734 431 430 448 
735 430 437 448 
736 432 431 433 
737 433 431 435 
738 435 431 448 
739 432 433 434 
740 432 434 449 
741 439 432 449 
742 434 433 445 
743 433 435 436 
744 433 436 445 
745 438 434 447 
746 434 438 449 
747 434 445 447 
748 436 435 446 
2 35 2 102
749 7 73 491 
750 113 7 491 
751 77 8 488 
752 8 119 488 
753 93 11 492 
754 11 118 492 
755 12 97 489 
756 124 12 489 
757 73 74 483 
758 73 483 491 
759 74 75 485 
760 74 477 483 
761 477 74 485 
762 75 76 455 
763 75 455 485 
764 76 77 482 
765 455 76 482 
766 482 77 488 
767 94 93 484 
768 484 93 492 
769 95 94 486 
770 473 94 484 
771 94 473 486 
772 96 95 456 
773 456 95 486 
774 97 96 481 
775 96 456 481 
776 97 481 489 
777 114 113 459 
778 459 113 491 
779 115 114 476 
780 114 459 476 
781 116 115 454 
782 454 115 476 
783 117 116 472 
784 116 454 472 
785 118 117 458 
786 458 117 472 
787 118 458 484 
788 118 484 492 
789 119 120 460 
790 119 460 488 
791 120 121 471 
792 460 120 471 
793 121 122 457 
794 121 457 471 
795 122 123 462 
796 457 122 462 
797 123 124 461 
798 123 461 462 
799 461 124 489 
800 454 468 472 
801 468 454 474 
802 474 454 476 
803 455 479 485 
804 479 455 487 
805 455 482 487 
806 480 456 486 
807 456 480 490 
808 481 456 490 
809 457 462 463 
810 457 463 464 
811 457 464 471 
812 469 458 472 
813 458 469 473 
814 458 473 484 
815 459 475 476 
816 475 459 477 
817 477 459 483 
818 483 459 491 
819 470 460 471 
820 460 470 487 
821 482 460 487 
822 460 482 488 
823 462 461 478 
824 478 461 490 
825 481 461 489 
826 461 481 490 
827 463 462 478 
828 464 463 465 
829 465 463 467 
830 467 463 478 
831 464 465 466 
832 464 466 470 
833 464 470 471 
834 466 465 474 
835 465 467 468 
836 465 468 474 
837 470 466 479 
838 466 474 475 
839 466 475 479 
840 468 467 469 
841 469 467 480 
842 467 478 480 
843 468 469 472 
844 473 469 480 
845 470 479 487 
846 473 480 486 
847 475 474 476 
848 475 477 479 
849 479 477 485 
850 480 478 490 
2 36 2 102
851 8 78 530 
852 119 8 530 
853 82 9 527 
854 9 125 527 
855 98 12 531 
856 12 124 531 
857 13 102 528 
858 130 13 528 
859 78 79 522 
860 78 522 530 
861 79 80 524 
862 79 516 522 
863 516 79 524 
864 80 81 494 
865 80 494 524 
866 81 82 521 
867 494 81 521 
868 521 82 527 
869 99 98 523 
870 523 98 531 
871 100 99 525 
872 512 99 523 
873 99 512 525 
874 101 100 495 
875 495 100 525 
876 102 101 520 
877 101 495 520 
878 102 520 528 
879 120 119 498 
880 498 119 530 
881 121 120 515 
882 120 498 515 
883 122 121 493 
884 493 121 515 
885 123 122 511 
886 122 493 511 
887 124 123 497 
888 497 123 511 
889 124 497 523 
890 124 523 531 
891 125 126 499 
892 125 499 527 
893 126 127 510 
894 499 126 510 
895 127 128 496 
896 127 496 510 
897 128 129 501 
898 496 128 501 
899 129 130 500 
900 129 500 501 
901 500 130 528 
902 493 507 511 
903 507 493 513 
904 513 493 515 
905 494 518 524 
906 518 494 526 
907 494 521 526 
908 519 495 525 
909 495 519 529 
910 520 495 529 
911 496 501 502 
912 496 502 503 
913 496 503 510 
914 508 497 511 
915 497 508 512 
916 497 512 523 
917 498 514 515 
918 514 498 516 
919 516 498 522 
920 522 498 530 
921 509 499 510 
922 499 509 526 
923 521 499 526 
924 499 521 527 
925 501 500 517 
926 517 500 529 
927 520 500 528 
928 500 520 529 
929 502 501 517 
930 503 502 504 
931 504 502 506 
932 506 502 517 
933 503 504 505 
934 503 505 509 
935 503 509 510 
936 505 504 513 
937 504 506 507 
938 504 507 513 
939 509 505 518 
940 505 513 514 
941 505 514 518 
942 507 506 508 
943 508 506 519 
944 506 517 519 
945 507 508 511 
946 512 508 519 
947 509 518 526 
948 512 519 525 
949 514 513 515 
950 514 516 518 
951 518 516 524 
952 519 517 529 
2 37 2 102
953 9 83 569 
954 125 9 569 
955 87 10 566 
956 10 131 566 
957 103 13 570 
958 13 130 570 
959 14 107 567 
960 136 14 567 
961 83 84 561 
962 83 561 569 
963 84 85 563 
964 84 555 561 
965 555 84 563 
966 85 86 533 
967 85 533 563 
968 86 87 560 
969 533 86 560 
970 560 87 566 
971 104 103 562 
972 562 103 570 
973 105 104 564 
974 551 104 562 
975 104 551 564 
976 106 105 534 
977 534 105 564 
978 107 106 559 
979 106 534 559 
980 107 559 567 
981 126 125 537 
982 537 125 569 
983 127 126 554 
984 126 537 554 
985 128 127 532 
986 532 127 554 
987 129 128 550 
988 128 532 550 
989 130 129 536 
990 536 129 550 
991 130 536 562 
992 130 562 570 
993 131 132 538 
994 131 538 566 
995 132 133 549 
996 538 132 549 
997 133 134 535 
998 133 535 549 
999 134 135 540 
1000 535 134 540 
1001 135 136 539 
1002 135 539 540 
1003 539 136 567 
1004 532 546 550 
1005 546 532 552 
1006 552 532 554 
1007 533 557 563 
1008 557 533 565 
1009 533 560 565 
1010 558 534 564 
1011 534 558 568 
1012 559 534 568 
1013 535 540 541 
1014 535 541 542 
1015 535 542 549 
1016 547 536 550 
1017 536 547 551 
1018 536 551 562 
1019 537 553 554 
1020 553 537 555 
1021 555 537 561 
1022 561 537 569 
1023 548 538 549 
1024 538 548 565 
1025 560 538 565 
1026 538 560 566 
1027 540 539 556 
1028 556 539 568 
1029 559 539 567 
1030 539 559 568 
1031 541 540 556 
1032 542 541 543 
1033 543 541 545 
1034 545 541 556 
1035 542 543 544 
1036 542 544 548 
1037 542 548 549 
1038 544 543 552 
1039 543 545 546 
1040 543 546 552 
1041 548 544 557 
1042 544 552 553 
1043 544 553 557 
1044 546 545 547 
1045 547 545 558 
1046 545 556 558 
1047 546 547 550 
1048 551 547 558 
1049 548 557 565 
1050 551 558 564 
1051 553 552 554 
1052 553 555 557 
1053 557 555 563 
1054 558 556 568 
2 38 2 102
1055 92 7 605 
1056 7 113 605 
1057 10 88 608 
1058 131 10 608 
1059 11 112 606 
1060 118 11 606 
1061 108 14 609 
1062 14 136 609 
1063 88 89 600 
1064 88 600 608 
1065 89 90 602 
1066 89 594 600 
1067 594 89 602 
1068 90 91 572 
1069 90 572 602 
1070 91 92 599 
1071 572 91 599 
1072 599 92 605 
1073 109 108 601 
1074 601 108 609 
1075 110 109 603 
1076 590 109 601 
1077 109 590 603 
1078 111 110 573 
1079 573 110 603 
1080 112 111 598 
1081 111 573 598 
1082 112 598 606 
1083 113 114 577 
1084 113 577 605 
1085 114 115 588 
1086 577 114 588 
1087 115 116 574 
1088 115 574 588 
1089 116 117 579 
1090 574 116 579 
1091 117 118 578 
1092 117 578 579 
1093 578 118 606 
1094 132 131 576 
1095 576 131 608 
1096 133 132 593 
1097 132 576 593 
1098 134 133 571 
1099 571 133 593 
1100 135 134 589 
1101 134 571 589 
1102 136 135 575 
1103 575 135 589 
1104 136 575 601 
1105 136 601 609 
1106 571 585 589 
1107 585 571 591 
1108 591 571 593 
1109 572 596 602 
1110 596 572 604 
1111 572 599 604 
1112 597 573 603 
1113 573 597 607 
1114 598 573 607 
1115 574 579 580 
1116 574 580 581 
1117 574 581 588 
1118 586 575 589 
1119 575 586 590 
1120 575 590 601 
1121 576 592 593 
1122 592 576 594 
1123 594 576 600 
1124 600 576 608 
1125 587 577 588 
1126 577 587 604 
1127 599 577 604 
1128 577 599 605 
1129 579 578 595 
1130 595 578 607 
1131 598 578 606 
1132 578 598 607 
1133 580 579 595 
1134 581 580 582 
1135 582 580 584 
1136 584 580 595 
1137 581 582 583 
1138 581 583 587 
1139 581 587 588 
1140 583 582 591 
1141 582 584 585 
1142 582 585 591 
1143 587 583 596 
1144 583 591 592 
1145 583 592 596 
1146 585 584 586 
1147 586 584 597 
1148 584 595 597 
1149 585 586 589 
1150 590 586 597 
1151 587 596 604 
1152 590 597 603 
1153 592 591 593 
1154 592 594 596 
1155 596 594 602 
1156 597 595 607 
3 1 4 102
1157 156 144 139 166 
1158 157 139 148 166 
1159 139 145 144 156 
1160 145 139 144 611 
1161 148 149 139 157 
1162 148 139 149 611 
1163 166 155 23 165 
1164 23 141 155 611 
1165 154 140 23 611 
1166 144 155 141 611 
1167 154 148 140 611 
1168 23 154 166 164 
1169 145 149 139 611 
1170 163 167 162 610 
1171 163 167 2 162 
1172 163 162 21 610 
1173 137 167 153 610 
1174 137 151 167 610 
1175 27 153 137 167 
1176 138 153 167 610 
1177 22 141 23 611 
1178 140 22 23 611 
1179 151 28 137 167 
1180 146 610 22 611 
1181 167 152 138 610 
1182 22 146 21 610 
1183 142 22 610 611 
1184 2 21 163 162 
1185 138 153 26 167 
1186 22 21 142 610 
1187 167 163 152 610 
1188 151 162 167 610 
1189 159 610 146 611 
1190 161 610 159 611 
1191 138 25 152 167 
1192 20 155 166 165 
1193 158 142 610 611 
1194 153 27 26 167 
1195 167 151 29 162 
1196 144 141 143 611 
1197 147 140 148 611 
1198 139 18 156 166 
1199 24 152 167 163 
1200 150 610 161 611 
1201 166 154 15 164 
1202 158 610 160 611 
1203 147 159 146 611 
1204 149 147 148 611 
1205 157 17 139 166 
1206 145 144 143 611 
1207 161 138 159 610 
1208 158 143 142 611 
1209 160 610 150 611 
1210 146 159 152 610 
1211 161 159 147 611 
1212 152 159 138 610 
1213 27 137 28 167 
1214 152 163 146 610 
1215 151 29 28 167 
1216 161 153 138 610 
1217 158 137 160 610 
1218 153 161 150 610 
1219 158 160 143 611 
1220 24 152 25 167 
1221 18 139 17 166 
1222 141 22 142 611 
1223 160 153 150 610 
1224 140 146 22 611 
1225 19 20 155 166 
1226 154 15 16 166 
1227 153 160 137 610 
1228 140 147 146 611 
1229 141 142 143 611 
1230 167 29 2 162 
1231 167 2 24 163 
1232 18 19 156 166 
1233 16 17 157 166 
1234 146 163 21 610 
1235 25 138 26 167 
1236 151 137 158 610 
1237 166 1 20 165 
1238 151 158 142 610 
1239 142 162 151 610 
1240 150 149 145 611 
1241 142 21 162 610 
1242 15 1 166 164 
1243 149 161 147 611 
1244 149 150 161 611 
1245 145 160 150 611 
1246 143 160 145 611 
1247 166 611 139 148 
1248 139 611 166 144 
1249 611 155 166 144 
1250 611 166 155 23 
1251 611 154 166 23 
1252 611 166 154 148 
1253 166 144 19 156 
1254 166 19 144 155 
1255 166 148 16 154 
1256 166 16 148 157 
1257 1 23 166 164 
1258 1 166 23 165 
3 2 6 1170
1259 139 149 145 640 780 724 
1260 640 780 724 641 781 725 
1261 641 781 725 642 782 726 
1262 642 782 726 643 783 727 
1263 643 783 727 644 784 728 
1264 644 784 728 645 785 729 
1265 645 785 729 646 786 730 
1266 646 786 730 647 787 731 
1267 647 787 731 648 788 732 
1268 648 788 732 649 789 733 
1269 649 789 733 650 790 734 
1270 650 790 734 651 791 735 
1271 651 791 735 652 792 736 
1272 652 792 736 653 793 737 
1273 653 793 737 380 390 386 
1274 137 160 153 612 934 836 
1275 612 934 836 613 935 837 
1276 613 935 837 614 936 838 
1277 614 936 838 615 937 839 
1278 615 937 839 616 938 840 
1279 616 938 840 617 939 841 
1280 617 939 841 618 940 842 
1281 618 940 842 619 941 843 
1282 619 941 843 620 942 844 
1283 620 942 844 621 943 845 
1284 621 943 845 622 944 846 
1285 622 944 846 623 945 847 
1286 623 945 847 624 946 848 
1287 624 946 848 625 947 849 
1288 625 947 849 378 401 394 
1289 153 160 150 836 934 794 
1290 836 934 794 837 935 795 
1291 837 935 795 838 936 796 
1292 838 936 796 839 937 797 
1293 839 937 797 840 938 798 
1294 840 938 798 841 939 799 
1295 841 939 799 842 940 800 
1296 842 940 800 843 941 801 
1297 843 941 801 844 942 802 
1298 844 942 802 845 943 803 
1299 845 943 803 846 944 804 
1300 846 944 804 847 945 805 
1301 847 945 805 848 946 806 
1302 848 946 806 849 947 807 
1303 849 947 807 394 401 391 
1304 149 150 145 780 794 724 
1305 780 794 724 781 795 725 
1306 781 795 725 782 796 726 
1307 782 796 726 783 797 727 
1308 783 797 727 784 798 728 
1309 784 798 728 785 799 729 
1310 785 799 729 786 800 730 
1311 786 800 730 787 801 731 
1312 787 801 731 788 802 732 
1313 788 802 732 789 803 733 
1314 789 803 733 790 804 734 
1315 790 804 734 791 805 735 
1316 791 805 735 792 806 736 
1317 792 806 736 793 807 737 
1318 793 807 737 390 391 386 
1319 144 155 19 710 864 224 
1320 710 864 224 711 865 225 
1321 711 865 225 712 866 226 
1322 712 866 226 713 867 227 
1323 713 867 227 714 868 228 
1324 714 868 228 715 869 229 
1325 715 869 229 716 870 230 
1326 716 870 230 717 871 231 
1327 717 871 231 718 872 232 
1328 718 872 232 719 873 233 
1329 719 873 233 720 874 234 
1330 720 874 234 721 875 235 
1331 721 875 235 722 876 236 
1332 722 876 236 723 877 237 
1333 723 877 237 385 396 34 
1334 16 154 148 182 850 766 
1335 182 850 766 183 851 767 
1336 183 851 767 184 852 768 
1337 184 852 768 185 853 769 
1338 185 853 769 186 854 770 
1339 186 854 770 187 855 771 
1340 187 855 771 188 856 772 
1341 188 856 772 189 857 773 
1342 189 857 773 190 858 774 
1343 190 858 774 191 859 775 
1344 191 859 775 192 860 776 
1345 192 860 776 193 861 777 
1346 193 861 777 194 862 778 
1347 194 862 778 195 863 779 
1348 195 863 779 31 395 389 
1349 147 161 149 752 948 780 
1350 752 948 780 753 949 781 
1351 753 949 781 754 950 782 
1352 754 950 782 755 951 783 
1353 755 951 783 756 952 784 
1354 756 952 784 757 953 785 
1355 757 953 785 758 954 786 
1356 758 954 786 759 955 787 
1357 759 955 787 760 956 788 
1358 760 956 788 761 957 789 
1359 761 957 789 762 958 790 
1360 762 958 790 763 959 791 
1361 763 959 791 764 960 792 
1362 764 960 792 765 961 793 
1363 765 961 793 388 402 390 
1364 19 156 144 224 878 710 
1365 224 878 710 225 879 711 
1366 225 879 711 226 880 712 
1367 226 880 712 227 881 713 
1368 227 881 713 228 882 714 
1369 228 882 714 229 883 715 
1370 229 883 715 230 884 716 
1371 230 884 716 231 885 717 
1372 231 885 717 232 886 718 
1373 232 886 718 233 887 719 
1374 233 887 719 234 888 720 
1375 234 888 720 235 889 721 
1376 235 889 721 236 890 722 
1377 236 890 722 237 891 723 
1378 237 891 723 34 397 385 
1379 148 157 16 766 892 182 
1380 766 892 182 767 893 183 
1381 767 893 183 768 894 184 
1382 768 894 184 769 895 185 
1383 769 895 185 770 896 186 
1384 770 896 186 771 897 187 
1385 771 897 187 772 898 188 
1386 772 898 188 773 899 189 
1387 773 899 189 774 900 190 
1388 774 900 190 775 901 191 
1389 775 901 191 776 902 192 
1390 776 902 192 777 903 193 
1391 777 903 193 778 904 194 
1392 778 904 194 779 905 195 
1393 779 905 195 389 398 31 
1394 149 161 150 780 948 794 
1395 780 948 794 781 949 795 
1396 781 949 795 782 950 796 
1397 782 950 796 783 951 797 
1398 783 951 797 784 952 798 
1399 784 952 798 785 953 799 
1400 785 953 799 786 954 800 
1401 786 954 800 787 955 801 
1402 787 955 801 788 956 802 
1403 788 956 802 789 957 803 
1404 789 957 803 790 958 804 
1405 790 958 804 791 959 805 
1406 791 959 805 792 960 806 
1407 792 960 806 793 961 807 
1408 793 961 807 390 402 391 
1409 19 155 20 224 864 238 
1410 224 864 238 225 865 239 
1411 225 865 239 226 866 240 
1412 226 866 240 227 867 241 
1413 227 867 241 228 868 242 
1414 228 868 242 229 869 243 
1415 229 869 243 230 870 244 
1416 230 870 244 231 871 245 
1417 231 871 245 232 872 246 
1418 232 872 246 233 873 247 
1419 233 873 247 234 874 248 
1420 234 874 248 235 875 249 
1421 235 875 249 236 876 250 
1422 236 876 250 237 877 251 
1423 237 877 251 34 396 35 
1424 15 154 16 168 850 182 
1425 168 850 182 169 851 183 
1426 169 851 183 170 852 184 
1427 170 852 184 171 853 185 
1428 171 853 185 172 854 186 
1429 172 854 186 173 855 187 
1430 173 855 187 174 856 188 
1431 174 856 188 175 857 189 
1432 175 857 189 176 858 190 
1433 176 858 190 177 859 191 
1434 177 859 191 178 860 192 
1435 178 860 192 179 861 193 
1436 179 861 193 180 862 194 
1437 180 862 194 181 863 195 
1438 181 863 195 30 395 31 
1439 146 147 140 738 752 654 
1440 738 752 654 739 753 655 
1441 739 753 655 740 754 656 
1442 740 754 656 741 755 657 
1443 741 755 657 742 756 658 
1444 742 756 658 743 757 659 
1445 743 757 659 744 758 660 
1446 744 758 660 745 759 661 
1447 745 759 661 746 760 662 
1448 746 760 662 747 761 663 
1449 747 761 663 748 762 664 
1450 748 762 664 749 763 665 
1451 749 763 665 750 764 666 
1452 750 764 666 751 765 667 
1453 751 765 667 387 388 381 
1454 22 146 140 266 738 654 
1455 266 738 654 267 739 655 
1456 267 739 655 268 740 656 
1457 268 740 656 269 741 657 
1458 269 741 657 270 742 658 
1459 270 742 658 271 743 659 
1460 271 743 659 272 744 660 
1461 272 744 660 273 745 661 
1462 273 745 661 274 746 662 
1463 274 746 662 275 747 663 
1464 275 747 663 276 748 664 
1465 276 748 664 277 749 665 
1466 277 749 665 278 750 666 
1467 278 750 666 279 751 667 
1468 279 751 667 37 387 381 
1469 141 143 142 668 696 682 
1470 668 696 682 669 697 683 
1471 669 697 683 670 698 684 
1472 670 698 684 671 699 685 
1473 671 699 685 672 700 686 
1474 672 700 686 673 701 687 
1475 673 701 687 674 702 688 
1476 674 702 688 675 703 689 
1477 675 703 689 676 704 690 
1478 676 704 690 677 705 691 
1479 677 705 691 678 706 692 
1480 678 706 692 679 707 693 
1481 679 707 693 680 708 694 
1482 680 708 694 681 709 695 
1483 681 709 695 382 384 383 
1484 147 148 140 752 766 654 
1485 752 766 654 753 767 655 
1486 753 767 655 754 768 656 
1487 754 768 656 755 769 657 
1488 755 769 657 756 770 658 
1489 756 770 658 757 771 659 
1490 757 771 659 758 772 660 
1491 758 772 660 759 773 661 
1492 759 773 661 760 774 662 
1493 760 774 662 761 775 663 
1494 761 775 663 762 776 664 
1495 762 776 664 763 777 665 
1496 763 777 665 764 778 666 
1497 764 778 666 765 779 667 
1498 765 779 667 388 389 381 
1499 141 144 143 668 710 696 
1500 668 710 696 669 711 697 
1501 669 711 697 670 712 698 
1502 670 712 698 671 713 699 
1503 671 713 699 672 714 700 
1504 672 714 700 673 715 701 
1505 673 715 701 674 716 702 
1506 674 716 702 675 717 703 
1507 675 717 703 676 718 704 
1508 676 718 704 677 719 705 
1509 677 719 705 678 720 706 
1510 678 720 706 679 721 707 
1511 679 721 707 680 722 708 
1512 680 722 708 681 723 709 
1513 681 723 709 382 385 384 
1514 145 156 139 724 878 640 
1515 724 878 640 725 879 641 
1516 725 879 641 726 880 642 
1517 726 880 642 727 881 643 
1518 727 881 643 728 882 644 
1519 728 882 644 729 883 645 
1520 729 883 645 730 884 646 
1521 730 884 646 731 885 647 
1522 731 885 647 732 886 648 
1523 732 886 648 733 887 649 
1524 733 887 649 734 888 650 
1525 734 888 650 735 889 651 
1526 735 889 651 736 890 652 
1527 736 890 652 737 891 653 
1528 737 891 653 386 397 380 
1529 144 145 143 710 724 696 
1530 710 724 696 711 725 697 
1531 711 725 697 712 726 698 
1532 712 726 698 713 727 699 
1533 713 727 699 714 728 700 
1534 714 728 700 715 729 701 
1535 715 729 701 716 730 702 
1536 716 730 702 717 731 703 
1537 717 731 703 718 732 704 
1538 718 732 704 719 733 705 
1539 719 733 705 720 734 706 
1540 720 734 706 721 735 707 
1541 721 735 707 722 736 708 
1542 722 736 708 723 737 709 
1543 723 737 709 385 386 384 
1544 141 142 22 668 682 266 
1545 668 682 266 669 683 267 
1546 669 683 267 670 684 268 
1547 670 684 268 671 685 269 
1548 671 685 269 672 686 270 
1549 672 686 270 673 687 271 
1550 673 687 271 674 688 272 
1551 674 688 272 675 689 273 
1552 675 689 273 676 690 274 
1553 676 690 274 677 691 275 
1554 677 691 275 678 692 276 
1555 678 692 276 679 693 277 
1556 679 693 277 680 694 278 
1557 680 694 278 681 695 279 
1558 681 695 279 382 383 37 
1559 147 149 148 752 780 766 
1560 752 780 766 753 781 767 
1561 753 781 767 754 782 768 
1562 754 782 768 755 783 769 
1563 755 783 769 756 784 770 
1564 756 784 770 757 785 771 
1565 757 785 771 758 786 772 
1566 758 786 772 759 787 773 
1567 759 787 773 760 788 774 
1568 760 788 774 761 789 775 
1569 761 789 775 762 790 776 
1570 762 790 776 763 791 777 
1571 763 791 777 764 792 778 
1572 764 792 778 765 793 779 
1573 765 793 779 388 390 389 
1574 23 141 22 280 668 266 
1575 280 668 266 281 669 267 
1576 281 669 267 282 670 268 
1577 282 670 268 283 671 269 
1578 283 671 269 284 672 270 
1579 284 672 270 285 673 271 
1580 285 673 271 286 674 272 
1581 286 674 272 287 675 273 
1582 287 675 273 288 676 274 
1583 288 676 274 289 677 275 
1584 289 677 275 290 678 276 
1585 290 678 276 291 679 277 
1586 291 679 277 292 680 278 
1587 292 680 278 293 681 279 
1588 293 681 279 38 382 37 
1589 22 140 23 266 654 280 
1590 266 654 280 267 655 281 
1591 267 655 281 268 656 282 
1592 268 656 282 269 657 283 
1593 269 657 283 270 658 284 
1594 270 658 284 271 659 285 
1595 271 659 285 272 660 286 
1596 272 660 286 273 661 287 
1597 273 661 287 274 662 288 
1598 274 662 288 275 663 289 
1599 275 663 289 276 664 290 
1600 276 664 290 277 665 291 
1601 277 665 291 278 666 292 
1602 278 666 292 279 667 293 
1603 279 667 293 37 381 38 
1604 21 146 22 252 738 266 
1605 252 738 266 253 739 267 
1606 253 739 267 254 740 268 
1607 254 740 268 255 741 269 
1608 255 741 269 256 742 270 
1609 256 742 270 257 743 271 
1610 257 743 271 258 744 272 
1611 258 744 272 259 745 273 
1612 259 745 273 260 746 274 
1613 260 746 274 261 747 275 
1614 261 747 275 262 748 276 
1615 262 748 276 263 749 277 
1616 263 749 277 264 750 278 
1617 264 750 278 265 751 279 
1618 265 751 279 36 387 37 
1619 139 157 149 640 892 780 
1620 640 892 780 641 893 781 
1621 641 893 781 642 894 782 
1622 642 894 782 643 895 783 
1623 643 895 783 644 896 784 
1624 644 896 784 645 897 785 
1625 645 897 785 646 898 786 
1626 646 898 786 647 899 787 
1627 647 899 787 648 900 788 
1628 648 900 788 649 901 789 
1629 649 901 789 650 902 790 
1630 650 902 790 651 903 791 
1631 651 903 791 652 904 792 
1632 652 904 792 653 905 793 
1633 653 905 793 380 398 390 
1634 22 142 21 266 682 252 
1635 266 682 252 267 683 253 
1636 267 683 253 268 684 254 
1637 268 684 254 269 685 255 
1638 269 685 255 270 686 256 
1639 270 686 256 271 687 257 
1640 271 687 257 272 688 258 
1641 272 688 258 273 689 259 
1642 273 689 259 274 690 260 
1643 274 690 260 275 691 261 
1644 275 691 261 276 692 262 
1645 276 692 262 277 693 263 
1646 277 693 263 278 694 264 
1647 278 694 264 279 695 265 
1648 279 695 265 37 383 36 
1649 140 154 23 654 850 280 
1650 654 850 280 655 851 281 
1651 655 851 281 656 852 282 
1652 656 852 282 657 853 283 
1653 657 853 283 658 854 284 
1654 658 854 284 659 855 285 
1655 659 855 285 660 856 286 
1656 660 856 286 661 857 287 
1657 661 857 287 662 858 288 
1658 662 858 288 663 859 289 
1659 663 859 289 664 860 290 
1660 664 860 290 665 861 291 
1661 665 861 291 666 862 292 
1662 666 862 292 667 863 293 
1663 667 863 293 381 395 38 
1664 150 161 153 794 948 836 
1665 794 948 836 795 949 837 
1666 795 949 837 796 950 838 
1667 796 950 838 797 951 839 
1668 797 951 839 798 952 840 
1669 798 952 840 799 953 841 
1670 799 953 841 800 954 842 
1671 800 954 842 801 955 843 
1672 801 955 843 802 956 844 
1673 802 956 844 803 957 845 
1674 803 957 845 804 958 846 
1675 804 958 846 805 959 847 
1676 805 959 847 806 960 848 
1677 806 960 848 807 961 849 
1678 807 961 849 391 402 394 
1679 23 155 141 280 864 668 
1680 280 864 668 281 865 669 
1681 281 865 669 282 866 670 
1682 282 866 670 283 867 671 
1683 283 867 671 284 868 672 
1684 284 868 672 285 869 673 
1685 285 869 673 286 870 674 
1686 286 870 674 287 871 675 
1687 287 871 675 288 872 676 
1688 288 872 676 289 873 677 
1689 289 873 677 290 874 678 
1690 290 874 678 291 875 679 
1691 291 875 679 292 876 680 
1692 292 876 680 293 877 681 
1693 293 877 681 38 396 382 
1694 26 138 25 322 626 308 
1695 322 626 308 323 627 309 
1696 323 627 309 324 628 310 
1697 324 628 310 325 629 311 
1698 325 629 311 326 630 312 
1699 326 630 312 327 631 313 
1700 327 631 313 328 632 314 
1701 328 632 314 329 633 315 
1702 329 633 315 330 634 316 
1703 330 634 316 331 635 317 
1704 331 635 317 332 636 318 
1705 332 636 318 333 637 319 
1706 333 637 319 334 638 320 
1707 334 638 320 335 639 321 
1708 335 639 321 41 379 40 
1709 28 137 27 350 612 336 
1710 350 612 336 351 613 337 
1711 351 613 337 352 614 338 
1712 352 614 338 353 615 339 
1713 353 615 339 354 616 340 
1714 354 616 340 355 617 341 
1715 355 617 341 356 618 342 
1716 356 618 342 357 619 343 
1717 357 619 343 358 620 344 
1718 358 620 344 359 621 345 
1719 359 621 345 360 622 346 
1720 360 622 346 361 623 347 
1721 361 623 347 362 624 348 
1722 362 624 348 363 625 349 
1723 363 625 349 43 378 42 
1724 17 139 18 196 640 210 
1725 196 640 210 197 641 211 
1726 197 641 211 198 642 212 
1727 198 642 212 199 643 213 
1728 199 643 213 200 644 214 
1729 200 644 214 201 645 215 
1730 201 645 215 202 646 216 
1731 202 646 216 203 647 217 
1732 203 647 217 204 648 218 
1733 204 648 218 205 649 219 
1734 205 649 219 206 650 220 
1735 206 650 220 207 651 221 
1736 207 651 221 208 652 222 
1737 208 652 222 209 653 223 
1738 209 653 223 32 380 33 
1739 26 153 138 322 836 626 
1740 322 836 626 323 837 627 
1741 323 837 627 324 838 628 
1742 324 838 628 325 839 629 
1743 325 839 629 326 840 630 
1744 326 840 630 327 841 631 
1745 327 841 631 328 842 632 
1746 328 842 632 329 843 633 
1747 329 843 633 330 844 634 
1748 330 844 634 331 845 635 
1749 331 845 635 332 846 636 
1750 332 846 636 333 847 637 
1751 333 847 637 334 848 638 
1752 334 848 638 335 849 639 
1753 335 849 639 41 394 379 
1754 137 153 27 612 836 336 
1755 612 836 336 613 837 337 
1756 613 837 337 614 838 338 
1757 614 838 338 615 839 339 
1758 615 839 339 616 840 340 
1759 616 840 340 617 841 341 
1760 617 841 341 618 842 342 
1761 618 842 342 619 843 343 
1762 619 843 343 620 844 344 
1763 620 844 344 621 845 345 
1764 621 845 345 622 846 346 
1765 622 846 346 623 847 347 
1766 623 847 347 624 848 348 
1767 624 848 348 625 849 349 
1768 625 849 349 378 394 42 
1769 27 153 26 336 836 322 
1770 336 836 322 337 837 323 
1771 337 837 323 338 838 324 
1772 338 838 324 339 839 325 
1773 339 839 325 340 840 326 
1774 340 840 326 341 841 327 
1775 341 841 327 342 842 328 
1776 342 842 328 343 843 329 
1777 343 843 329 344 844 330 
1778 344 844 330 345 845 331 
1779 345 845 331 346 846 332 
1780 346 846 332 347 847 333 
1781 347 847 333 348 848 334 
1782 348 848 334 349 849 335 
1783 349 849 335 42 394 41 
1784 29 151 28 364 808 350 
1785 364 808 350 365 809 351 
1786 365 809 351 366 810 352 
1787 366 810 352 367 811 353 
1788 367 811 353 368 812 354 
1789 368 812 354 369 813 355 
1790 369 813 355 370 814 356 
1791 370 814 356 371 815 357 
1792 371 815 357 372 816 358 
1793 372 816 358 373 817 359 
1794 373 817 359 374 818 360 
1795 374 818 360 375 819 361 
1796 375 819 361 376 820 362 
1797 376 820 362 377 821 363 
1798 377 821 363 44 392 43 
1799 28 151 137 350 808 612 
1800 350 808 612 351 809 613 
1801 351 809 613 352 810 614 
1802 352 810 614 353 811 615 
1803 353 811 615 354 812 616 
1804 354 812 616 355 813 617 
1805 355 813 617 356 814 618 
1806 356 814 618 357 815 619 
1807 357 815 619 358 816 620 
1808 358 816 620 359 817 621 
1809 359 817 621 360 818 622 
1810 360 818 622 361 819 623 
1811 361 819 623 362 820 624 
1812 362 820 624 363 821 625 
1813 363 821 625 43 392 378 
1814 138 152 25 626 822 308 
1815 626 822 308 627 823 309 
1816 627 823 309 628 824 310 
1817 628 824 310 629 825 311 
1818 629 825 311 630 826 312 
1819 630 826 312 631 827 313 
1820 631 827 313 632 828 314 
1821 632 828 314 633 829 315 
1822 633 829 315 634 830 316 
1823 634 830 316 635 831 317 
1824 635 831 317 636 832 318 
1825 636 832 318 637 833 319 
1826 637 833 319 638 834 320 
1827 638 834 320 639 835 321 
1828 639 835 321 379 393 40 
1829 25 152 24 308 822 294 
1830 308 822 294 309 823 295 
1831 309 823 295 310 824 296 
1832 310 824 296 311 825 297 
1833 311 825 297 312 826 298 
1834 312 826 298 313 827 299 
1835 313 827 299 314 828 300 
1836 314 828 300 315 829 301 
1837 315 829 301 316 830 302 
1838 316 830 302 317 831 303 
1839 317 831 303 318 832 304 
1840 318 832 304 319 833 305 
1841 319 833 305 320 834 306 
1842 320 834 306 321 835 307 
1843 321 835 307 40 393 39 
1844 18 156 19 210 878 224 
1845 210 878 224 211 879 225 
1846 211 879 225 212 880 226 
1847 212 880 226 213 881 227 
1848 213 881 227 214 882 228 
1849 214 882 228 215 883 229 
1850 215 883 229 216 884 230 
1851 216 884 230 217 885 231 
1852 217 885 231 218 886 232 
1853 218 886 232 219 887 233 
1854 219 887 233 220 888 234 
1855 220 888 234 221 889 235 
1856 221 889 235 222 890 236 
1857 222 890 236 223 891 237 
1858 223 891 237 33 397 34 
1859 16 157 17 182 892 196 
1860 182 892 196 183 893 197 
1861 183 893 197 184 894 198 
1862 184 894 198 185 895 199 
1863 185 895 199 186 896 200 
1864 186 896 200 187 897 201 
1865 187 897 201 188 898 202 
1866 188 898 202 189 899 203 
1867 189 899 203 190 900 204 
1868 190 900 204 191 901 205 
1869 191 901 205 192 902 206 
1870 192 902 206 193 903 207 
1871 193 903 207 194 904 208 
1872 194 904 208 195 905 209 
1873 195 905 209 31 398 32 
1874 154 164 23 850 990 280 
1875 850 990 280 851 991 281 
1876 851 991 281 852 992 282 
1877 852 992 282 853 993 283 
1878 853 993 283 854 994 284 
1879 854 994 284 855 995 285 
1880 855 995 285 856 996 286 
1881 856 996 286 857 997 287 
1882 857 997 287 858 998 288 
1883 858 998 288 859 999 289 
1884 859 999 289 860 1000 290 
1885 860 1000 290 861 1001 291 
1886 861 1001 291 862 1002 292 
1887 862 1002 292 863 1003 293 
1888 863 1003 293 395 405 38 
1889 23 165 155 280 1004 864 
1890 280 1004 864 281 1005 865 
1891 281 1005 865 282 1006 866 
1892 282 1006 866 283 1007 867 
1893 283 1007 867 284 1008 868 
1894 284 1008 868 285 1009 869 
1895 285 1009 869 286 1010 870 
1896 286 1010 870 287 1011 871 
1897 287 1011 871 288 1012 872 
1898 288 1012 872 289 1013 873 
1899 289 1013 873 290 1014 874 
1900 290 1014 874 291 1015 875 
1901 291 1015 875 292 1016 876 
1902 292 1016 876 293 1017 877 
1903 293 1017 877 38 406 396 
1904 153 161 138 836 948 626 
1905 836 948 626 837 949 627 
1906 837 949 627 838 950 628 
1907 838 950 628 839 951 629 
1908 839 951 629 840 952 630 
1909 840 952 630 841 953 631 
1910 841 953 631 842 954 632 
1911 842 954 632 843 955 633 
1912 843 955 633 844 956 634 
1913 844 956 634 845 957 635 
1914 845 957 635 846 958 636 
1915 846 958 636 847 959 637 
1916 847 959 637 848 960 638 
1917 848 960 638 849 961 639 
1918 849 961 639 394 402 379 
1919 144 156 145 710 878 724 
1920 710 878 724 711 879 725 
1921 711 879 725 712 880 726 
1922 712 880 726 713 881 727 
1923 713 881 727 714 882 728 
1924 714 882 728 715 883 729 
1925 715 883 729 716 884 730 
1926 716 884 730 717 885 731 
1927 717 885 731 718 886 732 
1928 718 886 732 719 887 733 
1929 719 887 733 720 888 734 
1930 720 888 734 721 889 735 
1931 721 889 735 722 890 736 
1932 722 890 736 723 891 737 
1933 723 891 737 385 397 386 
1934 143 158 142 696 906 682 
1935 696 906 682 697 907 683 
1936 697 907 683 698 908 684 
1937 698 908 684 699 909 685 
1938 699 909 685 700 910 686 
1939 700 910 686 701 911 687 
1940 701 911 687 702 912 688 
1941 702 912 688 703 913 689 
1942 703 913 689 704 914 690 
1943 704 914 690 705 915 691 
1944 705 915 691 706 916 692 
1945 706 916 692 707 917 693 
1946 707 917 693 708 918 694 
1947 708 918 694 709 919 695 
1948 709 919 695 384 399 383 
1949 21 162 2 252 962 59 
1950 252 962 59 253 963 60 
1951 253 963 60 254 964 61 
1952 254 964 61 255 965 62 
1953 255 965 62 256 966 63 
1954 256 966 63 257 967 64 
1955 257 967 64 258 968 65 
1956 258 968 65 259 969 66 
1957 259 969 66 260 970 67 
1958 260 970 67 261 971 68 
1959 261 971 68 262 972 69 
1960 262 972 69 263 973 70 
1961 263 973 70 264 974 71 
1962 264 974 71 265 975 72 
1963 265 975 72 36 403 4 
1964 149 157 148 780 892 766 
1965 780 892 766 781 893 767 
1966 781 893 767 782 894 768 
1967 782 894 768 783 895 769 
1968 783 895 769 784 896 770 
1969 784 896 770 785 897 771 
1970 785 897 771 786 898 772 
1971 786 898 772 787 899 773 
1972 787 899 773 788 900 774 
1973 788 900 774 789 901 775 
1974 789 901 775 790 902 776 
1975 790 902 776 791 903 777 
1976 791 903 777 792 904 778 
1977 792 904 778 793 905 779 
1978 793 905 779 390 398 389 
1979 158 160 137 906 934 612 
1980 906 934 612 907 935 613 
1981 907 935 613 908 936 614 
1982 908 936 614 909 937 615 
1983 909 937 615 910 938 616 
1984 910 938 616 911 939 617 
1985 911 939 617 912 940 618 
1986 912 940 618 913 941 619 
1987 913 941 619 914 942 620 
1988 914 942 620 915 943 621 
1989 915 943 621 916 944 622 
1990 916 944 622 917 945 623 
1991 917 945 623 918 946 624 
1992 918 946 624 919 947 625 
1993 919 947 625 399 401 378 
1994 146 159 147 738 920 752 
1995 738 920 752 739 921 753 
1996 739 921 753 740 922 754 
1997 740 922 754 741 923 755 
1998 741 923 755 742 924 756 
1999 742 924 756 743 925 757 
2000 743 925 757 744 926 758 
2001 744 926 758 745 927 759 
2002 745 927 759 746 928 760 
2003 746 928 760 747 929 761 
2004 747 929 761 748 930 762 
2005 748 930 762 749 931 763 
2006 749 931 763 750 932 764 
2007 750 932 764 751 933 765 
2008 751 933 765 387 400 388 
2009 2 163 21 59 976 252 
2010 59 976 252 60 977 253 
2011 60 977 253 61 978 254 
2012 61 978 254 62 979 255 
2013 62 979 255 63 980 256 
2014 63 980 256 64 981 257 
2015 64 981 257 65 982 258 
2016 65 982 258 66 983 259 
2017 66 983 259 67 984 260 
2018 67 984 260 68 985 261 
2019 68 985 261 69 986 262 
2020 69 986 262 70 987 263 
2021 70 987 263 71 988 264 
2022 71 988 264 72 989 265 
2023 72 989 265 4 404 36 
2024 150 160 145 794 934 724 
2025 794 934 724 795 935 725 
2026 795 935 725 796 936 726 
2027 796 936 726 797 937 727 
2028 797 937 727 798 938 728 
2029 798 938 728 799 939 729 
2030 799 939 729 800 940 730 
2031 800 940 730 801 941 731 
2032 801 941 731 802 942 732 
2033 802 942 732 803 943 733 
2034 803 943 733 804 944 734 
2035 804 944 734 805 945 735 
2036 805 945 735 806 946 736 
2037 806 946 736 807 947 737 
2038 807 947 737 391 401 386 
2039 1 165 23 45 1004 280 
2040 45 1004 280 46 1005 281 
2041 46 1005 281 47 1006 282 
2042 47 1006 282 48 1007 283 
2043 48 1007 283 49 1008 284 
2044 49 1008 284 50 1009 285 
2045 50 1009 285 51 1010 286 
2046 51 1010 286 52 1011 287 
2047 52 1011 287 53 1012 288 
2048 53 1012 288 54 1013 289 
2049 54 1013 289 55 1014 290 
2050 55 1014 290 56 1015 291 
2051 56 1015 291 57 1016 292 
2052 57 1016 292 58 1017 293 
2053 58 1017 293 3 406 38 
2054 2 162 29 59 962 364 
2055 59 962 364 60 963 365 
2056 60 963 365 61 964 366 
2057 61 964 366 62 965 367 
2058 62 965 367 63 966 368 
2059 63 966 368 64 967 369 
2060 64 967 369 65 968 370 
2061 65 968 370 66 969 371 
2062 66 969 371 67 970 372 
2063 67 970 372 68 971 373 
2064 68 971 373 69 972 374 
2065 69 972 374 70 973 375 
2066 70 973 375 71 974 376 
2067 71 974 376 72 975 377 
2068 72 975 377 4 403 44 
2069 23 164 1 280 990 45 
2070 280 990 45 281 991 46 
2071 281 991 46 282 992 47 
2072 282 992 47 283 993 48 
2073 283 993 48 284 994 49 
2074 284 994 49 285 995 50 
2075 285 995 50 286 996 51 
2076 286 996 51 287 997 52 
2077 287 997 52 288 998 53 
2078 288 998 53 289 999 54 
2079 289 999 54 290 1000 55 
2080 290 1000 55 291 1001 56 
2081 291 1001 56 292 1002 57 
2082 292 1002 57 293 1003 58 
2083 293 1003 58 38 405 3 
2084 159 161 147 920 948 752 
2085 920 948 752 921 949 753 
2086 921 949 753 922 950 754 
2087 922 950 754 923 951 755 
2088 923 951 755 924 952 756 
2089 924 952 756 925 953 757 
2090 925 953 757 926 954 758 
2091 926 954 758 927 955 759 
2092 927 955 759 928 956 760 
2093 928 956 760 929 957 761 
2094 929 957 761 930 958 762 
2095 930 958 762 931 959 763 
2096 931 959 763 932 960 764 
2097 932 960 764 933 961 765 
2098 933 961 765 400 402 388 
2099 24 163 2 294 976 59 
2100 294 976 59 295 977 60 
2101 295 977 60 296 978 61 
2102 296 978 61 297 979 62 
2103 297 979 62 298 980 63 
2104 298 980 63 299 981 64 
2105 299 981 64 300 982 65 
2106 300 982 65 301 983 66 
2107 301 983 66 302 984 67 
2108 302 984 67 303 985 68 
2109 303 985 68 304 986 69 
2110 304 986 69 305 987 70 
2111 305 987 70 306 988 71 
2112 306 988 71 307 989 72 
2113 307 989 72 39 404 4 
2114 142 158 151 682 906 808 
2115 682 906 808 683 907 809 
2116 683 907 809 684 908 810 
2117 684 908 810 685 909 811 
2118 685 909 811 686 910 812 
2119 686 910 812 687 911 813 
2120 687 911 813 688 912 814 
2121 688 912 814 689 913 815 
2122 689 913 815 690 914 816 
2123 690 914 816 691 915 817 
2124 691 915 817 692 916 818 
2125 692 916 818 693 917 819 
2126 693 917 819 694 918 820 
2127 694 918 820 695 919 821 
2128 695 919 821 383 399 392 
2129 142 162 21 682 962 252 
2130 682 962 252 683 963 253 
2131 683 963 253 684 964 254 
2132 684 964 254 685 965 255 
2133 685 965 255 686 966 256 
2134 686 966 256 687 967 257 
2135 687 967 257 688 968 258 
2136 688 968 258 689 969 259 
2137 689 969 259 690 970 260 
2138 690 970 260 691 971 261 
2139 691 971 261 692 972 262 
2140 692 972 262 693 973 263 
2141 693 973 263 694 974 264 
2142 694 974 264 695 975 265 
2143 695 975 265 383 403 36 
2144 21 163 146 252 976 738 
2145 252 976 738 253 977 739 
2146 253 977 739 254 978 740 
2147 254 978 740 255 979 741 
2148 255 979 741 256 980 742 
2149 256 980 742 257 981 743 
2150 257 981 743 258 982 744 
2151 258 982 744 259 983 745 
2152 259 983 745 260 984 746 
2153 260 984 746 261 985 747 
2154 261 985 747 262 986 748 
2155 262 986 748 263 987 749 
2156 263 987 749 264 988 750 
2157 264 988 750 265 989 751 
2158 265 989 751 36 404 387 
2159 148 154 140 766 850 654 
2160 766 850 654 767 851 655 
2161 767 851 655 768 852 656 
2162 768 852 656 769 853 657 
2163 769 853 657 770 854 658 
2164 770 854 658 771 855 659 
2165 771 855 659 772 856 660 
2166 772 856 660 773 857 661 
2167 773 857 661 774 858 662 
2168 774 858 662 775 859 663 
2169 775 859 663 776 860 664 
2170 776 860 664 777 861 665 
2171 777 861 665 778 862 666 
2172 778 862 666 779 863 667 
2173 779 863 667 389 395 381 
2174 139 156 18 640 878 210 
2175 640 878 210 641 879 211 
2176 641 879 211 642 880 212 
2177 642 880 212 643 881 213 
2178 643 881 213 644 882 214 
2179 644 882 214 645 883 215 
2180 645 883 215 646 884 216 
2181 646 884 216 647 885 217 
2182 647 885 217 648 886 218 
2183 648 886 218 649 887 219 
2184 649 887 219 650 888 220 
2185 650 888 220 651 889 221 
2186 651 889 221 652 890 222 
2187 652 890 222 653 891 223 
2188 653 891 223 380 397 33 
2189 17 157 139 196 892 640 
2190 196 892 640 197 893 641 
2191 197 893 641 198 894 642 
2192 198 894 642 199 895 643 
2193 199 895 643 200 896 644 
2194 200 896 644 201 897 645 
2195 201 897 645 202 898 646 
2196 202 898 646 203 899 647 
2197 203 899 647 204 900 648 
2198 204 900 648 205 901 649 
2199 205 901 649 206 902 650 
2200 206 902 650 207 903 651 
2201 207 903 651 208 904 652 
2202 208 904 652 209 905 653 
2203 209 905 653 32 398 380 
2204 141 155 144 668 864 710 
2205 668 864 710 669 865 711 
2206 669 865 711 670 866 712 
2207 670 866 712 671 867 713 
2208 671 867 713 672 868 714 
2209 672 868 714 673 869 715 
2210 673 869 715 674 870 716 
2211 674 870 716 675 871 717 
2212 675 871 717 676 872 718 
2213 676 872 718 677 873 719 
2214 677 873 719 678 874 720 
2215 678 874 720 679 875 721 
2216 679 875 721 680 876 722 
2217 680 876 722 681 877 723 
2218 681 877 723 382 396 385 
2219 145 160 143 724 934 696 
2220 724 934 696 725 935 697 
2221 725 935 697 726 936 698 
2222 726 936 698 727 937 699 
2223 727 937 699 728 938 700 
2224 728 938 700 729 939 701 
2225 729 939 701 730 940 702 
2226 730 940 702 731 941 703 
2227 731 941 703 732 942 704 
2228 732 942 704 733 943 705 
2229 733 943 705 734 944 706 
2230 734 944 706 735 945 707 
2231 735 945 707 736 946 708 
2232 736 946 708 737 947 709 
2233 737 947 709 386 401 384 
2234 152 159 146 822 920 738 
2235 822 920 738 823 921 739 
2236 823 921 739 824 922 740 
2237 824 922 740 825 923 741 
2238 825 923 741 826 924 742 
2239 826 924 742 827 925 743 
2240 827 925 743 828 926 744 
2241 828 926 744 829 927 745 
2242 829 927 745 830 928 746 
2243 830 928 746 831 929 747 
2244 831 929 747 832 930 748 
2245 832 930 748 833 931 749 
2246 833 931 749 834 932 750 
2247 834 932 750 835 933 751 
2248 835 933 751 393 400 387 
2249 151 162 142 808 962 682 
2250 808 962 682 809 963 683 
2251 809 963 683 810 964 684 
2252 810 964 684 811 965 685 
2253 811 965 685 812 966 686 
2254 812 966 686 813 967 687 
2255 813 967 687 814 968 688 
2256 814 968 688 815 969 689 
2257 815 969 689 816 970 690 
2258 816 970 690 817 971 691 
2259 817 971 691 818 972 692 
2260 818 972 692 819 973 693 
2261 819 973 693 820 974 694 
2262 820 974 694 821 975 695 
2263 821 975 695 392 403 383 
2264 146 163 152 738 976 822 
2265 738 976 822 739 977 823 
2266 739 977 823 740 978 824 
2267 740 978 824 741 979 825 
2268 741 979 825 742 980 826 
2269 742 980 826 743 981 827 
2270 743 981 827 744 982 828 
2271 744 982 828 745 983 829 
2272 745 983 829 746 984 830 
2273 746 984 830 747 985 831 
2274 747 985 831 748 986 832 
2275 748 986 832 749 987 833 
2276 749 987 833 750 988 834 
2277 750 988 834 751 989 835 
2278 751 989 835 387 404 393 
2279 151 158 137 808 906 612 
2280 808 906 612 809 907 613 
2281 809 907 613 810 908 614 
2282 810 908 614 811 909 615 
2283 811 909 615 812 910 616 
2284 812 910 616 813 911 617 
2285 813 911 617 814 912 618 
2286 814 912 618 815 913 619 
2287 815 913 619 816 914 620 
2288 816 914 620 817 915 621 
2289 817 915 621 818 916 622 
2290 818 916 622 819 917 623 
2291 819 917 623 820 918 624 
2292 820 918 624 821 919 625 
2293 821 919 625 392 399 378 
2294 138 159 152 626 920 822 
2295 626 920 822 627 921 823 
2296 627 921 823 628 922 824 
2297 628 922 824 629 923 825 
2298 629 923 825 630 924 826 
2299 630 924 826 631 925 827 
2300 631 925 827 632 926 828 
2301 632 926 828 633 927 829 
2302 633 927 829 634 928 830 
2303 634 928 830 635 929 831 
2304 635 929 831 636 930 832 
2305 636 930 832 637 931 833 
2306 637 931 833 638 932 834 
2307 638 932 834 639 933 835 
2308 639 933 835 379 400 393 
2309 152 163 24 822 976 294 
2310 822 976 294 823 977 295 
2311 823 977 295 824 978 296 
2312 824 978 296 825 979 297 
2313 825 979 297 826 980 298 
2314 826 980 298 827 981 299 
2315 827 981 299 828 982 300 
2316 828 982 300 829 983 301 
2317 829 983 301 830 984 302 
2318 830 984 302 831 985 303 
2319 831 985 303 832 986 304 
2320 832 986 304 833 987 305 
2321 833 987 305 834 988 306 
2322 834 988 306 835 989 307 
2323 835 989 307 393 404 39 
2324 1 164 15 45 990 168 
2325 45 990 168 46 991 169 
2326 46 991 169 47 992 170 
2327 47 992 170 48 993 171 
2328 48 993 171 49 994 172 
2329 49 994 172 50 995 173 
2330 50 995 173 51 996 174 
2331 51 996 174 52 997 175 
2332 52 997 175 53 998 176 
2333 53 998 176 54 999 177 
2334 54 999 177 55 1000 178 
2335 55 1000 178 56 1001 179 
2336 56 1001 179 57 1002 180 
2337 57 1002 180 58 1003 181 
2338 58 1003 181 3 405 30 
2339 20 165 1 238 1004 45 
2340 238 1004 45 239 1005 46 
2341 239 1005 46 240 1006 47 
2342 240 1006 47 241 1007 48 
2343 241 1007 48 242 1008 49 
2344 242 1008 49 243 1009 50 
2345 243 1009 50 244 1010 51 
2346 244 1010 51 245 1011 52 
2347 245 1011 52 246 1012 53 
2348 246 1012 53 247 1013 54 
2349 247 1013 54 248 1014 55 
2350 248 1014 55 249 1015 56 
2351 249 1015 56 250 1016 57 
2352 250 1016 57 251 1017 58 
2353 251 1017 58 35 406 3 
2354 29 162 151 364 962 808 
2355 364 962 808 365 963 809 
2356 365 963 809 366 964 810 
2357 366 964 810 367 965 811 
2358 367 965 811 368 966 812 
2359 368 966 812 369 967 813 
2360 369 967 813 370 968 814 
2361 370 968 814 371 969 815 
2362 371 969 815 372 970 816 
2363 372 970 816 373 971 817 
2364 373 971 817 374 972 818 
2365 374 972 818 375 973 819 
2366 375 973 819 376 974 820 
2367 376 974 820 377 975 821 
2368 377 975 821 44 403 392 
2369 143 160 158 696 934 906 
2370 696 934 906 697 935 907 
2371 697 935 907 698 936 908 
2372 698 936 908 699 937 909 
2373 699 937 909 700 938 910 
2374 700 938 910 701 939 911 
2375 701 939 911 702 940 912 
2376 702 940 912 703 941 913 
2377 703 941 913 704 942 914 
2378 704 942 914 705 943 915 
2379 705 943 915 706 944 916 
2380 706 944 916 707 945 917 
2381 707 945 917 708 946 918 
2382 708 946 918 709 947 919 
2383 709 947 919 384 401 399 
2384 138 161 159 626 948 920 
2385 626 948 920 627 949 921 
2386 627 949 921 628 950 922 
2387 628 950 922 629 951 923 
2388 629 951 923 630 952 924 
2389 630 952 924 631 953 925 
2390 631 953 925 632 954 926 
2391 632 954 926 633 955 927 
2392 633 955 927 634 956 928 
2393 634 956 928 635 957 929 
2394 635 957 929 636 958 930 
2395 636 958 930 637 959 931 
2396 637 959 931 638 960 932 
2397 638 960 932 639 961 933 
2398 639 961 933 379 402 400 
2399 155 165 20 864 1004 238 
2400 864 1004 238 865 1005 239 
2401 865 1005 239 866 1006 240 
2402 866 1006 240 867 1007 241 
2403 867 1007 241 868 1008 242 
2404 868 1008 242 869 1009 243 
2405 869 1009 243 870 1010 244 
2406 870 1010 244 871 1011 245 
2407 871 1011 245 872 1012 246 
2408 872 1012 246 873 1013 247 
2409 873 1013 247 874 1014 248 
2410 874 1014 248 875 1015 249 
2411 875 1015 249 876 1016 250 
2412 876 1016 250 877 1017 251 
2413 877 1017 251 396 406 35 
2414 15 164 154 168 990 850 
2415 168 990 850 169 991 851 
2416 169 991 851 170 992 852 
2417 170 992 852 171 993 853 
2418 171 993 853 172 994 854 
2419 172 994 854 173 995 855 
2420 173 995 855 174 996 856 
2421 174 996 856 175 997 857 
2422 175 997 857 176 998 858 
2423 176 998 858 177 999 859 
2424 177 999 859 178 1000 860 
2425 178 1000 860 179 1001 861 
2426 179 1001 861 180 1002 862 
2427 180 1002 862 181 1003 863 
2428 181 1003 863 30 405 395 
3 3 6 105
2429 18 166 17 210 1018 196 
2430 210 1018 196 211 1019 197 
2431 211 1019 197 212 1020 198 
2432 212 1020 198 213 1021 199 
2433 213 1021 199 214 1022 200 
2434 214 1022 200 215 1023 201 
2435 215 1023 201 216 1024 202 
2436 216 1024 202 217 1025 203 
2437 217 1025 203 218 1026 204 
2438 218 1026 204 219 1027 205 
2439 219 1027 205 220 1028 206 
2440 220 1028 206 221 1029 207 
2441 221 1029 207 222 1030 208 
2442 222 1030 208 223 1031 209 
2443 223 1031 209 33 407 32 
2444 19 166 18 224 1018 210 
2445 224 1018 210 225 1019 211 
2446 225 1019 211 226 1020 212 
2447 226 1020 212 227 1021 213 
2448 227 1021 213 228 1022 214 
2449 228 1022 214 229 1023 215 
2450 229 1023 215 230 1024 216 
2451 230 1024 216 231 1025 217 
2452 231 1025 217 232 1026 218 
2453 232 1026 218 233 1027 219 
2454 233 1027 219 234 1028 220 
2455 234 1028 220 235 1029 221 
2456 235 1029 221 236 1030 222 
2457 236 1030 222 237 1031 223 
2458 237 1031 223 34 407 33 
2459 20 166 19 238 1018 224 
2460 238 1018 224 239 1019 225 
2461 239 1019 225 240 1020 226 
2462 240 1020 226 241 1021 227 
2463 241 1021 227 242 1022 228 
2464 242 1022 228 243 1023 229 
2465 243 1023 229 244 1024 230 
2466 244 1024 230 245 1025 231 
2467 245 1025 231 246 1026 232 
2468 246 1026 232 247 1027 233 
2469 247 1027 233 248 1028 234 
2470 248 1028 234 249 1029 235 
2471 249 1029 235 250 1030 236 
2472 250 1030 236 251 1031 237 
2473 251 1031 237 35 407 34 
2474 17 166 16 196 1018 182 
2475 196 1018 182 197 1019 183 
2476 197 1019 183 198 1020 184 
2477 198 1020 184 199 1021 185 
2478 199 1021 185 200 1022 186 
2479 200 1022 186 201 1023 187 
2480 201 1023 187 202 1024 188 
2481 202 1024 188 203 1025 189 
2482 203 1025 189 204 1026 190 
2483 204 1026 190 205 1027 191 
2484 205 1027 191 206 1028 192 
2485 206 1028 192 207 1029 193 
2486 207 1029 193 208 1030 194 
2487 208 1030 194 209 1031 195 
2488 209 1031 195 32 407 31 
2489 1 166 20 45 1018 238 
2490 45 1018 238 46 1019 239 
2491 46 1019 239 47 1020 240 
2492 47 1020 240 48 1021 241 
2493 48 1021 241 49 1022 242 
2494 49 1022 242 50 1023 243 
2495 50 1023 243 51 1024 244 
2496 51 1024 244 52 1025 245 
2497 52 1025 245 53 1026 246 
2498 53 1026 246 54 1027 247 
2499 54 1027 247 55 1028 248 
2500 55 1028 248 56 1029 249 
2501 56 1029 249 57 1030 250 
2502 57 1030 250 58 1031 251 
2503 58 1031 251 3 407 35 
2504 16 166 15 182 1018 168 
2505 182 1018 168 183 1019 169 
2506 183 1019 169 184 1020 170 
2507 184 1020 170 185 1021 171 
2508 185 1021 171 186 1022 172 
2509 186 1022 172 187 1023 173 
2510 187 1023 173 188 1024 174 
2511 188 1024 174 189 1025 175 
2512 189 1025 175 190 1026 176 
2513 190 1026 176 191 1027 177 
2514 191 1027 177 192 1028 178 
2515 192 1028 178 193 1029 179 
2516 193 1029 179 194 1030 180 
2517 194 1030 180 195 1031 181 
2518 195 1031 181 31 407 30 
2519 15 166 1 168 1018 45 
2520 168 1018 45 169 1019 46 
2521 169 1019 46 170 1020 47 
2522 170 1020 47 171 1021 48 
2523 171 1021 48 172 1022 49 
2524 172 1022 49 173 1023 50 
2525 173 1023 50 174 1024 51 
2526 174 1024 51 175 1025 52 
2527 175 1025 52 176 1026 53 
2528 176 1026 53 177 1027 54 
2529 177 1027 54 178 1028 55 
2530 178 1028 55 179 1029 56 
2531 179 1029 56 180 1030 57 
2532 180 1030 57 181 1031 58 
2533 181 1031 58 30 407 3 
3 4 4 967
2534 528 520 452 1032 
2535 441 452 520 1032 
2536 545 547 558 1039 
2537 432 431 429 1036 
2538 511 497 508 1040 
2539 428 486 473 1037 
2540 528 452 562 1032 
2541 545 558 556 1039 
2542 511 508 35 1040 
2543 443 606 598 1035 
2544 607 573 598 1038 
2545 462 497 511 1040 
2546 450 606 443 1035 
2547 35 462 511 1040 
2548 431 429 1036 1037 
2549 443 598 421 1038 
2550 535 32 541 540 
2551 528 500 520 1032 
2552 449 432 439 1036 
2553 426 452 441 1032 
2554 469 1035 480 1037 
2555 32 535 589 540 
2556 1035 1036 429 1037 
2557 579 472 574 33 
2558 571 32 535 589 
2559 421 598 573 1038 
2560 431 1037 1036 1043 
2561 472 454 574 33 
2562 443 424 450 1035 
2563 462 478 461 1040 
2564 462 35 478 1040 
2565 472 454 33 468 
2566 484 606 450 1035 
2567 449 1036 439 1038 
2568 462 461 497 1040 
2569 508 1033 35 1040 
2570 407 1036 1035 1037 
2571 445 434 447 1036 
2572 407 1032 1039 1043 
2573 536 550 501 1032 
2574 429 428 439 1035 
2575 444 551 426 1032 
2576 598 606 578 1035 
2577 450 424 484 1035 
2578 605 491 415 483 
2579 534 559 568 1041 
2580 562 452 426 1032 
2581 429 428 1035 1037 
2582 540 575 589 1034 
2583 500 536 501 1032 
2584 534 568 1039 1041 
2585 444 426 436 1032 
2586 472 33 579 1035 
2587 428 473 1035 1037 
2588 566 608 414 600 
2589 443 1035 598 1038 
2590 561 417 527 404 
2591 607 598 1035 1038 
2592 540 589 32 1034 
2593 472 579 458 1035 
2594 600 402 566 576 
2595 539 575 540 1034 
2596 438 590 427 1041 
2597 551 1032 444 1039 
2598 447 434 438 1038 
2599 478 35 1037 1040 
2600 447 438 427 1041 
2601 1032 1033 1042 1043 
2602 478 35 467 1037 
2603 579 578 458 1035 
2604 416 522 403 488 
2605 605 577 401 599 
2606 431 1033 1037 1043 
2607 486 480 473 1037 
2608 484 578 606 1035 
2609 444 1032 436 1039 
2610 534 423 559 1041 
2611 478 467 480 1037 
2612 568 556 558 1039 
2613 496 501 550 30 
2614 448 430 431 1033 
2615 416 403 482 488 
2616 462 457 35 511 
2617 441 1032 520 1042 
2618 480 1035 473 1037 
2619 469 480 34 1037 
2620 532 496 550 30 
2621 473 480 469 1035 
2622 483 415 605 378 
2623 457 493 35 511 
2624 519 506 1033 1042 
2625 599 604 401 572 
2626 550 30 501 1032 
2627 473 424 428 1035 
2628 35 507 508 511 
2629 501 517 500 1032 
2630 441 446 426 1032 
2631 534 1039 423 1041 
2632 517 30 501 502 
2633 556 540 31 1034 
2634 407 1033 1036 1037 
2635 31 556 541 540 
2636 564 551 444 1039 
2637 407 1039 1036 1043 
2638 559 423 442 1041 
2639 480 469 34 467 
2640 590 1034 438 1038 
2641 30 517 501 1032 
2642 438 1034 590 1041 
2643 566 608 600 576 
2644 498 522 530 488 
2645 569 527 537 561 
2646 605 491 483 459 
2647 431 1033 430 1037 
2648 378 413 605 599 
2649 413 605 415 378 
2650 512 437 525 1033 
2651 519 506 508 1033 
2652 568 1034 556 1039 
2653 539 540 556 1034 
2654 439 1036 1035 1038 
2655 3 517 1032 1042 
2656 426 446 436 1032 
2657 547 551 558 1039 
2658 525 1033 437 1042 
2659 34 472 469 1035 
2660 446 1032 441 1042 
2661 3 1033 1032 1043 
2662 579 595 578 1035 
2663 424 439 428 1035 
2664 550 536 547 1032 
2665 407 1032 30 1039 
2666 1034 1036 31 1039 
2667 480 467 34 1037 
2668 469 34 1035 1037 
2669 481 456 422 1037 
2670 542 398 541 535 
2671 30 496 501 502 
2672 402 566 576 538 
2673 447 1034 438 1041 
2674 379 560 566 538 
2675 447 438 1034 1038 
2676 445 447 1034 1036 
2677 483 605 459 378 
2678 605 577 459 401 
2679 521 404 527 411 
2680 527 569 417 561 
2681 1035 1036 33 1044 
2682 1036 1037 1033 1043 
2683 402 565 538 548 
2684 522 416 530 488 
2685 520 500 529 1032 
2686 448 437 430 1033 
2687 579 574 580 33 
2688 541 398 32 535 
2689 458 469 472 1035 
2690 589 575 586 1034 
2691 595 579 33 1035 
2692 522 498 383 488 
2693 3 1032 1033 1042 
2694 1033 1037 35 1040 
2695 490 478 1037 1040 
2696 387 527 499 521 
2697 547 1032 551 1039 
2698 422 440 481 1037 
2699 448 1033 431 1043 
2700 481 490 456 1037 
2701 442 423 447 1041 
2702 561 527 537 387 
2703 34 407 1035 1037 
2704 474 397 454 468 
2705 495 441 520 1042 
2706 423 1039 447 1041 
2707 447 445 1034 1039 
2708 448 437 1033 1042 
2709 468 34 472 469 
2710 597 1038 607 1044 
2711 597 607 595 1044 
2712 520 1032 529 1042 
2713 437 1033 512 1040 
2714 31 545 556 1039 
2715 507 35 493 511 
2716 3 1032 407 1043 
2717 550 547 30 1032 
2718 1035 1038 1036 1044 
2719 506 517 3 1042 
2720 589 586 32 1034 
2721 512 525 519 1042 
2722 440 481 1037 1040 
2723 431 430 429 1037 
2724 600 402 594 412 
2725 484 458 578 1035 
2726 383 403 522 488 
2727 424 443 439 1035 
2728 430 1033 437 1040 
2729 387 561 527 404 
2730 574 454 397 33 
2731 535 398 32 571 
2732 460 482 383 488 
2733 387 499 509 526 
2734 598 578 607 1035 
2735 473 484 424 1035 
2736 425 437 512 1040 
2737 506 519 517 1042 
2738 436 1032 446 1043 
2739 397 581 574 580 
2740 431 432 433 1036 
2741 575 1034 539 1041 
2742 420 446 441 1042 
2743 426 551 562 1032 
2744 445 1036 1034 1039 
2745 547 545 546 30 
2746 1034 1039 568 1041 
2747 32 1036 1034 1044 
2748 603 590 438 1038 
2749 35 1033 407 1037 
2750 548 549 538 390 
2751 435 446 420 1042 
2752 500 517 529 1032 
2753 549 398 535 571 
2754 441 495 420 1042 
2755 439 421 449 1038 
2756 420 448 435 1042 
2757 512 1033 525 1042 
2758 31 556 1034 1039 
2759 401 378 605 599 
2760 541 32 31 540 
2761 556 568 539 1034 
2762 527 387 404 521 
2763 535 134 589 540 
2764 579 472 116 574 
2765 496 550 501 128 
2766 462 122 457 511 
2767 34 472 33 468 
2768 457 35 463 462 
2769 538 549 593 390 
2770 3 407 1033 1043 
2771 407 33 1035 1036 
2772 493 457 122 511 
2773 128 496 550 532 
2774 454 116 472 574 
2775 535 134 571 589 
2776 31 540 32 1034 
2777 407 31 1036 1039 
2778 447 1039 1034 1041 
2779 430 437 425 1040 
2780 448 420 437 1042 
2781 490 461 478 1040 
2782 554 510 381 499 
2783 515 471 382 460 
2784 527 499 537 387 
2785 571 585 32 589 
2786 404 417 527 411 
2787 415 483 409 378 
2788 502 30 496 405 
2789 538 549 132 593 
2790 588 114 577 476 
2791 554 126 510 499 
2792 471 515 120 460 
2793 405 496 503 510 
2794 34 33 472 1035 
2795 435 446 1042 1043 
2796 456 486 422 1037 
2797 121 471 457 515 
2798 496 127 510 554 
2799 588 115 476 574 
2800 121 457 493 515 
2801 127 496 532 554 
2802 454 476 115 574 
2803 498 460 383 488 
2804 398 549 593 571 
2805 428 422 486 1037 
2806 3 1033 506 1042 
2807 403 383 482 488 
2808 595 607 578 1035 
2809 463 467 478 35 
2810 481 490 1037 1040 
2811 30 3 517 1032 
2812 512 1033 508 1040 
2813 33 1036 407 1044 
2814 387 499 526 521 
2815 448 435 1042 1043 
2816 433 1036 445 1039 
2817 407 1036 1033 1043 
2818 407 31 1034 1036 
2819 579 580 595 33 
2820 3 35 507 508 
2821 460 382 515 498 
2822 478 463 35 462 
2823 525 437 420 1042 
2824 431 1036 433 1043 
2825 517 3 30 502 
2826 531 489 451 523 
2827 570 562 528 452 
2828 450 484 492 606 
2829 503 509 405 510 
2830 508 506 3 1033 
2831 447 423 445 1039 
2832 440 422 430 1037 
2833 496 405 395 510 
2834 576 538 593 390 
2835 537 554 381 499 
2836 577 588 476 386 
2837 547 546 550 30 
2838 135 540 539 575 
2839 458 578 579 117 
2840 497 462 123 461 
2841 129 500 536 501 
2842 591 585 32 571 
2843 35 507 493 406 
2844 497 512 508 1040 
2845 529 1032 517 1042 
2846 34 467 35 1037 
2847 458 579 472 117 
2848 540 135 589 575 
2849 536 550 129 501 
2850 511 462 123 497 
2851 132 576 538 593 
2852 114 459 577 476 
2853 126 554 537 499 
2854 515 120 460 498 
2855 568 539 1034 1041 
2856 378 605 459 401 
2857 448 1042 1033 1043 
2858 1032 1042 446 1043 
2859 512 519 1033 1042 
2860 512 519 508 1033 
2861 476 459 577 386 
2862 566 402 379 538 
2863 509 381 510 499 
2864 433 445 436 1039 
2865 35 508 3 1033 
2866 407 30 31 1039 
2867 546 532 550 30 
2868 585 586 32 589 
2869 430 440 1037 1040 
2870 521 526 404 494 
2871 445 433 434 1036 
2872 548 538 402 390 
2873 414 566 379 408 
2874 595 1035 33 1044 
2875 480 490 478 1037 
2876 430 1037 1033 1040 
2877 435 436 446 1043 
2878 464 463 457 396 
2879 436 1039 1032 1043 
2880 548 542 549 398 
2881 586 32 1034 1044 
2882 396 406 493 515 
2883 560 379 566 408 
2884 32 407 1034 1036 
2885 434 432 449 1036 
2886 517 506 3 502 
2887 415 409 413 378 
2888 406 513 493 515 
2889 3 30 407 1032 
2890 525 420 495 1042 
2891 398 542 549 535 
2892 101 520 495 441 
2893 422 481 96 456 
2894 434 1036 449 1038 
2895 560 86 533 408 
2896 403 410 522 416 
2897 604 401 577 599 
2898 503 502 496 405 
2899 568 558 534 1039 
2900 551 536 562 1032 
2901 32 407 1036 1044 
2902 564 558 551 1039 
2903 599 378 413 42 
2904 479 487 384 470 
2905 433 1039 436 1043 
2906 547 536 551 1032 
2907 543 546 395 552 
2908 534 106 559 423 
2909 477 459 475 401 
2910 464 465 463 396 
2911 548 402 565 388 
2912 34 35 407 1037 
2913 433 1036 1039 1043 
2914 456 480 486 1037 
2915 575 590 586 1034 
2916 438 427 590 109 
2917 516 514 383 498 
2918 481 440 422 96 
2919 515 382 514 498 
2920 442 559 106 423 
2921 409 483 74 477 
2922 526 404 387 521 
2923 395 546 532 552 
2924 474 475 476 397 
2925 495 520 529 1042 
2926 429 422 428 1037 
2927 495 101 441 420 
2928 513 493 507 406 
2929 444 423 564 1039 
2930 534 564 423 1039 
2931 538 576 402 390 
2932 598 421 573 111 
2933 109 590 438 603 
2934 508 507 3 506 
2935 590 1034 1038 1044 
2936 469 458 473 1035 
2937 497 461 489 1040 
2938 509 37 387 526 
2939 514 513 406 515 
2940 130 500 528 536 
2941 497 461 124 489 
2942 476 474 397 454 
2943 570 528 562 130 
2944 489 531 124 523 
2945 484 492 606 118 
2946 398 32 31 541 
2947 497 489 523 1040 
2948 581 588 397 574 
2949 477 483 459 378 
2950 594 89 600 412 
2951 473 458 484 1035 
2952 489 124 497 523 
2953 130 528 562 536 
2954 600 594 402 576 
2955 32 585 591 582 
2956 604 394 401 572 
2957 448 431 435 1043 
2958 31 542 398 541 
2959 401 577 459 386 
2960 582 580 581 33 
2961 402 41 594 412 
2962 432 434 433 1036 
2963 580 574 397 33 
2964 590 1034 575 1041 
2965 424 94 473 428 
2966 523 425 512 1040 
2967 397 474 34 468 
2968 598 443 421 111 
2969 412 414 379 408 
2970 543 389 544 552 
2971 580 397 581 33 
2972 425 99 512 437 
2973 590 586 1034 1044 
2974 487 383 470 460 
2975 489 481 451 1040 
2976 573 603 421 1038 
2977 555 553 557 387 
2978 427 590 601 1041 
2979 407 33 34 1035 
2980 429 430 422 1037 
2981 549 548 398 390 
2982 507 504 513 406 
2983 558 564 534 1039 
2984 435 431 433 1043 
2985 440 451 481 1040 
2986 433 436 435 1043 
2987 503 504 502 405 
2988 465 34 467 463 
2989 609 136 567 1041 
2990 444 426 551 104 
2991 591 398 593 571 
2992 595 33 584 1044 
2993 471 470 382 460 
2994 597 573 607 1038 
2995 499 509 381 387 
2996 32 398 591 571 
2997 451 523 489 1040 
2998 438 421 603 1038 
2999 434 449 438 1038 
3000 580 584 595 33 
3001 543 546 30 395 
3002 603 597 590 1038 
3003 32 407 31 1034 
3004 487 383 384 470 
3005 457 464 396 471 
3006 482 487 392 455 
3007 89 594 41 412 
3008 525 100 495 420 
3009 603 110 573 421 
3010 590 1038 597 1044 
3011 456 490 480 1037 
3012 383 487 482 460 
3013 582 32 585 584 
3014 386 390 391 380 
3015 485 74 477 378 
3016 514 37 516 383 
3017 94 486 473 428 
3018 463 35 457 396 
3019 110 603 438 421 
3020 475 384 477 401 
3021 594 402 576 592 
3022 35 463 465 396 
3023 383 382 460 498 
3024 1036 1038 1034 1044 
3025 382 383 514 498 
3026 551 564 444 104 
3027 99 512 437 525 
3028 418 521 404 494 
3029 381 537 499 387 
3030 100 525 437 420 
3031 542 31 543 541 
3032 609 601 136 1041 
3033 596 583 587 391 
3034 464 466 465 396 
3035 602 89 594 41 
3036 580 582 584 33 
3037 542 548 389 398 
3038 381 553 554 537 
3039 31 543 546 30 
3040 430 425 440 1040 
3041 582 581 380 33 
3042 475 474 385 397 
3043 591 380 32 582 
3044 494 526 404 36 
3045 398 593 549 390 
3046 409 483 477 378 
3047 587 596 391 604 
3048 387 404 526 36 
3049 444 436 423 1039 
3050 604 596 391 572 
3051 30 546 532 395 
3052 555 561 537 387 
3053 560 533 379 408 
3054 545 31 546 30 
3055 378 459 477 401 
3056 31 543 545 546 
3057 529 517 519 1042 
3058 552 532 395 554 
3059 468 474 34 465 
3060 471 382 396 515 
3061 397 475 476 386 
3062 102 520 441 452 
3063 95 486 422 456 
3064 99 523 425 512 
3065 381 395 510 554 
3066 97 489 481 451 
3067 102 528 520 452 
3068 442 567 107 559 
3069 577 588 386 587 
3070 3 30 502 405 
3071 423 534 105 564 
3072 586 584 585 1044 
3073 3 502 504 405 
3074 417 561 39 404 
3075 105 444 423 564 
3076 463 465 34 35 
3077 131 576 566 538 
3078 459 577 605 113 
3079 537 125 499 527 
3080 119 460 498 488 
3081 453 442 567 107 
3082 388 548 402 390 
3083 94 473 484 424 
3084 584 582 32 33 
3085 425 523 451 1040 
3086 393 555 557 387 
3087 504 507 3 406 
3088 463 34 467 35 
3089 423 436 445 1039 
3090 97 481 440 451 
3091 507 35 3 406 
3092 413 92 605 599 
3093 482 44 403 416 
3094 387 393 561 404 
3095 595 584 597 1044 
3096 32 586 585 1044 
3097 539 136 575 1041 
3098 553 388 557 387 
3099 590 427 601 109 
3100 539 567 136 1041 
3101 605 491 459 113 
3102 566 608 576 131 
3103 537 125 527 569 
3104 530 119 498 488 
3105 92 605 415 413 
3106 481 461 490 1040 
3107 453 609 567 1041 
3108 391 596 583 592 
3109 32 33 407 1044 
3110 561 555 393 387 
3111 403 516 36 383 
3112 556 545 31 541 
3113 407 35 3 1033 
3114 397 476 588 386 
3115 469 468 34 467 
3116 568 559 539 1041 
3117 95 486 428 422 
3118 390 593 576 592 
3119 555 537 553 387 
3120 590 597 586 1044 
3121 442 567 559 1041 
3122 596 391 602 594 
3123 489 461 481 1040 
3124 527 82 521 411 
3125 592 583 380 591 
3126 104 426 551 562 
3127 453 567 442 1041 
3128 399 477 384 401 
3129 525 495 519 1042 
3130 581 386 588 587 
3131 466 479 384 470 
3132 477 74 409 378 
3133 39 561 393 404 
3134 31 389 542 543 
3135 440 425 451 1040 
3136 596 391 594 592 
3137 509 37 381 387 
3138 563 555 557 393 
3139 392 403 383 482 
3140 384 385 466 470 
3141 601 575 136 1041 
3142 474 385 34 465 
3143 411 521 404 418 
3144 502 506 3 504 
3145 388 389 548 390 
3146 603 573 597 1038 
3147 601 590 575 1041 
3148 526 37 387 36 
3149 32 585 584 1044 
3150 402 400 565 388 
3151 555 84 561 393 
3152 594 394 602 41 
3153 398 548 389 390 
3154 521 418 81 494 
3155 41 402 379 412 
3156 421 438 449 1038 
3157 524 419 516 36 
3158 122 457 493 121 
3159 454 115 116 574 
3160 532 128 496 127 
3161 133 535 134 571 
3162 442 447 427 1041 
3163 485 74 378 43 
3164 389 543 395 552 
3165 470 396 464 471 
3166 578 458 118 117 
3167 135 539 136 575 
3168 123 497 461 124 
3169 536 130 500 129 
3170 487 392 383 482 
3171 514 37 383 382 
3172 401 475 384 386 
3173 76 482 392 455 
3174 386 587 583 391 
3175 557 544 388 553 
3176 135 589 134 540 
3177 579 472 117 116 
3178 462 123 122 511 
3179 550 129 501 128 
3180 453 601 609 1041 
3181 378 477 485 399 
3182 403 392 44 482 
3183 523 512 497 1040 
3184 391 394 401 604 
3185 516 419 79 522 
3186 396 464 466 470 
3187 397 380 581 33 
3188 41 594 394 402 
3189 398 389 542 31 
3190 383 382 470 460 
3191 506 507 3 504 
3192 400 379 402 565 
3193 584 33 32 1044 
3194 386 587 391 604 
3195 36 516 37 383 
3196 592 390 593 591 
3197 101 495 100 420 
3198 31 543 30 395 
3199 82 527 417 411 
3200 385 465 466 396 
3201 474 385 397 34 
3202 518 526 494 36 
3203 44 482 76 416 
3204 591 380 398 32 
3205 474 385 465 466 
3206 417 561 84 39 
3207 515 121 471 120 
3208 549 132 593 133 
3209 126 510 127 554 
3210 114 588 115 476 
3211 410 79 419 522 
3212 552 395 553 554 
3213 494 80 524 36 
3214 389 544 542 543 
3215 37 509 518 526 
3216 396 466 385 470 
3217 582 380 32 33 
3218 509 503 405 38 
3219 381 553 537 387 
3220 35 465 34 396 
3221 544 389 388 553 
3222 604 391 394 572 
3223 455 399 485 479 
3224 382 384 383 470 
3225 538 131 576 132 
3226 126 537 125 499 
3227 113 459 577 114 
3228 120 119 460 498 
3229 385 475 397 386 
3230 110 573 421 111 
3231 96 95 422 456 
3232 543 31 389 395 
3233 385 384 475 386 
3234 390 576 402 592 
3235 516 518 37 514 
3236 418 411 521 81 
3237 385 34 465 396 
3238 601 453 427 1041 
3239 503 509 505 38 
3240 93 484 450 424 
3241 78 522 416 530 
3242 423 534 106 105 
3243 385 384 382 470 
3244 386 588 397 581 
3245 393 84 561 39 
3246 38 509 37 381 
3247 504 503 505 38 
3248 98 451 425 523 
3249 484 93 94 424 
3250 425 98 523 99 
3251 399 378 477 401 
3252 111 598 443 112 
3253 108 601 453 427 
3254 419 79 524 516 
3255 594 391 394 402 
3256 410 78 522 416 
3257 96 481 440 97 
3258 426 562 103 452 
3259 531 451 98 523 
3260 453 601 108 609 
3261 450 484 93 492 
3262 38 505 504 513 
3263 545 543 31 541 
3264 516 419 403 36 
3265 467 468 34 465 
3266 559 107 442 106 
3267 553 381 388 387 
3268 583 581 380 582 
3269 390 398 593 591 
3270 603 438 109 110 
3271 391 401 386 604 
3272 108 601 427 109 
3273 482 76 416 77 
3274 12 531 489 451 
3275 14 453 609 567 
3276 570 528 13 452 
3277 492 11 450 606 
3278 495 529 519 1042 
3279 392 44 482 76 
3280 514 38 37 382 
3281 591 583 380 582 
3282 503 504 405 38 
3283 600 88 414 412 
3284 567 539 559 1041 
3285 86 560 87 408 
3286 572 42 91 90 
3287 38 514 513 406 
3288 504 38 513 406 
3289 441 101 520 102 
3290 381 388 389 553 
3291 583 380 386 391 
3292 82 521 411 81 
3293 505 38 514 513 
3294 586 597 584 1044 
3295 570 103 562 452 
3296 602 391 394 594 
3297 562 104 426 103 
3298 404 418 494 36 
3299 77 416 482 488 
3300 518 524 516 36 
3301 494 4 418 80 
3302 509 505 37 518 
3303 470 382 396 471 
3304 84 555 563 393 
3305 378 74 409 43 
3306 557 400 533 563 
3307 384 475 477 479 
3308 9 82 527 417 
3309 602 90 89 41 
3310 382 396 385 470 
3311 391 394 596 602 
3312 73 415 491 483 
3313 413 92 599 91 
3314 544 548 557 388 
3315 442 427 453 1041 
3316 405 504 3 38 
3317 38 504 3 406 
3318 592 380 390 591 
3319 483 73 415 409 
3320 542 548 544 389 
3321 88 414 608 600 
3322 569 9 527 417 
3323 596 394 391 572 
3324 395 381 553 554 
3325 548 565 557 388 
3326 393 85 84 39 
3327 13 528 570 130 
3328 609 136 14 567 
3329 606 492 11 118 
3330 531 124 12 489 
3331 526 518 37 36 
3332 525 437 99 100 
3333 505 37 518 514 
3334 10 87 566 414 
3335 381 389 395 553 
3336 95 486 94 428 
3337 479 384 475 466 
3338 83 417 561 84 
3339 11 112 450 606 
3340 97 12 489 451 
3341 102 13 528 452 
3342 567 14 453 107 
3343 44 392 75 76 
3344 418 81 494 80 
3345 557 533 400 565 
3346 7 605 415 92 
3347 557 400 563 393 
3348 409 483 73 74 
3349 608 10 566 414 
3350 385 474 475 466 
3351 392 399 485 455 
3352 516 37 518 36 
3353 491 7 605 415 
3354 12 531 451 98 
3355 108 14 453 609 
3356 93 11 450 492 
3357 394 42 572 90 
3358 40 85 393 39 
3359 85 563 533 393 
3360 399 477 485 479 
3361 8 416 77 488 
3362 416 8 530 488 
3363 75 43 392 44 
3364 596 394 572 602 
3365 380 386 397 581 
3366 90 602 394 41 
3367 80 494 4 36 
3368 570 13 103 452 
3369 394 42 90 41 
3370 39 404 4 418 
3371 563 400 533 393 
3372 524 80 4 36 
3373 399 384 477 479 
3374 4 403 44 419 
3375 518 494 524 36 
3376 564 105 444 104 
3377 8 78 416 530 
3378 602 394 572 90 
3379 409 378 43 42 
3380 89 88 600 412 
3381 4 80 524 419 
3382 380 398 390 591 
3383 41 379 40 408 
3384 527 125 9 569 
3385 491 605 7 113 
3386 608 566 10 131 
3387 530 8 119 488 
3388 37 505 509 38 
3389 414 608 10 88 
3390 402 394 41 379 
3391 494 418 4 36 
3392 415 491 7 73 
3393 79 524 80 419 
3394 548 544 389 388 
3395 83 9 569 417 
3396 404 39 417 411 
3397 38 37 505 514 
3398 400 557 565 388 
3399 385 475 384 466 
3400 79 410 78 522 
3401 569 83 417 561 
3402 44 410 403 416 
3403 419 524 4 36 
3404 85 533 40 393 
3405 392 485 75 455 
3406 409 413 378 42 
3407 76 392 75 455 
3408 86 533 40 85 
3409 84 563 85 393 
3410 74 485 75 43 
3411 4 403 419 36 
3412 418 404 4 36 
3413 379 41 412 408 
3414 43 485 75 392 
3415 411 404 39 418 
3416 419 410 403 44 
3417 1036 439 429 432 
3418 1036 429 439 1035 
3419 1038 443 439 421 
3420 1038 439 443 1035 
3421 1044 607 1035 1038 
3422 1044 1035 607 595 
3423 38 396 514 406 
3424 38 514 396 382 
3425 515 514 396 406 
3426 515 396 514 382 
3427 1036 447 1038 434 
3428 1036 1038 447 1034 
3429 42 599 91 413 
3430 91 599 42 572 
3431 1039 30 547 1032 
3432 571 549 133 535 
3433 571 133 549 593 
3434 574 476 397 454 
3435 574 397 476 588 
3436 515 457 396 471 
3437 515 396 457 493 
3438 554 496 395 510 
3439 554 395 496 532 
3440 510 395 509 405 
3441 510 509 395 381 
3442 38 509 395 405 
3443 38 395 509 381 
3444 545 30 1039 31 
3445 1039 30 545 547 
3446 493 396 35 406 
3447 35 396 493 457 
3448 379 538 565 560 
3449 565 538 379 402 
3450 395 496 30 405 
3451 395 30 496 532 
3452 578 484 118 458 
3453 578 118 484 606 
3454 536 528 1032 500 
3455 536 1032 528 562 
3456 468 397 33 34 
3457 468 33 397 454 
3458 606 443 112 450 
3459 606 112 443 598 
3460 522 383 516 403 
3461 522 516 383 498 
3462 412 402 414 600 
3463 412 414 402 379 
3464 566 414 402 600 
3465 566 402 414 379 
3466 386 459 475 476 
3467 386 475 459 401 
3468 408 566 87 414 
3469 408 87 566 560 
3470 522 419 403 516 
3471 522 403 419 410 
3472 408 533 40 86 
3473 408 40 533 379 
3474 565 379 533 400 
3475 565 533 379 560 
3476 552 389 553 395 
3477 552 553 389 544 
3478 386 604 577 587 
3479 577 604 386 401 
3480 583 386 581 587 
3481 583 581 386 380 
3482 392 378 485 399 
3483 392 485 378 43 
3484 592 402 391 594 
3485 592 391 402 390 
3486 378 394 572 401 
3487 572 394 378 42 
3488 572 599 378 401 
3489 378 599 572 42 
3490 379 393 533 400 
3491 379 533 393 40 
3492 592 380 391 390 
3493 592 391 380 583 
3494 387 400 557 393 
3495 387 557 400 388 
3496 399 383 487 392 
3497 487 383 399 384 
3498 399 479 487 384 
3499 487 399 455 479 
3500 455 399 487 392 
$EndElements
