Point ID,Points_0,Points_1,Points_2,Points_Magnitude,Pressure_Coefficient,vtkClipPointTypes
0,-9.54777,-0.138521,0,9.54877,1.3311,0
1,-8.70128,-0.598569,0,8.72185,1.30927,0
2,-7.85614,-1.05789,0,7.92705,1.29032,0
3,-7.01234,-1.51648,0,7.17444,1.27871,0
4,-6.16988,-1.97434,0,6.47807,1.26736,0
5,-5.32875,-2.43148,0,5.85727,1.25012,0
6,-4.48895,-2.88789,0,5.33766,1.25632,0
7,-3.65048,-3.34359,0,4.95031,1.23924,0
8,-2.81335,-3.79855,0,4.72694,1.22274,0
9,-1.97753,-4.2528,0,4.69009,1.21631,0
10,-1.14305,-4.70633,0,4.84315,1.19594,0
11,-0.309884,-5.15914,0,5.16844,1.19306,0
12,0.52196,-5.61123,0,5.63546,1.16003,0
13,1.35249,-6.06261,0,6.21164,1.16889,0
14,2.1817,-6.51327,0,6.86895,1.15059,0
15,3.00959,-6.96321,0,7.58577,1.13738,0
16,3.83618,-7.41245,0,8.34629,1.11744,0
17,4.66145,-7.86097,0,9.13914,1.11801,0
18,5.48542,-8.30878,0,9.95618,1.08434,0
19,6.30808,-8.75588,0,10.7915,1.09032,0
20,7.12944,-9.20227,0,11.6409,1.06776,0
21,7.94949,-9.64796,0,12.5011,1.0546,0
22,8.76825,-10.0929,0,13.3697,1.03202,0
23,9.58571,-10.5372,0,14.2449,1.03009,0
24,10.4019,-10.9808,0,15.1254,1.00554,0
25,11.2167,-11.4236,0,16.0098,0.98637,0
26,12.0303,-11.8658,0,16.8975,0.971861,0
27,12.8426,-12.3073,0,17.7877,0.941918,0
28,13.6536,-12.748,0,18.6798,0.939788,0
29,14.4633,-13.1881,0,19.5733,0.896819,0
30,15.2718,-13.6275,0,20.4679,0.89339,0
31,16.0789,-14.0662,0,21.3632,0.851682,0
32,16.8848,-14.5041,0,22.2591,0.82066,0
33,17.6894,-14.9414,0,23.1551,0.753155,0
34,18.4927,-15.378,0,24.0513,0.489819,0
35,19.2948,-15.8139,0,24.9473,0.284736,0
36,20.1718,-16.0333,0,25.7676,0.0314253,0
37,21.0673,-16.1966,0,26.5737,-0.0875015,0
38,21.9619,-16.3591,0,27.3851,-0.0883323,0
39,22.8558,-16.5207,0,28.2014,-0.0708202,0
40,23.749,-16.6815,0,29.0221,-0.0491317,0
41,24.6415,-16.8414,0,29.8469,-0.0151149,0
42,25.5334,-17.0004,0,30.6752,-0.0123696,0
43,26.4248,-17.1587,0,31.507,-0.0111826,0
44,27.3155,-17.3162,0,32.3417,-0.00609706,0
45,28.2057,-17.4729,0,33.1793,0.0051269,0
46,29.0954,-17.629,0,34.0194,0.0112034,0
47,29.9846,-17.7843,0,34.862,0.0379084,0
48,30.8732,-17.939,0,35.7066,0.051574,0
49,31.7614,-18.0931,0,36.5533,0.0512104,0
50,32.649,-18.2465,0,37.4018,0.0784542,0
51,33.5362,-18.3993,0,38.252,0.099918,0
52,34.4229,-18.5516,0,39.1037,0.105816,0
53,35.3092,-18.7032,0,39.9569,0.108782,0
54,36.1951,-18.8543,0,40.8114,0.121928,0
55,37.0805,-19.0048,0,41.6671,0.129823,0
56,37.9655,-19.1548,0,42.5239,0.139588,0
57,38.85,-19.3043,0,43.3818,0.14837,0
58,39.7342,-19.4532,0,44.2406,0.158333,0
59,40.6179,-19.6016,0,45.1003,0.171814,0
60,41.5013,-19.7496,0,45.9609,0.181981,0
61,42.3843,-19.897,0,46.8222,0.191561,0
62,43.2668,-20.0439,0,47.6842,0.198156,0
63,44.1491,-20.1904,0,48.5468,0.210007,0
64,45.0309,-20.3364,0,49.41,0.213352,0
65,45.9123,-20.4819,0,50.2738,0.235508,0
66,46.7934,-20.6269,0,51.138,0.230162,0
67,47.6742,-20.7715,0,52.0027,0.251058,0
68,48.5546,-20.9157,0,52.8679,0.244034,0
69,49.4346,-21.0594,0,53.7334,0.272421,0
70,50.3143,-21.2027,0,54.5993,0.279105,0
71,51.1936,-21.3456,0,55.4655,0.300368,0
72,52.0726,-21.488,0,56.332,0.301041,0
73,52.9513,-21.63,0,57.1988,0.402192,0
74,53.8297,-21.7716,0,58.0658,0.434345,0
75,54.7077,-21.9128,0,58.933,0.48522,0
76,55.5854,-22.0536,0,59.8005,0.526173,0
77,56.4627,-22.194,0,60.6681,0.555729,0
78,57.3398,-22.334,0,61.5358,0.595094,0
79,58.2165,-22.4736,0,62.4038,0.605016,0
80,59.093,-22.6128,0,63.2718,0.631973,0
81,59.9691,-22.7516,0,64.1399,0.612027,0
82,60.8449,-22.8901,0,65.0081,0.625816,0
83,61.7204,-23.0282,0,65.8765,0.606244,0
84,62.5956,-23.1659,0,66.7448,0.621026,0
85,63.4706,-23.3033,0,67.6133,0.585555,0
86,64.3451,-23.4403,0,68.4817,0.595226,0
87,65.2194,-23.5771,0,69.3502,0.580961,0
88,66.0934,-23.7136,0,70.2188,0.604066,0
89,66.9671,-23.8498,0,71.0873,0.611102,0
90,67.8404,-23.9857,0,71.9558,0.587729,0
91,68.7134,-24.1213,0,72.8243,0.602903,0
92,69.5861,-24.2566,0,73.6927,0.58212,0
93,70.4585,-24.3917,0,74.5611,0.605302,0
94,71.3305,-24.5265,0,75.4294,0.588706,0
95,72.2021,-24.661,0,76.2975,0.619346,0
96,73.0734,-24.7952,0,77.1656,0.583692,0
97,73.9443,-24.9291,0,78.0334,0.595795,0
98,74.8148,-25.0626,0,78.9011,0.571038,0
99,75.6849,-25.1957,0,79.7686,0.600512,0
100,76.5545,-25.3284,0,80.6357,0.582153,0
101,77.4237,-25.4607,0,81.5026,0.608776,0
102,78.2924,-25.5924,0,82.3691,0.608347,0
103,79.1606,-25.7237,0,83.2353,0.594535,0
104,80.0283,-25.8544,0,84.101,0.598463,0
105,80.8955,-25.9847,0,84.9664,0.566816,0
106,81.7622,-26.1146,0,85.8314,0.570865,0
107,82.6283,-26.2441,0,86.696,0.546506,0
108,83.4939,-26.3733,0,87.5601,0.570953,0
109,84.3589,-26.5021,0,88.4239,0.568832,0
110,85.2234,-26.6306,0,89.2873,0.542922,0
111,86.0874,-26.7587,0,90.1502,0.558641,0
112,86.9508,-26.8864,0,91.0128,0.533424,0
113,87.8137,-27.0139,0,91.8749,0.556996,0
114,88.6761,-27.1409,0,92.7366,0.545864,0
115,89.538,-27.2677,0,93.598,0.541968,0
116,90.3993,-27.3941,0,94.4589,0.55913,0
117,91.2602,-27.5202,0,95.3194,0.520783,0
118,92.1205,-27.6459,0,96.1795,0.542755,0
119,92.9804,-27.7713,0,97.0391,0.51863,0
120,93.8397,-27.8964,0,97.8984,0.547366,0
121,94.6985,-28.0211,0,98.7572,0.520266,0
122,95.5568,-28.1456,0,99.6157,0.531254,0
123,96.4146,-28.2697,0,100.474,0.513802,0
124,97.272,-28.3935,0,101.331,0.529947,0
125,98.1288,-28.5169,0,102.188,0.504408,0
126,98.9852,-28.6401,0,103.045,0.527384,0
127,99.841,-28.7629,0,103.902,0.501388,0
128,100.696,-28.8853,0,104.758,0.518079,0
129,101.551,-29.0075,0,105.613,0.50079,0
130,102.406,-29.1292,0,106.468,0.515559,0
131,103.26,-29.2507,0,107.323,0.494124,0
132,104.113,-29.3718,0,108.177,0.514299,0
133,104.967,-29.4926,0,109.031,0.47718,0
134,105.819,-29.6131,0,109.885,0.498058,0
135,106.672,-29.7333,0,110.738,0.482387,0
136,107.524,-29.8532,0,111.591,0.495235,0
137,108.375,-29.9728,0,112.444,0.476956,0
138,109.226,-30.0922,0,113.296,0.493373,0
139,110.077,-30.2114,0,114.148,0.477239,0
140,110.928,-30.3303,0,114.999,0.494366,0
141,111.778,-30.449,0,115.851,0.458901,0
142,112.627,-30.5674,0,116.702,0.478582,0
143,113.477,-30.6856,0,117.553,0.466743,0
144,114.326,-30.8036,0,118.403,0.486454,0
145,115.175,-30.9214,0,119.253,0.470183,0
146,116.023,-31.039,0,120.103,0.489741,0
147,116.871,-31.1563,0,120.953,0.468647,0
148,117.719,-31.2734,0,121.802,0.48189,0
149,118.566,-31.3902,0,122.651,0.455906,0
150,119.413,-31.5068,0,123.5,0.484041,0
151,120.26,-31.6232,0,124.348,0.470193,0
152,121.106,-31.7393,0,125.196,0.488477,0
153,121.952,-31.8552,0,126.044,0.471659,0
154,122.798,-31.9709,0,126.892,0.484332,0
155,123.644,-32.0863,0,127.739,0.458381,0
156,124.489,-32.2015,0,128.586,0.486008,0
157,125.333,-32.3164,0,129.433,0.467247,0
158,126.178,-32.4311,0,130.279,0.491601,0
159,127.022,-32.5456,0,131.125,0.485755,0
160,127.866,-32.6598,0,131.971,0.454253,0
161,128.709,-32.7738,0,132.816,0.468823,0
162,129.552,-32.8876,0,133.662,0.444985,0
163,130.395,-33.0011,0,134.507,0.472469,0
164,131.238,-33.1145,0,135.351,0.454432,0
165,132.08,-33.2276,0,136.195,0.463411,0
166,132.922,-33.3404,0,137.039,0.448845,0
167,133.763,-33.4531,0,137.883,0.457367,0
168,134.605,-33.5655,0,138.726,0.431009,0
169,135.445,-33.6777,0,139.569,0.45713,0
170,136.286,-33.7897,0,140.412,0.447644,0
171,137.126,-33.9014,0,141.255,0.459902,0
172,137.966,-34.0129,0,142.097,0.443044,0
173,138.806,-34.1243,0,142.939,0.450373,0
174,139.645,-34.2354,0,143.78,0.45961,0
175,140.484,-34.3462,0,144.622,0.436359,0
176,141.322,-34.4569,0,145.462,0.454384,0
177,142.161,-34.5673,0,146.303,0.427877,0
178,142.999,-34.6776,0,147.143,0.451264,0
179,143.836,-34.7876,0,147.983,0.438296,0
180,144.674,-34.8974,0,148.823,0.460072,0
181,145.511,-35.007,0,149.663,0.444197,0
182,146.347,-35.1164,0,150.502,0.446794,0
183,147.184,-35.2255,0,151.34,0.449378,0
184,148.02,-35.3345,0,152.179,0.42531,0
185,148.856,-35.4433,0,153.017,0.438804,0
186,149.691,-35.5518,0,153.855,0.42943,0
187,150.526,-35.6602,0,154.692,0.439353,0
188,151.361,-35.7683,0,155.53,0.428869,0
189,152.195,-35.8762,0,156.367,0.441647,0
190,153.029,-35.984,0,157.203,0.431703,0
191,153.863,-36.0915,0,158.04,0.449708,0
192,154.697,-36.1988,0,158.876,0.422993,0
193,155.53,-36.3059,0,159.711,0.438357,0
194,156.363,-36.4128,0,160.547,0.41551,0
195,157.195,-36.5196,0,161.382,0.430523,0
196,158.027,-36.6261,0,162.216,0.418411,0
197,158.859,-36.7324,0,163.051,0.435393,0
198,159.691,-36.8385,0,163.885,0.416166,0
199,160.522,-36.9445,0,164.719,0.43636,0
200,161.353,-37.0502,0,165.552,0.420763,0
201,162.184,-37.1557,0,166.385,0.441253,0
202,163.014,-37.2611,0,167.218,0.428424,0
203,163.844,-37.3662,0,168.051,0.429797,0
204,164.674,-37.4712,0,168.883,0.413053,0
205,165.503,-37.576,0,169.715,0.423662,0
206,166.332,-37.6805,0,170.547,0.413221,0
207,167.161,-37.7849,0,171.378,0.434613,0
208,167.989,-37.8891,0,172.209,0.414522,0
209,168.817,-37.9931,0,173.04,0.419189,0
210,169.645,-38.0969,0,173.87,0.410932,0
211,170.473,-38.2006,0,174.7,0.43165,0
212,171.3,-38.304,0,175.53,0.429595,0
213,172.126,-38.4073,0,176.359,0.41709,0
214,172.953,-38.5103,0,177.189,0.43011,0
215,173.779,-38.6132,0,178.017,0.40548,0
216,174.605,-38.7159,0,178.846,0.421502,0
217,175.431,-38.8184,0,179.674,0.411179,0
218,176.256,-38.9208,0,180.502,0.418672,0
219,177.081,-39.0229,0,181.329,0.40342,0
220,177.905,-39.1249,0,182.157,0.421735,0
221,178.73,-39.2267,0,182.984,0.405691,0
222,179.554,-39.3283,0,183.81,0.413342,0
223,180.377,-39.4297,0,184.637,0.396405,0
224,181.201,-39.531,0,185.462,0.421704,0
225,182.024,-39.6321,0,186.288,0.403028,0
226,182.846,-39.7329,0,187.114,0.407182,0
227,183.669,-39.8337,0,187.939,0.416389,0
228,184.491,-39.9342,0,188.763,0.408343,0
229,185.313,-40.0346,0,189.588,0.419444,0
230,186.134,-40.1348,0,190.412,0.411777,0
231,186.955,-40.2348,0,191.236,0.413836,0
232,187.776,-40.3346,0,192.059,0.412708,0
233,188.596,-40.4343,0,192.882,0.395622,0
234,189.417,-40.5338,0,193.705,0.413239,0
235,190.237,-40.6331,0,194.528,0.403828,0
236,191.056,-40.7322,0,195.35,0.413898,0
237,191.875,-40.8312,0,196.172,0.412982,0
238,192.694,-40.93,0,196.993,0.394649,0
239,193.513,-41.0287,0,197.815,0.402414,0
240,194.331,-41.1271,0,198.636,0.395753,0
241,195.149,-41.2254,0,199.456,0.411306,0
242,195.967,-41.3236,0,200.277,0.396517,0
243,196.784,-41.4215,0,201.097,0.397696,0
244,197.601,-41.5193,0,201.916,0.394415,0
245,198.418,-41.617,0,202.736,0.411832,0
246,199.235,-41.7144,0,203.555,0.399083,0
247,200.051,-41.8117,0,204.374,0.399827,0
248,200.867,-41.9089,0,205.192,0.399243,0
249,201.682,-42.0058,0,206.01,0.40331,0
250,202.497,-42.1026,0,206.828,0.385225,0
251,203.312,-42.1993,0,207.645,0.39349,0
252,204.127,-42.2958,0,208.463,0.394518,0
253,204.941,-42.3921,0,209.28,0.381647,0
254,205.755,-42.4882,0,210.096,0.388535,0
255,206.569,-42.5842,0,210.912,0.383366,0
256,207.382,-42.6801,0,211.728,0.394298,0
257,208.195,-42.7757,0,212.544,0.385352,0
258,209.008,-42.8712,0,213.359,0.396806,0
259,209.82,-42.9666,0,214.174,0.385525,0
260,210.632,-43.0618,0,214.989,0.390238,0
261,211.444,-43.1568,0,215.803,0.385825,0
262,212.255,-43.2517,0,216.617,0.398696,0
263,213.067,-43.3464,0,217.431,0.378212,0
264,213.877,-43.441,0,218.244,0.389836,0
265,214.688,-43.5354,0,219.058,0.38657,0
266,215.498,-43.6296,0,219.87,0.398025,0
267,216.308,-43.7237,0,220.683,0.391022,0
268,217.118,-43.8177,0,221.495,0.390352,0
269,217.927,-43.9114,0,222.307,0.374279,0
270,218.736,-44.0051,0,223.118,0.386836,0
271,219.545,-44.0986,0,223.93,0.378827,0
272,220.353,-44.1919,0,224.741,0.38529,0
273,221.161,-44.2851,0,225.551,0.386631,0
274,221.969,-44.3781,0,226.361,0.379103,0
275,222.776,-44.4709,0,227.171,0.393472,0
276,223.583,-44.5637,0,227.981,0.381763,0
277,224.39,-44.6562,0,228.79,0.383679,0
278,225.197,-44.7486,0,229.599,0.384647,0
279,226.003,-44.8409,0,230.408,0.393318,0
280,226.809,-44.933,0,231.217,0.375925,0
281,227.614,-45.025,0,232.025,0.38041,0
282,228.419,-45.1168,0,232.832,0.375913,0
283,229.224,-45.2085,0,233.64,0.386398,0
284,230.029,-45.3,0,234.447,0.378113,0
285,230.833,-45.3913,0,235.254,0.391555,0
286,231.637,-45.4826,0,236.06,0.388478,0
287,232.441,-45.5736,0,236.867,0.383897,0
288,233.245,-45.6646,0,237.673,0.390295,0
289,234.048,-45.7554,0,238.478,0.380604,0
290,234.85,-45.846,0,239.283,0.388543,0
291,235.653,-45.9365,0,240.088,0.381321,0
292,236.455,-46.0268,0,240.893,0.389645,0
293,237.257,-46.117,0,241.697,0.385086,0
294,238.058,-46.2071,0,242.501,0.378118,0
295,238.86,-46.297,0,243.305,0.385757,0
296,239.661,-46.3868,0,244.109,0.377534,0
297,240.461,-46.4764,0,244.912,0.381822,0
298,241.262,-46.5659,0,245.714,0.378673,0
299,242.062,-46.6552,0,246.517,0.392622,0
300,242.861,-46.7444,0,247.319,0.38583,0
301,243.661,-46.8335,0,248.121,0.383422,0
302,244.46,-46.9224,0,248.922,0.368104,0
303,245.259,-47.0112,0,249.724,0.37575,0
304,246.057,-47.0998,0,250.524,0.372073,0
305,246.855,-47.1883,0,251.325,0.384275,0
306,247.653,-47.2767,0,252.125,0.368765,0
307,248.451,-47.3649,0,252.925,0.368547,0
308,249.248,-47.453,0,253.725,0.3658,0
309,250.045,-47.5409,0,254.524,0.378202,0
310,250.841,-47.6287,0,255.323,0.37754,0
311,251.638,-47.7164,0,256.122,0.389812,0
312,252.434,-47.8039,0,256.92,0.381144,0
313,253.229,-47.8913,0,257.718,0.388817,0
314,254.025,-47.9786,0,258.516,0.372368,0
315,254.82,-48.0657,0,259.314,0.372185,0
316,255.615,-48.1527,0,260.111,0.368613,0
317,256.409,-48.2395,0,260.908,0.37195,0
318,257.203,-48.3262,0,261.704,0.366736,0
319,257.997,-48.4128,0,262.5,0.375444,0
320,258.791,-48.4992,0,263.296,0.367159,0
321,259.584,-48.5855,0,264.092,0.379205,0
322,260.377,-48.6717,0,264.887,0.375317,0
323,261.17,-48.7577,0,265.682,0.36784,0
324,261.962,-48.8436,0,266.477,0.377006,0
325,262.754,-48.9294,0,267.271,0.375238,0
326,263.546,-49.015,0,268.065,0.378016,0
327,264.337,-49.1005,0,268.859,0.371606,0
328,265.128,-49.1859,0,269.652,0.377067,0
329,265.919,-49.2712,0,270.445,0.362399,0
330,266.709,-49.3563,0,271.238,0.363517,0
331,267.5,-49.4412,0,272.03,0.361157,0
332,268.289,-49.5261,0,272.822,0.365411,0
333,269.079,-49.6108,0,273.614,0.356744,0
334,269.868,-49.6954,0,274.406,0.363868,0
335,270.657,-49.7798,0,275.197,0.354606,0
336,271.446,-49.8641,0,275.988,0.361781,0
337,272.234,-49.9483,0,276.778,0.354993,0
338,273.022,-50.0324,0,277.569,0.361946,0
339,273.81,-50.1163,0,278.359,0.355793,0
340,274.597,-50.2001,0,279.148,0.358934,0
341,275.384,-50.2838,0,279.938,0.354876,0
342,276.171,-50.3673,0,280.727,0.361993,0
343,276.958,-50.4508,0,281.515,0.354842,0
344,277.744,-50.5341,0,282.304,0.364952,0
345,278.53,-50.6172,0,283.092,0.36234,0
346,279.315,-50.7002,0,283.879,0.364405,0
347,280.101,-50.7832,0,284.667,0.363614,0
348,280.885,-50.8659,0,285.454,0.357328,0
349,281.67,-50.9486,0,286.241,0.36359,0
350,282.454,-51.0311,0,287.027,0.355132,0
351,283.238,-51.1135,0,287.814,0.359045,0
352,284.022,-51.1958,0,288.599,0.352842,0
353,284.806,-51.2779,0,289.385,0.356591,0
354,285.589,-51.36,0,290.17,0.352922,0
355,286.372,-51.4419,0,290.955,0.357757,0
356,287.154,-51.5236,0,291.74,0.360122,0
357,287.936,-51.6053,0,292.524,0.358027,0
358,288.718,-51.6868,0,293.308,0.362375,0
359,289.5,-51.7682,0,294.092,0.360545,0
360,290.281,-51.8495,0,294.875,0.355691,0
361,291.062,-51.9306,0,295.658,0.354191,0
362,291.843,-52.0117,0,296.441,0.360913,0
363,292.623,-52.0926,0,297.223,0.358254,0
364,293.403,-52.1734,0,298.006,0.3577,0
365,294.183,-52.254,0,298.787,0.355731,0
366,294.962,-52.3346,0,299.569,0.351306,0
367,295.741,-52.415,0,300.35,0.352567,0
368,296.52,-52.4953,0,301.131,0.349648,0
369,297.298,-52.5755,0,301.911,0.353586,0
370,298.077,-52.6555,0,302.692,0.347952,0
371,298.855,-52.7354,0,303.472,0.354526,0
372,299.632,-52.8153,0,304.251,0.350219,0
373,300.409,-52.8949,0,305.031,0.355481,0
374,301.186,-52.9745,0,305.81,0.349379,0
375,301.963,-53.054,0,306.588,0.352773,0
376,302.739,-53.1333,0,307.367,0.356788,0
377,303.515,-53.2125,0,308.145,0.356824,0
378,304.291,-53.2916,0,308.922,0.35324,0
379,305.067,-53.3705,0,309.7,0.344062,0
380,305.842,-53.4494,0,310.477,0.354086,0
381,306.617,-53.5281,0,311.254,0.35382,0
382,307.391,-53.6067,0,312.03,0.357626,0
383,308.165,-53.6852,0,312.806,0.354083,0
384,308.939,-53.7635,0,313.582,0.351077,0
385,309.713,-53.8418,0,314.358,0.359586,0
386,310.486,-53.9199,0,315.133,0.361095,0
387,311.259,-53.9979,0,315.908,0.365132,0
388,312.032,-54.0758,0,316.683,0.352664,0
389,312.804,-54.1535,0,317.457,0.354905,0
390,313.576,-54.2312,0,318.231,0.34581,0
391,314.348,-54.3087,0,319.005,0.347711,0
392,315.119,-54.3861,0,319.778,0.347773,0
393,315.891,-54.4634,0,320.551,0.346892,0
394,316.661,-54.5406,0,321.324,0.349306,0
395,317.432,-54.6177,0,322.097,0.346533,0
396,318.202,-54.6946,0,322.869,0.350564,0
397,318.972,-54.7714,0,323.641,0.350953,0
398,319.742,-54.8482,0,324.412,0.344802,0
399,320.511,-54.9248,0,325.183,0.345114,0
400,321.28,-55.0013,0,325.954,0.347842,0
401,322.049,-55.0776,0,326.725,0.348168,0
402,322.818,-55.1539,0,327.495,0.348607,0
403,323.586,-55.23,0,328.265,0.350839,0
404,324.354,-55.3061,0,329.035,0.347318,0
405,325.121,-55.382,0,329.805,0.340182,0
406,325.889,-55.4578,0,330.574,0.34506,0
407,326.656,-55.5335,0,331.342,0.35024,0
408,327.422,-55.6091,0,332.111,0.347652,0
409,328.189,-55.6845,0,332.879,0.350426,0
410,328.955,-55.7599,0,333.647,0.350349,0
411,329.721,-55.8351,0,334.415,0.353274,0
412,330.486,-55.9102,0,335.182,0.349085,0
413,331.251,-55.9852,0,335.949,0.34431,0
414,332.016,-56.0601,0,336.716,0.347345,0
415,332.781,-56.1349,0,337.482,0.34893,0
416,333.545,-56.2096,0,338.248,0.346652,0
417,334.309,-56.2842,0,339.014,0.347092,0
418,335.073,-56.3586,0,339.78,0.342842,0
419,335.837,-56.4329,0,340.545,0.338895,0
420,336.6,-56.5072,0,341.31,0.343744,0
421,337.363,-56.5813,0,342.075,0.345714,0
422,338.125,-56.6553,0,342.839,0.345848,0
423,338.888,-56.7292,0,343.603,0.351221,0
424,339.65,-56.803,0,344.367,0.351248,0
425,340.411,-56.8767,0,345.13,0.355489,0
426,341.173,-56.9502,0,345.893,0.343406,0
427,341.934,-57.0237,0,346.656,0.3418,0
428,342.695,-57.0971,0,347.419,0.336626,0
429,343.455,-57.1703,0,348.181,0.339222,0
430,344.215,-57.2434,0,348.943,0.340405,0
431,344.975,-57.3165,0,349.704,0.340843,0
432,345.735,-57.3894,0,350.466,0.341044,0
433,346.494,-57.4622,0,351.227,0.335309,0
434,347.254,-57.5349,0,351.988,0.330882,0
435,348.012,-57.6075,0,352.748,0.337126,0
436,348.771,-57.68,0,353.508,0.341151,0
437,349.529,-57.7523,0,354.268,0.343496,0
438,350.287,-57.8246,0,355.028,0.34609,0
439,351.045,-57.8968,0,355.787,0.343981,0
440,351.802,-57.9688,0,356.546,0.335723,0
441,352.559,-58.0408,0,357.305,0.337112,0
442,353.316,-58.1126,0,358.063,0.334422,0
443,354.072,-58.1844,0,358.821,0.334323,0
444,354.829,-58.256,0,359.579,0.331899,0
445,355.585,-58.3276,0,360.337,0.331351,0
446,356.34,-58.399,0,361.094,0.336212,0
447,357.095,-58.4703,0,361.851,0.335446,0
448,357.85,-58.5415,0,362.607,0.335815,0
449,358.605,-58.6126,0,363.364,0.328496,0
450,359.36,-58.6836,0,364.12,0.323707,0
451,360.114,-58.7545,0,364.875,0.327935,0
452,360.868,-58.8253,0,365.631,0.335218,0
453,361.621,-58.896,0,366.386,0.33886,0
454,362.375,-58.9666,0,367.141,0.336043,0
455,363.128,-59.0371,0,367.896,0.334468,0
456,363.881,-59.1075,0,368.65,0.333486,0
457,364.633,-59.1778,0,369.404,0.337467,0
458,365.385,-59.2479,0,370.158,0.341333,0
459,366.137,-59.318,0,370.911,0.340492,0
460,366.889,-59.388,0,371.664,0.335696,0
461,367.64,-59.4579,0,372.417,0.330746,0
462,368.391,-59.5276,0,373.17,0.3308,0
463,369.142,-59.5973,0,373.922,0.331719,0
464,369.892,-59.6668,0,374.674,0.331408,0
465,370.643,-59.7363,0,375.426,0.328289,0
466,371.393,-59.8057,0,376.177,0.328482,0
467,372.142,-59.8749,0,376.928,0.327109,0
468,372.891,-59.9441,0,377.679,0.328939,0
469,373.641,-60.0131,0,378.429,0.329229,0
470,374.389,-60.0821,0,379.18,0.329474,0
471,375.138,-60.1509,0,379.93,0.326659,0
472,375.886,-60.2197,0,380.679,0.327124,0
473,376.634,-60.2883,0,381.429,0.326221,0
474,377.382,-60.3569,0,382.178,0.327256,0
475,378.129,-60.4254,0,382.927,0.32539,0
476,378.876,-60.4937,0,383.675,0.324671,0
477,379.623,-60.562,0,384.423,0.324577,0
478,380.369,-60.6301,0,385.171,0.3272,0
479,381.116,-60.6982,0,385.919,0.327014,0
480,381.862,-60.7661,0,386.666,0.324914,0
481,382.607,-60.834,0,387.413,0.325705,0
482,383.353,-60.9017,0,388.16,0.329247,0
483,384.098,-60.9694,0,388.907,0.329906,0
484,384.843,-61.0369,0,389.653,0.336011,0
485,385.587,-61.1044,0,390.399,0.33874,0
486,386.331,-61.1718,0,391.144,0.332794,0
487,387.075,-61.239,0,391.89,0.337304,0
488,387.819,-61.3062,0,392.635,0.333738,0
489,388.562,-61.3733,0,393.38,0.333034,0
490,389.306,-61.4402,0,394.124,0.328976,0
491,390.048,-61.5071,0,394.868,0.332177,0
492,390.791,-61.5739,0,395.612,0.336148,0
493,391.533,-61.6406,0,396.356,0.332382,0
494,392.275,-61.7071,0,397.099,0.334461,0
495,393.017,-61.7736,0,397.842,0.335486,0
496,393.759,-61.84,0,398.585,0.33249,0
497,394.5,-61.9063,0,399.328,0.338405,0
498,395.241,-61.9725,0,400.07,0.332292,0
499,395.981,-62.0386,0,400.812,0.331397,0
500,396.722,-62.1046,0,401.553,0.336957,0
501,397.462,-62.1705,0,402.295,0.331527,0
502,398.202,-62.2363,0,403.036,0.33499,0
503,398.941,-62.302,0,403.777,0.323389,0
504,399.68,-62.3676,0,404.517,0.335668,0
505,400.419,-62.4332,0,405.257,0.339543,0
506,401.158,-62.4986,0,405.997,0.33979,0
507,401.896,-62.5639,0,406.737,0.335032,0
508,402.635,-62.6292,0,407.476,0.331486,0
509,403.372,-62.6943,0,408.216,0.333997,0
510,404.11,-62.7593,0,408.954,0.328619,0
511,404.847,-62.8243,0,409.693,0.332262,0
512,405.584,-62.8891,0,410.431,0.329016,0
513,406.321,-62.9539,0,411.169,0.333729,0
514,407.058,-63.0186,0,411.907,0.33658,0
515,407.794,-63.0832,0,412.644,0.33845,0
516,408.53,-63.1476,0,413.381,0.339917,0
517,409.265,-63.212,0,414.118,0.341634,0
518,410.001,-63.2763,0,414.855,0.345066,0
519,410.736,-63.3405,0,415.591,0.337382,0
520,411.471,-63.4046,0,416.327,0.332405,0
521,412.205,-63.4686,0,417.063,0.329853,0
522,412.94,-63.5325,0,417.798,0.331501,0
523,413.674,-63.5964,0,418.534,0.329085,0
524,414.407,-63.6601,0,419.268,0.328471,0
525,415.141,-63.7237,0,420.003,0.326418,0
526,415.874,-63.7873,0,420.737,0.329687,0
527,416.607,-63.8507,0,421.471,0.330592,0
528,417.339,-63.9141,0,422.205,0.332142,0
529,418.072,-63.9774,0,422.939,0.334953,0
530,418.804,-64.0405,0,423.672,0.329688,0
531,419.536,-64.1036,0,424.405,0.328252,0
532,420.267,-64.1666,0,425.138,0.326992,0
533,420.999,-64.2295,0,425.87,0.329456,0
534,421.729,-64.2923,0,426.602,0.326272,0
535,422.46,-64.355,0,427.334,0.330581,0
536,423.191,-64.4177,0,428.065,0.3254,0
537,423.921,-64.4802,0,428.797,0.323616,0
538,424.651,-64.5426,0,429.528,0.322569,0
539,425.38,-64.605,0,430.258,0.325451,0
540,426.11,-64.6673,0,430.989,0.328172,0
541,426.839,-64.7294,0,431.719,0.330354,0
542,427.568,-64.7915,0,432.449,0.336349,0
543,428.296,-64.8535,0,433.178,0.331783,0
544,429.024,-64.9154,0,433.908,0.334142,0
545,429.752,-64.9772,0,434.637,0.332989,0
546,430.48,-65.0389,0,435.366,0.334892,0
547,431.208,-65.1005,0,436.094,0.335676,0
548,431.935,-65.1621,0,436.822,0.339018,0
549,432.662,-65.2235,0,437.55,0.335129,0
550,433.388,-65.2849,0,438.278,0.334841,0
551,434.115,-65.3461,0,439.005,0.330077,0
552,434.841,-65.4073,0,439.732,0.3228,0
553,435.567,-65.4684,0,440.459,0.330867,0
554,436.292,-65.5294,0,441.186,0.337363,0
555,437.017,-65.5903,0,441.912,0.340336,0
556,437.742,-65.6511,0,442.638,0.337288,0
557,438.467,-65.7118,0,443.364,0.338277,0
558,439.192,-65.7725,0,444.089,0.331624,0
559,439.916,-65.833,0,444.815,0.330406,0
560,440.64,-65.8935,0,445.539,0.330005,0
561,441.363,-65.9538,0,446.264,0.327695,0
562,442.087,-66.0141,0,446.988,0.330318,0
563,442.81,-66.0743,0,447.712,0.326689,0
564,443.533,-66.1344,0,448.436,0.323495,0
565,444.255,-66.1944,0,449.16,0.326612,0
566,444.978,-66.2543,0,449.883,0.322661,0
567,445.7,-66.3142,0,450.606,0.316024,0
568,446.422,-66.3739,0,451.329,0.322527,0
569,447.143,-66.4336,0,452.051,0.324345,0
570,447.864,-66.4932,0,452.773,0.326712,0
571,448.585,-66.5526,0,453.495,0.3222,0
572,449.306,-66.612,0,454.217,0.322115,0
573,450.026,-66.6713,0,454.938,0.326602,0
574,450.747,-66.7306,0,455.659,0.331112,0
575,451.467,-66.7897,0,456.38,0.333411,0
576,452.186,-66.8488,0,457.101,0.324819,0
577,452.906,-66.9077,0,457.821,0.321969,0
578,453.625,-66.9666,0,458.541,0.322558,0
579,454.343,-67.0254,0,459.261,0.323559,0
580,455.062,-67.0841,0,459.98,0.318403,0
581,455.78,-67.1427,0,460.699,0.320288,0
582,456.498,-67.2012,0,461.418,0.320866,0
583,457.216,-67.2596,0,462.137,0.319531,0
584,457.934,-67.318,0,462.855,0.319951,0
585,458.651,-67.3762,0,463.573,0.322012,0
586,459.368,-67.4344,0,464.291,0.324673,0
587,460.085,-67.4925,0,465.009,0.324942,0
588,460.801,-67.5505,0,465.726,0.32734,0
589,461.517,-67.6084,0,466.443,0.319808,0
590,462.233,-67.6663,0,467.16,0.327273,0
591,462.949,-67.724,0,467.876,0.329874,0
592,463.664,-67.7817,0,468.592,0.332199,0
593,464.379,-67.8392,0,469.308,0.326821,0
594,465.094,-67.8967,0,470.024,0.323356,0
595,465.808,-67.9541,0,470.739,0.32262,0
596,466.523,-68.0114,0,471.454,0.321224,0
597,467.237,-68.0686,0,472.169,0.322772,0
598,467.951,-68.1258,0,472.884,0.317736,0
599,468.664,-68.1828,0,473.598,0.316239,0
600,469.377,-68.2398,0,474.312,0.317436,0
601,470.09,-68.2967,0,475.026,0.324399,0
602,470.803,-68.3535,0,475.739,0.330159,0
603,471.515,-68.4102,0,476.452,0.329024,0
604,472.228,-68.4668,0,477.165,0.312627,0
605,472.94,-68.5234,0,477.878,0.329345,0
606,473.651,-68.5798,0,478.59,0.322631,0
607,474.363,-68.6362,0,479.302,0.326447,0
608,475.074,-68.6925,0,480.014,0.32358,0
609,475.785,-68.7487,0,480.726,0.319897,0
610,476.495,-68.8048,0,481.437,0.325467,0
611,477.206,-68.8609,0,482.148,0.330358,0
612,477.916,-68.9168,0,482.859,0.335431,0
613,478.625,-68.9727,0,483.57,0.323759,0
614,479.335,-69.0285,0,484.28,0.316374,0
615,480.044,-69.0842,0,484.99,0.325649,0
616,480.753,-69.1398,0,485.699,0.324971,0
617,481.462,-69.1953,0,486.409,0.329043,0
618,482.17,-69.2507,0,487.118,0.323143,0
619,482.879,-69.3061,0,487.827,0.320984,0
620,483.587,-69.3614,0,488.536,0.31372,0
621,484.294,-69.4166,0,489.244,0.322767,0
622,485.002,-69.4717,0,489.952,0.320631,0
623,485.709,-69.5267,0,490.66,0.323796,0
624,486.416,-69.5816,0,491.367,0.328438,0
625,487.123,-69.6365,0,492.075,0.323573,0
626,487.829,-69.6913,0,492.782,0.327282,0
627,488.535,-69.7459,0,493.489,0.321635,0
628,489.241,-69.8005,0,494.195,0.327126,0
629,489.947,-69.8551,0,494.901,0.32962,0
630,490.652,-69.9095,0,495.607,0.328602,0
631,491.357,-69.9639,0,496.313,0.322717,0
632,492.062,-70.0181,0,497.018,0.318326,0
633,492.766,-70.0723,0,497.724,0.319693,0
634,493.471,-70.1264,0,498.428,0.318096,0
635,494.175,-70.1804,0,499.133,0.31618,0
636,494.878,-70.2344,0,499.837,0.311395,0
637,495.582,-70.2882,0,500.542,0.316708,0
638,496.285,-70.342,0,501.245,0.318912,0
639,496.988,-70.3957,0,501.949,0.319416,0
640,497.691,-70.4493,0,502.652,0.322237,0
641,498.393,-70.5028,0,503.355,0.320415,0
642,499.095,-70.5563,0,504.058,0.31966,0
643,499.797,-70.6096,0,504.76,0.318011,0
644,500.499,-70.6629,0,505.463,0.315597,0
645,501.2,-70.7161,0,506.165,0.320475,0
646,501.902,-70.7692,0,506.866,0.317064,0
647,502.603,-70.8222,0,507.568,0.315845,0
648,503.303,-70.8752,0,508.269,0.316564,0
649,504.004,-70.928,0,508.97,0.321022,0
650,504.704,-70.9808,0,509.671,0.320079,0
651,505.403,-71.0335,0,510.371,0.324629,0
652,506.103,-71.0861,0,511.071,0.319644,0
653,506.802,-71.1386,0,511.771,0.316935,0
654,507.501,-71.1911,0,512.47,0.317888,0
655,508.2,-71.2435,0,513.17,0.320486,0
656,508.899,-71.2958,0,513.869,0.315934,0
657,509.597,-71.348,0,514.568,0.322244,0
658,510.295,-71.4001,0,515.266,0.317264,0
659,510.993,-71.4521,0,515.964,0.313288,0
660,511.69,-71.5041,0,516.662,0.308992,0
661,512.388,-71.556,0,517.36,0.317786,0
662,513.085,-71.6078,0,518.057,0.31618,0
663,513.781,-71.6595,0,518.755,0.32216,0
664,514.478,-71.7111,0,519.452,0.326028,0
665,515.174,-71.7627,0,520.148,0.319252,0
666,515.87,-71.8141,0,520.845,0.312317,0
667,516.566,-71.8655,0,521.541,0.313901,0
668,517.261,-71.9168,0,522.237,0.312363,0
669,517.956,-71.968,0,522.932,0.31278,0
670,518.651,-72.0192,0,523.628,0.312347,0
671,519.346,-72.0703,0,524.323,0.315261,0
672,520.04,-72.1212,0,525.018,0.310235,0
673,520.734,-72.1721,0,525.712,0.312301,0
674,521.428,-72.223,0,526.406,0.317197,0
675,522.122,-72.2737,0,527.1,0.316775,0
676,522.815,-72.3244,0,527.794,0.319632,0
677,523.509,-72.3749,0,528.488,0.314273,0
678,524.201,-72.4254,0,529.181,0.312686,0
679,524.894,-72.4758,0,529.874,0.310942,0
680,525.586,-72.5262,0,530.567,0.308281,0
681,526.278,-72.5764,0,531.259,0.308679,0
682,526.97,-72.6266,0,531.951,0.30822,0
683,527.662,-72.6767,0,532.643,0.30928,0
684,528.353,-72.7267,0,533.335,0.311755,0
685,529.044,-72.7766,0,534.026,0.312266,0
686,529.735,-72.8265,0,534.717,0.316535,0
687,530.425,-72.8762,0,535.408,0.322814,0
688,531.116,-72.9259,0,536.099,0.315776,0
689,531.806,-72.9755,0,536.789,0.307649,0
690,532.495,-73.0251,0,537.479,0.303101,0
691,533.185,-73.0745,0,538.169,0.308578,0
692,533.874,-73.1239,0,538.859,0.314431,0
693,534.563,-73.1732,0,539.548,0.310374,0
694,535.252,-73.2224,0,540.237,0.312802,0
695,535.94,-73.2715,0,540.926,0.307899,0
696,536.629,-73.3205,0,541.614,0.306238,0
697,537.317,-73.3695,0,542.303,0.3073,0
698,538.004,-73.4184,0,542.991,0.309853,0
699,538.692,-73.4672,0,543.678,0.312174,0
700,539.379,-73.5159,0,544.366,0.312636,0
701,540.066,-73.5645,0,545.053,0.314007,0
702,540.753,-73.6131,0,545.74,0.312688,0
703,541.439,-73.6616,0,546.427,0.310915,0
704,542.125,-73.71,0,547.113,0.310843,0
705,542.811,-73.7583,0,547.799,0.309268,0
706,543.497,-73.8066,0,548.485,0.311651,0
707,544.182,-73.8547,0,549.171,0.313084,0
708,544.867,-73.9028,0,549.856,0.306834,0
709,545.552,-73.9508,0,550.541,0.304837,0
710,546.237,-73.9987,0,551.226,0.300417,0
711,546.921,-74.0466,0,551.911,0.304193,0
712,547.605,-74.0943,0,552.595,0.305491,0
713,548.289,-74.142,0,553.279,0.303352,0
714,548.973,-74.1896,0,553.963,0.302449,0
715,549.656,-74.2371,0,554.647,0.303244,0
716,550.339,-74.2846,0,555.33,0.3034,0
717,551.022,-74.332,0,556.013,0.304723,0
718,551.705,-74.3792,0,556.696,0.301345,0
719,552.387,-74.4264,0,557.378,0.300412,0
720,553.069,-74.4736,0,558.061,0.300786,0
721,553.751,-74.5206,0,558.743,0.300094,0
722,554.432,-74.5676,0,559.424,0.303326,0
723,555.114,-74.6145,0,560.106,0.301852,0
724,555.795,-74.6613,0,560.787,0.304159,0
725,556.476,-74.708,0,561.468,0.296329,0
726,557.156,-74.7547,0,562.149,0.305881,0
727,557.836,-74.8012,0,562.829,0.30681,0
728,558.516,-74.8477,0,563.509,0.310632,0
729,559.196,-74.8941,0,564.189,0.306805,0
730,559.876,-74.9405,0,564.869,0.303848,0
731,560.555,-74.9867,0,565.548,0.306694,0
732,561.234,-75.0329,0,566.227,0.30366,0
733,561.913,-75.079,0,566.906,0.302448,0
734,562.591,-75.125,0,567.585,0.304174,0
735,563.269,-75.1709,0,568.263,0.29951,0
736,563.947,-75.2168,0,568.941,0.296546,0
737,564.625,-75.2626,0,569.619,0.29912,0
738,565.303,-75.3083,0,570.297,0.296155,0
739,565.98,-75.3539,0,570.974,0.302443,0
740,566.657,-75.3994,0,571.651,0.306269,0
741,567.334,-75.4449,0,572.328,0.304708,0
742,568.01,-75.4902,0,573.005,0.30402,0
743,568.686,-75.5355,0,573.681,0.302922,0
744,569.362,-75.5808,0,574.357,0.299423,0
745,570.038,-75.6259,0,575.033,0.296096,0
746,570.713,-75.671,0,575.708,0.299144,0
747,571.389,-75.716,0,576.383,0.29477,0
748,572.064,-75.7609,0,577.058,0.300699,0
749,572.738,-75.8057,0,577.733,0.297489,0
750,573.413,-75.8504,0,578.408,0.301413,0
751,574.087,-75.8951,0,579.082,0.298517,0
752,574.761,-75.9397,0,579.756,0.300553,0
753,575.434,-75.9842,0,580.43,0.297001,0
754,576.108,-76.0286,0,581.103,0.289524,0
755,576.781,-76.073,0,581.776,0.297391,0
756,577.454,-76.1173,0,582.449,0.300068,0
757,578.127,-76.1615,0,583.122,0.300844,0
758,578.799,-76.2056,0,583.794,0.300799,0
759,579.471,-76.2496,0,584.466,0.295963,0
760,580.143,-76.2936,0,585.138,0.297021,0
761,580.815,-76.3375,0,585.81,0.296782,0
762,581.486,-76.3813,0,586.481,0.299921,0
763,582.157,-76.425,0,587.152,0.29834,0
764,582.828,-76.4686,0,587.823,0.298935,0
765,583.499,-76.5122,0,588.494,0.300792,0
766,584.169,-76.5557,0,589.164,0.300653,0
767,584.839,-76.5991,0,589.834,0.296874,0
768,585.509,-76.6424,0,590.504,0.295843,0
769,586.179,-76.6857,0,591.174,0.299522,0
770,586.848,-76.7288,0,591.843,0.294358,0
771,587.517,-76.7719,0,592.512,0.298072,0
772,588.186,-76.8149,0,593.181,0.301886,0
773,588.855,-76.8579,0,593.849,0.301115,0
774,589.523,-76.9007,0,594.518,0.293856,0
775,590.191,-76.9435,0,595.186,0.291921,0
776,590.859,-76.9862,0,595.853,0.293269,0
777,591.527,-77.0288,0,596.521,0.294876,0
778,592.194,-77.0714,0,597.188,0.295534,0
779,592.861,-77.1138,0,597.855,0.292667,0
780,593.528,-77.1562,0,598.522,0.294901,0
781,594.194,-77.1985,0,599.188,0.29032,0
782,594.861,-77.2407,0,599.855,0.289598,0
783,595.527,-77.2829,0,600.521,0.28899,0
784,596.193,-77.325,0,601.186,0.290652,0
785,596.858,-77.367,0,601.852,0.290183,0
786,597.524,-77.4089,0,602.517,0.293526,0
787,598.189,-77.4507,0,603.182,0.29109,0
788,598.853,-77.4924,0,603.846,0.291158,0
789,599.518,-77.5341,0,604.511,0.284665,0
790,600.182,-77.5757,0,605.175,0.289103,0
791,600.846,-77.6172,0,605.839,0.297051,0
792,601.51,-77.6587,0,606.503,0.292737,0
793,602.174,-77.7,0,607.166,0.294996,0
794,602.837,-77.7413,0,607.829,0.290916,0
795,603.5,-77.7825,0,608.492,0.288896,0
796,604.163,-77.8236,0,609.155,0.288118,0
797,604.826,-77.8647,0,609.817,0.288883,0
798,605.488,-77.9056,0,610.479,0.282272,0
799,606.15,-77.9465,0,611.141,0.286255,0
800,606.812,-77.9873,0,611.803,0.287122,0
801,607.473,-78.0281,0,612.464,0.290284,0
802,608.134,-78.0687,0,613.125,0.292935,0
803,608.795,-78.1093,0,613.786,0.292509,0
804,609.456,-78.1498,0,614.446,0.292185,0
805,610.117,-78.1902,0,615.107,0.286638,0
806,610.777,-78.2305,0,615.767,0.285015,0
807,611.437,-78.2708,0,616.427,0.28301,0
808,612.097,-78.311,0,617.086,0.287275,0
809,612.756,-78.3511,0,617.745,0.290905,0
810,613.416,-78.3911,0,618.404,0.286179,0
811,614.075,-78.431,0,619.063,0.291302,0
812,614.733,-78.4709,0,619.722,0.287589,0
813,615.392,-78.5107,0,620.38,0.281272,0
814,616.05,-78.5504,0,621.038,0.289091,0
815,616.708,-78.59,0,621.696,0.279154,0
816,617.366,-78.6296,0,622.353,0.286409,0
817,618.024,-78.669,0,623.01,0.284675,0
818,618.681,-78.7084,0,623.667,0.283641,0
819,619.338,-78.7477,0,624.324,0.279076,0
820,619.995,-78.787,0,624.981,0.28238,0
821,620.651,-78.8261,0,625.637,0.29049,0
822,621.307,-78.8652,0,626.293,0.29104,0
823,621.963,-78.9042,0,626.948,0.287544,0
824,622.619,-78.9431,0,627.604,0.282102,0
825,623.275,-78.982,0,628.259,0.281674,0
826,623.93,-79.0207,0,628.914,0.281721,0
827,624.585,-79.0594,0,629.569,0.282738,0
828,625.24,-79.098,0,630.223,0.280213,0
829,625.894,-79.1365,0,630.877,0.277499,0
830,626.548,-79.175,0,631.531,0.27569,0
831,627.202,-79.2133,0,632.185,0.276717,0
832,627.856,-79.2516,0,632.838,0.277391,0
833,628.51,-79.2898,0,633.491,0.275152,0
834,629.163,-79.328,0,634.144,0.276911,0
835,629.816,-79.366,0,634.797,0.276867,0
836,630.469,-79.404,0,635.449,0.280816,0
837,631.121,-79.4419,0,636.101,0.28654,0
838,631.773,-79.4797,0,636.753,0.283181,0
839,632.425,-79.5174,0,637.405,0.275159,0
840,633.077,-79.5551,0,638.056,0.27154,0
841,633.728,-79.5926,0,638.707,0.278824,0
842,634.38,-79.6301,0,639.358,0.275863,0
843,635.031,-79.6675,0,640.008,0.277291,0
844,635.681,-79.7049,0,640.659,0.278252,0
845,636.332,-79.7421,0,641.309,0.274648,0
846,636.982,-79.7793,0,641.959,0.277837,0
847,637.632,-79.8164,0,642.608,0.280517,0
848,638.282,-79.8534,0,643.257,0.27884,0
849,638.931,-79.8904,0,643.906,0.276731,0
850,639.58,-79.9272,0,644.555,0.27836,0
851,640.229,-79.964,0,645.204,0.278025,0
852,640.878,-80.0007,0,645.852,0.278403,0
853,641.527,-80.0373,0,646.5,0.274849,0
854,642.175,-80.0739,0,647.148,0.268988,0
855,642.823,-80.1103,0,647.795,0.273477,0
856,643.471,-80.1467,0,648.443,0.274775,0
857,644.118,-80.183,0,649.09,0.276485,0
858,644.765,-80.2192,0,649.736,0.278576,0
859,645.412,-80.2554,0,650.383,0.278246,0
860,646.059,-80.2915,0,651.029,0.270555,0
861,646.705,-80.3274,0,651.675,0.274283,0
862,647.352,-80.3633,0,652.321,0.277724,0
863,647.997,-80.3992,0,652.966,0.28117,0
864,648.643,-80.4349,0,653.611,0.272769,0
865,649.289,-80.4706,0,654.256,0.267912,0
866,649.934,-80.5062,0,654.901,0.266681,0
867,650.579,-80.5417,0,655.545,0.269035,0
868,651.224,-80.5771,0,656.19,0.274732,0
869,651.868,-80.6124,0,656.833,0.275381,0
870,652.512,-80.6477,0,657.477,0.274598,0
871,653.156,-80.6829,0,658.121,0.269003,0
872,653.8,-80.718,0,658.764,0.27044,0
873,654.443,-80.753,0,659.407,0.271394,0
874,655.086,-80.788,0,660.049,0.270618,0
875,655.729,-80.8228,0,660.692,0.271781,0
876,656.372,-80.8576,0,661.334,0.270373,0
877,657.015,-80.8923,0,661.976,0.269846,0
878,657.657,-80.927,0,662.617,0.270941,0
879,658.299,-80.9615,0,663.259,0.269171,0
880,658.94,-80.996,0,663.9,0.268573,0
881,659.582,-81.0304,0,664.541,0.267383,0
882,660.223,-81.0647,0,665.181,0.264119,0
883,660.864,-81.0989,0,665.821,0.264626,0
884,661.505,-81.133,0,666.462,0.265643,0
885,662.145,-81.1671,0,667.101,0.265333,0
886,662.785,-81.2011,0,667.741,0.267365,0
887,663.425,-81.235,0,668.38,0.267666,0
888,664.065,-81.2688,0,669.019,0.267909,0
889,664.704,-81.3025,0,669.658,0.265008,0
890,665.344,-81.3362,0,670.297,0.266214,0
891,665.982,-81.3698,0,670.935,0.264622,0
892,666.621,-81.4033,0,671.573,0.266212,0
893,667.26,-81.4367,0,672.211,0.26717,0
894,667.898,-81.47,0,672.848,0.264359,0
895,668.536,-81.5033,0,673.486,0.266681,0
896,669.173,-81.5365,0,674.123,0.265097,0
897,669.811,-81.5696,0,674.759,0.260839,0
898,670.448,-81.6026,0,675.396,0.265838,0
899,671.085,-81.6355,0,676.032,0.267915,0
900,671.722,-81.6684,0,676.668,0.269619,0
901,672.358,-81.7012,0,677.304,0.265971,0
902,672.994,-81.7338,0,677.939,0.26562,0
903,673.63,-81.7665,0,678.574,0.262857,0
904,674.266,-81.799,0,679.209,0.263919,0
905,674.901,-81.8314,0,679.844,0.263954,0
906,675.536,-81.8638,0,680.479,0.262756,0
907,676.171,-81.8961,0,681.113,0.263992,0
908,676.806,-81.9283,0,681.747,0.267713,0
909,677.44,-81.9604,0,682.38,0.268462,0
910,678.075,-81.9924,0,683.014,0.264979,0
911,678.708,-82.0244,0,683.647,0.264933,0
912,679.342,-82.0563,0,684.28,0.26568,0
913,679.976,-82.0881,0,684.913,0.288895,0
914,680.609,-82.1198,0,685.545,0.269388,0
915,681.242,-82.1514,0,686.177,0.258727,0
916,681.874,-82.183,0,686.809,0.255767,0
917,682.507,-82.2144,0,687.441,0.262266,0
918,683.139,-82.2458,0,688.072,0.260073,0
919,683.771,-82.2771,0,688.703,0.259553,0
920,684.402,-82.3084,0,689.334,0.261312,0
921,685.034,-82.3395,0,689.965,0.261876,0
922,685.665,-82.3706,0,690.595,0.261598,0
923,686.296,-82.4015,0,691.225,0.261051,0
924,686.927,-82.4324,0,691.855,0.25911,0
925,687.557,-82.4632,0,692.484,0.259533,0
926,688.187,-82.494,0,693.114,0.260978,0
927,688.817,-82.5246,0,693.743,0.261794,0
928,689.447,-82.5552,0,694.372,0.258622,0
929,690.076,-82.5857,0,695,0.257984,0
930,690.705,-82.6161,0,695.628,0.258216,0
931,691.334,-82.6464,0,696.257,0.258915,0
932,691.963,-82.6766,0,696.884,0.256579,0
933,692.591,-82.7068,0,697.512,0.255919,0
934,693.219,-82.7369,0,698.139,0.254816,0
935,693.847,-82.7668,0,698.766,0.253434,0
936,694.475,-82.7968,0,699.393,0.25704,0
937,695.102,-82.8266,0,700.019,0.259876,0
938,695.729,-82.8563,0,700.646,0.262339,0
939,696.356,-82.886,0,701.272,0.257701,0
940,696.983,-82.9155,0,701.897,0.254759,0
941,697.609,-82.945,0,702.523,0.25675,0
942,698.235,-82.9744,0,703.148,0.261381,0
943,698.861,-83.0038,0,703.773,0.255332,0
944,699.487,-83.033,0,704.398,0.25732,0
945,700.112,-83.0621,0,705.022,0.25618,0
946,700.737,-83.0912,0,705.646,0.254604,0
947,701.362,-83.1202,0,706.27,0.254885,0
948,701.987,-83.1491,0,706.894,0.254401,0
949,702.611,-83.1779,0,707.517,0.254089,0
950,703.235,-83.2067,0,708.141,0.251831,0
951,703.859,-83.2353,0,708.763,0.253457,0
952,704.483,-83.2639,0,709.386,0.25139,0
953,705.106,-83.2924,0,710.008,0.253103,0
954,705.729,-83.3208,0,710.631,0.257079,0
955,706.352,-83.3491,0,711.253,0.254096,0
956,706.975,-83.3773,0,711.874,0.252336,0
957,707.597,-83.4055,0,712.495,0.256374,0
958,708.219,-83.4336,0,713.117,0.258739,0
959,708.841,-83.4615,0,713.737,0.25384,0
960,709.462,-83.4894,0,714.358,0.250755,0
961,710.084,-83.5173,0,714.978,0.24771,0
962,710.705,-83.545,0,715.598,0.25133,0
963,711.326,-83.5726,0,716.218,0.264245,0
964,711.946,-83.6002,0,716.838,0.255429,0
965,712.567,-83.6277,0,717.457,0.249324,0
966,713.187,-83.655,0,718.076,0.249225,0
967,713.806,-83.6824,0,718.695,0.24897,0
968,714.426,-83.7096,0,719.313,0.247149,0
969,715.045,-83.7367,0,719.932,0.250769,0
970,715.664,-83.7637,0,720.55,0.260559,0
971,716.283,-83.7907,0,721.168,0.251348,0
972,716.902,-83.8176,0,721.785,0.246297,0
973,717.52,-83.8444,0,722.402,0.246722,0
974,718.138,-83.8711,0,723.019,0.252762,0
975,718.756,-83.8977,0,723.636,0.253049,0
976,719.374,-83.9242,0,724.252,0.253507,0
977,719.991,-83.9507,0,724.869,0.24891,0
978,720.608,-83.9771,0,725.485,0.247574,0
979,721.225,-84.0033,0,726.1,0.246338,0
980,721.841,-84.0295,0,726.716,0.251309,0
981,722.458,-84.0556,0,727.331,0.249049,0
982,723.074,-84.0817,0,727.946,0.247029,0
983,723.689,-84.1076,0,728.56,0.245681,0
984,724.305,-84.1334,0,729.175,0.246818,0
985,724.92,-84.1592,0,729.789,0.248949,0
986,725.535,-84.1849,0,730.403,0.250577,0
987,726.15,-84.2105,0,731.016,0.247764,0
988,726.764,-84.236,0,731.63,0.246944,0
989,727.379,-84.2614,0,732.243,0.245587,0
990,727.993,-84.2867,0,732.856,0.248516,0
991,728.606,-84.3119,0,733.468,0.246818,0
992,729.22,-84.3371,0,734.081,0.247473,0
993,729.833,-84.3622,0,734.693,0.252,0
994,730.446,-84.3871,0,735.305,0.246338,0
995,731.059,-84.412,0,735.916,0.24056,0
996,731.671,-84.4368,0,736.527,0.241013,0
997,732.284,-84.4615,0,737.138,0.241427,0
998,732.896,-84.4861,0,737.749,0.240054,0
999,733.507,-84.5106,0,738.36,0.241832,0
1000,734.119,-84.535,0,738.97,0.242324,0
1001,734.73,-84.5592,0,739.58,0.242349,0
1002,735.341,-84.5834,0,740.19,0.236022,0
1003,735.952,-84.6075,0,740.799,0.23382,0
1004,736.562,-84.6315,0,741.409,0.237673,0
1005,737.173,-84.6553,0,742.018,0.241454,0
1006,737.783,-84.6791,0,742.626,0.240079,0
1007,738.392,-84.7027,0,743.235,0.239506,0
1008,739.002,-84.7263,0,743.843,0.243847,0
1009,739.611,-84.7498,0,744.451,0.239626,0
1010,740.22,-84.7731,0,745.059,0.240595,0
1011,740.829,-84.7964,0,745.666,0.241973,0
1012,741.438,-84.8195,0,746.274,0.240959,0
1013,742.046,-84.8426,0,746.881,0.23881,0
1014,742.655,-84.8656,0,747.488,0.243953,0
1015,743.263,-84.8884,0,748.094,0.247693,0
1016,743.87,-84.9112,0,748.701,0.242447,0
1017,744.478,-84.9339,0,749.307,0.23847,0
1018,745.085,-84.9566,0,749.913,0.237516,0
1019,745.692,-84.9791,0,750.519,0.242304,0
1020,746.299,-85.0015,0,751.124,0.242307,0
1021,746.906,-85.0239,0,751.73,0.241641,0
1022,747.513,-85.0462,0,752.335,0.241145,0
1023,748.119,-85.0684,0,752.94,0.252476,0
1024,748.725,-85.0905,0,753.545,0.244828,0
1025,749.331,-85.1125,0,754.149,0.24047,0
1026,749.937,-85.1345,0,754.753,0.244147,0
1027,750.542,-85.1564,0,755.357,0.241562,0
1028,751.147,-85.1782,0,755.961,0.24141,0
1029,751.752,-85.1999,0,756.565,0.239438,0
1030,752.357,-85.2215,0,757.169,0.248077,0
1031,752.962,-85.243,0,757.772,0.240305,0
1032,753.567,-85.2645,0,758.375,0.234738,0
1033,754.171,-85.2858,0,758.978,0.233993,0
1034,754.775,-85.3071,0,759.58,0.237113,0
1035,755.379,-85.3283,0,760.183,0.239002,0
1036,755.983,-85.3493,0,760.785,0.234535,0
1037,756.586,-85.3703,0,761.387,0.23205,0
1038,757.189,-85.3912,0,761.989,0.231878,0
1039,757.792,-85.412,0,762.591,0.232053,0
1040,758.395,-85.4327,0,763.192,0.23467,0
1041,758.998,-85.4533,0,763.793,0.233497,0
1042,759.601,-85.4738,0,764.394,0.240368,0
1043,760.203,-85.4942,0,764.995,0.236491,0
1044,760.805,-85.5144,0,765.596,0.230619,0
1045,761.407,-85.5346,0,766.196,0.231427,0
1046,762.008,-85.5547,0,766.796,0.233179,0
1047,762.61,-85.5747,0,767.396,0.231162,0
1048,763.211,-85.5945,0,767.996,0.229159,0
1049,763.812,-85.6143,0,768.595,0.228015,0
1050,764.413,-85.634,0,769.195,0.22515,0
1051,765.014,-85.6535,0,769.794,0.22765,0
1052,765.614,-85.673,0,770.393,0.231805,0
1053,766.214,-85.6923,0,770.991,0.245812,0
1054,766.814,-85.7116,0,771.59,0.231722,0
1055,767.414,-85.7307,0,772.188,0.229085,0
1056,768.014,-85.7497,0,772.786,0.228272,0
1057,768.613,-85.7687,0,773.384,0.226279,0
1058,769.212,-85.7875,0,773.981,0.229003,0
1059,769.811,-85.8062,0,774.578,0.227029,0
1060,770.41,-85.8248,0,775.175,0.223796,0
1061,771.008,-85.8433,0,775.772,0.225443,0
1062,771.606,-85.8617,0,776.369,0.237035,0
1063,772.204,-85.88,0,776.965,0.222262,0
1064,772.802,-85.8982,0,777.561,0.22951,0
1065,773.4,-85.9162,0,778.157,0.226937,0
1066,773.997,-85.9342,0,778.753,0.223868,0
1067,774.594,-85.952,0,779.348,0.23603,0
1068,775.191,-85.9698,0,779.944,0.225165,0
1069,775.788,-85.9874,0,780.539,0.230911,0
1070,776.384,-86.0049,0,781.133,0.229412,0
1071,776.98,-86.0223,0,781.728,0.223957,0
1072,777.576,-86.0396,0,782.322,0.227337,0
1073,778.172,-86.0568,0,782.916,0.228944,0
1074,778.768,-86.0738,0,783.51,0.227265,0
1075,779.363,-86.0908,0,784.103,0.22563,0
1076,779.958,-86.1076,0,784.697,0.223403,0
1077,780.553,-86.1244,0,785.29,0.222229,0
1078,781.147,-86.141,0,785.882,0.222483,0
1079,781.741,-86.1575,0,786.475,0.221335,0
1080,782.336,-86.1739,0,787.067,0.222227,0
1081,782.929,-86.1901,0,787.659,0.222066,0
1082,783.523,-86.2063,0,788.251,0.222412,0
1083,784.116,-86.2223,0,788.843,0.22155,0
1084,784.709,-86.2382,0,789.434,0.221561,0
1085,785.302,-86.254,0,790.025,0.221165,0
1086,785.895,-86.2697,0,790.615,0.220328,0
1087,786.487,-86.2853,0,791.206,0.219699,0
1088,787.079,-86.3007,0,791.796,0.221706,0
1089,787.671,-86.3161,0,792.386,0.221894,0
1090,788.262,-86.3313,0,792.976,0.22095,0
1091,788.854,-86.3463,0,793.565,0.219186,0
1092,789.445,-86.3613,0,794.154,0.218531,0
1093,790.035,-86.3761,0,794.743,0.217508,0
1094,790.626,-86.3909,0,795.332,0.219981,0
1095,791.216,-86.4054,0,795.92,0.218326,0
1096,791.806,-86.4199,0,796.508,0.220794,0
1097,792.396,-86.4342,0,797.096,0.222993,0
1098,792.985,-86.4485,0,797.683,0.217972,0
1099,793.574,-86.4626,0,798.271,0.223231,0
1100,794.163,-86.4765,0,798.857,0.221798,0
1101,794.752,-86.4903,0,799.444,0.219127,0
1102,795.34,-86.5041,0,800.03,0.220342,0
1103,795.928,-86.5176,0,800.616,0.223853,0
1104,796.516,-86.5311,0,801.202,0.216689,0
1105,797.103,-86.5444,0,801.788,0.215016,0
1106,797.69,-86.5576,0,802.373,0.215414,0
1107,798.277,-86.5706,0,802.958,0.217083,0
1108,798.864,-86.5835,0,803.542,0.215436,0
1109,799.45,-86.5963,0,804.126,0.213153,0
1110,800.036,-86.6089,0,804.71,0.210934,0
1111,800.621,-86.6214,0,805.294,0.213173,0
1112,801.207,-86.6338,0,805.877,0.217578,0
1113,801.792,-86.646,0,806.46,0.215735,0
1114,802.376,-86.6581,0,807.043,0.210928,0
1115,802.961,-86.67,0,807.625,0.222754,0
1116,803.545,-86.6818,0,808.207,0.209653,0
1117,804.129,-86.6935,0,808.788,0.221966,0
1118,804.712,-86.705,0,809.37,0.212412,0
1119,805.295,-86.7164,0,809.951,0.219126,0
1120,805.878,-86.7276,0,810.531,0.21731,0
1121,806.46,-86.7386,0,811.111,0.212717,0
1122,807.042,-86.7495,0,811.691,0.212409,0
1123,807.624,-86.7602,0,812.271,0.209352,0
1124,808.205,-86.7708,0,812.85,0.205614,0
1125,808.786,-86.7812,0,813.429,0.215492,0
1126,809.367,-86.7913,0,814.007,0.216536,0
1127,809.947,-86.8012,0,814.585,0.211965,0
1128,810.527,-86.8109,0,815.163,0.210473,0
1129,811.107,-86.8204,0,815.74,0.208488,0
1130,811.686,-86.8297,0,816.317,0.20787,0
1131,812.265,-86.8387,0,816.893,0.211328,0
1132,812.843,-86.8475,0,817.469,0.208079,0
1133,813.421,-86.8561,0,818.045,0.20966,0
1134,813.999,-86.8645,0,818.621,0.204892,0
1135,814.577,-86.8727,0,819.196,0.202156,0
1136,815.154,-86.8806,0,819.771,0.200086,0
1137,815.731,-86.8884,0,820.345,0.216964,0
1138,816.307,-86.896,0,820.919,0.206473,0
1139,816.883,-86.9035,0,821.493,0.206187,0
1140,817.459,-86.9108,0,822.066,0.213325,0
1141,818.035,-86.9181,0,822.639,0.210695,0
1142,818.61,-86.9252,0,823.212,0.209748,0
1143,819.185,-86.9322,0,823.785,0.208785,0
1144,819.76,-86.9392,0,824.357,0.221046,0
1145,820.334,-86.946,0,824.929,0.213737,0
1146,820.908,-86.9528,0,825.5,0.215545,0
1147,821.481,-86.9595,0,826.071,0.213882,0
1148,822.054,-86.9662,0,826.642,0.214595,0
1149,822.627,-86.9728,0,827.212,0.221782,0
1150,823.199,-86.9794,0,827.782,0.206933,0
1151,823.771,-86.9841,0,828.351,0.201747,0
1152,824.342,-86.986,0,828.919,0.197875,0
1153,824.914,-86.9871,0,829.487,0.195331,0
1154,825.485,-86.988,0,830.056,0.198742,0
1155,826.056,-86.9887,0,830.624,0.202644,0
1156,826.627,-86.9892,0,831.192,0.200494,0
1157,827.198,-86.9897,0,831.759,0.201744,0
1158,827.769,-86.9901,0,832.327,0.202844,0
1159,828.34,-86.9905,0,832.895,0.204879,0
1160,828.911,-86.9908,0,833.463,0.203807,0
1161,829.481,-86.9911,0,834.03,0.205336,0
1162,830.052,-86.9914,0,834.598,0.207691,0
1163,830.623,-86.9917,0,835.165,0.207383,0
1164,831.193,-86.9919,0,835.733,0.20834,0
1165,831.764,-86.9921,0,836.301,0.205779,0
1166,832.334,-86.9923,0,836.868,0.210581,0
1167,832.905,-86.9925,0,837.435,0.214731,0
1168,833.475,-86.9927,0,838.003,0.213462,0
1169,834.046,-86.9929,0,838.57,0.214386,0
1170,834.616,-86.993,0,839.138,0.211616,0
1171,835.187,-86.9932,0,839.705,0.207775,0
1172,835.757,-86.9933,0,840.272,0.210272,0
1173,836.327,-86.9935,0,840.84,0.211871,0
1174,836.898,-86.9936,0,841.407,0.211524,0
1175,837.468,-86.9938,0,841.974,0.210492,0
1176,838.038,-86.9939,0,842.541,0.20922,0
1177,838.608,-86.994,0,843.108,0.21421,0
1178,839.179,-86.9941,0,843.676,0.214412,0
1179,839.749,-86.9942,0,844.243,0.214823,0
1180,840.319,-86.9943,0,844.81,0.213232,0
1181,840.889,-86.9944,0,845.377,0.215959,0
1182,841.459,-86.9945,0,845.944,0.216645,0
1183,842.029,-86.9946,0,846.511,0.215205,0
1184,842.599,-86.9947,0,847.078,0.213913,0
1185,843.169,-86.9948,0,847.645,0.216087,0
1186,843.74,-86.9949,0,848.213,0.216046,0
1187,844.31,-86.995,0,848.78,0.220362,0
1188,844.88,-86.9951,0,849.347,0.216253,0
1189,845.45,-86.9952,0,849.914,0.217406,0
1190,846.019,-86.9952,0,850.481,0.21525,0
1191,846.589,-86.9953,0,851.048,0.217,0
1192,847.159,-86.9954,0,851.614,0.21772,0
1193,847.729,-86.9955,0,852.181,0.218627,0
1194,848.299,-86.9955,0,852.748,0.216352,0
1195,848.869,-86.9956,0,853.315,0.21554,0
1196,849.439,-86.9957,0,853.882,0.215755,0
1197,850.009,-86.9957,0,854.449,0.220851,0
1198,850.579,-86.9958,0,855.016,0.215598,0
1199,851.148,-86.9959,0,855.583,0.22217,0
1200,851.718,-86.9959,0,856.15,0.220971,0
1201,852.288,-86.996,0,856.717,0.217409,0
1202,852.858,-86.996,0,857.283,0.216442,0
1203,853.428,-86.9961,0,857.85,0.21971,0
1204,853.997,-86.9961,0,858.417,0.214752,0
1205,854.567,-86.9962,0,858.984,0.214658,0
1206,855.137,-86.9963,0,859.551,0.21901,0
1207,855.707,-86.9963,0,860.117,0.220115,0
1208,856.276,-86.9964,0,860.684,0.217724,0
1209,856.846,-86.9964,0,861.251,0.222697,0
1210,857.416,-86.9965,0,861.818,0.220231,0
1211,857.985,-86.9965,0,862.385,0.217837,0
1212,858.555,-86.9966,0,862.951,0.217424,0
1213,859.125,-86.9966,0,863.518,0.218767,0
1214,859.694,-86.9966,0,864.085,0.216403,0
1215,860.264,-86.9967,0,864.651,0.220393,0
1216,860.833,-86.9967,0,865.218,0.220427,0
1217,861.403,-86.9968,0,865.785,0.220095,0
1218,861.973,-86.9968,0,866.352,0.216138,0
1219,862.542,-86.9968,0,866.918,0.218805,0
1220,863.112,-86.9969,0,867.485,0.221868,0
1221,863.681,-86.9969,0,868.052,0.221118,0
1222,864.251,-86.997,0,868.618,0.222711,0
1223,864.82,-86.997,0,869.185,0.220094,0
1224,865.39,-86.997,0,869.752,0.218126,0
1225,865.959,-86.9971,0,870.318,0.216234,0
1226,866.529,-86.9971,0,870.885,0.220722,0
1227,867.098,-86.9972,0,871.451,0.216326,0
1228,867.668,-86.9972,0,872.018,0.215723,0
1229,868.237,-86.9972,0,872.585,0.219507,0
1230,868.806,-86.9973,0,873.151,0.221839,0
1231,869.376,-86.9973,0,873.718,0.218519,0
1232,869.945,-86.9973,0,874.284,0.214279,0
1233,870.515,-86.9974,0,874.851,0.211144,0
1234,871.084,-86.9974,0,875.418,0.21573,0
1235,871.653,-86.9974,0,875.984,0.219384,0
1236,872.223,-86.9974,0,876.551,0.21957,0
1237,872.792,-86.9975,0,877.117,0.217588,0
1238,873.362,-86.9975,0,877.684,0.217613,0
1239,873.931,-86.9975,0,878.25,0.216018,0
1240,874.5,-86.9976,0,878.817,0.218572,0
1241,875.069,-86.9976,0,879.383,0.221659,0
1242,875.639,-86.9976,0,879.95,0.217217,0
1243,876.208,-86.9977,0,880.516,0.219354,0
1244,876.777,-86.9977,0,881.083,0.223181,0
1245,877.347,-86.9977,0,881.649,0.22131,0
1246,877.916,-86.9977,0,882.216,0.217945,0
1247,878.485,-86.9977,0,882.782,0.218808,0
1248,879.054,-86.9978,0,883.349,0.216998,0
1249,879.624,-86.9978,0,883.915,0.219946,0
1250,880.193,-86.9978,0,884.482,0.218629,0
1251,880.762,-86.9979,0,885.048,0.219028,0
1252,881.331,-86.9979,0,885.615,0.218144,0
1253,881.9,-86.9979,0,886.181,0.219536,0
1254,882.47,-86.9979,0,886.748,0.220635,0
1255,883.039,-86.9979,0,887.314,0.21991,0
1256,883.608,-86.998,0,887.88,0.225259,0
1257,884.177,-86.998,0,888.447,0.218808,0
1258,884.746,-86.998,0,889.013,0.219609,0
1259,885.315,-86.998,0,889.58,0.216265,0
1260,885.885,-86.9981,0,890.146,0.21743,0
1261,886.454,-86.9981,0,890.713,0.219838,0
1262,887.023,-86.9981,0,891.279,0.222432,0
1263,887.592,-86.9981,0,891.845,0.21805,0
1264,888.161,-86.9981,0,892.412,0.212898,0
1265,888.73,-86.9982,0,892.978,0.2199,0
1266,889.299,-86.9982,0,893.545,0.224072,0
1267,889.868,-86.9982,0,894.111,0.2132,0
1268,890.437,-86.9982,0,894.677,0.213708,0
1269,891.006,-86.9982,0,895.244,0.222053,0
1270,891.576,-86.9983,0,895.81,0.220971,0
1271,892.145,-86.9983,0,896.376,0.220093,0
1272,892.714,-86.9983,0,896.943,0.218572,0
1273,893.283,-86.9983,0,897.509,0.216836,0
1274,893.852,-86.9983,0,898.075,0.220949,0
1275,894.421,-86.9984,0,898.642,0.219163,0
1276,894.99,-86.9984,0,899.208,0.22133,0
1277,895.559,-86.9984,0,899.774,0.220949,0
1278,896.128,-86.9984,0,900.341,0.219952,0
1279,896.697,-86.9984,0,900.907,0.218514,0
1280,897.266,-86.9984,0,901.473,0.213301,0
1281,897.835,-86.9985,0,902.04,0.215786,0
1282,898.404,-86.9985,0,902.606,0.211964,0
1283,898.972,-86.9985,0,903.172,0.265023,0
1284,899.541,-86.9985,0,903.739,0.223116,0
1285,900.11,-86.9985,0,904.305,0.208248,0
1286,900.679,-86.9985,0,904.871,0.206039,0
1287,901.248,-86.9985,0,905.437,0.213876,0
1288,901.817,-86.9986,0,906.004,0.220774,0
1289,902.386,-86.9986,0,906.57,0.222693,0
1290,902.955,-86.9986,0,907.136,0.217004,0
1291,903.524,-86.9986,0,907.703,0.217881,0
1292,904.093,-86.9986,0,908.269,0.215248,0
1293,904.661,-86.9986,0,908.835,0.220334,0
1294,905.23,-86.9986,0,909.401,0.217413,0
1295,905.799,-86.9987,0,909.968,0.217,0
1296,906.368,-86.9987,0,910.534,0.216427,0
1297,906.937,-86.9987,0,911.1,0.263137,0
1298,907.506,-86.9987,0,911.666,0.216531,0
1299,908.075,-86.9987,0,912.232,0.205353,0
1300,908.643,-86.9987,0,912.799,0.205934,0
1301,909.212,-86.9987,0,913.365,0.215959,0
1302,909.781,-86.9988,0,913.931,0.220412,0
1303,910.35,-86.9988,0,914.497,0.220562,0
1304,910.919,-86.9988,0,915.064,0.215889,0
1305,911.487,-86.9988,0,915.63,0.21647,0
1306,912.056,-86.9988,0,916.196,0.213006,0
1307,912.625,-86.9988,0,916.762,0.215541,0
1308,913.194,-86.9988,0,917.328,0.219365,0
1309,913.762,-86.9988,0,917.895,0.221007,0
1310,914.331,-86.9989,0,918.461,0.217017,0
1311,914.9,-86.9989,0,919.027,0.221673,0
1312,915.469,-86.9989,0,919.593,0.215745,0
1313,916.037,-86.9989,0,920.159,0.216632,0
1314,916.606,-86.9989,0,920.726,0.216092,0
1315,917.175,-86.9989,0,921.292,0.2162,0
1316,917.744,-86.9989,0,921.858,0.215969,0
1317,918.312,-86.9989,0,922.424,0.216874,0
1318,918.881,-86.9989,0,922.99,0.223513,0
1319,919.45,-86.999,0,923.556,0.220558,0
1320,920.018,-86.999,0,924.123,0.214066,0
1321,920.587,-86.999,0,924.689,0.215092,0
1322,921.156,-86.999,0,925.255,0.21815,0
1323,921.724,-86.999,0,925.821,0.22065,0
1324,922.293,-86.999,0,926.387,0.221587,0
1325,922.862,-86.999,0,926.953,0.21926,0
1326,923.43,-86.999,0,927.519,0.217867,0
1327,923.999,-86.999,0,928.086,0.218707,0
1328,924.568,-86.999,0,928.652,0.21793,0
1329,925.136,-86.9991,0,929.218,0.219674,0
1330,925.705,-86.9991,0,929.784,0.220824,0
1331,926.273,-86.9991,0,930.35,0.218553,0
1332,926.842,-86.9991,0,930.916,0.218762,0
1333,927.411,-86.9991,0,931.482,0.222052,0
1334,927.979,-86.9991,0,932.048,0.2328,0
1335,928.548,-86.9991,0,932.615,0.214649,0
1336,929.116,-86.9991,0,933.181,0.212843,0
1337,929.685,-86.9991,0,933.747,0.21684,0
1338,930.254,-86.9991,0,934.313,0.222436,0
1339,930.822,-86.9991,0,934.879,0.218932,0
1340,931.391,-86.9992,0,935.445,0.217312,0
1341,931.959,-86.9992,0,936.011,0.217017,0
1342,932.528,-86.9992,0,936.577,0.216708,0
1343,933.096,-86.9992,0,937.143,0.222483,0
1344,933.665,-86.9992,0,937.709,0.225254,0
1345,934.233,-86.9992,0,938.276,0.221469,0
1346,934.802,-86.9992,0,938.842,0.222346,0
1347,935.37,-86.9992,0,939.408,0.221798,0
1348,935.939,-86.9992,0,939.974,0.219273,0
1349,936.507,-86.9992,0,940.54,0.220873,0
1350,937.076,-86.9992,0,941.106,0.221864,0
1351,937.644,-86.9992,0,941.672,0.217749,0
1352,938.213,-86.9993,0,942.238,0.21484,0
1353,938.781,-86.9993,0,942.804,0.221734,0
1354,939.35,-86.9993,0,943.37,0.223096,0
1355,939.918,-86.9993,0,943.936,0.212026,0
1356,940.487,-86.9993,0,944.502,0.213388,0
1357,941.055,-86.9993,0,945.068,0.221531,0
1358,941.624,-86.9993,0,945.634,0.228809,0
1359,942.192,-86.9993,0,946.2,0.223919,0
1360,942.761,-86.9993,0,946.766,0.22071,0
1361,943.329,-86.9993,0,947.332,0.213725,0
1362,943.897,-86.9993,0,947.898,0.21439,0
1363,944.466,-86.9993,0,948.464,0.218702,0
1364,945.034,-86.9993,0,949.03,0.222277,0
1365,945.603,-86.9993,0,949.596,0.218887,0
1366,946.171,-86.9994,0,950.162,0.217068,0
1367,946.74,-86.9994,0,950.729,0.221475,0
1368,947.308,-86.9994,0,951.294,0.22206,0
1369,947.876,-86.9994,0,951.861,0.222644,0
1370,948.445,-86.9994,0,952.427,0.221498,0
1371,949.013,-86.9994,0,952.992,0.219663,0
1372,949.581,-86.9994,0,953.559,0.22161,0
1373,950.15,-86.9994,0,954.125,0.218971,0
1374,950.718,-86.9994,0,954.691,0.21726,0
1375,951.287,-86.9994,0,955.257,0.222217,0
1376,951.855,-86.9994,0,955.823,0.221355,0
1377,952.423,-86.9994,0,956.389,0.217391,0
1378,952.992,-86.9994,0,956.954,0.216368,0
1379,953.56,-86.9994,0,957.52,0.217643,0
1380,954.128,-86.9994,0,958.086,0.221079,0
1381,954.697,-86.9994,0,958.652,0.219441,0
1382,955.265,-86.9995,0,959.218,0.215639,0
1383,955.833,-86.9995,0,959.784,0.218471,0
1384,956.402,-86.9995,0,960.35,0.216709,0
1385,956.97,-86.9995,0,960.916,0.219849,0
1386,957.538,-86.9995,0,961.482,0.221917,0
1387,958.106,-86.9995,0,962.048,0.222182,0
1388,958.675,-86.9995,0,962.614,0.219318,0
1389,959.243,-86.9995,0,963.18,0.218302,0
1390,959.811,-86.9995,0,963.746,0.214539,0
1391,960.38,-86.9995,0,964.312,0.22682,0
1392,960.948,-86.9995,0,964.878,0.217227,0
1393,961.516,-86.9995,0,965.444,0.216186,0
1394,962.084,-86.9995,0,966.01,0.213631,0
1395,962.653,-86.9995,0,966.576,0.223378,0
1396,963.221,-86.9995,0,967.142,0.218343,0
1397,963.789,-86.9995,0,967.708,0.217353,0
1398,964.357,-86.9995,0,968.274,0.221024,0
1399,964.926,-86.9995,0,968.84,0.219513,0
1400,965.494,-86.9995,0,969.406,0.219031,0
1401,966.062,-86.9995,0,969.971,0.21971,0
1402,966.63,-86.9995,0,970.537,0.219048,0
1403,967.198,-86.9996,0,971.103,0.216444,0
1404,967.767,-86.9996,0,971.669,0.224043,0
1405,968.335,-86.9996,0,972.235,0.221713,0
1406,968.903,-86.9996,0,972.801,0.209259,0
1407,969.471,-86.9996,0,973.367,0.207676,0
1408,970.039,-86.9996,0,973.933,0.216483,0
1409,970.608,-86.9996,0,974.499,0.225842,0
1410,971.176,-86.9996,0,975.065,0.22107,0
1411,971.744,-86.9996,0,975.631,0.219178,0
1412,972.312,-86.9996,0,976.197,0.216131,0
1413,972.88,-86.9996,0,976.763,0.217558,0
1414,973.448,-86.9996,0,977.328,0.22071,0
1415,974.017,-86.9996,0,977.894,0.223029,0
1416,974.585,-86.9996,0,978.46,0.218995,0
1417,975.153,-86.9996,0,979.026,0.216915,0
1418,975.721,-86.9996,0,979.592,0.215409,0
1419,976.289,-86.9996,0,980.158,0.21688,0
1420,976.857,-86.9996,0,980.724,0.219256,0
1421,977.425,-86.9996,0,981.29,0.22044,0
1422,977.994,-86.9996,0,981.856,0.218807,0
1423,978.562,-86.9996,0,982.421,0.216343,0
1424,979.13,-86.9996,0,982.987,0.218089,0
1425,979.698,-86.9996,0,983.553,0.218622,0
1426,980.266,-86.9996,0,984.119,0.222038,0
1427,980.834,-86.9997,0,984.685,0.21519,0
1428,981.402,-86.9997,0,985.251,0.214505,0
1429,981.97,-86.9997,0,985.817,0.21649,0
1430,982.538,-86.9997,0,986.383,0.224331,0
1431,983.106,-86.9997,0,986.948,0.219282,0
1432,983.674,-86.9997,0,987.514,0.218317,0
1433,984.243,-86.9997,0,988.08,0.216966,0
1434,984.811,-86.9997,0,988.646,0.220813,0
1435,985.379,-86.9997,0,989.212,0.219919,0
1436,985.947,-86.9997,0,989.778,0.21341,0
1437,986.515,-86.9997,0,990.344,0.216998,0
1438,987.083,-86.9997,0,990.909,0.216199,0
1439,987.651,-86.9997,0,991.475,0.218338,0
1440,988.219,-86.9997,0,992.041,0.2215,0
1441,988.787,-86.9997,0,992.607,0.219201,0
1442,989.355,-86.9997,0,993.173,0.220473,0
1443,989.923,-86.9997,0,993.739,0.217781,0
1444,990.491,-86.9997,0,994.304,0.215454,0
1445,991.059,-86.9997,0,994.87,0.219266,0
1446,991.627,-86.9997,0,995.436,0.223637,0
1447,992.195,-86.9997,0,996.002,0.222033,0
1448,992.763,-86.9997,0,996.568,0.220331,0
1449,993.331,-86.9997,0,997.134,0.219306,0
1450,993.899,-86.9997,0,997.699,0.221866,0
1451,994.467,-86.9997,0,998.265,0.217029,0
1452,995.035,-86.9997,0,998.831,0.218289,0
1453,995.603,-86.9997,0,999.397,0.220207,0
1454,996.171,-86.9997,0,999.963,0.22567,0
1455,996.739,-86.9997,0,1000.53,0.220611,0
1456,997.307,-86.9997,0,1001.09,0.221889,0
1457,997.875,-86.9998,0,1001.66,0.2222,0
1458,998.443,-86.9998,0,1002.23,0.221426,0
1459,999.011,-86.9998,0,1002.79,0.219719,0
1460,999.579,-86.9998,0,1003.36,0.223224,0
1461,1000.15,-86.9998,0,1003.92,0.220639,0
1462,1000.71,-86.9998,0,1004.49,0.220458,0
1463,1001.28,-86.9998,0,1005.05,0.22677,0
1464,1001.85,-86.9998,0,1005.62,0.221423,0
1465,1002.42,-86.9998,0,1006.19,0.216301,0
1466,1002.99,-86.9998,0,1006.75,0.217112,0
1467,1003.55,-86.9998,0,1007.32,0.226462,0
1468,1004.12,-86.9998,0,1007.88,0.220487,0
1469,1004.69,-86.9998,0,1008.45,0.215868,0
1470,1005.26,-86.9998,0,1009.02,0.221508,0
1471,1005.83,-86.9998,0,1009.58,0.221166,0
1472,1006.39,-86.9998,0,1010.15,0.22018,0
1473,1006.96,-86.9998,0,1010.71,0.217968,0
1474,1007.53,-86.9998,0,1011.28,0.219658,0
1475,1008.1,-86.9998,0,1011.84,0.225028,0
1476,1008.67,-86.9998,0,1012.41,0.222693,0
1477,1009.23,-86.9998,0,1012.98,0.215731,0
1478,1009.8,-86.9998,0,1013.54,0.214584,0
1479,1010.37,-86.9998,0,1014.11,0.217474,0
1480,1010.94,-86.9998,0,1014.67,0.263562,0
1481,1011.5,-86.9998,0,1015.24,0.217349,0
1482,1012.07,-86.9998,0,1015.8,0.208606,0
1483,1012.64,-86.9998,0,1016.37,0.212946,0
1484,1013.21,-86.9998,0,1016.94,0.216972,0
1485,1013.78,-86.9998,0,1017.5,0.221575,0
1486,1014.34,-86.9998,0,1018.07,0.225605,0
1487,1014.91,-86.9998,0,1018.63,0.223716,0
1488,1015.48,-86.9998,0,1019.2,0.220633,0
1489,1016.05,-86.9998,0,1019.77,0.216549,0
1490,1016.62,-86.9998,0,1020.33,0.216268,0
1491,1017.18,-86.9998,0,1020.9,0.222483,0
1492,1017.75,-86.9998,0,1021.46,0.222543,0
1493,1018.32,-86.9998,0,1022.03,0.220789,0
1494,1018.89,-86.9998,0,1022.59,0.217926,0
1495,1019.45,-86.9998,0,1023.16,0.221802,0
1496,1020.02,-86.9998,0,1023.73,0.224585,0
1497,1020.59,-86.9998,0,1024.29,0.222803,0
1498,1021.16,-86.9998,0,1024.86,0.222614,0
1499,1021.73,-86.9999,0,1025.42,0.221011,0
1500,1022.29,-86.9999,0,1025.99,0.223755,0
1501,1022.86,-86.9999,0,1026.55,0.219272,0
1502,1023.43,-86.9999,0,1027.12,0.22196,0
1503,1024,-86.9999,0,1027.69,0.224194,0
1504,1024.56,-86.9999,0,1028.25,0.222427,0
1505,1025.13,-86.9999,0,1028.82,0.220799,0
1506,1025.7,-86.9999,0,1029.38,0.223205,0
1507,1026.27,-86.9999,0,1029.95,0.225753,0
1508,1026.84,-86.9999,0,1030.51,0.221967,0
1509,1027.4,-86.9999,0,1031.08,0.219751,0
1510,1027.97,-86.9999,0,1031.65,0.218358,0
1511,1028.54,-86.9999,0,1032.21,0.224189,0
1512,1029.11,-86.9999,0,1032.78,0.226703,0
1513,1029.67,-86.9999,0,1033.34,0.223006,0
1514,1030.24,-86.9999,0,1033.91,0.224549,0
1515,1030.81,-86.9999,0,1034.47,0.223898,0
1516,1031.38,-86.9999,0,1035.04,0.22017,0
1517,1031.94,-86.9999,0,1035.61,0.222019,0
1518,1032.51,-86.9999,0,1036.17,0.221743,0
1519,1033.08,-86.9999,0,1036.74,0.221644,0
1520,1033.65,-86.9999,0,1037.3,0.220074,0
1521,1034.22,-86.9999,0,1037.87,0.225978,0
1522,1034.78,-86.9999,0,1038.43,0.229905,0
1523,1035.35,-86.9999,0,1039,0.224569,0
1524,1035.92,-86.9999,0,1039.57,0.226572,0
1525,1036.49,-86.9999,0,1040.13,0.224455,0
1526,1037.05,-86.9999,0,1040.7,0.221043,0
1527,1037.62,-86.9999,0,1041.26,0.221662,0
1528,1038.19,-86.9999,0,1041.83,0.219776,0
1529,1038.76,-86.9999,0,1042.39,0.223936,0
1530,1039.32,-86.9999,0,1042.96,0.218933,0
1531,1039.89,-86.9999,0,1043.53,0.225101,0
1532,1040.46,-86.9999,0,1044.09,0.223718,0
1533,1041.03,-86.9999,0,1044.66,0.225026,0
1534,1041.6,-86.9999,0,1045.22,0.222639,0
1535,1042.16,-86.9999,0,1045.79,0.221453,0
1536,1042.73,-86.9999,0,1046.35,0.220426,0
1537,1043.3,-86.9999,0,1046.92,0.221894,0
1538,1043.87,-86.9999,0,1047.48,0.221566,0
1539,1044.43,-86.9999,0,1048.05,0.223653,0
1540,1045,-86.9999,0,1048.62,0.222239,0
1541,1045.57,-86.9999,0,1049.18,0.221746,0
1542,1046.14,-86.9999,0,1049.75,0.221404,0
1543,1046.7,-86.9999,0,1050.31,0.225818,0
1544,1047.27,-86.9999,0,1050.88,0.223684,0
1545,1047.84,-86.9999,0,1051.44,0.225809,0
1546,1048.41,-86.9999,0,1052.01,0.221464,0
1547,1048.97,-86.9999,0,1052.58,0.22582,0
1548,1049.54,-86.9999,0,1053.14,0.22524,0
1549,1050.11,-86.9999,0,1053.71,0.224042,0
1550,1050.68,-86.9999,0,1054.27,0.222279,0
1551,1051.24,-86.9999,0,1054.84,0.221911,0
1552,1051.81,-86.9999,0,1055.4,0.220807,0
1553,1052.38,-86.9999,0,1055.97,0.219096,0
1554,1052.95,-86.9999,0,1056.54,0.219004,0
1555,1053.51,-86.9999,0,1057.1,0.221456,0
1556,1054.08,-86.9999,0,1057.67,0.226581,0
1557,1054.65,-86.9999,0,1058.23,0.221267,0
1558,1055.22,-86.9999,0,1058.8,0.220375,0
1559,1055.79,-86.9999,0,1059.36,0.218006,0
1560,1056.35,-86.9999,0,1059.93,0.222053,0
1561,1056.92,-86.9999,0,1060.49,0.227342,0
1562,1057.49,-86.9999,0,1061.06,0.221074,0
1563,1058.06,-86.9999,0,1061.63,0.218381,0
1564,1058.62,-86.9999,0,1062.19,0.222246,0
1565,1059.19,-86.9999,0,1062.76,0.22568,0
1566,1059.76,-86.9999,0,1063.32,0.222558,0
1567,1060.33,-86.9999,0,1063.89,0.219684,0
1568,1060.89,-86.9999,0,1064.45,0.217599,0
1569,1061.46,-86.9999,0,1065.02,0.218016,0
1570,1062.03,-86.9999,0,1065.59,0.219239,0
1571,1062.6,-86.9999,0,1066.15,0.222985,0
1572,1063.16,-87,0,1066.72,0.230888,0
1573,1063.73,-87,0,1067.28,0.223056,0
1574,1064.3,-87,0,1067.85,0.219215,0
1575,1064.87,-87,0,1068.41,0.219469,0
1576,1065.43,-87,0,1068.98,0.219735,0
1577,1066,-87,0,1069.54,0.221739,0
1578,1066.57,-87,0,1070.11,0.222238,0
1579,1067.14,-87,0,1070.68,0.221728,0
1580,1067.7,-87,0,1071.24,0.223116,0
1581,1068.27,-87,0,1071.81,0.223697,0
1582,1068.84,-87,0,1072.37,0.223304,0
1583,1069.41,-87,0,1072.94,0.222782,0
1584,1069.97,-87,0,1073.5,0.220886,0
1585,1070.54,-87,0,1074.07,0.219969,0
1586,1071.11,-87,0,1074.64,0.220941,0
1587,1071.68,-87,0,1075.2,0.224443,0
1588,1072.24,-87,0,1075.77,0.225599,0
1589,1072.81,-87,0,1076.33,0.22407,0
1590,1073.38,-87,0,1076.9,0.224849,0
1591,1073.95,-87,0,1077.46,0.223335,0
1592,1074.51,-87,0,1078.03,0.223887,0
1593,1075.08,-87,0,1078.59,0.221558,0
1594,1075.65,-87,0,1079.16,0.223237,0
1595,1076.21,-87,0,1079.73,0.222314,0
1596,1076.78,-87,0,1080.29,0.22141,0
1597,1077.35,-87,0,1080.86,0.222287,0
1598,1077.92,-87,0,1081.42,0.221321,0
1599,1078.48,-87,0,1081.99,0.222298,0
1600,1079.05,-87,0,1082.55,0.228296,0
1601,1079.62,-87,0,1083.12,0.2227,0
1602,1080.19,-87,0,1083.68,0.219029,0
1603,1080.75,-87,0,1084.25,0.218295,0
1604,1081.32,-87,0,1084.82,0.222939,0
1605,1081.89,-87,0,1085.38,0.227482,0
1606,1082.46,-87,0,1085.95,0.225075,0
1607,1083.02,-87,0,1086.51,0.221533,0
1608,1083.59,-87,0,1087.08,0.223525,0
1609,1084.16,-87,0,1087.64,0.223333,0
1610,1084.73,-87,0,1088.21,0.224122,0
1611,1085.29,-87,0,1088.77,0.2207,0
1612,1085.86,-87,0,1089.34,0.222626,0
1613,1086.43,-87,0,1089.91,0.223308,0
1614,1087,-87,0,1090.47,0.228129,0
1615,1087.56,-87,0,1091.04,0.223965,0
1616,1088.13,-87,0,1091.6,0.223077,0
1617,1088.7,-87,0,1092.17,0.220745,0
1618,1089.26,-87,0,1092.73,0.222212,0
1619,1089.83,-87,0,1093.3,0.222933,0
1620,1090.4,-87,0,1093.86,0.219588,0
1621,1090.97,-87,0,1094.43,0.222978,0
1622,1091.53,-87,0,1095,0.225027,0
1623,1092.1,-87,0,1095.56,0.226688,0
1624,1092.67,-87,0,1096.13,0.224771,0
1625,1093.24,-87,0,1096.69,0.223286,0
1626,1093.8,-87,0,1097.26,0.223951,0
1627,1094.37,-87,0,1097.82,0.223515,0
1628,1094.94,-87,0,1098.39,0.224076,0
1629,1095.51,-87,0,1098.95,0.223999,0
1630,1096.07,-87,0,1099.52,0.221946,0
1631,1096.64,-87,0,1100.09,0.220686,0
1632,1097.21,-87,0,1100.65,0.22288,0
1633,1097.77,-87,0,1101.22,0.221834,0
1634,1098.34,-87,0,1101.78,0.220585,0
1635,1098.91,-87,0,1102.35,0.22697,0
1636,1099.48,-87,0,1102.91,0.22414,0
1637,1100.04,-87,0,1103.48,0.22112,0
1638,1100.61,-87,0,1104.04,0.221528,0
1639,1101.18,-87,0,1104.61,0.221295,0
1640,1101.75,-87,0,1105.18,0.225698,0
1641,1102.31,-87,0,1105.74,0.220428,0
1642,1102.88,-87,0,1106.31,0.222414,0
1643,1103.45,-87,0,1106.87,0.221666,0
1644,1104.01,-87,0,1107.44,0.219647,0
1645,1104.58,-87,0,1108,0.219193,0
1646,1105.15,-87,0,1108.57,0.227009,0
1647,1105.72,-87,0,1109.13,0.225005,0
1648,1106.28,-87,0,1109.7,0.22169,0
1649,1106.85,-87,0,1110.26,0.226476,0
1650,1107.42,-87,0,1110.83,0.22063,0
1651,1107.99,-87,0,1111.4,0.221283,0
1652,1108.55,-87,0,1111.96,0.222173,0
1653,1109.12,-87,0,1112.53,0.222593,0
1654,1109.69,-87,0,1113.09,0.220745,0
1655,1110.25,-87,0,1113.66,0.221263,0
1656,1110.82,-87,0,1114.22,0.230765,0
1657,1111.39,-87,0,1114.79,0.223967,0
1658,1111.96,-87,0,1115.35,0.221623,0
1659,1112.52,-87,0,1115.92,0.218451,0
1660,1113.09,-87,0,1116.49,0.223468,0
1661,1113.66,-87,0,1117.05,0.218953,0
1662,1114.22,-87,0,1117.62,0.217885,0
1663,1114.79,-87,0,1118.18,0.221598,0
1664,1115.36,-87,0,1118.75,0.219994,0
1665,1115.93,-87,0,1119.31,0.222253,0
1666,1116.49,-87,0,1119.88,0.225193,0
1667,1117.06,-87,0,1120.44,0.223512,0
1668,1117.63,-87,0,1121.01,0.221179,0
1669,1118.2,-87,0,1121.57,0.21943,0
1670,1118.76,-87,0,1122.14,0.227411,0
1671,1119.33,-87,0,1122.71,0.220605,0
1672,1119.9,-87,0,1123.27,0.21814,0
1673,1120.46,-87,0,1123.84,0.217002,0
1674,1121.03,-87,0,1124.4,0.220911,0
1675,1121.6,-87,0,1124.97,0.228009,0
1676,1122.17,-87,0,1125.53,0.225729,0
1677,1122.73,-87,0,1126.1,0.218893,0
1678,1123.3,-87,0,1126.66,0.214326,0
1679,1123.87,-87,0,1127.23,0.212588,0
1680,1124.43,-87,0,1127.79,0.222903,0
1681,1125,-87,0,1128.36,0.222589,0
1682,1125.57,-87,0,1128.93,0.223909,0
1683,1126.14,-87,0,1129.49,0.22501,0
1684,1126.7,-87,0,1130.06,0.222261,0
1685,1127.27,-87,0,1130.62,0.220035,0
1686,1127.84,-87,0,1131.19,0.221208,0
1687,1128.4,-87,0,1131.75,0.224478,0
1688,1128.97,-87,0,1132.32,0.221515,0
1689,1129.54,-87,0,1132.88,0.221189,0
1690,1130.11,-87,0,1133.45,0.224248,0
1691,1130.67,-87,0,1134.01,0.224048,0
1692,1131.24,-87,0,1134.58,0.226595,0
1693,1131.81,-87,0,1135.15,0.221028,0
1694,1132.37,-87,0,1135.71,0.224483,0
1695,1132.94,-87,0,1136.28,0.221324,0
1696,1133.51,-87,0,1136.84,0.221473,0
1697,1134.08,-87,0,1137.41,0.218687,0
1698,1134.64,-87,0,1137.97,0.220117,0
1699,1135.21,-87,0,1138.54,0.227332,0
1700,1135.78,-87,0,1139.1,0.221431,0
1701,1136.34,-87,0,1139.67,0.221556,0
1702,1136.91,-87,0,1140.23,0.219707,0
1703,1137.48,-87,0,1140.8,0.223186,0
1704,1138.04,-87,0,1141.37,0.220121,0
1705,1138.61,-87,0,1141.93,0.223128,0
1706,1139.18,-87,0,1142.5,0.223612,0
1707,1139.75,-87,0,1143.06,0.223709,0
1708,1140.31,-87,0,1143.63,0.222579,0
1709,1140.88,-87,0,1144.19,0.221896,0
1710,1141.45,-87,0,1144.76,0.225274,0
1711,1142.01,-87,0,1145.32,0.22068,0
1712,1142.58,-87,0,1145.89,0.222818,0
1713,1143.15,-87,0,1146.45,0.221397,0
1714,1143.72,-87,0,1147.02,0.22073,0
1715,1144.28,-87,0,1147.59,0.219812,0
1716,1144.85,-87,0,1148.15,0.224537,0
1717,1145.42,-87,0,1148.72,0.222751,0
1718,1145.98,-87,0,1149.28,0.218774,0
1719,1146.55,-87,0,1149.85,0.219546,0
1720,1147.12,-87,0,1150.41,0.220754,0
1721,1147.68,-87,0,1150.98,0.224688,0
1722,1148.25,-87,0,1151.54,0.223232,0
1723,1148.82,-87,0,1152.11,0.221644,0
1724,1149.39,-87,0,1152.67,0.22139,0
1725,1149.95,-87,0,1153.24,0.225235,0
1726,1150.52,-87,0,1153.8,0.223487,0
1727,1151.09,-87,0,1154.37,0.222062,0
1728,1151.65,-87,0,1154.94,0.221438,0
1729,1152.22,-87,0,1155.5,0.225797,0
1730,1152.79,-87,0,1156.07,0.224945,0
1731,1153.36,-87,0,1156.63,0.220901,0
1732,1153.92,-87,0,1157.2,0.219502,0
1733,1154.49,-87,0,1157.76,0.219616,0
1734,1155.06,-87,0,1158.33,0.219726,0
1735,1155.62,-87,0,1158.89,0.225548,0
1736,1156.19,-87,0,1159.46,0.2281,0
1737,1156.76,-87,0,1160.02,0.223643,0
1738,1157.32,-87,0,1160.59,0.219869,0
1739,1157.89,-87,0,1161.15,0.220019,0
1740,1158.46,-87,0,1161.72,0.227126,0
1741,1159.02,-87,0,1162.29,0.236502,0
1742,1159.59,-87,0,1162.85,0.224408,0
1743,1160.16,-87,0,1163.42,0.220705,0
1744,1160.73,-87,0,1163.98,0.222985,0
1745,1161.29,-87,0,1164.55,0.221701,0
1746,1161.86,-87,0,1165.11,0.222728,0
1747,1162.43,-87,0,1165.68,0.221114,0
1748,1162.99,-87,0,1166.24,0.221055,0
1749,1163.56,-87,0,1166.81,0.220945,0
1750,1164.13,-87,0,1167.37,0.220446,0
1751,1164.69,-87,0,1167.94,0.222719,0
1752,1165.26,-87,0,1168.5,0.230972,0
1753,1165.83,-87,0,1169.07,0.228689,0
1754,1166.4,-87,0,1169.64,0.227529,0
1755,1166.96,-87,0,1170.2,0.225401,0
1756,1167.53,-87,0,1170.77,0.223669,0
1757,1168.1,-87,0,1171.33,0.225908,0
1758,1168.66,-87,0,1171.9,0.224129,0
1759,1169.23,-87,0,1172.46,0.225845,0
1760,1169.8,-87,0,1173.03,0.225798,0
1761,1170.36,-87,0,1173.59,0.224678,0
1762,1170.93,-87,0,1174.16,0.222265,0
1763,1171.5,-87,0,1174.72,0.226743,0
1764,1172.06,-87,0,1175.29,0.225443,0
1765,1172.63,-87,0,1175.85,0.223643,0
1766,1173.2,-87,0,1176.42,0.223673,0
1767,1173.77,-87,0,1176.99,0.225339,0
1768,1174.33,-87,0,1177.55,0.224131,0
1769,1174.9,-87,0,1178.12,0.222701,0
1770,1175.47,-87,0,1178.68,0.226604,0
1771,1176.03,-87,0,1179.25,0.225411,0
1772,1176.6,-87,0,1179.81,0.22693,0
1773,1177.17,-87,0,1180.38,0.228486,0
1774,1177.73,-87,0,1180.94,0.22568,0
1775,1178.3,-87,0,1181.51,0.231541,0
1776,1178.87,-87,0,1182.07,0.22593,0
1777,1179.43,-87,0,1182.64,0.220194,0
1778,1180,-87,0,1183.2,0.221307,0
1779,1180.57,-87,0,1183.77,0.222937,0
1780,1181.13,-87,0,1184.33,0.224707,0
1781,1181.7,-87,0,1184.9,0.224661,0
1782,1182.27,-87,0,1185.47,0.224297,0
1783,1182.84,-87,0,1186.03,0.222633,0
1784,1183.4,-87,0,1186.6,0.225195,0
1785,1183.97,-87,0,1187.16,0.230796,0
1786,1184.54,-87,0,1187.73,0.232196,0
1787,1185.1,-87,0,1188.29,0.223559,0
1788,1185.67,-87,0,1188.86,0.218929,0
1789,1186.24,-87,0,1189.42,0.227116,0
1790,1186.8,-87,0,1189.99,0.227177,0
1791,1187.37,-87,0,1190.55,0.226962,0
1792,1187.94,-87,0,1191.12,0.226081,0
1793,1188.5,-87,0,1191.68,0.22719,0
1794,1189.07,-87,0,1192.25,0.225697,0
1795,1189.64,-87,0,1192.81,0.224603,0
1796,1190.2,-87,0,1193.38,0.224434,0
1797,1190.77,-87,0,1193.95,0.226833,0
1798,1191.34,-87,0,1194.51,0.230899,0
1799,1191.9,-87,0,1195.08,0.232803,0
1800,1192.47,-87,0,1195.64,0.22683,0
1801,1193.04,-87,0,1196.21,0.223011,0
1802,1193.61,-87,0,1196.77,0.223168,0
1803,1194.17,-87,0,1197.34,0.223999,0
1804,1194.74,-87,0,1197.9,0.228182,0
1805,1195.31,-87,0,1198.47,0.231387,0
1806,1195.87,-87,0,1199.03,0.226515,0
1807,1196.44,-87,0,1199.6,0.221613,0
1808,1197.01,-87,0,1200.16,0.220511,0
1809,1197.57,-87,0,1200.73,0.22651,0
1810,1198.14,-87,0,1201.29,0.231638,0
1811,1198.71,-87,0,1201.86,0.225927,0
1812,1199.27,-87,0,1202.42,0.218501,0
1813,1199.84,-87,0,1202.99,0.219459,0
1814,1200.41,-87,0,1203.56,0.219498,0
1815,1200.97,-87,0,1204.12,0.226305,0
1816,1201.54,-87,0,1204.69,0.230015,0
1817,1202.11,-87,0,1205.25,0.225473,0
1818,1202.67,-87,0,1205.82,0.229827,0
1819,1203.24,-87,0,1206.38,0.223931,0
1820,1203.81,-87,0,1206.95,0.220623,0
1821,1204.37,-87,0,1207.51,0.229998,0
1822,1204.94,-87,0,1208.08,0.225988,0
1823,1205.51,-87,0,1208.64,0.226986,0
1824,1206.07,-87,0,1209.21,0.22603,0
1825,1206.64,-87,0,1209.77,0.22473,0
1826,1207.21,-87,0,1210.34,0.223866,0
1827,1207.77,-87,0,1210.9,0.228045,0
1828,1208.34,-87,0,1211.47,0.228388,0
1829,1208.91,-87,0,1212.03,0.227069,0
1830,1209.47,-87,0,1212.6,0.224955,0
1831,1210.04,-87,0,1213.17,0.219746,0
1832,1210.61,-87,0,1213.73,0.220837,0
1833,1211.18,-87,0,1214.3,0.228115,0
1834,1211.74,-87,0,1214.86,0.230108,0
1835,1212.31,-87,0,1215.43,0.226664,0
1836,1212.88,-87,0,1215.99,0.225522,0
1837,1213.44,-87,0,1216.56,0.229627,0
1838,1214.01,-87,0,1217.12,0.226543,0
1839,1214.58,-87,0,1217.69,0.226975,0
1840,1215.14,-87,0,1218.25,0.229178,0
1841,1215.71,-87,0,1218.82,0.227689,0
1842,1216.28,-87,0,1219.38,0.22618,0
1843,1216.84,-87,0,1219.95,0.223026,0
1844,1217.41,-87,0,1220.51,0.227271,0
1845,1217.98,-87,0,1221.08,0.226535,0
1846,1218.54,-87,0,1221.64,0.23015,0
1847,1219.11,-87,0,1222.21,0.22731,0
1848,1219.68,-87,0,1222.77,0.22694,0
1849,1220.24,-87,0,1223.34,0.225933,0
1850,1220.81,-87,0,1223.91,0.225573,0
1851,1221.38,-87,0,1224.47,0.224225,0
1852,1221.94,-87,0,1225.04,0.231362,0
1853,1222.51,-87,0,1225.6,0.22832,0
1854,1223.08,-87,0,1226.17,0.227131,0
1855,1223.64,-87,0,1226.73,0.223779,0
1856,1224.21,-87,0,1227.3,0.227247,0
1857,1224.78,-87,0,1227.86,0.223407,0
1858,1225.34,-87,0,1228.43,0.226415,0
1859,1225.91,-87,0,1228.99,0.225528,0
1860,1226.48,-87,0,1229.56,0.228951,0
1861,1227.04,-87,0,1230.12,0.227812,0
1862,1227.61,-87,0,1230.69,0.222727,0
1863,1228.18,-87,0,1231.25,0.225873,0
1864,1228.74,-87,0,1231.82,0.222687,0
1865,1229.31,-87,0,1232.38,0.224472,0
1866,1229.88,-87,0,1232.95,0.227596,0
1867,1230.44,-87,0,1233.51,0.232947,0
1868,1231.01,-87,0,1234.08,0.227329,0
1869,1231.58,-87,0,1234.64,0.227871,0
1870,1232.14,-87,0,1235.21,0.223691,0
1871,1232.71,-87,0,1235.78,0.224995,0
1872,1233.28,-87,0,1236.34,0.238058,0
1873,1233.84,-87,0,1236.91,0.225031,0
1874,1234.41,-87,0,1237.47,0.220223,0
1875,1234.98,-87,0,1238.04,0.221028,0
1876,1235.54,-87,0,1238.6,0.222007,0
1877,1236.11,-87,0,1239.17,0.222026,0
1878,1236.68,-87,0,1239.73,0.231842,0
1879,1237.24,-87,0,1240.3,0.227363,0
1880,1237.81,-87,0,1240.86,0.224207,0
1881,1238.38,-87,0,1241.43,0.223447,0
1882,1238.94,-87,0,1241.99,0.234419,0
1883,1239.51,-87,0,1242.56,0.223063,0
1884,1240.07,-87,0,1243.12,0.223988,0
1885,1240.64,-87,0,1243.69,0.228782,0
1886,1241.21,-87,0,1244.25,0.229826,0
1887,1241.77,-87,0,1244.82,0.226539,0
1888,1242.34,-87,0,1245.38,0.222618,0
1889,1242.91,-87,0,1245.95,0.223716,0
1890,1243.47,-87,0,1246.51,0.229599,0
1891,1244.04,-87,0,1247.08,0.230612,0
1892,1244.61,-87,0,1247.64,0.227784,0
1893,1245.17,-87,0,1248.21,0.226787,0
1894,1245.74,-87,0,1248.78,0.224973,0
1895,1246.31,-87,0,1249.34,0.230647,0
1896,1246.87,-87,0,1249.91,0.224131,0
1897,1247.44,-87,0,1250.47,0.226833,0
1898,1248.01,-87,0,1251.04,0.225305,0
1899,1248.57,-87,0,1251.6,0.228188,0
1900,1249.14,-87,0,1252.17,0.228461,0
1901,1249.71,-87,0,1252.73,0.230262,0
1902,1250.27,-87,0,1253.3,0.227464,0
1903,1250.84,-87,0,1253.86,0.227718,0
1904,1251.41,-87,0,1254.43,0.226752,0
1905,1251.97,-87,0,1254.99,0.227474,0
1906,1252.54,-87,0,1255.56,0.22691,0
1907,1253.11,-87,0,1256.12,0.22534,0
1908,1253.67,-87,0,1256.69,0.224529,0
1909,1254.24,-87,0,1257.25,0.231223,0
1910,1254.81,-87,0,1257.82,0.228027,0
1911,1255.37,-87,0,1258.38,0.224153,0
1912,1255.94,-87,0,1258.95,0.224827,0
1913,1256.51,-87,0,1259.51,0.223533,0
1914,1257.07,-87,0,1260.08,0.226989,0
1915,1257.64,-87,0,1260.64,0.224868,0
1916,1258.2,-87,0,1261.21,0.226009,0
1917,1258.77,-87,0,1261.77,0.223517,0
1918,1259.34,-87,0,1262.34,0.233225,0
1919,1259.9,-87,0,1262.9,0.228557,0
1920,1260.47,-87,0,1263.47,0.228813,0
1921,1261.04,-87,0,1264.03,0.22519,0
1922,1261.6,-87,0,1264.6,0.220993,0
1923,1262.17,-87,0,1265.17,0.223368,0
1924,1262.74,-87,0,1265.73,0.226807,0
1925,1263.3,-87,0,1266.3,0.228089,0
1926,1263.87,-87,0,1266.86,0.229093,0
1927,1264.44,-87,0,1267.43,0.230182,0
1928,1265,-87,0,1267.99,0.229846,0
1929,1265.57,-87,0,1268.56,0.227797,0
1930,1266.14,-87,0,1269.12,0.227405,0
1931,1266.7,-87,0,1269.69,0.224021,0
1932,1267.27,-87,0,1270.25,0.221212,0
1933,1267.84,-87,0,1270.82,0.218946,0
1934,1268.4,-87,0,1271.38,0.228495,0
1935,1268.97,-87,0,1271.95,0.228286,0
1936,1269.53,-87,0,1272.51,0.223859,0
1937,1270.1,-87,0,1273.08,0.226403,0
1938,1270.67,-87,0,1273.64,0.226406,0
1939,1271.23,-87,0,1274.21,0.22636,0
1940,1271.8,-87,0,1274.77,0.227208,0
1941,1272.37,-87,0,1275.34,0.223078,0
1942,1272.93,-87,0,1275.9,0.226491,0
1943,1273.5,-87,0,1276.47,0.236261,0
1944,1274.07,-87,0,1277.03,0.23158,0
1945,1274.63,-87,0,1277.6,0.226153,0
1946,1275.2,-87,0,1278.16,0.223511,0
1947,1275.77,-87,0,1278.73,0.225382,0
1948,1276.33,-87,0,1279.29,0.228432,0
1949,1276.9,-87,0,1279.86,0.230907,0
1950,1277.47,-87,0,1280.42,0.22563,0
1951,1278.03,-87,0,1280.99,0.224565,0
1952,1278.6,-87,0,1281.55,0.225477,0
1953,1279.16,-87,0,1282.12,0.230053,0
1954,1279.73,-87,0,1282.68,0.231023,0
1955,1280.3,-87,0,1283.25,0.226132,0
1956,1280.86,-87,0,1283.82,0.219966,0
1957,1281.43,-87,0,1284.38,0.223726,0
1958,1282,-87,0,1284.95,0.226696,0
1959,1282.56,-87,0,1285.51,0.23169,0
1960,1283.13,-87,0,1286.08,0.230194,0
1961,1283.7,-87,0,1286.64,0.226556,0
1962,1284.26,-87,0,1287.21,0.221129,0
1963,1284.83,-87,0,1287.77,0.224545,0
1964,1285.4,-87,0,1288.34,0.22608,0
1965,1285.96,-87,0,1288.9,0.223107,0
1966,1286.53,-87,0,1289.47,0.224056,0
1967,1287.09,-87,0,1290.03,0.235956,0
1968,1287.66,-87,0,1290.6,0.226459,0
1969,1288.23,-87,0,1291.16,0.227092,0
1970,1288.79,-87,0,1291.73,0.230576,0
1971,1289.36,-87,0,1292.29,0.227328,0
1972,1289.93,-87,0,1292.86,0.226796,0
1973,1290.49,-87,0,1293.42,0.226735,0
1974,1291.06,-87,0,1293.99,0.227774,0
1975,1291.63,-87,0,1294.55,0.224496,0
1976,1292.19,-87,0,1295.12,0.222815,0
1977,1292.76,-87,0,1295.68,0.220506,0
1978,1293.32,-87,0,1296.25,0.220534,0
1979,1293.89,-87,0,1296.81,0.224999,0
1980,1294.46,-87,0,1297.38,0.228159,0
1981,1295.02,-87,0,1297.94,0.227122,0
1982,1295.59,-87,0,1298.51,0.227154,0
1983,1296.16,-87,0,1299.07,0.226789,0
1984,1296.72,-87,0,1299.64,0.230387,0
1985,1297.29,-87,0,1300.2,0.227738,0
1986,1297.86,-87,0,1300.77,0.224258,0
1987,1298.42,-87,0,1301.33,0.220978,0
1988,1298.99,-87,0,1301.9,0.224612,0
1989,1299.55,-87,0,1302.46,0.227311,0
1990,1300.12,-87,0,1303.03,0.231863,0
1991,1300.69,-87,0,1303.59,0.22921,0
1992,1301.25,-87,0,1304.16,0.226652,0
1993,1301.82,-87,0,1304.72,0.224023,0
1994,1302.39,-87,0,1305.29,0.225849,0
1995,1302.95,-87,0,1305.85,0.227461,0
1996,1303.52,-87,0,1306.42,0.231113,0
1997,1304.09,-87,0,1306.98,0.226541,0
1998,1304.65,-87,0,1307.55,0.226274,0
1999,1305.22,-87,0,1308.11,0.225721,0
2000,1305.78,-87,0,1308.68,0.229723,0
2001,1306.35,-87,0,1309.24,0.227113,0
2002,1306.92,-87,0,1309.81,0.226766,0
2003,1307.48,-87,0,1310.37,0.225926,0
2004,1308.05,-87,0,1310.94,0.227024,0
2005,1308.62,-87,0,1311.5,0.230821,0
2006,1309.18,-87,0,1312.07,0.228967,0
2007,1309.75,-87,0,1312.64,0.22804,0
2008,1310.32,-87,0,1313.2,0.225884,0
2009,1310.88,-87,0,1313.77,0.226297,0
2010,1311.45,-87,0,1314.33,0.226091,0
2011,1312.01,-87,0,1314.9,0.226582,0
2012,1312.58,-87,0,1315.46,0.226407,0
2013,1313.15,-87,0,1316.03,0.223545,0
2014,1313.71,-87,0,1316.59,0.2363,0
2015,1314.28,-87,0,1317.16,0.228744,0
2016,1314.85,-87,0,1317.72,0.223416,0
2017,1315.41,-87,0,1318.29,0.223888,0
2018,1315.98,-87,0,1318.85,0.229652,0
2019,1316.54,-87,0,1319.42,0.228896,0
2020,1317.11,-87,0,1319.98,0.226236,0
2021,1317.68,-87,0,1320.55,0.227772,0
2022,1318.24,-87,0,1321.11,0.227968,0
2023,1318.81,-87,0,1321.68,0.227257,0
2024,1319.38,-87,0,1322.24,0.226508,0
2025,1319.94,-87,0,1322.81,0.229982,0
2026,1320.51,-87,0,1323.37,0.226488,0
2027,1321.07,-87,0,1323.94,0.223361,0
2028,1321.64,-87,0,1324.5,0.222894,0
2029,1322.21,-87,0,1325.07,0.221667,0
2030,1322.77,-87,0,1325.63,0.226095,0
2031,1323.34,-87,0,1326.2,0.227984,0
2032,1323.91,-87,0,1326.76,0.228243,0
2033,1324.47,-87,0,1327.33,0.224669,0
2034,1325.04,-87,0,1327.89,0.219243,0
2035,1325.6,-87,0,1328.46,0.229088,0
2036,1326.17,-87,0,1329.02,0.235971,0
2037,1326.74,-87,0,1329.59,0.226349,0
2038,1327.3,-87,0,1330.15,0.224204,0
2039,1327.87,-87,0,1330.72,0.226108,0
2040,1328.44,-87,0,1331.28,0.225947,0
2041,1329,-87,0,1331.85,0.229053,0
2042,1329.57,-87,0,1332.41,0.227384,0
2043,1330.13,-87,0,1332.98,0.225765,0
2044,1330.7,-87,0,1333.54,0.22406,0
2045,1331.27,-87,0,1334.11,0.226702,0
2046,1331.83,-87,0,1334.67,0.226185,0
2047,1332.4,-87,0,1335.24,0.224779,0
2048,1332.97,-87,0,1335.8,0.228804,0
2049,1333.53,-87,0,1336.37,0.226071,0
2050,1334.1,-87,0,1336.93,0.216651,0
2051,1334.66,-87,0,1337.5,0.219516,0
2052,1335.23,-87,0,1338.06,0.226829,0
2053,1335.8,-87,0,1338.63,0.227901,0
2054,1336.36,-87,0,1339.19,0.225217,0
2055,1336.93,-87,0,1339.76,0.225289,0
2056,1337.5,-87,0,1340.32,0.235314,0
2057,1338.06,-87,0,1340.89,0.227632,0
2058,1338.63,-87,0,1341.45,0.220811,0
2059,1339.19,-87,0,1342.02,0.225047,0
2060,1339.76,-87,0,1342.58,0.230319,0
2061,1340.33,-87,0,1343.15,0.228975,0
2062,1340.89,-87,0,1343.71,0.224234,0
2063,1341.46,-87,0,1344.28,0.216325,0
2064,1342.02,-87,0,1344.84,0.220868,0
2065,1342.59,-87,0,1345.41,0.230906,0
2066,1343.16,-87,0,1345.97,0.226727,0
2067,1343.72,-87,0,1346.54,0.2247,0
2068,1344.29,-87,0,1347.1,0.22332,0
2069,1344.86,-87,0,1347.67,0.221875,0
2070,1345.42,-87,0,1348.23,0.223716,0
2071,1345.99,-87,0,1348.8,0.22643,0
2072,1346.55,-87,0,1349.36,0.228255,0
2073,1347.12,-87,0,1349.93,0.217197,0
2074,1347.69,-87,0,1350.49,0.220403,0
2075,1348.25,-87,0,1351.06,0.22447,0
2076,1348.82,-87,0,1351.62,0.223525,0
2077,1349.39,-87,0,1352.19,0.232106,0
2078,1349.95,-87,0,1352.75,0.228298,0
2079,1350.52,-87,0,1353.32,0.224093,0
2080,1351.08,-87,0,1353.88,0.222983,0
2081,1351.65,-87,0,1354.45,0.225065,0
2082,1352.22,-87,0,1355.01,0.224501,0
2083,1352.78,-87,0,1355.58,0.22644,0
2084,1353.35,-87,0,1356.14,0.228189,0
2085,1353.91,-87,0,1356.71,0.223757,0
2086,1354.48,-87,0,1357.27,0.220386,0
2087,1355.05,-87,0,1357.84,0.226816,0
2088,1355.61,-87,0,1358.4,0.257638,0
2089,1356.18,-87,0,1358.97,0.22162,0
2090,1356.75,-87,0,1359.53,0.214786,0
2091,1357.31,-87,0,1360.1,0.217925,0
2092,1357.88,-87,0,1360.66,0.223184,0
2093,1358.44,-87,0,1361.23,0.227299,0
2094,1359.01,-87,0,1361.79,0.225317,0
2095,1359.58,-87,0,1362.36,0.227745,0
2096,1360.14,-87,0,1362.92,0.226554,0
2097,1360.71,-87,0,1363.49,0.227587,0
2098,1361.27,-87,0,1364.05,0.224843,0
2099,1361.84,-87,0,1364.62,0.223533,0
2100,1362.41,-87,0,1365.18,0.22218,0
2101,1362.97,-87,0,1365.75,0.228023,0
2102,1363.54,-87,0,1366.31,0.229952,0
2103,1364.1,-87,0,1366.88,0.227309,0
2104,1364.67,-87,0,1367.44,0.22815,0
2105,1365.24,-87,0,1368.01,0.226879,0
2106,1365.8,-87,0,1368.57,0.223474,0
2107,1366.37,-87,0,1369.14,0.224087,0
2108,1366.94,-87,0,1369.7,0.229571,0
2109,1367.5,-87,0,1370.27,0.229716,0
2110,1368.07,-87,0,1370.83,0.224781,0
2111,1368.63,-87,0,1371.4,0.223646,0
2112,1369.2,-87,0,1371.96,0.224017,0
2113,1369.77,-87,0,1372.53,0.223184,0
2114,1370.33,-87,0,1373.09,0.22944,0
2115,1370.9,-87,0,1373.66,0.225309,0
2116,1371.46,-87,0,1374.22,0.223191,0
2117,1372.03,-87,0,1374.79,0.222498,0
2118,1372.6,-87,0,1375.35,0.22738,0
2119,1373.16,-87,0,1375.92,0.231213,0
2120,1373.73,-87,0,1376.48,0.227066,0
2121,1374.29,-87,0,1377.05,0.22623,0
2122,1374.86,-87,0,1377.61,0.225285,0
2123,1375.43,-87,0,1378.18,0.228363,0
2124,1375.99,-87,0,1378.74,0.225252,0
2125,1376.56,-87,0,1379.3,0.225859,0
2126,1377.12,-87,0,1379.87,0.226888,0
2127,1377.69,-87,0,1380.43,0.224574,0
2128,1378.26,-87,0,1381,0.224861,0
2129,1378.82,-87,0,1381.56,0.231239,0
2130,1379.39,-87,0,1382.13,0.230288,0
2131,1379.95,-87,0,1382.69,0.225008,0
2132,1380.52,-87,0,1383.26,0.225305,0
2133,1381.09,-87,0,1383.82,0.222779,0
2134,1381.65,-87,0,1384.39,0.227579,0
2135,1382.22,-87,0,1384.95,0.225081,0
2136,1382.78,-87,0,1385.52,0.222034,0
2137,1383.35,-87,0,1386.08,0.22716,0
2138,1383.92,-87,0,1386.65,0.224962,0
2139,1384.48,-87,0,1387.21,0.226359,0
2140,1385.05,-87,0,1387.78,0.222912,0
2141,1385.62,-87,0,1388.34,0.231157,0
2142,1386.18,-87,0,1388.91,0.225704,0
2143,1386.75,-87,0,1389.47,0.22825,0
2144,1387.31,-87,0,1390.04,0.226452,0
2145,1387.88,-87,0,1390.6,0.224696,0
2146,1388.45,-87,0,1391.17,0.228028,0
2147,1389.01,-87,0,1391.73,0.227261,0
2148,1389.58,-87,0,1392.3,0.224622,0
2149,1390.14,-87,0,1392.86,0.221142,0
2150,1390.71,-87,0,1393.43,0.231415,0
2151,1391.28,-87,0,1393.99,0.228644,0
2152,1391.84,-87,0,1394.56,0.224003,0
2153,1392.41,-87,0,1395.12,0.228318,0
2154,1392.97,-87,0,1395.69,0.226158,0
2155,1393.54,-87,0,1396.25,0.220461,0
2156,1394.11,-87,0,1396.82,0.221589,0
2157,1394.67,-87,0,1397.38,0.223829,0
2158,1395.24,-87,0,1397.95,0.231503,0
2159,1395.8,-87,0,1398.51,0.226314,0
2160,1396.37,-87,0,1399.08,0.225877,0
2161,1396.94,-87,0,1399.64,0.225226,0
2162,1397.5,-87,0,1400.21,0.227039,0
2163,1398.07,-87,0,1400.77,0.227098,0
2164,1398.63,-87,0,1401.34,0.22571,0
2165,1399.2,-87,0,1401.9,0.223933,0
2166,1399.77,-87,0,1402.47,0.227911,0
2167,1400.33,-87,0,1403.03,0.229085,0
2168,1400.9,-87,0,1403.6,0.223589,0
2169,1401.46,-87,0,1404.16,0.225137,0
2170,1402.03,-87,0,1404.73,0.226364,0
2171,1402.59,-87,0,1405.29,0.22823,0
2172,1403.16,-87,0,1405.86,0.225977,0
2173,1403.73,-87,0,1406.42,0.226185,0
2174,1404.29,-87,0,1406.99,0.234177,0
2175,1404.86,-87,0,1407.55,0.221862,0
2176,1405.42,-87,0,1408.11,0.218316,0
2177,1405.99,-87,0,1408.68,0.220058,0
2178,1406.56,-87,0,1409.24,0.224263,0
2179,1407.12,-87,0,1409.81,0.225925,0
2180,1407.69,-87,0,1410.37,0.226042,0
2181,1408.25,-87,0,1410.94,0.226413,0
2182,1408.82,-87,0,1411.5,0.224375,0
2183,1409.39,-87,0,1412.07,0.224089,0
2184,1409.95,-87,0,1412.63,0.228145,0
2185,1410.52,-87,0,1413.2,0.225953,0
2186,1411.08,-87,0,1413.76,0.220589,0
2187,1411.65,-87,0,1414.33,0.220064,0
2188,1412.22,-87,0,1414.89,0.223142,0
2189,1412.78,-87,0,1415.46,0.227053,0
2190,1413.35,-87,0,1416.02,0.226989,0
2191,1413.91,-87,0,1416.59,0.224159,0
2192,1414.48,-87,0,1417.15,0.220721,0
2193,1415.05,-87,0,1417.72,0.220139,0
2194,1415.61,-87,0,1418.28,0.227848,0
2195,1416.18,-87,0,1418.85,0.224764,0
2196,1416.74,-87,0,1419.41,0.223675,0
2197,1417.31,-87,0,1419.98,0.222558,0
2198,1417.88,-87,0,1420.54,0.229597,0
2199,1418.44,-87,0,1421.11,0.228472,0
2200,1419.01,-87,0,1421.67,0.222367,0
2201,1419.57,-87,0,1422.24,0.221591,0
2202,1420.14,-87,0,1422.8,0.225427,0
2203,1420.7,-87,0,1423.37,0.222846,0
2204,1421.27,-87,0,1423.93,0.226337,0
2205,1421.84,-87,0,1424.5,0.225738,0
2206,1422.4,-87,0,1425.06,0.223261,0
2207,1422.97,-87,0,1425.63,0.221088,0
2208,1423.53,-87,0,1426.19,0.226515,0
2209,1424.1,-87,0,1426.76,0.219265,0
2210,1424.67,-87,0,1427.32,0.221188,0
2211,1425.23,-87,0,1427.88,0.218005,0
2212,1425.8,-87,0,1428.45,0.224692,0
2213,1426.36,-87,0,1429.01,0.223588,0
2214,1426.93,-87,0,1429.58,0.225517,0
2215,1427.5,-87,0,1430.14,0.22766,0
2216,1428.06,-87,0,1430.71,0.216571,0
2217,1428.63,-87,0,1431.27,0.213711,0
2218,1429.19,-87,0,1431.84,0.216938,0
2219,1429.76,-87,0,1432.4,0.230512,0
2220,1430.32,-87,0,1432.97,0.227315,0
2221,1430.89,-87,0,1433.53,0.221238,0
2222,1431.46,-87,0,1434.1,0.224051,0
2223,1432.02,-87,0,1434.66,0.227031,0
2224,1432.59,-87,0,1435.23,0.222117,0
2225,1433.15,-87,0,1435.79,0.222536,0
2226,1433.72,-87,0,1436.36,0.222486,0
2227,1434.29,-87,0,1436.92,0.226035,0
2228,1434.85,-87,0,1437.49,0.224658,0
2229,1435.42,-87,0,1438.05,0.223857,0
2230,1435.98,-87,0,1438.62,0.222701,0
2231,1436.55,-87,0,1439.18,0.221352,0
2232,1437.11,-87,0,1439.75,0.221261,0
2233,1437.68,-87,0,1440.31,0.222854,0
2234,1438.25,-87,0,1440.88,0.221987,0
2235,1438.81,-87,0,1441.44,0.233938,0
2236,1439.38,-87,0,1442.01,0.223128,0
2237,1439.94,-87,0,1442.57,0.218163,0
2238,1440.51,-87,0,1443.13,0.215463,0
2239,1441.08,-87,0,1443.7,0.226634,0
2240,1441.64,-87,0,1444.26,0.2245,0
2241,1442.21,-87,0,1444.83,0.222103,0
2242,1442.77,-87,0,1445.39,0.224979,0
2243,1443.34,-87,0,1445.96,0.22368,0
2244,1443.9,-87,0,1446.52,0.225133,0
2245,1444.47,-87,0,1447.09,0.222913,0
2246,1445.04,-87,0,1447.65,0.224435,0
2247,1445.6,-87,0,1448.22,0.224897,0
2248,1446.17,-87,0,1448.78,0.222225,0
2249,1446.73,-87,0,1449.35,0.223252,0
2250,1447.3,-87,0,1449.91,0.223376,0
2251,1447.87,-87,0,1450.48,0.226412,0
2252,1448.43,-87,0,1451.04,0.22323,0
2253,1449,-87,0,1451.61,0.220556,0
2254,1449.56,-87,0,1452.17,0.2164,0
2255,1450.13,-87,0,1452.74,0.220552,0
2256,1450.69,-87,0,1453.3,0.227089,0
2257,1451.26,-87,0,1453.87,0.222443,0
2258,1451.83,-87,0,1454.43,0.220658,0
2259,1452.39,-87,0,1455,0.226204,0
2260,1452.96,-87,0,1455.56,0.221464,0
2261,1453.52,-87,0,1456.12,0.219617,0
2262,1454.09,-87,0,1456.69,0.225878,0
2263,1454.66,-87,0,1457.25,0.222433,0
2264,1455.22,-87,0,1457.82,0.222155,0
2265,1455.79,-87,0,1458.38,0.22147,0
2266,1456.35,-87,0,1458.95,0.229024,0
2267,1456.92,-87,0,1459.51,0.22629,0
2268,1457.48,-87,0,1460.08,0.227124,0
2269,1458.05,-87,0,1460.64,0.222689,0
2270,1458.62,-87,0,1461.21,0.221247,0
2271,1459.18,-87,0,1461.77,0.224085,0
2272,1459.75,-87,0,1462.34,0.22468,0
2273,1460.31,-87,0,1462.9,0.222131,0
2274,1460.88,-87,0,1463.47,0.22621,0
2275,1461.44,-87,0,1464.03,0.222108,0
2276,1462.01,-87,0,1464.6,0.226389,0
2277,1462.58,-87,0,1465.16,0.223903,0
2278,1463.14,-87,0,1465.73,0.222835,0
2279,1463.71,-87,0,1466.29,0.222772,0
2280,1464.27,-87,0,1466.86,0.224278,0
2281,1464.84,-87,0,1467.42,0.225786,0
2282,1465.4,-87,0,1467.98,0.225094,0
2283,1465.97,-87,0,1468.55,0.222167,0
2284,1466.54,-87,0,1469.11,0.22351,0
2285,1467.1,-87,0,1469.68,0.224736,0
2286,1467.67,-87,0,1470.24,0.221161,0
2287,1468.23,-87,0,1470.81,0.218297,0
2288,1468.8,-87,0,1471.37,0.223595,0
2289,1469.36,-87,0,1471.94,0.227474,0
2290,1469.93,-87,0,1472.5,0.218836,0
2291,1470.5,-87,0,1473.07,0.220115,0
2292,1471.06,-87,0,1473.63,0.220828,0
2293,1471.63,-87,0,1474.2,0.219767,0
2294,1472.19,-87,0,1474.76,0.230628,0
2295,1472.76,-87,0,1475.33,0.223101,0
2296,1473.32,-87,0,1475.89,0.224408,0
2297,1473.89,-87,0,1476.46,0.220255,0
2298,1474.46,-87,0,1477.02,0.220006,0
2299,1475.02,-87,0,1477.59,0.221425,0
2300,1475.59,-87,0,1478.15,0.223652,0
2301,1476.15,-87,0,1478.71,0.22332,0
2302,1476.72,-87,0,1479.28,0.221439,0
2303,1477.28,-87,0,1479.84,0.220446,0
2304,1477.85,-87,0,1480.41,0.22617,0
2305,1478.42,-87,0,1480.97,0.227553,0
2306,1478.98,-87,0,1481.54,0.22485,0
2307,1479.55,-87,0,1482.1,0.221849,0
2308,1480.11,-87,0,1482.67,0.219337,0
2309,1480.68,-87,0,1483.23,0.220612,0
2310,1481.24,-87,0,1483.8,0.223631,0
2311,1481.81,-87,0,1484.36,0.225984,0
2312,1482.38,-87,0,1484.93,0.223525,0
2313,1482.94,-87,0,1485.49,0.224664,0
2314,1483.51,-87,0,1486.06,0.223316,0
2315,1484.07,-87,0,1486.62,0.225646,0
2316,1484.64,-87,0,1487.19,0.22551,0
2317,1485.2,-87,0,1487.75,0.226957,0
2318,1485.77,-87,0,1488.31,0.224323,0
2319,1486.34,-87,0,1488.88,0.221465,0
2320,1486.9,-87,0,1489.44,0.221769,0
2321,1487.47,-87,0,1490.01,0.22341,0
2322,1488.03,-87,0,1490.57,0.217383,0
2323,1488.6,-87,0,1491.14,0.220087,0
2324,1489.16,-87,0,1491.7,0.221307,0
2325,1489.73,-87,0,1492.27,0.223253,0
2326,1490.3,-87,0,1492.83,0.223532,0
2327,1490.86,-87,0,1493.4,0.224107,0
2328,1491.43,-87,0,1493.96,0.224486,0
2329,1491.99,-87,0,1494.53,0.223035,0
2330,1492.56,-87,0,1495.09,0.221693,0
2331,1493.12,-87,0,1495.66,0.221642,0
2332,1493.69,-87,0,1496.22,0.226021,0
2333,1494.25,-87,0,1496.79,0.220849,0
2334,1494.82,-87,0,1497.35,0.221607,0
2335,1495.39,-87,0,1497.91,0.223475,0
2336,1495.95,-87,0,1498.48,0.223068,0
2337,1496.52,-87,0,1499.04,0.226348,0
2338,1497.08,-87,0,1499.61,0.225323,0
2339,1497.65,-87,0,1500.17,0.223232,0
2340,1498.21,-87,0,1500.74,0.218896,0
2341,1498.78,-87,0,1501.3,0.21882,0
2342,1499.35,-87,0,1501.87,0.222318,0
2343,1499.91,-87,0,1502.43,0.222647,0
2344,1500.48,-87,0,1503,0.220414,0
2345,1501.04,-87,0,1503.56,0.224481,0
2346,1501.61,-87,0,1504.13,0.224456,0
2347,1502.17,-87,0,1504.69,0.221039,0
2348,1502.74,-87,0,1505.26,0.222064,0
2349,1503.3,-87,0,1505.82,0.22166,0
2350,1503.87,-87,0,1506.38,0.221599,0
2351,1504.44,-87,0,1506.95,0.226375,0
2352,1505,-87,0,1507.51,0.229001,0
2353,1505.57,-87,0,1508.08,0.221988,0
2354,1506.13,-87,0,1508.64,0.223432,0
2355,1506.7,-87,0,1509.21,0.219876,0
2356,1507.26,-87,0,1509.77,0.219135,0
2357,1507.83,-87,0,1510.34,0.219145,0
2358,1508.4,-87,0,1510.9,0.225474,0
2359,1508.96,-87,0,1511.47,0.224298,0
2360,1509.53,-87,0,1512.03,0.22237,0
2361,1510.09,-87,0,1512.6,0.222152,0
2362,1510.66,-87,0,1513.16,0.224418,0
2363,1511.22,-87,0,1513.73,0.2235,0
2364,1511.79,-87,0,1514.29,0.222253,0
2365,1512.35,-87,0,1514.85,0.222479,0
2366,1512.92,-87,0,1515.42,0.222401,0
2367,1513.49,-87,0,1515.98,0.224796,0
2368,1514.05,-87,0,1516.55,0.22483,0
2369,1514.62,-87,0,1517.11,0.222474,0
2370,1515.18,-87,0,1517.68,0.224471,0
2371,1515.75,-87,0,1518.24,0.222794,0
2372,1516.31,-87,0,1518.81,0.222146,0
2373,1516.88,-87,0,1519.37,0.219053,0
2374,1517.44,-87,0,1519.94,0.22199,0
2375,1518.01,-87,0,1520.5,0.228908,0
2376,1518.58,-87,0,1521.07,0.224903,0
2377,1519.14,-87,0,1521.63,0.218244,0
2378,1519.71,-87,0,1522.19,0.218137,0
2379,1520.27,-87,0,1522.76,0.225601,0
2380,1520.84,-87,0,1523.32,0.226649,0
2381,1521.4,-87,0,1523.89,0.226525,0
2382,1521.97,-87,0,1524.45,0.223534,0
2383,1522.53,-87,0,1525.02,0.219225,0
2384,1523.1,-87,0,1525.58,0.22222,0
2385,1523.67,-87,0,1526.15,0.222353,0
2386,1524.23,-87,0,1526.71,0.226566,0
2387,1524.8,-87,0,1527.28,0.224861,0
2388,1525.36,-87,0,1527.84,0.220624,0
2389,1525.93,-87,0,1528.41,0.220616,0
2390,1526.49,-87,0,1528.97,0.218902,0
2391,1527.06,-87,0,1529.54,0.21866,0
2392,1527.62,-87,0,1530.1,0.221864,0
2393,1528.19,-87,0,1530.66,0.222552,0
2394,1528.76,-87,0,1531.23,0.222802,0
2395,1529.32,-87,0,1531.79,0.222984,0
2396,1529.89,-87,0,1532.36,0.22388,0
2397,1530.45,-87,0,1532.92,0.223547,0
2398,1531.02,-87,0,1533.49,0.223506,0
2399,1531.58,-87,0,1534.05,0.220985,0
2400,1532.15,-87,0,1534.62,0.218718,0
2401,1532.71,-87,0,1535.18,0.224798,0
2402,1533.28,-87,0,1535.75,0.222398,0
2403,1533.84,-87,0,1536.31,0.219792,0
2404,1534.41,-87,0,1536.88,0.223909,0
2405,1534.98,-87,0,1537.44,0.224736,0
2406,1535.54,-87,0,1538,0.22185,0
2407,1536.11,-87,0,1538.57,0.224521,0
2408,1536.67,-87,0,1539.13,0.222121,0
2409,1537.24,-87,0,1539.7,0.221635,0
2410,1537.8,-87,0,1540.26,0.219901,0
2411,1538.37,-87,0,1540.83,0.221348,0
2412,1538.93,-87,0,1541.39,0.222222,0
2413,1539.5,-87,0,1541.96,0.224616,0
2414,1540.07,-87,0,1542.52,0.22268,0
2415,1540.63,-87,0,1543.09,0.222849,0
2416,1541.2,-87,0,1543.65,0.219835,0
2417,1541.76,-87,0,1544.21,0.219508,0
2418,1542.33,-87,0,1544.78,0.229638,0
2419,1542.89,-87,0,1545.34,0.222367,0
2420,1543.46,-87,0,1545.91,0.221911,0
2421,1544.02,-87,0,1546.47,0.221308,0
2422,1544.59,-87,0,1547.04,0.220289,0
2423,1545.15,-87,0,1547.6,0.219782,0
2424,1545.72,-87,0,1548.17,0.220953,0
2425,1546.29,-87,0,1548.73,0.223973,0
2426,1546.85,-87,0,1549.3,0.227641,0
2427,1547.42,-87,0,1549.86,0.22308,0
2428,1547.98,-87,0,1550.43,0.22023,0
2429,1548.55,-87,0,1550.99,0.228761,0
2430,1549.11,-87,0,1551.55,0.221965,0
2431,1549.68,-87,0,1552.12,0.220528,0
2432,1550.24,-87,0,1552.68,0.218854,0
2433,1550.81,-87,0,1553.25,0.221623,0
2434,1551.37,-87,0,1553.81,0.222065,0
2435,1551.94,-87,0,1554.38,0.222833,0
2436,1552.51,-87,0,1554.94,0.226506,0
2437,1553.07,-87,0,1555.51,0.22282,0
2438,1553.64,-87,0,1556.07,0.218372,0
2439,1554.2,-87,0,1556.64,0.223709,0
2440,1554.77,-87,0,1557.2,0.226218,0
2441,1555.33,-87,0,1557.76,0.218837,0
2442,1555.9,-87,0,1558.33,0.222489,0
2443,1556.46,-87,0,1558.89,0.221658,0
2444,1557.03,-87,0,1559.46,0.220766,0
2445,1557.59,-87,0,1560.02,0.218958,0
2446,1558.16,-87,0,1560.59,0.218637,0
2447,1558.73,-87,0,1561.15,0.226909,0
2448,1559.29,-87,0,1561.72,0.24372,0
2449,1559.86,-87,0,1562.28,0.223237,0
2450,1560.42,-87,0,1562.85,0.216539,0
2451,1560.99,-87,0,1563.41,0.214988,0
2452,1561.55,-87,0,1563.97,0.221007,0
2453,1562.12,-87,0,1564.54,0.226558,0
2454,1562.68,-87,0,1565.1,0.220884,0
2455,1563.25,-87,0,1565.67,0.219434,0
2456,1563.81,-87,0,1566.23,0.219915,0
2457,1564.38,-87,0,1566.8,0.224789,0
2458,1564.95,-87,0,1567.36,0.224614,0
2459,1565.51,-87,0,1567.93,0.223737,0
2460,1566.08,-87,0,1568.49,0.22022,0
2461,1566.64,-87,0,1569.06,0.222084,0
2462,1567.21,-87,0,1569.62,0.219474,0
2463,1567.77,-87,0,1570.18,0.221045,0
2464,1568.34,-87,0,1570.75,0.218817,0
2465,1568.9,-87,0,1571.31,0.224348,0
2466,1569.47,-87,0,1571.88,0.223588,0
2467,1570.03,-87,0,1572.44,0.2229,0
2468,1570.6,-87,0,1573.01,0.223148,0
2469,1571.16,-87,0,1573.57,0.22678,0
2470,1571.73,-87,0,1574.14,0.220441,0
2471,1572.3,-87,0,1574.7,0.225187,0
2472,1572.86,-87,0,1575.27,0.223025,0
2473,1573.43,-87,0,1575.83,0.22187,0
2474,1573.99,-87,0,1576.39,0.221383,0
2475,1574.56,-87,0,1576.96,0.221713,0
2476,1575.12,-87,0,1577.52,0.225745,0
2477,1575.69,-87,0,1578.09,0.222108,0
2478,1576.25,-87,0,1578.65,0.219156,0
2479,1576.82,-87,0,1579.22,0.221336,0
2480,1577.38,-87,0,1579.78,0.226672,0
2481,1577.95,-87,0,1580.35,0.248195,0
2482,1578.51,-87,0,1580.91,0.215447,0
2483,1579.08,-87,0,1581.47,0.211078,0
2484,1579.65,-87,0,1582.04,0.216869,0
2485,1580.21,-87,0,1582.6,0.220171,0
2486,1580.78,-87,0,1583.17,0.224971,0
2487,1581.34,-87,0,1583.73,0.228072,0
2488,1581.91,-87,0,1584.3,0.224766,0
2489,1582.47,-87,0,1584.86,0.224033,0
2490,1583.04,-87,0,1585.43,0.221088,0
2491,1583.6,-87,0,1585.99,0.220736,0
2492,1584.17,-87,0,1586.56,0.219587,0
2493,1584.73,-87,0,1587.12,0.218541,0
2494,1585.3,-87,0,1587.68,0.224022,0
2495,1585.86,-87,0,1588.25,0.221522,0
2496,1586.43,-87,0,1588.81,0.223546,0
2497,1586.99,-87,0,1589.38,0.222005,0
2498,1587.56,-87,0,1589.94,0.223756,0
2499,1588.13,-87,0,1590.51,0.21938,0
2500,1588.69,-87,0,1591.07,0.21774,0
2501,1589.26,-87,0,1591.64,0.227198,0
2502,1589.82,-87,0,1592.2,0.220333,0
2503,1590.39,-87,0,1592.76,0.217543,0
2504,1590.95,-87,0,1593.33,0.214457,0
2505,1591.52,-87,0,1593.89,0.222154,0
2506,1592.08,-87,0,1594.46,0.222335,0
2507,1592.65,-87,0,1595.02,0.219493,0
2508,1593.21,-87,0,1595.59,0.216336,0
2509,1593.78,-87,0,1596.15,0.219434,0
2510,1594.34,-87,0,1596.72,0.222426,0
2511,1594.91,-87,0,1597.28,0.225142,0
2512,1595.47,-87,0,1597.84,0.222241,0
2513,1596.04,-87,0,1598.41,0.217171,0
2514,1596.61,-87,0,1598.97,0.213488,0
2515,1597.17,-87,0,1599.54,0.215098,0
2516,1597.74,-87,0,1600.1,0.218496,0
2517,1598.3,-87,0,1600.67,0.222977,0
2518,1598.87,-87,0,1601.23,0.223248,0
2519,1599.43,-87,0,1601.8,0.219209,0
2520,1600,-87,0,1602.36,0.223309,0
2521,1600.56,-87,0,1602.92,0.221551,0
2522,1601.13,-87,0,1603.49,0.221488,0
2523,1601.69,-87,0,1604.05,0.220852,0
2524,1602.26,-87,0,1604.62,0.21988,0
2525,1602.82,-87,0,1605.18,0.215604,0
2526,1603.39,-87,0,1605.75,0.220599,0
2527,1603.95,-87,0,1606.31,0.224429,0
2528,1604.52,-87,0,1606.88,0.225824,0
2529,1605.08,-87,0,1607.44,0.221248,0
2530,1605.65,-87,0,1608,0.219669,0
2531,1606.21,-87,0,1608.57,0.218999,0
2532,1606.78,-87,0,1609.13,0.224221,0
2533,1607.35,-87,0,1609.7,0.219375,0
2534,1607.91,-87,0,1610.26,0.217737,0
2535,1608.48,-87,0,1610.83,0.218927,0
2536,1609.04,-87,0,1611.39,0.216264,0
2537,1609.61,-87,0,1611.96,0.218649,0
2538,1610.17,-87,0,1612.52,0.218913,0
2539,1610.74,-87,0,1613.08,0.223431,0
2540,1611.3,-87,0,1613.65,0.220557,0
2541,1611.87,-87,0,1614.21,0.220883,0
2542,1612.43,-87,0,1614.78,0.220269,0
2543,1613,-87,0,1615.34,0.225172,0
2544,1613.56,-87,0,1615.91,0.224452,0
2545,1614.13,-87,0,1616.47,0.22252,0
2546,1614.69,-87,0,1617.04,0.220636,0
2547,1615.26,-87,0,1617.6,0.225431,0
2548,1615.82,-87,0,1618.16,0.223271,0
2549,1616.39,-87,0,1618.73,0.22188,0
2550,1616.95,-87,0,1619.29,0.220782,0
2551,1617.52,-87,0,1619.86,0.224239,0
2552,1618.09,-87,0,1620.42,0.221609,0
2553,1618.65,-87,0,1620.99,0.22273,0
2554,1619.22,-87,0,1621.55,0.220751,0
2555,1619.78,-87,0,1622.12,0.217855,0
2556,1620.35,-87,0,1622.68,0.219407,0
2557,1620.91,-87,0,1623.24,0.219259,0
2558,1621.48,-87,0,1623.81,0.220583,0
2559,1622.04,-87,0,1624.37,0.218434,0
2560,1622.61,-87,0,1624.94,0.220652,0
2561,1623.17,-87,0,1625.5,0.221795,0
2562,1623.74,-87,0,1626.07,0.22109,0
2563,1624.3,-87,0,1626.63,0.220058,0
2564,1624.87,-87,0,1627.2,0.222331,0
2565,1625.43,-87,0,1627.76,0.220013,0
2566,1626,-87,0,1628.32,0.218283,0
2567,1626.56,-87,0,1628.89,0.220892,0
2568,1627.13,-87,0,1629.45,0.220684,0
2569,1627.69,-87,0,1630.02,0.220552,0
2570,1628.26,-87,0,1630.58,0.223225,0
2571,1628.82,-87,0,1631.15,0.222229,0
2572,1629.39,-87,0,1631.71,0.220792,0
2573,1629.95,-87,0,1632.28,0.222626,0
2574,1630.52,-87,0,1632.84,0.222348,0
2575,1631.09,-87,0,1633.4,0.221825,0
2576,1631.65,-87,0,1633.97,0.22232,0
2577,1632.22,-87,0,1634.53,0.223003,0
2578,1632.78,-87,0,1635.1,0.220212,0
2579,1633.35,-87,0,1635.66,0.219543,0
2580,1633.91,-87,0,1636.23,0.229073,0
2581,1634.48,-87,0,1636.79,0.220185,0
2582,1635.04,-87,0,1637.35,0.218328,0
2583,1635.61,-87,0,1637.92,0.216612,0
2584,1636.17,-87,0,1638.48,0.219389,0
2585,1636.74,-87,0,1639.05,0.217826,0
2586,1637.3,-87,0,1639.61,0.217332,0
2587,1637.87,-87,0,1640.18,0.224289,0
2588,1638.43,-87,0,1640.74,0.222099,0
2589,1639,-87,0,1641.31,0.22034,0
2590,1639.56,-87,0,1641.87,0.218077,0
2591,1640.13,-87,0,1642.43,0.220676,0
2592,1640.69,-87,0,1643,0.220877,0
2593,1641.26,-87,0,1643.56,0.221219,0
2594,1641.82,-87,0,1644.13,0.221525,0
2595,1642.39,-87,0,1644.69,0.220112,0
2596,1642.95,-87,0,1645.26,0.220818,0
2597,1643.52,-87,0,1645.82,0.219703,0
2598,1644.08,-87,0,1646.38,0.222347,0
2599,1644.65,-87,0,1646.95,0.22456,0
2600,1645.21,-87,0,1647.51,0.224268,0
2601,1645.78,-87,0,1648.08,0.22302,0
2602,1646.34,-87,0,1648.64,0.22125,0
2603,1646.91,-87,0,1649.21,0.220306,0
2604,1647.47,-87,0,1649.77,0.220345,0
2605,1648.04,-87,0,1650.33,0.219651,0
2606,1648.61,-87,0,1650.9,0.218514,0
2607,1649.17,-87,0,1651.46,0.2255,0
2608,1649.74,-87,0,1652.03,0.22354,0
2609,1650.3,-87,0,1652.59,0.218971,0
2610,1650.87,-87,0,1653.16,0.215105,0
2611,1651.43,-87,0,1653.72,0.216106,0
2612,1652,-87,0,1654.29,0.222352,0
2613,1652.56,-87,0,1654.85,0.22125,0
2614,1653.13,-87,0,1655.41,0.21947,0
2615,1653.69,-87,0,1655.98,0.215671,0
2616,1654.26,-87,0,1656.54,0.219289,0
2617,1654.82,-87,0,1657.11,0.23144,0
2618,1655.39,-87,0,1657.67,0.217849,0
2619,1655.95,-87,0,1658.24,0.222312,0
2620,1656.52,-87,0,1658.8,0.222212,0
2621,1657.08,-87,0,1659.36,0.219349,0
2622,1657.65,-87,0,1659.93,0.219624,0
2623,1658.21,-87,0,1660.49,0.220314,0
2624,1658.78,-87,0,1661.06,0.218867,0
2625,1659.34,-87,0,1661.62,0.217786,0
2626,1659.91,-87,0,1662.19,0.218418,0
2627,1660.47,-87,0,1662.75,0.224122,0
2628,1661.04,-87,0,1663.31,0.218247,0
2629,1661.6,-87,0,1663.88,0.221726,0
2630,1662.17,-87,0,1664.44,0.223178,0
2631,1662.73,-87,0,1665.01,0.226495,0
2632,1663.3,-87,0,1665.57,0.220176,0
2633,1663.86,-87,0,1666.14,0.220379,0
2634,1664.43,-87,0,1666.7,0.219626,0
2635,1664.99,-87,0,1667.27,0.219117,0
2636,1665.56,-87,0,1667.83,0.214477,0
2637,1666.12,-87,0,1668.39,0.221396,0
2638,1666.69,-87,0,1668.96,0.226832,0
2639,1667.25,-87,0,1669.52,0.220563,0
2640,1667.82,-87,0,1670.09,0.226047,0
2641,1668.38,-87,0,1670.65,0.225097,0
2642,1668.95,-87,0,1671.22,0.222161,0
2643,1669.51,-87,0,1671.78,0.220157,0
2644,1670.08,-87,0,1672.34,0.216765,0
2645,1670.64,-87,0,1672.91,0.21625,0
2646,1671.21,-87,0,1673.47,0.213517,0
2647,1671.77,-87,0,1674.04,0.21886,0
2648,1672.34,-87,0,1674.6,0.227517,0
2649,1672.9,-87,0,1675.17,0.219177,0
2650,1673.47,-87,0,1675.73,0.219317,0
2651,1674.03,-87,0,1676.29,0.217345,0
2652,1674.6,-87,0,1676.86,0.224123,0
2653,1675.16,-87,0,1677.42,0.220832,0
2654,1675.73,-87,0,1677.99,0.222035,0
2655,1676.29,-87,0,1678.55,0.219365,0
2656,1676.86,-87,0,1679.12,0.217229,0
2657,1677.42,-87,0,1679.68,0.227046,0
2658,1677.99,-87,0,1680.24,0.223638,0
2659,1678.56,-87,0,1680.81,0.222958,0
2660,1679.12,-87,0,1681.37,0.220436,0
2661,1679.69,-87,0,1681.94,0.22087,0
2662,1680.25,-87,0,1682.5,0.219246,0
2663,1680.82,-87,0,1683.07,0.227536,0
2664,1681.38,-87,0,1683.63,0.221198,0
2665,1681.95,-87,0,1684.19,0.218383,0
2666,1682.51,-87,0,1684.76,0.222939,0
2667,1683.08,-87,0,1685.32,0.219555,0
2668,1683.64,-87,0,1685.89,0.216669,0
2669,1684.21,-87,0,1686.45,0.210322,0
2670,1684.77,-87,0,1687.02,0.219963,0
2671,1685.34,-87,0,1687.58,0.253254,0
2672,1685.9,-87,0,1688.14,0.214432,0
2673,1686.47,-87,0,1688.71,0.208145,0
2674,1687.03,-87,0,1689.27,0.219371,0
2675,1687.6,-87,0,1689.84,0.220631,0
2676,1688.16,-87,0,1690.4,0.222384,0
2677,1688.73,-87,0,1690.97,0.219781,0
2678,1689.29,-87,0,1691.53,0.222979,0
2679,1689.86,-87,0,1692.09,0.220564,0
2680,1690.42,-87,0,1692.66,0.223244,0
2681,1690.99,-87,0,1693.22,0.229999,0
2682,1691.55,-87,0,1693.79,0.220849,0
2683,1692.12,-87,0,1694.35,0.21441,0
2684,1692.68,-87,0,1694.91,0.214336,0
2685,1693.25,-87,0,1695.48,0.222351,0
2686,1693.81,-87,0,1696.04,0.222151,0
2687,1694.38,-87,0,1696.61,0.216992,0
2688,1694.94,-87,0,1697.17,0.220693,0
2689,1695.51,-87,0,1697.74,0.223159,0
2690,1696.07,-87,0,1698.3,0.222531,0
2691,1696.64,-87,0,1698.86,0.220316,0
2692,1697.2,-87,0,1699.43,0.220405,0
2693,1697.77,-87,0,1699.99,0.218268,0
2694,1698.33,-87,0,1700.56,0.224085,0
2695,1698.9,-87,0,1701.12,0.221113,0
2696,1699.46,-87,0,1701.69,0.220374,0
2697,1700.03,-87,0,1702.25,0.22005,0
2698,1700.59,-87,0,1702.81,0.220942,0
2699,1701.16,-87,0,1703.38,0.223352,0
2700,1701.72,-87,0,1703.94,0.224528,0
2701,1702.29,-87,0,1704.51,0.222429,0
2702,1702.85,-87,0,1705.07,0.221395,0
2703,1703.42,-87,0,1705.64,0.221278,0
2704,1703.98,-87,0,1706.2,0.221255,0
2705,1704.55,-87,0,1706.76,0.220868,0
2706,1705.11,-87,0,1707.33,0.219632,0
2707,1705.68,-87,0,1707.89,0.225076,0
2708,1706.24,-87,0,1708.46,0.227105,0
2709,1706.8,-87,0,1709.02,0.220975,0
2710,1707.37,-87,0,1709.58,0.216894,0
2711,1707.93,-87,0,1710.15,0.214637,0
2712,1708.5,-87,0,1710.71,0.21669,0
2713,1709.06,-87,0,1711.28,0.223285,0
2714,1709.63,-87,0,1711.84,0.228803,0
2715,1710.19,-87,0,1712.41,0.218548,0
2716,1710.76,-87,0,1712.97,0.215716,0
2717,1711.32,-87,0,1713.53,0.219613,0
2718,1711.89,-87,0,1714.1,0.217366,0
2719,1712.45,-87,0,1714.66,0.22078,0
2720,1713.02,-87,0,1715.23,0.218111,0
2721,1713.58,-87,0,1715.79,0.222565,0
2722,1714.15,-87,0,1716.36,0.221304,0
2723,1714.71,-87,0,1716.92,0.216556,0
2724,1715.28,-87,0,1717.48,0.21829,0
2725,1715.84,-87,0,1718.05,0.214311,0
2726,1716.41,-87,0,1718.61,0.221831,0
2727,1716.97,-87,0,1719.18,0.228569,0
2728,1717.54,-87,0,1719.74,0.224578,0
2729,1718.1,-87,0,1720.31,0.221606,0
2730,1718.67,-87,0,1720.87,0.221348,0
2731,1719.23,-87,0,1721.43,0.220573,0
2732,1719.8,-87,0,1722,0.222018,0
2733,1720.36,-87,0,1722.56,0.225212,0
2734,1720.93,-87,0,1723.13,0.223963,0
2735,1721.49,-87,0,1723.69,0.219336,0
2736,1722.06,-87,0,1724.25,0.219016,0
2737,1722.62,-87,0,1724.82,0.217943,0
2738,1723.19,-87,0,1725.38,0.219667,0
2739,1723.75,-87,0,1725.95,0.219795,0
2740,1724.32,-87,0,1726.51,0.217913,0
2741,1724.88,-87,0,1727.08,0.217823,0
2742,1725.45,-87,0,1727.64,0.219994,0
2743,1726.01,-87,0,1728.2,0.219094,0
2744,1726.58,-87,0,1728.77,0.221861,0
2745,1727.14,-87,0,1729.33,0.216873,0
2746,1727.71,-87,0,1729.9,0.219816,0
2747,1728.27,-87,0,1730.46,0.219883,0
2748,1728.84,-87,0,1731.02,0.22592,0
2749,1729.4,-87,0,1731.59,0.221268,0
2750,1729.97,-87,0,1732.15,0.217477,0
2751,1730.53,-87,0,1732.72,0.2121,0
2752,1731.1,-87,0,1733.28,0.217405,0
2753,1731.66,-87,0,1733.85,0.222121,0
2754,1732.23,-87,0,1734.41,0.222364,0
2755,1732.79,-87,0,1734.97,0.221402,0
2756,1733.36,-87,0,1735.54,0.219251,0
2757,1733.92,-87,0,1736.1,0.231756,0
2758,1734.49,-87,0,1736.67,0.216939,0
2759,1735.05,-87,0,1737.23,0.215309,0
2760,1735.62,-87,0,1737.79,0.216506,0
2761,1736.18,-87,0,1738.36,0.221297,0
2762,1736.75,-87,0,1738.92,0.220771,0
2763,1737.31,-87,0,1739.49,0.218999,0
2764,1737.87,-87,0,1740.05,0.220687,0
2765,1738.44,-87,0,1740.62,0.218818,0
2766,1739,-87,0,1741.18,0.217747,0
2767,1739.57,-87,0,1741.74,0.222925,0
2768,1740.13,-87,0,1742.31,0.220756,0
2769,1740.7,-87,0,1742.87,0.224325,0
2770,1741.26,-87,0,1743.44,0.2198,0
2771,1741.83,-87,0,1744,0.215463,0
2772,1742.39,-87,0,1744.56,0.218806,0
2773,1742.96,-87,0,1745.13,0.217821,0
2774,1743.52,-87,0,1745.69,0.222439,0
2775,1744.09,-87,0,1746.26,0.222707,0
2776,1744.65,-87,0,1746.82,0.222396,0
2777,1745.22,-87,0,1747.38,0.221547,0
2778,1745.78,-87,0,1747.95,0.219233,0
2779,1746.35,-87,0,1748.51,0.218195,0
2780,1746.91,-87,0,1749.08,0.222405,0
2781,1747.48,-87,0,1749.64,0.220032,0
2782,1748.04,-87,0,1750.21,0.219926,0
2783,1748.61,-87,0,1750.77,0.224691,0
2784,1749.17,-87,0,1751.33,0.220586,0
2785,1749.74,-87,0,1751.9,0.217182,0
2786,1750.3,-87,0,1752.46,0.214735,0
2787,1750.87,-87,0,1753.03,0.227921,0
2788,1751.43,-87,0,1753.59,0.218607,0
2789,1752,-87,0,1754.15,0.216969,0
2790,1752.56,-87,0,1754.72,0.220853,0
2791,1753.13,-87,0,1755.28,0.219607,0
2792,1753.69,-87,0,1755.85,0.230504,0
2793,1754.26,-87,0,1756.41,0.223438,0
2794,1754.82,-87,0,1756.97,0.216205,0
2795,1755.38,-87,0,1757.54,0.214997,0
2796,1755.95,-87,0,1758.1,0.217737,0
2797,1756.51,-87,0,1758.67,0.219938,0
2798,1757.08,-87,0,1759.23,0.220633,0
2799,1757.64,-87,0,1759.8,0.22455,0
2800,1758.21,-87,0,1760.36,0.220127,0
2801,1758.77,-87,0,1760.92,0.217609,0
2802,1759.34,-87,0,1761.49,0.214118,0
2803,1759.9,-87,0,1762.05,0.222512,0
2804,1760.47,-87,0,1762.62,0.222622,0
2805,1761.03,-87,0,1763.18,0.221581,0
2806,1761.6,-87,0,1763.74,0.223135,0
2807,1762.16,-87,0,1764.31,0.220505,0
2808,1762.73,-87,0,1764.87,0.217596,0
2809,1763.29,-87,0,1765.44,0.220301,0
2810,1763.86,-87,0,1766,0.221646,0
2811,1764.42,-87,0,1766.56,0.225444,0
2812,1764.99,-87,0,1767.13,0.223153,0
2813,1765.55,-87,0,1767.69,0.217803,0
2814,1766.12,-87,0,1768.26,0.218217,0
2815,1766.68,-87,0,1768.82,0.220564,0
2816,1767.25,-87,0,1769.39,0.222427,0
2817,1767.81,-87,0,1769.95,0.222324,0
2818,1768.37,-87,0,1770.51,0.222732,0
2819,1768.94,-87,0,1771.08,0.220234,0
2820,1769.5,-87,0,1771.64,0.222883,0
2821,1770.07,-87,0,1772.21,0.219932,0
2822,1770.63,-87,0,1772.77,0.219751,0
2823,1771.2,-87,0,1773.33,0.219196,0
2824,1771.76,-87,0,1773.9,0.219874,0
2825,1772.33,-87,0,1774.46,0.219897,0
2826,1772.89,-87,0,1775.03,0.219104,0
2827,1773.46,-87,0,1775.59,0.215549,0
2828,1774.02,-87,0,1776.15,0.225816,0
2829,1774.59,-87,0,1776.72,0.218951,0
2830,1775.15,-87,0,1777.28,0.221256,0
2831,1775.72,-87,0,1777.85,0.217476,0
2832,1776.28,-87,0,1778.41,0.21896,0
2833,1776.85,-87,0,1778.97,0.219339,0
2834,1777.41,-87,0,1779.54,0.220973,0
2835,1777.98,-87,0,1780.1,0.221273,0
2836,1778.54,-87,0,1780.67,0.220022,0
2837,1779.1,-87,0,1781.23,0.221717,0
2838,1779.67,-87,0,1781.79,0.223171,0
2839,1780.23,-87,0,1782.36,0.223439,0
2840,1780.8,-87,0,1782.92,0.220328,0
2841,1781.36,-87,0,1783.49,0.220167,0
2842,1781.93,-87,0,1784.05,0.219039,0
2843,1782.49,-87,0,1784.62,0.218833,0
2844,1783.06,-87,0,1785.18,0.223305,0
2845,1783.62,-87,0,1785.74,0.225673,0
2846,1784.19,-87,0,1786.31,0.217097,0
2847,1784.75,-87,0,1786.87,0.213847,0
2848,1785.32,-87,0,1787.44,0.214529,0
2849,1785.88,-87,0,1788,0.216331,0
2850,1786.45,-87,0,1788.56,0.222083,0
2851,1787.01,-87,0,1789.13,0.226253,0
2852,1787.58,-87,0,1789.69,0.219621,0
2853,1788.14,-87,0,1790.26,0.219507,0
2854,1788.7,-87,0,1790.82,0.218812,0
2855,1789.27,-87,0,1791.38,0.220594,0
2856,1789.83,-87,0,1791.95,0.220326,0
2857,1790.4,-87,0,1792.51,0.219439,0
2858,1790.96,-87,0,1793.08,0.21341,0
2859,1791.53,-87,0,1793.64,0.21672,0
2860,1792.09,-87,0,1794.2,0.219543,0
2861,1792.66,-87,0,1794.77,0.273444,0
2862,1793.22,-87,0,1795.33,0.224412,0
2863,1793.79,-87,0,1795.9,0.206318,0
2864,1794.35,-87,0,1796.46,0.211358,0
2865,1794.92,-87,0,1797.02,0.216622,0
2866,1795.48,-87,0,1797.59,0.217218,0
2867,1796.05,-87,0,1798.15,0.220781,0
2868,1796.61,-87,0,1798.72,0.221504,0
2869,1797.18,-87,0,1799.28,0.223313,0
2870,1797.74,-87,0,1799.84,0.212423,0
2871,1798.3,-87,0,1800.41,0.211363,0
2872,1798.87,-87,0,1800.97,0.221509,0
2873,1799.43,-87,0,1801.54,0.218423,0
2874,1800,-87,0,1802.1,0.216796,0
2875,1800.56,-87,0,1802.66,0.213808,0
2876,1801.13,-87,0,1803.23,0.217039,0
2877,1801.69,-87,0,1803.79,0.218942,0
2878,1802.26,-87,0,1804.36,0.218599,0
2879,1802.82,-87,0,1804.92,0.220798,0
2880,1803.39,-87,0,1805.48,0.220338,0
2881,1803.95,-87,0,1806.05,0.220129,0
2882,1804.52,-87,0,1806.61,0.221708,0
2883,1805.08,-87,0,1807.18,0.220289,0
2884,1805.65,-87,0,1807.74,0.217071,0
2885,1806.21,-87,0,1808.3,0.218547,0
2886,1806.77,-87,0,1808.87,0.217927,0
2887,1807.34,-87,0,1809.43,0.219893,0
2888,1807.9,-87,0,1810,0.220175,0
2889,1808.47,-87,0,1810.56,0.217761,0
2890,1809.03,-87,0,1811.12,0.218766,0
2891,1809.6,-87,0,1811.69,0.217643,0
2892,1810.16,-87,0,1812.25,0.210832,0
2893,1810.73,-87,0,1812.82,0.218431,0
2894,1811.29,-87,0,1813.38,0.221805,0
2895,1811.86,-87,0,1813.94,0.225323,0
2896,1812.42,-87,0,1814.51,0.223238,0
2897,1812.99,-87,0,1815.07,0.218992,0
2898,1813.55,-87,0,1815.64,0.218486,0
2899,1814.11,-87,0,1816.2,0.216129,0
2900,1814.68,-87,0,1816.76,0.215559,0
2901,1815.24,-87,0,1817.33,0.217513,0
2902,1815.81,-87,0,1817.89,0.222224,0
2903,1816.37,-87,0,1818.46,0.219899,0
2904,1816.94,-87,0,1819.02,0.219382,0
2905,1817.5,-87,0,1819.58,0.218754,0
2906,1818.07,-87,0,1820.15,0.217289,0
2907,1818.63,-87,0,1820.71,0.216787,0
2908,1819.2,-87,0,1821.28,0.220059,0
2909,1819.76,-87,0,1821.84,0.22087,0
2910,1820.33,-87,0,1822.4,0.219977,0
2911,1820.89,-87,0,1822.97,0.220691,0
2912,1821.45,-87,0,1823.53,0.218861,0
2913,1822.02,-87,0,1824.1,0.220624,0
2914,1822.58,-87,0,1824.66,0.221102,0
2915,1823.15,-87,0,1825.22,0.222398,0
2916,1823.71,-87,0,1825.79,0.219114,0
2917,1824.28,-87,0,1826.35,0.214841,0
2918,1824.84,-87,0,1826.92,0.216031,0
2919,1825.41,-87,0,1827.48,0.221945,0
2920,1825.97,-87,0,1828.04,0.21959,0
2921,1826.54,-87,0,1828.61,0.216378,0
2922,1827.1,-87,0,1829.17,0.213839,0
2923,1827.67,-87,0,1829.73,0.218093,0
2924,1828.23,-87,0,1830.3,0.224134,0
2925,1828.79,-87,0,1830.86,0.220835,0
2926,1829.36,-87,0,1831.43,0.220605,0
2927,1829.92,-87,0,1831.99,0.219504,0
2928,1830.49,-87,0,1832.55,0.213436,0
2929,1831.05,-87,0,1833.12,0.213359,0
2930,1831.62,-87,0,1833.68,0.223052,0
2931,1832.18,-87,0,1834.25,0.222903,0
2932,1832.75,-87,0,1834.81,0.217104,0
2933,1833.31,-87,0,1835.37,0.215905,0
2934,1833.88,-87,0,1835.94,0.215314,0
2935,1834.44,-87,0,1836.5,0.215714,0
2936,1835,-87,0,1837.07,0.219366,0
2937,1835.57,-87,0,1837.63,0.220441,0
2938,1836.13,-87,0,1838.19,0.217761,0
2939,1836.7,-87,0,1838.76,0.217778,0
2940,1837.26,-87,0,1839.32,0.215532,0
2941,1837.83,-87,0,1839.89,0.218474,0
2942,1838.39,-87,0,1840.45,0.216216,0
2943,1838.96,-87,0,1841.01,0.214756,0
2944,1839.52,-87,0,1841.58,0.22106,0
2945,1840.09,-87,0,1842.14,0.227959,0
2946,1840.65,-87,0,1842.71,0.223353,0
2947,1841.21,-87,0,1843.27,0.22174,0
2948,1841.78,-87,0,1843.83,0.212248,0
2949,1842.34,-87,0,1844.4,0.209495,0
2950,1842.91,-87,0,1844.96,0.218445,0
2951,1843.47,-87,0,1845.52,0.228263,0
2952,1844.04,-87,0,1846.09,0.218478,0
2953,1844.6,-87,0,1846.65,0.217463,0
2954,1845.17,-87,0,1847.22,0.214412,0
2955,1845.73,-87,0,1847.78,0.214654,0
2956,1846.3,-87,0,1848.34,0.21902,0
2957,1846.86,-87,0,1848.91,0.22466,0
2958,1847.42,-87,0,1849.47,0.222056,0
2959,1847.99,-87,0,1850.04,0.214936,0
2960,1848.55,-87,0,1850.6,0.215112,0
2961,1849.12,-87,0,1851.16,0.214945,0
2962,1849.68,-87,0,1851.73,0.219852,0
2963,1850.25,-87,0,1852.29,0.219017,0
2964,1850.81,-87,0,1852.86,0.21878,0
2965,1851.38,-87,0,1853.42,0.215825,0
2966,1851.94,-87,0,1853.98,0.215932,0
2967,1852.51,-87,0,1854.55,0.218946,0
2968,1853.07,-87,0,1855.11,0.21824,0
2969,1853.63,-87,0,1855.67,0.222054,0
2970,1854.2,-87,0,1856.24,0.223988,0
2971,1854.76,-87,0,1856.8,0.222596,0
2972,1855.33,-87,0,1857.37,0.219818,0
2973,1855.89,-87,0,1857.93,0.217577,0
2974,1856.46,-87,0,1858.49,0.215108,0
2975,1857.02,-87,0,1859.06,0.219077,0
2976,1857.59,-87,0,1859.62,0.220345,0
2977,1858.15,-87,0,1860.19,0.224134,0
2978,1858.71,-87,0,1860.75,0.219742,0
2979,1859.28,-87,0,1861.31,0.215455,0
2980,1859.84,-87,0,1861.88,0.218387,0
2981,1860.41,-87,0,1862.44,0.218386,0
2982,1860.97,-87,0,1863.01,0.221085,0
2983,1861.54,-87,0,1863.57,0.220513,0
2984,1862.1,-87,0,1864.13,0.220387,0
2985,1862.67,-87,0,1864.7,0.218563,0
2986,1863.23,-87,0,1865.26,0.220309,0
2987,1863.8,-87,0,1865.82,0.219556,0
2988,1864.36,-87,0,1866.39,0.221094,0
2989,1864.92,-87,0,1866.95,0.219509,0
2990,1865.49,-87,0,1867.52,0.216662,0
2991,1866.05,-87,0,1868.08,0.217841,0
2992,1866.62,-87,0,1868.64,0.217547,0
2993,1867.18,-87,0,1869.21,0.220634,0
2994,1867.75,-87,0,1869.77,0.218647,0
2995,1868.31,-87,0,1870.34,0.215251,0
2996,1868.88,-87,0,1870.9,0.218439,0
2997,1869.44,-87,0,1871.46,0.218459,0
2998,1870,-87,0,1872.03,0.217238,0
2999,1870.57,-87,0,1872.59,0.217852,0
3000,1871.13,-87,0,1873.15,0.218354,0
3001,1871.7,-87,0,1873.72,0.21928,0
3002,1872.26,-87,0,1874.28,0.220721,0
3003,1872.83,-87,0,1874.85,0.219745,0
3004,1873.39,-87,0,1875.41,0.218659,0
3005,1873.96,-87,0,1875.97,0.218778,0
3006,1874.52,-87,0,1876.54,0.218599,0
3007,1875.08,-87,0,1877.1,0.219173,0
3008,1875.65,-87,0,1877.67,0.216203,0
3009,1876.21,-87,0,1878.23,0.221224,0
3010,1876.78,-87,0,1878.79,0.219177,0
3011,1877.34,-87,0,1879.36,0.219299,0
3012,1877.91,-87,0,1879.92,0.222469,0
3013,1878.47,-87,0,1880.48,0.220437,0
3014,1879.04,-87,0,1881.05,0.216554,0
3015,1879.6,-87,0,1881.61,0.218279,0
3016,1880.16,-87,0,1882.18,0.21756,0
3017,1880.73,-87,0,1882.74,0.220525,0
3018,1881.29,-87,0,1883.3,0.219562,0
3019,1881.86,-87,0,1883.87,0.221931,0
3020,1882.42,-87,0,1884.43,0.219503,0
3021,1882.99,-87,0,1884.99,0.217404,0
3022,1883.55,-87,0,1885.56,0.213484,0
3023,1884.11,-87,0,1886.12,0.211732,0
3024,1884.68,-87,0,1886.69,0.218666,0
3025,1885.24,-87,0,1887.25,0.227614,0
3026,1885.81,-87,0,1887.81,0.221004,0
3027,1886.37,-87,0,1888.38,0.21711,0
3028,1886.94,-87,0,1888.94,0.215396,0
3029,1887.5,-87,0,1889.51,0.212895,0
3030,1888.07,-87,0,1890.07,0.219367,0
3031,1888.63,-87,0,1890.63,0.221542,0
3032,1889.19,-87,0,1891.2,0.215198,0
3033,1889.76,-87,0,1891.76,0.213986,0
3034,1890.32,-87,0,1892.32,0.224845,0
3035,1890.89,-87,0,1892.89,0.219875,0
3036,1891.45,-87,0,1893.45,0.221306,0
3037,1892.02,-87,0,1894.02,0.220664,0
3038,1892.58,-87,0,1894.58,0.221594,0
3039,1893.15,-87,0,1895.14,0.218107,0
3040,1893.71,-87,0,1895.71,0.217896,0
3041,1894.27,-87,0,1896.27,0.21767,0
3042,1894.84,-87,0,1896.83,0.22316,0
3043,1895.4,-87,0,1897.4,0.218174,0
3044,1895.97,-87,0,1897.96,0.22286,0
3045,1896.53,-87,0,1898.53,0.218319,0
3046,1897.1,-87,0,1899.09,0.219015,0
3047,1897.66,-87,0,1899.65,0.215548,0
3048,1898.22,-87,0,1900.22,0.222588,0
3049,1898.79,-87,0,1900.78,0.216609,0
3050,1899.35,-87,0,1901.34,0.221531,0
3051,1899.92,-87,0,1901.91,0.220248,0
3052,1900.48,-87,0,1902.47,0.218912,0
3053,1901.05,-87,0,1903.04,0.219737,0
3054,1901.61,-87,0,1903.6,0.216085,0
3055,1902.18,-87,0,1904.16,0.220236,0
3056,1902.74,-87,0,1904.73,0.224607,0
3057,1903.3,-87,0,1905.29,0.221841,0
3058,1903.87,-87,0,1905.86,0.21824,0
3059,1904.43,-87,0,1906.42,0.221321,0
3060,1905,-87,0,1906.98,0.222077,0
3061,1905.56,-87,0,1907.55,0.219719,0
3062,1906.13,-87,0,1908.11,0.216584,0
3063,1906.69,-87,0,1908.67,0.215492,0
3064,1907.25,-87,0,1909.24,0.220468,0
3065,1907.82,-87,0,1909.8,0.224385,0
3066,1908.38,-87,0,1910.37,0.218241,0
3067,1908.95,-87,0,1910.93,0.217195,0
3068,1909.51,-87,0,1911.49,0.220272,0
3069,1910.08,-87,0,1912.06,0.219899,0
3070,1910.64,-87,0,1912.62,0.22205,0
3071,1911.2,-87,0,1913.18,0.220848,0
3072,1911.77,-87,0,1913.75,0.220933,0
3073,1912.33,-87,0,1914.31,0.219166,0
3074,1912.9,-87,0,1914.88,0.221747,0
3075,1913.46,-87,0,1915.44,0.217741,0
3076,1914.03,-87,0,1916,0.218291,0
3077,1914.59,-87,0,1916.57,0.222142,0
3078,1915.16,-87,0,1917.13,0.228241,0
3079,1915.72,-87,0,1917.69,0.219643,0
3080,1916.28,-87,0,1918.26,0.215245,0
3081,1916.85,-87,0,1918.82,0.216066,0
3082,1917.41,-87,0,1919.39,0.21621,0
3083,1917.98,-87,0,1919.95,0.217055,0
3084,1918.54,-87,0,1920.51,0.223038,0
3085,1919.11,-87,0,1921.08,0.219968,0
3086,1919.67,-87,0,1921.64,0.217445,0
3087,1920.23,-87,0,1922.2,0.213892,0
3088,1920.8,-87,0,1922.77,0.22597,0
3089,1921.36,-87,0,1923.33,0.219587,0
3090,1921.93,-87,0,1923.89,0.217912,0
3091,1922.49,-87,0,1924.46,0.221346,0
3092,1923.06,-87,0,1925.02,0.218611,0
3093,1923.62,-87,0,1925.59,0.218985,0
3094,1924.18,-87,0,1926.15,0.221256,0
3095,1924.75,-87,0,1926.71,0.221234,0
3096,1925.31,-87,0,1927.28,0.219605,0
3097,1925.88,-87,0,1927.84,0.21967,0
3098,1926.44,-87,0,1928.4,0.221959,0
3099,1927.01,-87,0,1928.97,0.218946,0
3100,1927.57,-87,0,1929.53,0.218734,0
3101,1928.13,-87,0,1930.1,0.217447,0
3102,1928.7,-87,0,1930.66,0.218882,0
3103,1929.26,-87,0,1931.22,0.220101,0
3104,1929.83,-87,0,1931.79,0.269411,0
3105,1930.39,-87,0,1932.35,0.212002,0
3106,1930.96,-87,0,1932.91,0.199132,0
3107,1931.52,-87,0,1933.48,0.217912,0
3108,1932.08,-87,0,1934.04,0.220137,0
3109,1932.65,-87,0,1934.61,0.219331,0
3110,1933.21,-87,0,1935.17,0.222615,0
3111,1933.78,-87,0,1935.73,0.221823,0
3112,1934.34,-87,0,1936.3,0.216849,0
3113,1934.91,-87,0,1936.86,0.214165,0
3114,1935.47,-87,0,1937.42,0.218658,0
3115,1936.03,-87,0,1937.99,0.224163,0
3116,1936.6,-87,0,1938.55,0.221338,0
3117,1937.16,-87,0,1939.11,0.221176,0
3118,1937.73,-87,0,1939.68,0.220158,0
3119,1938.29,-87,0,1940.24,0.219413,0
3120,1938.85,-87,0,1940.81,0.219236,0
3121,1939.42,-87,0,1941.37,0.220602,0
3122,1939.98,-87,0,1941.93,0.218433,0
3123,1940.55,-87,0,1942.5,0.222894,0
3124,1941.11,-87,0,1943.06,0.223222,0
3125,1941.68,-87,0,1943.62,0.222524,0
3126,1942.24,-87,0,1944.19,0.218439,0
3127,1942.8,-87,0,1944.75,0.214618,0
3128,1943.37,-87,0,1945.32,0.215923,0
3129,1943.93,-87,0,1945.88,0.219723,0
3130,1944.5,-87,0,1946.44,0.226643,0
3131,1945.06,-87,0,1947.01,0.217995,0
3132,1945.63,-87,0,1947.57,0.218653,0
3133,1946.19,-87,0,1948.13,0.218476,0
3134,1946.75,-87,0,1948.7,0.22084,0
3135,1947.32,-87,0,1949.26,0.223002,0
3136,1947.88,-87,0,1949.82,0.220412,0
3137,1948.45,-87,0,1950.39,0.220354,0
3138,1949.01,-87,0,1950.95,0.21939,0
3139,1949.58,-87,0,1951.52,0.220043,0
3140,1950.14,-87,0,1952.08,0.220168,0
3141,1950.7,-87,0,1952.64,0.219545,0
3142,1951.27,-87,0,1953.21,0.224335,0
3143,1951.83,-87,0,1953.77,0.221564,0
3144,1952.4,-87,0,1954.33,0.223995,0
3145,1952.96,-87,0,1954.9,0.221658,0
3146,1953.52,-87,0,1955.46,0.220238,0
3147,1954.09,-87,0,1956.02,0.217234,0
3148,1954.65,-87,0,1956.59,0.21864,0
3149,1955.22,-87,0,1957.15,0.218449,0
3150,1955.78,-87,0,1957.72,0.218963,0
3151,1956.35,-87,0,1958.28,0.217401,0
3152,1956.91,-87,0,1958.84,0.217653,0
3153,1957.47,-87,0,1959.41,0.21615,0
3154,1958.04,-87,0,1959.97,0.223308,0
3155,1958.6,-87,0,1960.53,0.227185,0
3156,1959.17,-87,0,1961.1,0.224449,0
3157,1959.73,-87,0,1961.66,0.219904,0
3158,1960.3,-87,0,1962.22,0.217171,0
3159,1960.86,-87,0,1962.79,0.216657,0
3160,1961.42,-87,0,1963.35,0.22077,0
3161,1961.99,-87,0,1963.92,0.222275,0
3162,1962.55,-87,0,1964.48,0.218057,0
3163,1963.12,-87,0,1965.04,0.216539,0
3164,1963.68,-87,0,1965.61,0.224743,0
3165,1964.24,-87,0,1966.17,0.221608,0
3166,1964.81,-87,0,1966.73,0.218601,0
3167,1965.37,-87,0,1967.3,0.220016,0
3168,1965.94,-87,0,1967.86,0.222265,0
3169,1966.5,-87,0,1968.42,0.217958,0
3170,1967.07,-87,0,1968.99,0.212482,0
3171,1967.63,-87,0,1969.55,0.214478,0
3172,1968.19,-87,0,1970.12,0.216891,0
3173,1968.76,-87,0,1970.68,0.223856,0
3174,1969.32,-87,0,1971.24,0.227224,0
3175,1969.89,-87,0,1971.81,0.223158,0
3176,1970.45,-87,0,1972.37,0.219881,0
3177,1971.01,-87,0,1972.93,0.220778,0
3178,1971.58,-87,0,1973.5,0.221874,0
3179,1972.14,-87,0,1974.06,0.220351,0
3180,1972.71,-87,0,1974.62,0.219446,0
3181,1973.27,-87,0,1975.19,0.220957,0
3182,1973.83,-87,0,1975.75,0.21971,0
3183,1974.4,-87,0,1976.32,0.222119,0
3184,1974.96,-87,0,1976.88,0.22409,0
3185,1975.53,-87,0,1977.44,0.220244,0
3186,1976.09,-87,0,1978.01,0.219221,0
3187,1976.66,-87,0,1978.57,0.220716,0
3188,1977.22,-87,0,1979.13,0.220132,0
3189,1977.78,-87,0,1979.7,0.220364,0
3190,1978.35,-87,0,1980.26,0.221137,0
3191,1978.91,-87,0,1980.82,0.220408,0
3192,1979.48,-87,0,1981.39,0.222021,0
3193,1980.04,-87,0,1981.95,0.221162,0
3194,1980.6,-87,0,1982.51,0.219968,0
3195,1981.17,-87,0,1983.08,0.21998,0
3196,1981.73,-87,0,1983.64,0.219291,0
3197,1982.3,-87,0,1984.21,0.219446,0
3198,1982.86,-87,0,1984.77,0.217104,0
3199,1983.43,-87,0,1985.33,0.219883,0
3200,1983.99,-87,0,1985.9,0.221102,0
3201,1984.55,-87,0,1986.46,0.220523,0
3202,1985.12,-87,0,1987.02,0.21977,0
3203,1985.68,-87,0,1987.59,0.218627,0
3204,1986.25,-87,0,1988.15,0.215809,0
3205,1986.81,-87,0,1988.71,0.214455,0
3206,1987.37,-87,0,1989.28,0.220487,0
3207,1987.94,-87,0,1989.84,0.22414,0
3208,1988.5,-87,0,1990.4,0.219149,0
3209,1989.07,-87,0,1990.97,0.216471,0
3210,1989.63,-87,0,1991.53,0.223627,0
3211,1990.19,-87,0,1992.09,0.222859,0
3212,1990.76,-87,0,1992.66,0.219369,0
3213,1991.32,-87,0,1993.22,0.222463,0
3214,1991.89,-87,0,1993.79,0.217784,0
3215,1992.45,-87,0,1994.35,0.21721,0
3216,1993.01,-87,0,1994.91,0.218821,0
3217,1993.58,-87,0,1995.48,0.220442,0
3218,1994.14,-87,0,1996.04,0.225275,0
3219,1994.71,-87,0,1996.6,0.218838,0
3220,1995.27,-87,0,1997.17,0.217079,0
3221,1995.84,-87,0,1997.73,0.220496,0
3222,1996.4,-87,0,1998.29,0.224255,0
3223,1996.96,-87,0,1998.86,0.223019,0
3224,1997.53,-87,0,1999.42,0.219725,0
3225,1998.09,-87,0,1999.98,0.216433,0
3226,1998.66,-87,0,2000.55,0.217842,0
3227,1999.22,-87,0,2001.11,0.219043,0
3228,1999.78,-87,0,2001.68,0.223515,0
3229,2000.35,-87,0,2002.24,0.223862,0
3230,2000.91,-87,0,2002.8,0.220626,0
3231,2001.48,-87,0,2003.37,0.217047,0
3232,2002.04,-87,0,2003.93,0.22052,0
3233,2002.6,-87,0,2004.49,0.21903,0
3234,2003.17,-87,0,2005.06,0.224635,0
3235,2003.73,-87,0,2005.62,0.219977,0
3236,2004.3,-87,0,2006.18,0.221122,0
3237,2004.86,-87,0,2006.75,0.220606,0
3238,2005.42,-87,0,2007.31,0.222057,0
3239,2005.99,-87,0,2007.87,0.219544,0
3240,2006.55,-87,0,2008.44,0.220728,0
3241,2007.12,-87,0,2009,0.22677,0
3242,2007.68,-87,0,2009.56,0.22329,0
3243,2008.24,-87,0,2010.13,0.216668,0
3244,2008.81,-87,0,2010.69,0.218511,0
3245,2009.37,-87,0,2011.26,0.216112,0
3246,2009.94,-87,0,2011.82,0.221274,0
3247,2010.5,-87,0,2012.38,0.216754,0
3248,2011.06,-87,0,2012.95,0.219821,0
3249,2011.63,-87,0,2013.51,0.21603,0
3250,2012.19,-87,0,2014.07,0.229702,0
3251,2012.76,-87,0,2014.64,0.221184,0
3252,2013.32,-87,0,2015.2,0.217134,0
3253,2013.88,-87,0,2015.76,0.21717,0
3254,2014.45,-87,0,2016.33,0.219998,0
3255,2015.01,-87,0,2016.89,0.224,0
3256,2015.58,-87,0,2017.45,0.21956,0
3257,2016.14,-87,0,2018.02,0.220094,0
3258,2016.7,-87,0,2018.58,0.221279,0
3259,2017.27,-87,0,2019.14,0.22202,0
3260,2017.83,-87,0,2019.71,0.218582,0
3261,2018.4,-87,0,2020.27,0.221533,0
3262,2018.96,-87,0,2020.83,0.218406,0
3263,2019.52,-87,0,2021.4,0.223332,0
3264,2020.09,-87,0,2021.96,0.223577,0
3265,2020.65,-87,0,2022.53,0.221917,0
3266,2021.22,-87,0,2023.09,0.218559,0
3267,2021.78,-87,0,2023.65,0.220286,0
3268,2022.34,-87,0,2024.22,0.222867,0
3269,2022.91,-87,0,2024.78,0.221576,0
3270,2023.47,-87,0,2025.34,0.222442,0
3271,2024.04,-87,0,2025.91,0.221597,0
3272,2024.6,-87,0,2026.47,0.229425,0
3273,2025.16,-87,0,2027.03,0.222854,0
3274,2025.73,-87,0,2027.6,0.21538,0
3275,2026.29,-87,0,2028.16,0.217465,0
3276,2026.86,-87,0,2028.72,0.222849,0
3277,2027.42,-87,0,2029.29,0.225631,0
3278,2027.98,-87,0,2029.85,0.219928,0
3279,2028.55,-87,0,2030.41,0.219028,0
3280,2029.11,-87,0,2030.98,0.217594,0
3281,2029.68,-87,0,2031.54,0.218921,0
3282,2030.24,-87,0,2032.1,0.221965,0
3283,2030.8,-87,0,2032.67,0.219805,0
3284,2031.37,-87,0,2033.23,0.222636,0
3285,2031.93,-87,0,2033.79,0.223722,0
3286,2032.5,-87,0,2034.36,0.216414,0
3287,2033.06,-87,0,2034.92,0.218198,0
3288,2033.62,-87,0,2035.48,0.219812,0
3289,2034.19,-87,0,2036.05,0.221621,0
3290,2034.75,-87,0,2036.61,0.218888,0
3291,2035.32,-87,0,2037.17,0.21879,0
3292,2035.88,-87,0,2037.74,0.22347,0
3293,2036.44,-87,0,2038.3,0.221747,0
3294,2037.01,-87,0,2038.87,0.221282,0
3295,2037.57,-87,0,2039.43,0.220128,0
3296,2038.14,-87,0,2039.99,0.218006,0
3297,2038.7,-87,0,2040.56,0.217245,0
3298,2039.26,-87,0,2041.12,0.224855,0
3299,2039.83,-87,0,2041.68,0.222797,0
3300,2040.39,-87,0,2042.25,0.220326,0
3301,2040.96,-87,0,2042.81,0.215687,0
3302,2041.52,-87,0,2043.37,0.21599,0
3303,2042.08,-87,0,2043.94,0.232129,0
3304,2042.65,-87,0,2044.5,0.220729,0
3305,2043.21,-87,0,2045.06,0.216331,0
3306,2043.78,-87,0,2045.63,0.217349,0
3307,2044.34,-87,0,2046.19,0.219838,0
3308,2044.9,-87,0,2046.75,0.216354,0
3309,2045.47,-87,0,2047.32,0.22208,0
3310,2046.03,-87,0,2047.88,0.224689,0
3311,2046.6,-87,0,2048.44,0.219361,0
3312,2047.16,-87,0,2049.01,0.218807,0
3313,2047.72,-87,0,2049.57,0.220586,0
3314,2048.29,-87,0,2050.13,0.220572,0
3315,2048.85,-87,0,2050.7,0.219178,0
3316,2049.41,-87,0,2051.26,0.220098,0
3317,2049.98,-87,0,2051.82,0.21786,0
3318,2050.54,-87,0,2052.39,0.226096,0
3319,2051.11,-87,0,2052.95,0.223947,0
3320,2051.67,-87,0,2053.51,0.220462,0
3321,2052.23,-87,0,2054.08,0.219944,0
3322,2052.8,-87,0,2054.64,0.221937,0
3323,2053.36,-87,0,2055.2,0.221264,0
3324,2053.93,-87,0,2055.77,0.2227,0
3325,2054.49,-87,0,2056.33,0.221661,0
3326,2055.05,-87,0,2056.89,0.220001,0
3327,2055.62,-87,0,2057.46,0.216296,0
3328,2056.18,-87,0,2058.02,0.220006,0
3329,2056.75,-87,0,2058.58,0.228162,0
3330,2057.31,-87,0,2059.15,0.218231,0
3331,2057.87,-87,0,2059.71,0.215671,0
3332,2058.44,-87,0,2060.27,0.217134,0
3333,2059,-87,0,2060.84,0.226751,0
3334,2059.56,-87,0,2061.4,0.221708,0
3335,2060.13,-87,0,2061.97,0.220692,0
3336,2060.69,-87,0,2062.53,0.216582,0
3337,2061.26,-87,0,2063.09,0.214735,0
3338,2061.82,-87,0,2063.66,0.212506,0
3339,2062.38,-87,0,2064.22,0.223117,0
3340,2062.95,-87,0,2064.78,0.219273,0
3341,2063.51,-87,0,2065.35,0.218797,0
3342,2064.08,-87,0,2065.91,0.228118,0
3343,2064.64,-87,0,2066.47,0.222096,0
3344,2065.2,-87,0,2067.04,0.221154,0
3345,2065.77,-87,0,2067.6,0.218805,0
3346,2066.33,-87,0,2068.16,0.223771,0
3347,2066.9,-87,0,2068.73,0.222696,0
3348,2067.46,-87,0,2069.29,0.219738,0
3349,2068.02,-87,0,2069.85,0.220078,0
3350,2068.59,-87,0,2070.42,0.218666,0
3351,2069.15,-87,0,2070.98,0.21942,0
3352,2069.71,-87,0,2071.54,0.217821,0
3353,2070.28,-87,0,2072.11,0.220388,0
3354,2070.84,-87,0,2072.67,0.218508,0
3355,2071.41,-87,0,2073.23,0.219874,0
3356,2071.97,-87,0,2073.8,0.215114,0
3357,2072.53,-87,0,2074.36,0.216353,0
3358,2073.1,-87,0,2074.92,0.222648,0
3359,2073.66,-87,0,2075.49,0.21512,0
3360,2074.23,-87,0,2076.05,0.21192,0
3361,2074.79,-87,0,2076.61,0.22061,0
3362,2075.35,-87,0,2077.18,0.222543,0
3363,2075.92,-87,0,2077.74,0.218268,0
3364,2076.48,-87,0,2078.3,0.222326,0
3365,2077.04,-87,0,2078.87,0.220409,0
3366,2077.61,-87,0,2079.43,0.215602,0
3367,2078.17,-87,0,2079.99,0.214604,0
3368,2078.74,-87,0,2080.56,0.217274,0
3369,2079.3,-87,0,2081.12,0.224689,0
3370,2079.86,-87,0,2081.68,0.232079,0
3371,2080.43,-87,0,2082.25,0.216461,0
3372,2080.99,-87,0,2082.81,0.212235,0
3373,2081.56,-87,0,2083.37,0.213111,0
3374,2082.12,-87,0,2083.94,0.217221,0
3375,2082.68,-87,0,2084.5,0.222971,0
3376,2083.25,-87,0,2085.06,0.224716,0
3377,2083.81,-87,0,2085.63,0.223517,0
3378,2084.37,-87,0,2086.19,0.219436,0
3379,2084.94,-87,0,2086.75,0.215514,0
3380,2085.5,-87,0,2087.32,0.212178,0
3381,2086.07,-87,0,2087.88,0.219195,0
3382,2086.63,-87,0,2088.44,0.227987,0
3383,2087.19,-87,0,2089.01,0.220606,0
3384,2087.76,-87,0,2089.57,0.222913,0
3385,2088.32,-87,0,2090.13,0.218503,0
3386,2088.88,-87,0,2090.7,0.217218,0
3387,2089.45,-87,0,2091.26,0.214719,0
3388,2090.01,-87,0,2091.82,0.219325,0
3389,2090.58,-87,0,2092.39,0.216796,0
3390,2091.14,-87,0,2092.95,0.214172,0
3391,2091.7,-87,0,2093.51,0.222484,0
3392,2092.27,-87,0,2094.08,0.232833,0
3393,2092.83,-87,0,2094.64,0.22202,0
3394,2093.4,-87,0,2095.2,0.215834,0
3395,2093.96,-87,0,2095.77,0.216776,0
3396,2094.52,-87,0,2096.33,0.215562,0
3397,2095.09,-87,0,2096.89,0.218771,0
3398,2095.65,-87,0,2097.46,0.218434,0
3399,2096.21,-87,0,2098.02,0.219059,0
3400,2096.78,-87,0,2098.58,0.217788,0
3401,2097.34,-87,0,2099.15,0.2184,0
3402,2097.91,-87,0,2099.71,0.218514,0
3403,2098.47,-87,0,2100.27,0.218708,0
3404,2099.03,-87,0,2100.83,0.274053,0
3405,2099.6,-87,0,2101.4,0.216698,0
3406,2100.16,-87,0,2101.96,0.203112,0
3407,2100.72,-87,0,2102.52,0.205756,0
3408,2101.29,-87,0,2103.09,0.215269,0
3409,2101.85,-87,0,2103.65,0.22196,0
3410,2102.42,-87,0,2104.21,0.219353,0
3411,2102.98,-87,0,2104.78,0.219102,0
3412,2103.54,-87,0,2105.34,0.219503,0
3413,2104.11,-87,0,2105.9,0.218121,0
3414,2104.67,-87,0,2106.47,0.21706,0
3415,2105.23,-87,0,2107.03,0.22513,0
3416,2105.8,-87,0,2107.59,0.221345,0
3417,2106.36,-87,0,2108.16,0.218532,0
3418,2106.93,-87,0,2108.72,0.216887,0
3419,2107.49,-87,0,2109.28,0.216491,0
3420,2108.05,-87,0,2109.85,0.21811,0
3421,2108.62,-87,0,2110.41,0.218172,0
3422,2109.18,-87,0,2110.97,0.220169,0
3423,2109.74,-87,0,2111.54,0.22376,0
3424,2110.31,-87,0,2112.1,0.218995,0
3425,2110.87,-87,0,2112.66,0.219633,0
3426,2111.44,-87,0,2113.23,0.218473,0
3427,2112,-87,0,2113.79,0.217665,0
3428,2112.56,-87,0,2114.35,0.216479,0
3429,2113.13,-87,0,2114.92,0.212601,0
3430,2113.69,-87,0,2115.48,0.217835,0
3431,2114.25,-87,0,2116.04,0.21692,0
3432,2114.82,-87,0,2116.61,0.220727,0
3433,2115.38,-87,0,2117.17,0.219974,0
3434,2115.94,-87,0,2117.73,0.220574,0
3435,2116.51,-87,0,2118.3,0.225074,0
3436,2117.07,-87,0,2118.86,0.219834,0
3437,2117.64,-87,0,2119.42,0.218453,0
3438,2118.2,-87,0,2119.99,0.219854,0
3439,2118.76,-87,0,2120.55,0.220491,0
3440,2119.33,-87,0,2121.11,0.218826,0
3441,2119.89,-87,0,2121.68,0.219434,0
3442,2120.45,-87,0,2122.24,0.220873,0
3443,2121.02,-87,0,2122.8,0.218981,0
3444,2121.58,-87,0,2123.36,0.2199,0
3445,2122.15,-87,0,2123.93,0.220337,0
3446,2122.71,-87,0,2124.49,0.217899,0
3447,2123.27,-87,0,2125.05,0.219954,0
3448,2123.84,-87,0,2125.62,0.218633,0
3449,2124.4,-87,0,2126.18,0.219337,0
3450,2124.96,-87,0,2126.74,0.21892,0
3451,2125.53,-87,0,2127.31,0.216565,0
3452,2126.09,-87,0,2127.87,0.215174,0
3453,2126.66,-87,0,2128.43,0.224201,0
3454,2127.22,-87,0,2129,0.218992,0
3455,2127.78,-87,0,2129.56,0.217256,0
3456,2128.35,-87,0,2130.12,0.214038,0
3457,2128.91,-87,0,2130.69,0.217645,0
3458,2129.47,-87,0,2131.25,0.219768,0
3459,2130.04,-87,0,2131.81,0.223788,0
3460,2130.6,-87,0,2132.38,0.222573,0
3461,2131.16,-87,0,2132.94,0.219642,0
3462,2131.73,-87,0,2133.5,0.21579,0
3463,2132.29,-87,0,2134.07,0.220617,0
3464,2132.86,-87,0,2134.63,0.218974,0
3465,2133.42,-87,0,2135.19,0.216556,0
3466,2133.98,-87,0,2135.76,0.213278,0
3467,2134.55,-87,0,2136.32,0.22066,0
3468,2135.11,-87,0,2136.88,0.222434,0
3469,2135.67,-87,0,2137.45,0.214116,0
3470,2136.24,-87,0,2138.01,0.213815,0
3471,2136.8,-87,0,2138.57,0.214264,0
3472,2137.36,-87,0,2139.13,0.218181,0
3473,2137.93,-87,0,2139.7,0.221955,0
3474,2138.49,-87,0,2140.26,0.216079,0
3475,2139.06,-87,0,2140.82,0.218009,0
3476,2139.62,-87,0,2141.39,0.221088,0
3477,2140.18,-87,0,2141.95,0.21849,0
3478,2140.75,-87,0,2142.51,0.214636,0
3479,2141.31,-87,0,2143.08,0.227756,0
3480,2141.87,-87,0,2143.64,0.219944,0
3481,2142.44,-87,0,2144.2,0.214478,0
3482,2143,-87,0,2144.77,0.21397,0
3483,2143.56,-87,0,2145.33,0.219286,0
3484,2144.13,-87,0,2145.89,0.220219,0
3485,2144.69,-87,0,2146.46,0.221111,0
3486,2145.26,-87,0,2147.02,0.218126,0
3487,2145.82,-87,0,2147.58,0.218906,0
3488,2146.38,-87,0,2148.15,0.217066,0
3489,2146.95,-87,0,2148.71,0.21503,0
3490,2147.51,-87,0,2149.27,0.21792,0
3491,2148.07,-87,0,2149.83,0.216534,0
3492,2148.64,-87,0,2150.4,0.212114,0
3493,2149.2,-87,0,2150.96,0.216244,0
3494,2149.76,-87,0,2151.52,0.22017,0
3495,2150.33,-87,0,2152.09,0.223994,0
3496,2150.89,-87,0,2152.65,0.219728,0
3497,2151.46,-87,0,2153.21,0.217984,0
3498,2152.02,-87,0,2153.78,0.21578,0
3499,2152.58,-87,0,2154.34,0.216953,0
3500,2153.15,-87,0,2154.9,0.218993,0
3501,2153.71,-87,0,2155.47,0.217635,0
3502,2154.27,-87,0,2156.03,0.215921,0
3503,2154.84,-87,0,2156.59,0.216977,0
3504,2155.4,-87,0,2157.16,0.218786,0
3505,2155.96,-87,0,2157.72,0.217034,0
3506,2156.53,-87,0,2158.28,0.219301,0
3507,2157.09,-87,0,2158.84,0.224908,0
3508,2157.66,-87,0,2159.41,0.218473,0
3509,2158.22,-87,0,2159.97,0.214483,0
3510,2158.78,-87,0,2160.53,0.220641,0
3511,2159.35,-87,0,2161.1,0.218174,0
3512,2159.91,-87,0,2161.66,0.220157,0
3513,2160.47,-87,0,2162.22,0.217537,0
3514,2161.04,-87,0,2162.79,0.219121,0
3515,2161.6,-87,0,2163.35,0.219022,0
3516,2162.16,-87,0,2163.91,0.22011,0
3517,2162.73,-87,0,2164.48,0.216724,0
3518,2163.29,-87,0,2165.04,0.217721,0
3519,2163.85,-87,0,2165.6,0.222975,0
3520,2164.42,-87,0,2166.17,0.220968,0
3521,2164.98,-87,0,2166.73,0.217521,0
3522,2165.54,-87,0,2167.29,0.214705,0
3523,2166.11,-87,0,2167.85,0.216041,0
3524,2166.67,-87,0,2168.42,0.217389,0
3525,2167.24,-87,0,2168.98,0.220175,0
3526,2167.8,-87,0,2169.54,0.221625,0
3527,2168.36,-87,0,2170.11,0.217332,0
3528,2168.93,-87,0,2170.67,0.218045,0
3529,2169.49,-87,0,2171.23,0.219756,0
3530,2170.05,-87,0,2171.8,0.21632,0
3531,2170.62,-87,0,2172.36,0.212966,0
3532,2171.18,-87,0,2172.92,0.219201,0
3533,2171.74,-87,0,2173.49,0.219531,0
3534,2172.31,-87,0,2174.05,0.217873,0
3535,2172.87,-87,0,2174.61,0.219066,0
3536,2173.43,-87,0,2175.18,0.217021,0
3537,2174,-87,0,2175.74,0.219126,0
3538,2174.56,-87,0,2176.3,0.218608,0
3539,2175.13,-87,0,2176.86,0.217801,0
3540,2175.69,-87,0,2177.43,0.214126,0
3541,2176.25,-87,0,2177.99,0.216068,0
3542,2176.82,-87,0,2178.55,0.214311,0
3543,2177.38,-87,0,2179.12,0.217219,0
3544,2177.94,-87,0,2179.68,0.214732,0
3545,2178.51,-87,0,2180.24,0.211436,0
3546,2179.07,-87,0,2180.81,0.213649,0
3547,2179.63,-87,0,2181.37,0.217631,0
3548,2180.2,-87,0,2181.93,0.220862,0
3549,2180.76,-87,0,2182.5,0.226699,0
3550,2181.32,-87,0,2183.06,0.22008,0
3551,2181.89,-87,0,2183.62,0.217072,0
3552,2182.45,-87,0,2184.18,0.213088,0
3553,2183.01,-87,0,2184.75,0.219901,0
3554,2183.58,-87,0,2185.31,0.217935,0
3555,2184.14,-87,0,2185.87,0.207883,0
3556,2184.71,-87,0,2186.44,0.213338,0
3557,2185.27,-87,0,2187,0.224949,0
3558,2185.83,-87,0,2187.56,0.214244,0
3559,2186.4,-87,0,2188.13,0.211696,0
3560,2186.96,-87,0,2188.69,0.223222,0
3561,2187.52,-87,0,2189.25,0.220907,0
3562,2188.09,-87,0,2189.82,0.21729,0
3563,2188.65,-87,0,2190.38,0.21609,0
3564,2189.21,-87,0,2190.94,0.221515,0
3565,2189.78,-87,0,2191.5,0.216222,0
3566,2190.34,-87,0,2192.07,0.212907,0
3567,2190.9,-87,0,2192.63,0.215366,0
3568,2191.47,-87,0,2193.19,0.217278,0
3569,2192.03,-87,0,2193.76,0.221343,0
3570,2192.59,-87,0,2194.32,0.221477,0
3571,2193.16,-87,0,2194.88,0.220051,0
3572,2193.72,-87,0,2195.45,0.218235,0
3573,2194.28,-87,0,2196.01,0.214781,0
3574,2194.85,-87,0,2196.57,0.215121,0
3575,2195.41,-87,0,2197.13,0.217319,0
3576,2195.97,-87,0,2197.7,0.217375,0
3577,2196.54,-87,0,2198.26,0.220015,0
3578,2197.1,-87,0,2198.82,0.220458,0
3579,2197.67,-87,0,2199.39,0.217435,0
3580,2198.23,-87,0,2199.95,0.21735,0
3581,2198.79,-87,0,2200.51,0.217418,0
3582,2199.36,-87,0,2201.08,0.219387,0
3583,2199.92,-87,0,2201.64,0.219591,0
3584,2200.48,-87,0,2202.2,0.222794,0
3585,2201.05,-87,0,2202.76,0.219249,0
3586,2201.61,-87,0,2203.33,0.218175,0
3587,2202.17,-87,0,2203.89,0.218994,0
3588,2202.74,-87,0,2204.45,0.216977,0
3589,2203.3,-87,0,2205.02,0.218605,0
3590,2203.86,-87,0,2205.58,0.218121,0
3591,2204.43,-87,0,2206.14,0.218687,0
3592,2204.99,-87,0,2206.71,0.217791,0
3593,2205.55,-87,0,2207.27,0.220699,0
3594,2206.12,-87,0,2207.83,0.216995,0
3595,2206.68,-87,0,2208.39,0.216709,0
3596,2207.24,-87,0,2208.96,0.217139,0
3597,2207.81,-87,0,2209.52,0.213261,0
3598,2208.37,-87,0,2210.08,0.21836,0
3599,2208.93,-87,0,2210.65,0.226014,0
3600,2209.5,-87,0,2211.21,0.215043,0
3601,2210.06,-87,0,2211.77,0.212554,0
3602,2210.62,-87,0,2212.34,0.222956,0
3603,2211.19,-87,0,2212.9,0.219687,0
3604,2211.75,-87,0,2213.46,0.215168,0
3605,2212.31,-87,0,2214.02,0.217601,0
3606,2212.88,-87,0,2214.59,0.21569,0
3607,2213.44,-87,0,2215.15,0.221041,0
3608,2214.01,-87,0,2215.71,0.214,0
3609,2214.57,-87,0,2216.28,0.218739,0
3610,2215.13,-87,0,2216.84,0.230704,0
3611,2215.7,-87,0,2217.4,0.220865,0
3612,2216.26,-87,0,2217.97,0.21567,0
3613,2216.82,-87,0,2218.53,0.21236,0
3614,2217.39,-87,0,2219.09,0.213386,0
3615,2217.95,-87,0,2219.65,0.221887,0
3616,2218.51,-87,0,2220.22,0.218171,0
3617,2219.08,-87,0,2220.78,0.219808,0
3618,2219.64,-87,0,2221.34,0.216036,0
3619,2220.2,-87,0,2221.91,0.22126,0
3620,2220.77,-87,0,2222.47,0.226766,0
3621,2221.33,-87,0,2223.03,0.213634,0
3622,2221.89,-87,0,2223.6,0.208352,0
3623,2222.46,-87,0,2224.16,0.218062,0
3624,2223.02,-87,0,2224.72,0.21322,0
3625,2223.58,-87,0,2225.28,0.218972,0
3626,2224.15,-87,0,2225.85,0.217344,0
3627,2224.71,-87,0,2226.41,0.221885,0
3628,2225.27,-87,0,2226.97,0.218706,0
3629,2225.84,-87,0,2227.54,0.217956,0
3630,2226.4,-87,0,2228.1,0.213534,0
3631,2226.96,-87,0,2228.66,0.21769,0
3632,2227.53,-87,0,2229.22,0.218539,0
3633,2228.09,-87,0,2229.79,0.21775,0
3634,2228.65,-87,0,2230.35,0.216529,0
3635,2229.22,-87,0,2230.91,0.216503,0
3636,2229.78,-87,0,2231.48,0.216607,0
3637,2230.34,-87,0,2232.04,0.228571,0
3638,2230.91,-87,0,2232.6,0.218092,0
3639,2231.47,-87,0,2233.17,0.213955,0
3640,2232.03,-87,0,2233.73,0.210205,0
3641,2232.6,-87,0,2234.29,0.217215,0
3642,2233.16,-87,0,2234.85,0.22159,0
3643,2233.72,-87,0,2235.42,0.217567,0
3644,2234.29,-87,0,2235.98,0.212207,0
3645,2234.85,-87,0,2236.54,0.219335,0
3646,2235.41,-87,0,2237.11,0.217244,0
3647,2235.98,-87,0,2237.67,0.216057,0
3648,2236.54,-87,0,2238.23,0.214544,0
3649,2237.1,-87,0,2238.79,0.212723,0
3650,2237.67,-87,0,2239.36,0.219388,0
3651,2238.23,-87,0,2239.92,0.225851,0
3652,2238.79,-87,0,2240.48,0.219908,0
3653,2239.36,-87,0,2241.05,0.213855,0
3654,2239.92,-87,0,2241.61,0.206428,0
3655,2240.48,-87,0,2242.17,0.219785,0
3656,2241.05,-87,0,2242.73,0.229711,0
3657,2241.61,-87,0,2243.3,0.215936,0
3658,2242.17,-87,0,2243.86,0.215481,0
3659,2242.74,-87,0,2244.42,0.214035,0
3660,2243.3,-87,0,2244.99,0.218454,0
3661,2243.86,-87,0,2245.55,0.24721,0
3662,2244.43,-87,0,2246.11,0.220762,0
3663,2244.99,-87,0,2246.68,0.21317,0
3664,2245.55,-87,0,2247.24,0.211398,0
3665,2246.12,-87,0,2247.8,0.20998,0
3666,2246.68,-87,0,2248.36,0.215701,0
3667,2247.24,-87,0,2248.93,0.221406,0
3668,2247.81,-87,0,2249.49,0.220979,0
3669,2248.37,-87,0,2250.05,0.224301,0
3670,2248.93,-87,0,2250.62,0.221366,0
3671,2249.5,-87,0,2251.18,0.21751,0
3672,2250.06,-87,0,2251.74,0.21745,0
3673,2250.62,-87,0,2252.3,0.217551,0
3674,2251.19,-87,0,2252.87,0.21874,0
3675,2251.75,-87,0,2253.43,0.220004,0
3676,2252.31,-87,0,2253.99,0.21922,0
3677,2252.88,-87,0,2254.56,0.218116,0
3678,2253.44,-87,0,2255.12,0.216034,0
3679,2254,-87,0,2255.68,0.219012,0
3680,2254.57,-87,0,2256.24,0.214423,0
3681,2255.13,-87,0,2256.81,0.216315,0
3682,2255.69,-87,0,2257.37,0.216208,0
3683,2256.26,-87,0,2257.93,0.221454,0
3684,2256.82,-87,0,2258.5,0.218122,0
3685,2257.38,-87,0,2259.06,0.216228,0
3686,2257.95,-87,0,2259.62,0.214888,0
3687,2258.51,-87,0,2260.18,0.216298,0
3688,2259.07,-87,0,2260.75,0.219806,0
3689,2259.64,-87,0,2261.31,0.218716,0
3690,2260.2,-87,0,2261.87,0.218596,0
3691,2260.76,-87,0,2262.44,0.21747,0
3692,2261.33,-87,0,2263,0.216315,0
3693,2261.89,-87,0,2263.56,0.213097,0
3694,2262.45,-87,0,2264.12,0.211658,0
3695,2263.02,-87,0,2264.69,0.222207,0
3696,2263.58,-87,0,2265.25,0.215236,0
3697,2264.14,-87,0,2265.81,0.213173,0
3698,2264.71,-87,0,2266.38,0.211974,0
3699,2265.27,-87,0,2266.94,0.222487,0
3700,2265.83,-87,0,2267.5,0.223186,0
3701,2266.4,-87,0,2268.06,0.226732,0
3702,2266.96,-87,0,2268.63,0.218319,0
3703,2267.52,-87,0,2269.19,0.211585,0
3704,2268.08,-87,0,2269.75,0.216965,0
3705,2268.65,-87,0,2270.32,0.222798,0
3706,2269.21,-87,0,2270.88,0.218719,0
3707,2269.77,-87,0,2271.44,0.217786,0
3708,2270.34,-87,0,2272,0.214836,0
3709,2270.9,-87,0,2272.57,0.218816,0
3710,2271.46,-87,0,2273.13,0.21826,0
3711,2272.03,-87,0,2273.69,0.216321,0
3712,2272.59,-87,0,2274.26,0.217541,0
3713,2273.15,-87,0,2274.82,0.217511,0
3714,2273.72,-87,0,2275.38,0.217227,0
3715,2274.28,-87,0,2275.94,0.214183,0
3716,2274.84,-87,0,2276.51,0.212499,0
3717,2275.41,-87,0,2277.07,0.217361,0
3718,2275.97,-87,0,2277.63,0.218344,0
3719,2276.53,-87,0,2278.2,0.219352,0
3720,2277.1,-87,0,2278.76,0.218339,0
3721,2277.66,-87,0,2279.32,0.21733,0
3722,2278.22,-87,0,2279.88,0.215594,0
3723,2278.79,-87,0,2280.45,0.21391,0
3724,2279.35,-87,0,2281.01,0.213106,0
3725,2279.91,-87,0,2281.57,0.216812,0
3726,2280.48,-87,0,2282.13,0.219862,0
3727,2281.04,-87,0,2282.7,0.217458,0
3728,2281.6,-87,0,2283.26,0.216188,0
3729,2282.17,-87,0,2283.82,0.219672,0
3730,2282.73,-87,0,2284.39,0.217333,0
3731,2283.29,-87,0,2284.95,0.21743,0
3732,2283.86,-87,0,2285.51,0.221666,0
3733,2284.42,-87,0,2286.07,0.217938,0
3734,2284.98,-87,0,2286.64,0.211985,0
3735,2285.54,-87,0,2287.2,0.214264,0
3736,2286.11,-87,0,2287.76,0.215311,0
3737,2286.67,-87,0,2288.33,0.217513,0
3738,2287.23,-87,0,2288.89,0.218115,0
3739,2287.8,-87,0,2289.45,0.215173,0
3740,2288.36,-87,0,2290.01,0.20961,0
3741,2288.92,-87,0,2290.58,0.211886,0
3742,2289.49,-87,0,2291.14,0.221875,0
3743,2290.05,-87,0,2291.7,0.219822,0
3744,2290.61,-87,0,2292.26,0.216205,0
3745,2291.18,-87,0,2292.83,0.211623,0
3746,2291.74,-87,0,2293.39,0.220559,0
3747,2292.3,-87,0,2293.95,0.217896,0
3748,2292.87,-87,0,2294.52,0.215057,0
3749,2293.43,-87,0,2295.08,0.215985,0
3750,2293.99,-87,0,2295.64,0.215416,0
3751,2294.56,-87,0,2296.2,0.218174,0
3752,2295.12,-87,0,2296.77,0.219636,0
3753,2295.68,-87,0,2297.33,0.216294,0
3754,2296.25,-87,0,2297.89,0.217047,0
3755,2296.81,-87,0,2298.46,0.220454,0
3756,2297.37,-87,0,2299.02,0.221929,0
3757,2297.93,-87,0,2299.58,0.217275,0
3758,2298.5,-87,0,2300.14,0.214222,0
3759,2299.06,-87,0,2300.71,0.215207,0
3760,2299.62,-87,0,2301.27,0.217654,0
3761,2300.19,-87,0,2301.83,0.212739,0
3762,2300.75,-87,0,2302.39,0.218814,0
3763,2301.31,-87,0,2302.96,0.225888,0
3764,2301.88,-87,0,2303.52,0.220291,0
3765,2302.44,-87,0,2304.08,0.219029,0
3766,2303,-87,0,2304.65,0.215571,0
3767,2303.57,-87,0,2305.21,0.214414,0
3768,2304.13,-87,0,2305.77,0.216474,0
3769,2304.69,-87,0,2306.33,0.223339,0
3770,2305.26,-87,0,2306.9,0.21917,0
3771,2305.82,-87,0,2307.46,0.213808,0
3772,2306.38,-87,0,2308.02,0.212709,0
3773,2306.94,-87,0,2308.58,0.212109,0
3774,2307.51,-87,0,2309.15,0.218482,0
3775,2308.07,-87,0,2309.71,0.215734,0
3776,2308.63,-87,0,2310.27,0.218488,0
3777,2309.2,-87,0,2310.84,0.220365,0
3778,2309.76,-87,0,2311.4,0.217393,0
3779,2310.32,-87,0,2311.96,0.218622,0
3780,2310.89,-87,0,2312.52,0.219893,0
3781,2311.45,-87,0,2313.09,0.222598,0
3782,2312.01,-87,0,2313.65,0.220094,0
3783,2312.58,-87,0,2314.21,0.219841,0
3784,2313.14,-87,0,2314.77,0.217522,0
3785,2313.7,-87,0,2315.34,0.213066,0
3786,2314.27,-87,0,2315.9,0.215342,0
3787,2314.83,-87,0,2316.46,0.219237,0
3788,2315.39,-87,0,2317.03,0.222151,0
3789,2315.95,-87,0,2317.59,0.219138,0
3790,2316.52,-87,0,2318.15,0.219552,0
3791,2317.08,-87,0,2318.71,0.217581,0
3792,2317.64,-87,0,2319.28,0.216644,0
3793,2318.21,-87,0,2319.84,0.220977,0
3794,2318.77,-87,0,2320.4,0.217248,0
3795,2319.33,-87,0,2320.96,0.221305,0
3796,2319.9,-87,0,2321.53,0.219276,0
3797,2320.46,-87,0,2322.09,0.213538,0
3798,2321.02,-87,0,2322.65,0.216514,0
3799,2321.59,-87,0,2323.22,0.219289,0
3800,2322.15,-87,0,2323.78,0.220903,0
3801,2322.71,-87,0,2324.34,0.221255,0
3802,2323.27,-87,0,2324.9,0.22169,0
3803,2323.84,-87,0,2325.47,0.220165,0
3804,2324.4,-87,0,2326.03,0.21833,0
3805,2324.96,-87,0,2326.59,0.214689,0
3806,2325.53,-87,0,2327.15,0.21264,0
3807,2326.09,-87,0,2327.72,0.218591,0
3808,2326.65,-87,0,2328.28,0.223403,0
3809,2327.22,-87,0,2328.84,0.22269,0
3810,2327.78,-87,0,2329.4,0.220236,0
3811,2328.34,-87,0,2329.97,0.217644,0
3812,2328.91,-87,0,2330.53,0.214792,0
3813,2329.47,-87,0,2331.09,0.220733,0
3814,2330.03,-87,0,2331.66,0.216626,0
3815,2330.59,-87,0,2332.22,0.215134,0
3816,2331.16,-87,0,2332.78,0.216909,0
3817,2331.72,-87,0,2333.34,0.223098,0
3818,2332.28,-87,0,2333.91,0.220706,0
3819,2332.85,-87,0,2334.47,0.217916,0
3820,2333.41,-87,0,2335.03,0.217433,0
3821,2333.97,-87,0,2335.59,0.215922,0
3822,2334.54,-87,0,2336.16,0.218965,0
3823,2335.1,-87,0,2336.72,0.217761,0
3824,2335.66,-87,0,2337.28,0.222914,0
3825,2336.22,-87,0,2337.84,0.220829,0
3826,2336.79,-87,0,2338.41,0.21855,0
3827,2337.35,-87,0,2338.97,0.2185,0
3828,2337.91,-87,0,2339.53,0.214684,0
3829,2338.48,-87,0,2340.09,0.217831,0
3830,2339.04,-87,0,2340.66,0.216452,0
3831,2339.6,-87,0,2341.22,0.221383,0
3832,2340.17,-87,0,2341.78,0.222493,0
3833,2340.73,-87,0,2342.35,0.215635,0
3834,2341.29,-87,0,2342.91,0.216147,0
3835,2341.86,-87,0,2343.47,0.218864,0
3836,2342.42,-87,0,2344.03,0.218575,0
3837,2342.98,-87,0,2344.6,0.2154,0
3838,2343.54,-87,0,2345.16,0.214818,0
3839,2344.11,-87,0,2345.72,0.219489,0
3840,2344.67,-87,0,2346.28,0.219652,0
3841,2345.23,-87,0,2346.85,0.21869,0
3842,2345.8,-87,0,2347.41,0.21823,0
3843,2346.36,-87,0,2347.97,0.221145,0
3844,2346.92,-87,0,2348.53,0.216666,0
3845,2347.49,-87,0,2349.1,0.219091,0
3846,2348.05,-87,0,2349.66,0.224243,0
3847,2348.61,-87,0,2350.22,0.219648,0
3848,2349.17,-87,0,2350.78,0.219935,0
3849,2349.74,-87,0,2351.35,0.221164,0
3850,2350.3,-87,0,2351.91,0.217888,0
3851,2350.86,-87,0,2352.47,0.215949,0
3852,2351.43,-87,0,2353.03,0.220725,0
3853,2351.99,-87,0,2353.6,0.218901,0
3854,2352.55,-87,0,2354.16,0.219024,0
3855,2353.11,-87,0,2354.72,0.220256,0
3856,2353.68,-87,0,2355.29,0.225783,0
3857,2354.24,-87,0,2355.85,0.220264,0
3858,2354.8,-87,0,2356.41,0.218368,0
3859,2355.37,-87,0,2356.97,0.217238,0
3860,2355.93,-87,0,2357.54,0.218304,0
3861,2356.49,-87,0,2358.1,0.221249,0
3862,2357.06,-87,0,2358.66,0.221732,0
3863,2357.62,-87,0,2359.22,0.217937,0
3864,2358.18,-87,0,2359.79,0.218918,0
3865,2358.74,-87,0,2360.35,0.219105,0
3866,2359.31,-87,0,2360.91,0.221615,0
3867,2359.87,-87,0,2361.47,0.221154,0
3868,2360.43,-87,0,2362.04,0.219303,0
3869,2361,-87,0,2362.6,0.218248,0
3870,2361.56,-87,0,2363.16,0.219311,0
3871,2362.12,-87,0,2363.72,0.219193,0
3872,2362.69,-87,0,2364.29,0.217836,0
3873,2363.25,-87,0,2364.85,0.217975,0
3874,2363.81,-87,0,2365.41,0.213925,0
3875,2364.37,-87,0,2365.97,0.213633,0
3876,2364.94,-87,0,2366.54,0.219687,0
3877,2365.5,-87,0,2367.1,0.220884,0
3878,2366.06,-87,0,2367.66,0.219226,0
3879,2366.63,-87,0,2368.22,0.220139,0
3880,2367.19,-87,0,2368.79,0.217443,0
3881,2367.75,-87,0,2369.35,0.218756,0
3882,2368.31,-87,0,2369.91,0.21984,0
3883,2368.88,-87,0,2370.47,0.219391,0
3884,2369.44,-87,0,2371.04,0.216973,0
3885,2370,-87,0,2371.6,0.215798,0
3886,2370.57,-87,0,2372.16,0.219464,0
3887,2371.13,-87,0,2372.72,0.219927,0
3888,2371.69,-87,0,2373.29,0.218945,0
3889,2372.26,-87,0,2373.85,0.219357,0
3890,2372.82,-87,0,2374.41,0.219227,0
3891,2373.38,-87,0,2374.98,0.2188,0
3892,2373.94,-87,0,2375.54,0.218587,0
3893,2374.51,-87,0,2376.1,0.218035,0
3894,2375.07,-87,0,2376.66,0.216653,0
3895,2375.63,-87,0,2377.23,0.218291,0
3896,2376.2,-87,0,2377.79,0.221848,0
3897,2376.76,-87,0,2378.35,0.218758,0
3898,2377.32,-87,0,2378.91,0.216908,0
3899,2377.88,-87,0,2379.48,0.215605,0
3900,2378.45,-87,0,2380.04,0.214843,0
3901,2379.01,-87,0,2380.6,0.219349,0
3902,2379.57,-87,0,2381.16,0.216873,0
3903,2380.14,-87,0,2381.73,0.217689,0
3904,2380.7,-87,0,2382.29,0.216922,0
3905,2381.26,-87,0,2382.85,0.214673,0
3906,2381.82,-87,0,2383.41,0.217096,0
3907,2382.39,-87,0,2383.98,0.217859,0
3908,2382.95,-87,0,2384.54,0.218741,0
3909,2383.51,-87,0,2385.1,0.221687,0
3910,2384.08,-87,0,2385.66,0.221958,0
3911,2384.64,-87,0,2386.23,0.219807,0
3912,2385.2,-87,0,2386.79,0.217769,0
3913,2385.76,-87,0,2387.35,0.215421,0
3914,2386.33,-87,0,2387.91,0.219664,0
3915,2386.89,-87,0,2388.48,0.217213,0
3916,2387.45,-87,0,2389.04,0.222973,0
3917,2388.02,-87,0,2389.6,0.216517,0
3918,2388.58,-87,0,2390.16,0.213312,0
3919,2389.14,-87,0,2390.73,0.211424,0
3920,2389.7,-87,0,2391.29,0.221941,0
3921,2390.27,-87,0,2391.85,0.21596,0
3922,2390.83,-87,0,2392.41,0.218417,0
3923,2391.39,-87,0,2392.98,0.216269,0
3924,2391.96,-87,0,2393.54,0.22204,0
3925,2392.52,-87,0,2394.1,0.21712,0
3926,2393.08,-87,0,2394.66,0.214917,0
3927,2393.64,-87,0,2395.23,0.221637,0
3928,2394.21,-87,0,2395.79,0.213443,0
3929,2394.77,-87,0,2396.35,0.216365,0
3930,2395.33,-87,0,2396.91,0.221203,0
3931,2395.9,-87,0,2397.48,0.217727,0
3932,2396.46,-87,0,2398.04,0.214833,0
3933,2397.02,-87,0,2398.6,0.216512,0
3934,2397.58,-87,0,2399.16,0.218086,0
3935,2398.15,-87,0,2399.73,0.221926,0
3936,2398.71,-87,0,2400.29,0.225504,0
3937,2399.27,-87,0,2400.85,0.221759,0
3938,2399.84,-87,0,2401.41,0.21858,0
3939,2400.4,-87,0,2401.98,0.217965,0
3940,2400.96,-87,0,2402.54,0.21554,0
3941,2401.52,-87,0,2403.1,0.219482,0
3942,2402.09,-87,0,2403.66,0.220266,0
3943,2402.65,-87,0,2404.22,0.217728,0
3944,2403.21,-87,0,2404.79,0.218003,0
3945,2403.78,-87,0,2405.35,0.218176,0
3946,2404.34,-87,0,2405.91,0.21795,0
3947,2404.9,-87,0,2406.47,0.214744,0
3948,2405.46,-87,0,2407.04,0.216764,0
3949,2406.03,-87,0,2407.6,0.220698,0
3950,2406.59,-87,0,2408.16,0.222017,0
3951,2407.15,-87,0,2408.72,0.219058,0
3952,2407.72,-87,0,2409.29,0.215583,0
3953,2408.28,-87,0,2409.85,0.219204,0
3954,2408.84,-87,0,2410.41,0.224106,0
3955,2409.4,-87,0,2410.97,0.220554,0
3956,2409.97,-87,0,2411.54,0.219164,0
3957,2410.53,-87,0,2412.1,0.216304,0
3958,2411.09,-87,0,2412.66,0.211605,0
3959,2411.66,-87,0,2413.22,0.21303,0
3960,2412.22,-87,0,2413.79,0.213763,0
3961,2412.78,-87,0,2414.35,0.219687,0
3962,2413.34,-87,0,2414.91,0.223738,0
3963,2413.91,-87,0,2415.47,0.215894,0
3964,2414.47,-87,0,2416.04,0.212177,0
3965,2415.03,-87,0,2416.6,0.214293,0
3966,2415.59,-87,0,2417.16,0.217547,0
3967,2416.16,-87,0,2417.72,0.22531,0
3968,2416.72,-87,0,2418.29,0.219178,0
3969,2417.28,-87,0,2418.85,0.212143,0
3970,2417.85,-87,0,2419.41,0.21324,0
3971,2418.41,-87,0,2419.97,0.213848,0
3972,2418.97,-87,0,2420.54,0.216659,0
3973,2419.53,-87,0,2421.1,0.223052,0
3974,2420.1,-87,0,2421.66,0.218798,0
3975,2420.66,-87,0,2422.22,0.21524,0
3976,2421.22,-87,0,2422.78,0.213878,0
3977,2421.78,-87,0,2423.35,0.214984,0
3978,2422.35,-87,0,2423.91,0.217089,0
3979,2422.91,-87,0,2424.47,0.22454,0
3980,2423.47,-87,0,2425.03,0.220863,0
3981,2424.04,-87,0,2425.6,0.216795,0
3982,2424.6,-87,0,2426.16,0.21677,0
3983,2425.16,-87,0,2426.72,0.214795,0
3984,2425.72,-87,0,2427.28,0.218486,0
3985,2426.29,-87,0,2427.85,0.217287,0
3986,2426.85,-87,0,2428.41,0.217961,0
3987,2427.41,-87,0,2428.97,0.212343,0
3988,2427.98,-87,0,2429.53,0.211859,0
3989,2428.54,-87,0,2430.1,0.218774,0
3990,2429.1,-87,0,2430.66,0.222536,0
3991,2429.66,-87,0,2431.22,0.217319,0
3992,2430.23,-87,0,2431.78,0.21381,0
3993,2430.79,-87,0,2432.35,0.217413,0
3994,2431.35,-87,0,2432.91,0.219183,0
3995,2431.91,-87,0,2433.47,0.219839,0
3996,2432.48,-87,0,2434.03,0.218872,0
3997,2433.04,-87,0,2434.59,0.21655,0
3998,2433.6,-87,0,2435.16,0.217936,0
3999,2434.17,-87,0,2435.72,0.216182,0
4000,2434.73,-87,0,2436.28,0.216658,0
4001,2435.29,-87,0,2436.84,0.218561,0
4002,2435.85,-87,0,2437.41,0.218793,0
4003,2436.42,-87,0,2437.97,0.220893,0
4004,2436.98,-87,0,2438.53,0.219385,0
4005,2437.54,-87,0,2439.09,0.215833,0
4006,2438.1,-87,0,2439.66,0.212614,0
4007,2438.67,-87,0,2440.22,0.216315,0
4008,2439.23,-87,0,2440.78,0.22745,0
4009,2439.79,-87,0,2441.34,0.219383,0
4010,2440.35,-87,0,2441.91,0.217269,0
4011,2440.92,-87,0,2442.47,0.21592,0
4012,2441.48,-87,0,2443.03,0.215632,0
4013,2442.04,-87,0,2443.59,0.219878,0
4014,2442.61,-87,0,2444.15,0.216639,0
4015,2443.17,-87,0,2444.72,0.217026,0
4016,2443.73,-87,0,2445.28,0.2185,0
4017,2444.29,-87,0,2445.84,0.220718,0
4018,2444.86,-87,0,2446.4,0.221835,0
4019,2445.42,-87,0,2446.97,0.219006,0
4020,2445.98,-87,0,2447.53,0.214891,0
4021,2446.54,-87,0,2448.09,0.214301,0
4022,2447.11,-87,0,2448.65,0.218765,0
4023,2447.67,-87,0,2449.22,0.218335,0
4024,2448.23,-87,0,2449.78,0.217421,0
4025,2448.8,-87,0,2450.34,0.224497,0
4026,2449.36,-87,0,2450.9,0.211979,0
4027,2449.92,-87,0,2451.46,0.207794,0
4028,2450.48,-87,0,2452.03,0.209428,0
4029,2451.05,-87,0,2452.59,0.274357,0
4030,2451.61,-87,0,2453.15,0.216035,0
4031,2452.17,-87,0,2453.71,0.20218,0
4032,2452.73,-87,0,2454.28,0.205926,0
4033,2453.3,-87,0,2454.84,0.212828,0
4034,2453.86,-87,0,2455.4,0.222785,0
4035,2454.42,-87,0,2455.96,0.218291,0
4036,2454.98,-87,0,2456.53,0.219221,0
4037,2455.55,-87,0,2457.09,0.213268,0
4038,2456.11,-87,0,2457.65,0.21421,0
4039,2456.67,-87,0,2458.21,0.219439,0
4040,2457.23,-87,0,2458.77,0.219712,0
4041,2457.8,-87,0,2459.34,0.216396,0
4042,2458.36,-87,0,2459.9,0.212655,0
4043,2458.92,-87,0,2460.46,0.211742,0
4044,2459.49,-87,0,2461.02,0.21534,0
4045,2460.05,-87,0,2461.59,0.219688,0
4046,2460.61,-87,0,2462.15,0.214771,0
4047,2461.17,-87,0,2462.71,0.22151,0
4048,2461.74,-87,0,2463.27,0.218643,0
4049,2462.3,-87,0,2463.84,0.216018,0
4050,2462.86,-87,0,2464.4,0.215061,0
4051,2463.42,-87,0,2464.96,0.220018,0
4052,2463.99,-87,0,2465.52,0.220456,0
4053,2464.55,-87,0,2466.08,0.218936,0
4054,2465.11,-87,0,2466.65,0.214693,0
4055,2465.67,-87,0,2467.21,0.215761,0
4056,2466.24,-87,0,2467.77,0.21253,0
4057,2466.8,-87,0,2468.33,0.218192,0
4058,2467.36,-87,0,2468.9,0.223282,0
4059,2467.92,-87,0,2469.46,0.220134,0
4060,2468.49,-87,0,2470.02,0.212846,0
4061,2469.05,-87,0,2470.58,0.214388,0
4062,2469.61,-87,0,2471.14,0.212935,0
4063,2470.18,-87,0,2471.71,0.222989,0
4064,2470.74,-87,0,2472.27,0.215007,0
4065,2471.3,-87,0,2472.83,0.217111,0
4066,2471.86,-87,0,2473.39,0.214086,0
4067,2472.43,-87,0,2473.96,0.217297,0
4068,2472.99,-87,0,2474.52,0.215435,0
4069,2473.55,-87,0,2475.08,0.219517,0
4070,2474.11,-87,0,2475.64,0.223608,0
4071,2474.68,-87,0,2476.2,0.215332,0
4072,2475.24,-87,0,2476.77,0.215482,0
4073,2475.8,-87,0,2477.33,0.218497,0
4074,2476.36,-87,0,2477.89,0.218275,0
4075,2476.93,-87,0,2478.45,0.220003,0
4076,2477.49,-87,0,2479.02,0.219405,0
4077,2478.05,-87,0,2479.58,0.214423,0
4078,2478.61,-87,0,2480.14,0.215605,0
4079,2479.18,-87,0,2480.7,0.214092,0
4080,2479.74,-87,0,2481.26,0.218949,0
4081,2480.3,-87,0,2481.83,0.217806,0
4082,2480.86,-87,0,2482.39,0.216103,0
4083,2481.43,-87,0,2482.95,0.210582,0
4084,2481.99,-87,0,2483.51,0.216144,0
4085,2482.55,-87,0,2484.08,0.224418,0
4086,2483.11,-87,0,2484.64,0.213578,0
4087,2483.68,-87,0,2485.2,0.210264,0
4088,2484.24,-87,0,2485.76,0.215865,0
4089,2484.8,-87,0,2486.32,0.216646,0
4090,2485.36,-87,0,2486.89,0.214208,0
4091,2485.93,-87,0,2487.45,0.219632,0
4092,2486.49,-87,0,2488.01,0.224354,0
4093,2487.05,-87,0,2488.57,0.22194,0
4094,2487.61,-87,0,2489.14,0.217203,0
4095,2488.18,-87,0,2489.7,0.213127,0
4096,2488.74,-87,0,2490.26,0.213675,0
4097,2489.3,-87,0,2490.82,0.222548,0
4098,2489.86,-87,0,2491.38,0.21896,0
4099,2490.43,-87,0,2491.95,0.215782,0
4100,2490.99,-87,0,2492.51,0.215139,0
4101,2491.55,-87,0,2493.07,0.214683,0
4102,2492.11,-87,0,2493.63,0.214227,0
4103,2492.68,-87,0,2494.2,0.218117,0
4104,2493.24,-87,0,2494.76,0.223055,0
4105,2493.8,-87,0,2495.32,0.221116,0
4106,2494.36,-87,0,2495.88,0.221476,0
4107,2494.93,-87,0,2496.44,0.218706,0
4108,2495.49,-87,0,2497.01,0.216495,0
4109,2496.05,-87,0,2497.57,0.215226,0
4110,2496.61,-87,0,2498.13,0.218552,0
4111,2497.18,-87,0,2498.69,0.219466,0
4112,2497.74,-87,0,2499.25,0.2195,0
4113,2498.3,-87,0,2499.82,0.219685,0
4114,2498.86,-87,0,2500.38,0.216454,0
4115,2499.43,-87,0,2500.94,0.207857,0
4116,2499.99,-87,0,2501.5,0.215768,0
4117,2500.55,-87,0,2502.07,0.221121,0
4118,2501.11,-87,0,2502.63,0.223622,0
4119,2501.68,-87,0,2503.19,0.218867,0
4120,2502.24,-87,0,2503.75,0.213509,0
4121,2502.8,-87,0,2504.31,0.21708,0
4122,2503.36,-87,0,2504.88,0.214914,0
4123,2503.93,-87,0,2505.44,0.217862,0
4124,2504.49,-87,0,2506,0.221448,0
4125,2505.05,-87,0,2506.56,0.222736,0
4126,2505.61,-87,0,2507.12,0.215108,0
4127,2506.18,-87,0,2507.69,0.210926,0
4128,2506.74,-87,0,2508.25,0.213244,0
4129,2507.3,-87,0,2508.81,0.218967,0
4130,2507.86,-87,0,2509.37,0.224887,0
4131,2508.43,-87,0,2509.94,0.218586,0
4132,2508.99,-87,0,2510.5,0.216004,0
4133,2509.55,-87,0,2511.06,0.21468,0
4134,2510.11,-87,0,2511.62,0.217896,0
4135,2510.68,-87,0,2512.18,0.216942,0
4136,2511.24,-87,0,2512.75,0.219243,0
4137,2511.8,-87,0,2513.31,0.219585,0
4138,2512.36,-87,0,2513.87,0.217903,0
4139,2512.93,-87,0,2514.43,0.217678,0
4140,2513.49,-87,0,2514.99,0.216157,0
4141,2514.05,-87,0,2515.56,0.220064,0
4142,2514.61,-87,0,2516.12,0.222195,0
4143,2515.18,-87,0,2516.68,0.220179,0
4144,2515.74,-87,0,2517.24,0.215837,0
4145,2516.3,-87,0,2517.81,0.213985,0
4146,2516.86,-87,0,2518.37,0.222584,0
4147,2517.43,-87,0,2518.93,0.219505,0
4148,2517.99,-87,0,2519.49,0.215419,0
4149,2518.55,-87,0,2520.05,0.215144,0
4150,2519.11,-87,0,2520.62,0.214985,0
4151,2519.68,-87,0,2521.18,0.219754,0
4152,2520.24,-87,0,2521.74,0.218844,0
4153,2520.8,-87,0,2522.3,0.215767,0
4154,2521.36,-87,0,2522.86,0.212503,0
4155,2521.93,-87,0,2523.43,0.214991,0
4156,2522.49,-87,0,2523.99,0.224658,0
4157,2523.05,-87,0,2524.55,0.217598,0
4158,2523.61,-87,0,2525.11,0.210789,0
4159,2524.18,-87,0,2525.67,0.20878,0
4160,2524.74,-87,0,2526.24,0.215531,0
4161,2525.3,-87,0,2526.8,0.223096,0
4162,2525.86,-87,0,2527.36,0.230085,0
4163,2526.43,-87,0,2527.92,0.205614,0
4164,2526.99,-87,0,2528.48,0.205075,0
4165,2527.55,-87,0,2529.05,0.216342,0
4166,2528.11,-87,0,2529.61,0.221555,0
4167,2528.67,-87,0,2530.17,0.21694,0
4168,2529.24,-87,0,2530.73,0.215746,0
4169,2529.8,-87,0,2531.3,0.214978,0
4170,2530.36,-87,0,2531.86,0.21958,0
4171,2530.92,-87,0,2532.42,0.217638,0
4172,2531.49,-87,0,2532.98,0.220423,0
4173,2532.05,-87,0,2533.54,0.216982,0
4174,2532.61,-87,0,2534.11,0.216012,0
4175,2533.17,-87,0,2534.67,0.215448,0
4176,2533.74,-87,0,2535.23,0.218088,0
4177,2534.3,-87,0,2535.79,0.217516,0
4178,2534.86,-87,0,2536.35,0.216154,0
4179,2535.42,-87,0,2536.92,0.216067,0
4180,2535.99,-87,0,2537.48,0.214642,0
4181,2536.55,-87,0,2538.04,0.216995,0
4182,2537.11,-87,0,2538.6,0.219944,0
4183,2537.67,-87,0,2539.16,0.216731,0
4184,2538.24,-87,0,2539.73,0.215045,0
4185,2538.8,-87,0,2540.29,0.212033,0
4186,2539.36,-87,0,2540.85,0.215613,0
4187,2539.92,-87,0,2541.41,0.216507,0
4188,2540.48,-87,0,2541.97,0.219999,0
4189,2541.05,-87,0,2542.54,0.217596,0
4190,2541.61,-87,0,2543.1,0.21666,0
4191,2542.17,-87,0,2543.66,0.213268,0
4192,2542.73,-87,0,2544.22,0.213851,0
4193,2543.3,-87,0,2544.78,0.214369,0
4194,2543.86,-87,0,2545.35,0.215177,0
4195,2544.42,-87,0,2545.91,0.21694,0
4196,2544.98,-87,0,2546.47,0.213973,0
4197,2545.55,-87,0,2547.03,0.213694,0
4198,2546.11,-87,0,2547.59,0.219066,0
4199,2546.67,-87,0,2548.16,0.213909,0
4200,2547.23,-87,0,2548.72,0.214332,0
4201,2547.79,-87,0,2549.28,0.22385,0
4202,2548.36,-87,0,2549.84,0.217259,0
4203,2548.92,-87,0,2550.4,0.215748,0
4204,2549.48,-87,0,2550.97,0.219156,0
4205,2550.04,-87,0,2551.53,0.215959,0
4206,2550.61,-87,0,2552.09,0.215232,0
4207,2551.17,-87,0,2552.65,0.220931,0
4208,2551.73,-87,0,2553.21,0.218822,0
4209,2552.29,-87,0,2553.78,0.215503,0
4210,2552.86,-87,0,2554.34,0.213986,0
4211,2553.42,-87,0,2554.9,0.220545,0
4212,2553.98,-87,0,2555.46,0.216025,0
4213,2554.54,-87,0,2556.02,0.214832,0
4214,2555.1,-87,0,2556.59,0.21453,0
4215,2555.67,-87,0,2557.15,0.213982,0
4216,2556.23,-87,0,2557.71,0.215513,0
4217,2556.79,-87,0,2558.27,0.218508,0
4218,2557.35,-87,0,2558.83,0.217415,0
4219,2557.92,-87,0,2559.4,0.219789,0
4220,2558.48,-87,0,2559.96,0.219629,0
4221,2559.04,-87,0,2560.52,0.21632,0
4222,2559.6,-87,0,2561.08,0.21624,0
4223,2560.17,-87,0,2561.64,0.216647,0
4224,2560.73,-87,0,2562.21,0.220598,0
4225,2561.29,-87,0,2562.77,0.217371,0
4226,2561.85,-87,0,2563.33,0.215825,0
4227,2562.41,-87,0,2563.89,0.213542,0
4228,2562.98,-87,0,2564.45,0.211058,0
4229,2563.54,-87,0,2565.02,0.215357,0
4230,2564.1,-87,0,2565.58,0.217349,0
4231,2564.66,-87,0,2566.14,0.221173,0
4232,2565.23,-87,0,2566.7,0.223082,0
4233,2565.79,-87,0,2567.26,0.219587,0
4234,2566.35,-87,0,2567.82,0.21395,0
4235,2566.91,-87,0,2568.39,0.210926,0
4236,2567.48,-87,0,2568.95,0.215054,0
4237,2568.04,-87,0,2569.51,0.214801,0
4238,2568.6,-87,0,2570.07,0.213342,0
4239,2569.16,-87,0,2570.63,0.212163,0
4240,2569.72,-87,0,2571.2,0.214996,0
4241,2570.29,-87,0,2571.76,0.217543,0
4242,2570.85,-87,0,2572.32,0.213603,0
4243,2571.41,-87,0,2572.88,0.218215,0
4244,2571.97,-87,0,2573.44,0.225006,0
4245,2572.54,-87,0,2574.01,0.214198,0
4246,2573.1,-87,0,2574.57,0.210037,0
4247,2573.66,-87,0,2575.13,0.216945,0
4248,2574.22,-87,0,2575.69,0.221977,0
4249,2574.78,-87,0,2576.25,0.214698,0
4250,2575.35,-87,0,2576.82,0.213467,0
4251,2575.91,-87,0,2577.38,0.212974,0
4252,2576.47,-87,0,2577.94,0.21497,0
4253,2577.03,-87,0,2578.5,0.218788,0
4254,2577.6,-87,0,2579.06,0.218257,0
4255,2578.16,-87,0,2579.63,0.219487,0
4256,2578.72,-87,0,2580.19,0.218075,0
4257,2579.28,-87,0,2580.75,0.216029,0
4258,2579.84,-87,0,2581.31,0.21595,0
4259,2580.41,-87,0,2581.87,0.215715,0
4260,2580.97,-87,0,2582.43,0.215175,0
4261,2581.53,-87,0,2583,0.21927,0
4262,2582.09,-87,0,2583.56,0.216222,0
4263,2582.66,-87,0,2584.12,0.215223,0
4264,2583.22,-87,0,2584.68,0.213208,0
4265,2583.78,-87,0,2585.24,0.218741,0
4266,2584.34,-87,0,2585.81,0.220513,0
4267,2584.9,-87,0,2586.37,0.216337,0
4268,2585.47,-87,0,2586.93,0.216235,0
4269,2586.03,-87,0,2587.49,0.216625,0
4270,2586.59,-87,0,2588.05,0.215454,0
4271,2587.15,-87,0,2588.62,0.218083,0
4272,2587.72,-87,0,2589.18,0.217978,0
4273,2588.28,-87,0,2589.74,0.217,0
4274,2588.84,-87,0,2590.3,0.217944,0
4275,2589.4,-87,0,2590.86,0.216337,0
4276,2589.96,-87,0,2591.42,0.214242,0
4277,2590.53,-87,0,2591.99,0.216988,0
4278,2591.09,-87,0,2592.55,0.21189,0
4279,2591.65,-87,0,2593.11,0.214246,0
4280,2592.21,-87,0,2593.67,0.22539,0
4281,2592.77,-87,0,2594.23,0.213521,0
4282,2593.34,-87,0,2594.8,0.214738,0
4283,2593.9,-87,0,2595.36,0.218404,0
4284,2594.46,-87,0,2595.92,0.219936,0
4285,2595.02,-87,0,2596.48,0.21754,0
4286,2595.59,-87,0,2597.04,0.217192,0
4287,2596.15,-87,0,2597.6,0.21584,0
4288,2596.71,-87,0,2598.17,0.220036,0
4289,2597.27,-87,0,2598.73,0.218719,0
4290,2597.83,-87,0,2599.29,0.220636,0
4291,2598.4,-87,0,2599.85,0.221566,0
4292,2598.96,-87,0,2600.41,0.218096,0
4293,2599.52,-87,0,2600.98,0.219481,0
4294,2600.08,-87,0,2601.54,0.216549,0
4295,2600.64,-87,0,2602.1,0.21589,0
4296,2601.21,-87,0,2602.66,0.215777,0
4297,2601.77,-87,0,2603.22,0.217677,0
4298,2602.33,-87,0,2603.78,0.21627,0
4299,2602.89,-87,0,2604.35,0.221399,0
4300,2603.46,-87,0,2604.91,0.217797,0
4301,2604.02,-87,0,2605.47,0.21551,0
4302,2604.58,-87,0,2606.03,0.216307,0
4303,2605.14,-87,0,2606.59,0.227194,0
4304,2605.7,-87,0,2607.16,0.215256,0
4305,2606.27,-87,0,2607.72,0.211018,0
4306,2606.83,-87,0,2608.28,0.211779,0
4307,2607.39,-87,0,2608.84,0.223826,0
4308,2607.95,-87,0,2609.4,0.21797,0
4309,2608.51,-87,0,2609.96,0.219741,0
4310,2609.08,-87,0,2610.53,0.214683,0
4311,2609.64,-87,0,2611.09,0.215451,0
4312,2610.2,-87,0,2611.65,0.219677,0
4313,2610.76,-87,0,2612.21,0.218349,0
4314,2611.32,-87,0,2612.77,0.220001,0
4315,2611.89,-87,0,2613.34,0.216777,0
4316,2612.45,-87,0,2613.9,0.215524,0
4317,2613.01,-87,0,2614.46,0.216718,0
4318,2613.57,-87,0,2615.02,0.219394,0
4319,2614.14,-87,0,2615.58,0.21932,0
4320,2614.7,-87,0,2616.14,0.217482,0
4321,2615.26,-87,0,2616.71,0.216008,0
4322,2615.82,-87,0,2617.27,0.213397,0
4323,2616.38,-87,0,2617.83,0.223311,0
4324,2616.95,-87,0,2618.39,0.220505,0
4325,2617.51,-87,0,2618.95,0.217143,0
4326,2618.07,-87,0,2619.51,0.214813,0
4327,2618.63,-87,0,2620.08,0.214556,0
4328,2619.19,-87,0,2620.64,0.216953,0
4329,2619.76,-87,0,2621.2,0.217452,0
4330,2620.32,-87,0,2621.76,0.217096,0
4331,2620.88,-87,0,2622.32,0.217054,0
4332,2621.44,-87,0,2622.89,0.218415,0
4333,2622,-87,0,2623.45,0.217531,0
4334,2622.57,-87,0,2624.01,0.216204,0
4335,2623.13,-87,0,2624.57,0.212504,0
4336,2623.69,-87,0,2625.13,0.216731,0
4337,2624.25,-87,0,2625.69,0.226162,0
4338,2624.81,-87,0,2626.26,0.216887,0
4339,2625.38,-87,0,2626.82,0.213425,0
4340,2625.94,-87,0,2627.38,0.213044,0
4341,2626.5,-87,0,2627.94,0.220781,0
4342,2627.06,-87,0,2628.5,0.221837,0
4343,2627.62,-87,0,2629.06,0.21771,0
4344,2628.19,-87,0,2629.63,0.215144,0
4345,2628.75,-87,0,2630.19,0.216391,0
4346,2629.31,-87,0,2630.75,0.216743,0
4347,2629.87,-87,0,2631.31,0.220174,0
4348,2630.44,-87,0,2631.87,0.220517,0
4349,2631,-87,0,2632.44,0.218426,0
4350,2631.56,-87,0,2633,0.212714,0
4351,2632.12,-87,0,2633.56,0.211275,0
4352,2632.68,-87,0,2634.12,0.218658,0
4353,2633.25,-87,0,2634.68,0.22344,0
4354,2633.81,-87,0,2635.24,0.219846,0
4355,2634.37,-87,0,2635.81,0.215546,0
4356,2634.93,-87,0,2636.37,0.212222,0
4357,2635.49,-87,0,2636.93,0.215384,0
4358,2636.06,-87,0,2637.49,0.21674,0
4359,2636.62,-87,0,2638.05,0.219758,0
4360,2637.18,-87,0,2638.61,0.217083,0
4361,2637.74,-87,0,2639.18,0.2231,0
4362,2638.3,-87,0,2639.74,0.218512,0
4363,2638.86,-87,0,2640.3,0.217524,0
4364,2639.43,-87,0,2640.86,0.216755,0
4365,2639.99,-87,0,2641.42,0.216534,0
4366,2640.55,-87,0,2641.98,0.223215,0
4367,2641.11,-87,0,2642.55,0.219426,0
4368,2641.68,-87,0,2643.11,0.217738,0
4369,2642.24,-87,0,2643.67,0.21424,0
4370,2642.8,-87,0,2644.23,0.214181,0
4371,2643.36,-87,0,2644.79,0.213532,0
4372,2643.92,-87,0,2645.35,0.215356,0
4373,2644.48,-87,0,2645.92,0.215575,0
4374,2645.05,-87,0,2646.48,0.217822,0
4375,2645.61,-87,0,2647.04,0.218673,0
4376,2646.17,-87,0,2647.6,0.215895,0
4377,2646.73,-87,0,2648.16,0.219227,0
4378,2647.29,-87,0,2648.72,0.217779,0
4379,2647.86,-87,0,2649.29,0.215606,0
4380,2648.42,-87,0,2649.85,0.216684,0
4381,2648.98,-87,0,2650.41,0.217883,0
4382,2649.54,-87,0,2650.97,0.223756,0
4383,2650.1,-87,0,2651.53,0.219337,0
4384,2650.67,-87,0,2652.09,0.211979,0
4385,2651.23,-87,0,2652.66,0.213717,0
4386,2651.79,-87,0,2653.22,0.215884,0
4387,2652.35,-87,0,2653.78,0.219822,0
4388,2652.91,-87,0,2654.34,0.218284,0
4389,2653.48,-87,0,2654.9,0.214492,0
4390,2654.04,-87,0,2655.46,0.210012,0
4391,2654.6,-87,0,2656.03,0.211041,0
4392,2655.16,-87,0,2656.59,0.220302,0
4393,2655.72,-87,0,2657.15,0.216736,0
4394,2656.29,-87,0,2657.71,0.215837,0
4395,2656.85,-87,0,2658.27,0.214172,0
4396,2657.41,-87,0,2658.83,0.225126,0
4397,2657.97,-87,0,2659.39,0.221247,0
4398,2658.53,-87,0,2659.96,0.217202,0
4399,2659.1,-87,0,2660.52,0.21408,0
4400,2659.66,-87,0,2661.08,0.21532,0
4401,2660.22,-87,0,2661.64,0.217887,0
4402,2660.78,-87,0,2662.2,0.218694,0
4403,2661.34,-87,0,2662.76,0.220664,0
4404,2661.91,-87,0,2663.33,0.220773,0
4405,2662.47,-87,0,2663.89,0.217173,0
4406,2663.03,-87,0,2664.45,0.213189,0
4407,2663.59,-87,0,2665.01,0.213374,0
4408,2664.15,-87,0,2665.57,0.215188,0
4409,2664.71,-87,0,2666.13,0.21817,0
4410,2665.28,-87,0,2666.7,0.218406,0
4411,2665.84,-87,0,2667.26,0.217446,0
4412,2666.4,-87,0,2667.82,0.215638,0
4413,2666.96,-87,0,2668.38,0.2161,0
4414,2667.52,-87,0,2668.94,0.213937,0
4415,2668.09,-87,0,2669.5,0.22352,0
4416,2668.65,-87,0,2670.07,0.217296,0
4417,2669.21,-87,0,2670.63,0.211962,0
4418,2669.77,-87,0,2671.19,0.212533,0
4419,2670.33,-87,0,2671.75,0.220083,0
4420,2670.9,-87,0,2672.31,0.220198,0
4421,2671.46,-87,0,2672.87,0.215974,0
4422,2672.02,-87,0,2673.43,0.216648,0
4423,2672.58,-87,0,2674,0.216071,0
4424,2673.14,-87,0,2674.56,0.218251,0
4425,2673.7,-87,0,2675.12,0.217287,0
4426,2674.27,-87,0,2675.68,0.21673,0
4427,2674.83,-87,0,2676.24,0.219283,0
4428,2675.39,-87,0,2676.8,0.217923,0
4429,2675.95,-87,0,2677.37,0.216859,0
4430,2676.51,-87,0,2677.93,0.212656,0
4431,2677.08,-87,0,2678.49,0.217421,0
4432,2677.64,-87,0,2679.05,0.219631,0
4433,2678.2,-87,0,2679.61,0.218944,0
4434,2678.76,-87,0,2680.17,0.217219,0
4435,2679.32,-87,0,2680.73,0.217822,0
4436,2679.88,-87,0,2681.3,0.2234,0
4437,2680.45,-87,0,2681.86,0.221079,0
4438,2681.01,-87,0,2682.42,0.216018,0
4439,2681.57,-87,0,2682.98,0.211675,0
4440,2682.13,-87,0,2683.54,0.21507,0
4441,2682.69,-87,0,2684.1,0.226067,0
4442,2683.26,-87,0,2684.67,0.219931,0
4443,2683.82,-87,0,2685.23,0.217397,0
4444,2684.38,-87,0,2685.79,0.222796,0
4445,2684.94,-87,0,2686.35,0.218306,0
4446,2685.5,-87,0,2686.91,0.219205,0
4447,2686.06,-87,0,2687.47,0.223954,0
4448,2686.63,-87,0,2688.03,0.220049,0
4449,2687.19,-87,0,2688.6,0.219189,0
4450,2687.75,-87,0,2689.16,0.216241,0
4451,2688.31,-87,0,2689.72,0.214935,0
4452,2688.87,-87,0,2690.28,0.215453,0
4453,2689.44,-87,0,2690.84,0.219269,0
4454,2690,-87,0,2691.4,0.221611,0
4455,2690.56,-87,0,2691.97,0.217025,0
4456,2691.12,-87,0,2692.53,0.215636,0
4457,2691.68,-87,0,2693.09,0.220742,0
4458,2692.24,-87,0,2693.65,0.216909,0
4459,2692.81,-87,0,2694.21,0.212294,0
4460,2693.37,-87,0,2694.77,0.220246,0
4461,2693.93,-87,0,2695.33,0.217786,0
4462,2694.49,-87,0,2695.9,0.214228,0
4463,2695.05,-87,0,2696.46,0.222492,0
4464,2695.61,-87,0,2697.02,0.217321,0
4465,2696.18,-87,0,2697.58,0.216134,0
4466,2696.74,-87,0,2698.14,0.219033,0
4467,2697.3,-87,0,2698.7,0.220059,0
4468,2697.86,-87,0,2699.26,0.218799,0
4469,2698.42,-87,0,2699.83,0.218007,0
4470,2698.99,-87,0,2700.39,0.215334,0
4471,2699.55,-87,0,2700.95,0.218653,0
4472,2700.11,-87,0,2701.51,0.222368,0
4473,2700.67,-87,0,2702.07,0.220631,0
4474,2701.23,-87,0,2702.63,0.214691,0
4475,2701.79,-87,0,2703.19,0.211966,0
4476,2702.36,-87,0,2703.76,0.216737,0
4477,2702.92,-87,0,2704.32,0.215823,0
4478,2703.48,-87,0,2704.88,0.218611,0
4479,2704.04,-87,0,2705.44,0.221178,0
4480,2704.6,-87,0,2706,0.219268,0
4481,2705.16,-87,0,2706.56,0.219802,0
4482,2705.73,-87,0,2707.12,0.218063,0
4483,2706.29,-87,0,2707.69,0.221151,0
4484,2706.85,-87,0,2708.25,0.221032,0
4485,2707.41,-87,0,2708.81,0.21789,0
4486,2707.97,-87,0,2709.37,0.219384,0
4487,2708.54,-87,0,2709.93,0.219063,0
4488,2709.1,-87,0,2710.49,0.21953,0
4489,2709.66,-87,0,2711.05,0.217427,0
4490,2710.22,-87,0,2711.62,0.218063,0
4491,2710.78,-87,0,2712.18,0.221943,0
4492,2711.34,-87,0,2712.74,0.216628,0
4493,2711.91,-87,0,2713.3,0.219889,0
4494,2712.47,-87,0,2713.86,0.216605,0
4495,2713.03,-87,0,2714.42,0.216233,0
4496,2713.59,-87,0,2714.98,0.218895,0
4497,2714.15,-87,0,2715.55,0.214193,0
4498,2714.71,-87,0,2716.11,0.218161,0
4499,2715.28,-87,0,2716.67,0.22284,0
4500,2715.84,-87,0,2717.23,0.218663,0
4501,2716.4,-87,0,2717.79,0.216175,0
4502,2716.96,-87,0,2718.35,0.214605,0
4503,2717.52,-87,0,2718.91,0.218519,0
4504,2718.08,-87,0,2719.48,0.217311,0
4505,2718.65,-87,0,2720.04,0.227896,0
4506,2719.21,-87,0,2720.6,0.224162,0
4507,2719.77,-87,0,2721.16,0.221409,0
4508,2720.33,-87,0,2721.72,0.218323,0
4509,2720.89,-87,0,2722.28,0.21793,0
4510,2721.45,-87,0,2722.84,0.215557,0
4511,2722.02,-87,0,2723.41,0.217847,0
4512,2722.58,-87,0,2723.97,0.223336,0
4513,2723.14,-87,0,2724.53,0.218363,0
4514,2723.7,-87,0,2725.09,0.212915,0
4515,2724.26,-87,0,2725.65,0.217768,0
4516,2724.82,-87,0,2726.21,0.222189,0
4517,2725.39,-87,0,2726.77,0.218145,0
4518,2725.95,-87,0,2727.33,0.218094,0
4519,2726.51,-87,0,2727.9,0.217045,0
4520,2727.07,-87,0,2728.46,0.217767,0
4521,2727.63,-87,0,2729.02,0.214713,0
4522,2728.19,-87,0,2729.58,0.216837,0
4523,2728.76,-87,0,2730.14,0.213689,0
4524,2729.32,-87,0,2730.7,0.213329,0
4525,2729.88,-87,0,2731.26,0.211354,0
4526,2730.44,-87,0,2731.83,0.216855,0
4527,2731,-87,0,2732.39,0.21544,0
4528,2731.56,-87,0,2732.95,0.212225,0
4529,2732.12,-87,0,2733.51,0.218066,0
4530,2732.69,-87,0,2734.07,0.222782,0
4531,2733.25,-87,0,2734.63,0.21783,0
4532,2733.81,-87,0,2735.19,0.216824,0
4533,2734.37,-87,0,2735.76,0.217556,0
4534,2734.93,-87,0,2736.32,0.215909,0
4535,2735.49,-87,0,2736.88,0.215892,0
4536,2736.06,-87,0,2737.44,0.215084,0
4537,2736.62,-87,0,2738,0.220583,0
4538,2737.18,-87,0,2738.56,0.219021,0
4539,2737.74,-87,0,2739.12,0.218156,0
4540,2738.3,-87,0,2739.68,0.216247,0
4541,2738.86,-87,0,2740.25,0.215781,0
4542,2739.43,-87,0,2740.81,0.222967,0
4543,2739.99,-87,0,2741.37,0.216958,0
4544,2740.55,-87,0,2741.93,0.211063,0
4545,2741.11,-87,0,2742.49,0.214672,0
4546,2741.67,-87,0,2743.05,0.215545,0
4547,2742.23,-87,0,2743.61,0.224195,0
4548,2742.8,-87,0,2744.17,0.214643,0
4549,2743.36,-87,0,2744.74,0.21428,0
4550,2743.92,-87,0,2745.3,0.218239,0
4551,2744.48,-87,0,2745.86,0.220717,0
4552,2745.04,-87,0,2746.42,0.216005,0
4553,2745.6,-87,0,2746.98,0.213513,0
4554,2746.16,-87,0,2747.54,0.215407,0
4555,2746.73,-87,0,2748.1,0.234529,0
4556,2747.29,-87,0,2748.67,0.220325,0
4557,2747.85,-87,0,2749.23,0.212688,0
4558,2748.41,-87,0,2749.79,0.2164,0
4559,2748.97,-87,0,2750.35,0.218086,0
4560,2749.53,-87,0,2750.91,0.21378,0
4561,2750.1,-87,0,2751.47,0.212875,0
4562,2750.66,-87,0,2752.03,0.219018,0
4563,2751.22,-87,0,2752.59,0.218392,0
4564,2751.78,-87,0,2753.16,0.22048,0
4565,2752.34,-87,0,2753.72,0.217678,0
4566,2752.9,-87,0,2754.28,0.213914,0
4567,2753.46,-87,0,2754.84,0.215451,0
4568,2754.03,-87,0,2755.4,0.219822,0
4569,2754.59,-87,0,2755.96,0.220081,0
4570,2755.15,-87,0,2756.52,0.216035,0
4571,2755.71,-87,0,2757.08,0.215146,0
4572,2756.27,-87,0,2757.65,0.217951,0
4573,2756.83,-87,0,2758.21,0.216481,0
4574,2757.4,-87,0,2758.77,0.218852,0
4575,2757.96,-87,0,2759.33,0.220335,0
4576,2758.52,-87,0,2759.89,0.220413,0
4577,2759.08,-87,0,2760.45,0.222207,0
4578,2759.64,-87,0,2761.01,0.216857,0
4579,2760.2,-87,0,2761.57,0.21692,0
4580,2760.76,-87,0,2762.13,0.215067,0
4581,2761.33,-87,0,2762.7,0.219968,0
4582,2761.89,-87,0,2763.26,0.221272,0
4583,2762.45,-87,0,2763.82,0.218184,0
4584,2763.01,-87,0,2764.38,0.217333,0
4585,2763.57,-87,0,2764.94,0.216033,0
4586,2764.13,-87,0,2765.5,0.213854,0
4587,2764.69,-87,0,2766.06,0.218178,0
4588,2765.26,-87,0,2766.62,0.221772,0
4589,2765.82,-87,0,2767.19,0.220314,0
4590,2766.38,-87,0,2767.75,0.219234,0
4591,2766.94,-87,0,2768.31,0.217499,0
4592,2767.5,-87,0,2768.87,0.217069,0
4593,2768.06,-87,0,2769.43,0.218453,0
4594,2768.62,-87,0,2769.99,0.218325,0
4595,2769.19,-87,0,2770.55,0.220573,0
4596,2769.75,-87,0,2771.11,0.217458,0
4597,2770.31,-87,0,2771.67,0.214748,0
4598,2770.87,-87,0,2772.24,0.216608,0
4599,2771.43,-87,0,2772.8,0.220867,0
4600,2771.99,-87,0,2773.36,0.222009,0
4601,2772.55,-87,0,2773.92,0.217212,0
4602,2773.12,-87,0,2774.48,0.216153,0
4603,2773.68,-87,0,2775.04,0.21467,0
4604,2774.24,-87,0,2775.6,0.216785,0
4605,2774.8,-87,0,2776.16,0.216304,0
4606,2775.36,-87,0,2776.73,0.216338,0
4607,2775.92,-87,0,2777.29,0.218737,0
4608,2776.48,-87,0,2777.85,0.219141,0
4609,2777.05,-87,0,2778.41,0.219304,0
4610,2777.61,-87,0,2778.97,0.219489,0
4611,2778.17,-87,0,2779.53,0.216635,0
4612,2778.73,-87,0,2780.09,0.215424,0
4613,2779.29,-87,0,2780.65,0.214549,0
4614,2779.85,-87,0,2781.21,0.219827,0
4615,2780.41,-87,0,2781.78,0.222023,0
4616,2780.98,-87,0,2782.34,0.216458,0
4617,2781.54,-87,0,2782.9,0.220931,0
4618,2782.1,-87,0,2783.46,0.223107,0
4619,2782.66,-87,0,2784.02,0.21961,0
4620,2783.22,-87,0,2784.58,0.216075,0
4621,2783.78,-87,0,2785.14,0.218442,0
4622,2784.34,-87,0,2785.7,0.218123,0
4623,2784.91,-87,0,2786.26,0.220566,0
4624,2785.47,-87,0,2786.83,0.217289,0
4625,2786.03,-87,0,2787.39,0.217021,0
4626,2786.59,-87,0,2787.95,0.218493,0
4627,2787.15,-87,0,2788.51,0.221694,0
4628,2787.71,-87,0,2789.07,0.220808,0
4629,2788.27,-87,0,2789.63,0.217368,0
4630,2788.84,-86.9999,0,2790.19,0.213604,0
4631,2789.4,-86.9999,0,2790.75,0.219781,0
4632,2789.96,-86.9999,0,2791.31,0.222044,0
4633,2790.52,-86.9999,0,2791.88,0.22,0
4634,2791.08,-86.9999,0,2792.44,0.215135,0
4635,2791.64,-86.9999,0,2793,0.218202,0
4636,2792.2,-86.9999,0,2793.56,0.219575,0
4637,2792.76,-86.9999,0,2794.12,0.218598,0
4638,2793.33,-86.9999,0,2794.68,0.218275,0
4639,2793.89,-86.9999,0,2795.24,0.218211,0
4640,2794.45,-86.9999,0,2795.8,0.220457,0
4641,2795.01,-86.9999,0,2796.36,0.220769,0
4642,2795.57,-86.9999,0,2796.93,0.221165,0
4643,2796.13,-86.9999,0,2797.49,0.222063,0
4644,2796.69,-86.9999,0,2798.05,0.222068,0
4645,2797.26,-86.9998,0,2798.61,0.219183,0
4646,2797.82,-86.9998,0,2799.17,0.214756,0
4647,2798.38,-86.9998,0,2799.73,0.207972,0
4648,2798.94,-86.9998,0,2800.29,0.220473,0
4649,2799.5,-86.9998,0,2800.85,0.229646,0
4650,2800.06,-86.9998,0,2801.41,0.222237,0
4651,2800.62,-86.9998,0,2801.97,0.218394,0
4652,2801.18,-86.9998,0,2802.54,0.223218,0
4653,2801.75,-86.9998,0,2803.1,0.220675,0
4654,2802.31,-86.9998,0,2803.66,0.212967,0
4655,2802.87,-86.9997,0,2804.22,0.216757,0
4656,2803.43,-86.9997,0,2804.78,0.219744,0
4657,2803.99,-86.9997,0,2805.34,0.220852,0
4658,2804.55,-86.9997,0,2805.9,0.21839,0
4659,2805.11,-86.9997,0,2806.46,0.219453,0
4660,2805.68,-86.9997,0,2807.02,0.217747,0
4661,2806.24,-86.9997,0,2807.58,0.217697,0
4662,2806.8,-86.9996,0,2808.15,0.218414,0
4663,2807.36,-86.9996,0,2808.71,0.218318,0
4664,2807.92,-86.9996,0,2809.27,0.223108,0
4665,2808.48,-86.9996,0,2809.83,0.219178,0
4666,2809.04,-86.9996,0,2810.39,0.218272,0
4667,2809.6,-86.9996,0,2810.95,0.213278,0
4668,2810.17,-86.9995,0,2811.51,0.216944,0
4669,2810.73,-86.9995,0,2812.07,0.21974,0
4670,2811.29,-86.9995,0,2812.63,0.222043,0
4671,2811.85,-86.9995,0,2813.19,0.222671,0
4672,2812.41,-86.9995,0,2813.76,0.219883,0
4673,2812.97,-86.9995,0,2814.32,0.215936,0
4674,2813.53,-86.9994,0,2814.88,0.215865,0
4675,2814.09,-86.9994,0,2815.44,0.216631,0
4676,2814.66,-86.9994,0,2816,0.221549,0
4677,2815.22,-86.9994,0,2816.56,0.222801,0
4678,2815.78,-86.9994,0,2817.12,0.221609,0
4679,2816.34,-86.9993,0,2817.68,0.21901,0
4680,2816.9,-86.9993,0,2818.24,0.218363,0
4681,2817.46,-86.9993,0,2818.8,0.217658,0
4682,2818.02,-86.9993,0,2819.36,0.221395,0
4683,2818.58,-86.9992,0,2819.93,0.218837,0
4684,2819.15,-86.9992,0,2820.49,0.219539,0
4685,2819.71,-86.9992,0,2821.05,0.218032,0
4686,2820.27,-86.9992,0,2821.61,0.219649,0
4687,2820.83,-86.9991,0,2822.17,0.224355,0
4688,2821.39,-86.9991,0,2822.73,0.21961,0
4689,2821.95,-86.9991,0,2823.29,0.214402,0
4690,2822.51,-86.999,0,2823.85,0.217222,0
4691,2823.07,-86.999,0,2824.41,0.219541,0
4692,2823.63,-86.999,0,2824.97,0.220213,0
4693,2824.2,-86.9989,0,2825.54,0.221862,0
4694,2824.76,-86.9989,0,2826.1,0.219713,0
4695,2825.32,-86.9989,0,2826.66,0.220991,0
4696,2825.88,-86.9988,0,2827.22,0.220092,0
4697,2826.44,-86.9988,0,2827.78,0.216796,0
4698,2827,-86.9988,0,2828.34,0.214545,0
4699,2827.56,-86.9987,0,2828.9,0.221637,0
4700,2828.12,-86.9987,0,2829.46,0.224675,0
4701,2828.69,-86.9987,0,2830.02,0.219615,0
4702,2829.25,-86.9986,0,2830.58,0.222751,0
4703,2829.81,-86.9986,0,2831.14,0.215893,0
4704,2830.37,-86.9986,0,2831.71,0.214223,0
4705,2830.93,-86.9985,0,2832.27,0.218223,0
4706,2831.49,-86.9985,0,2832.83,0.215216,0
4707,2832.05,-86.9984,0,2833.39,0.221135,0
4708,2832.61,-86.9984,0,2833.95,0.226551,0
4709,2833.17,-86.9984,0,2834.51,0.216605,0
4710,2833.74,-86.9983,0,2835.07,0.212145,0
4711,2834.3,-86.9983,0,2835.63,0.211097,0
4712,2834.86,-86.9982,0,2836.19,0.217003,0
4713,2835.42,-86.9982,0,2836.75,0.225533,0
4714,2835.98,-86.9981,0,2837.31,0.213469,0
4715,2836.54,-86.9981,0,2837.88,0.211284,0
4716,2837.1,-86.998,0,2838.44,0.216178,0
4717,2837.66,-86.998,0,2839,0.227073,0
4718,2838.22,-86.9979,0,2839.56,0.220548,0
4719,2838.79,-86.9979,0,2840.12,0.215276,0
4720,2839.35,-86.9978,0,2840.68,0.216941,0
4721,2839.91,-86.9978,0,2841.24,0.221234,0
4722,2840.47,-86.9977,0,2841.8,0.221091,0
4723,2841.03,-86.9977,0,2842.36,0.218564,0
4724,2841.59,-86.9976,0,2842.92,0.217056,0
4725,2842.15,-86.9976,0,2843.48,0.218707,0
4726,2842.71,-86.9975,0,2844.04,0.21871,0
4727,2843.27,-86.9974,0,2844.6,0.221087,0
4728,2843.84,-86.9974,0,2845.17,0.220498,0
4729,2844.4,-86.9973,0,2845.73,0.220212,0
4730,2844.96,-86.9973,0,2846.29,0.220347,0
4731,2845.52,-86.9972,0,2846.85,0.22018,0
4732,2846.08,-86.9971,0,2847.41,0.218746,0
4733,2846.64,-86.9971,0,2847.97,0.217161,0
4734,2847.2,-86.997,0,2848.53,0.213099,0
4735,2847.76,-86.9969,0,2849.09,0.210463,0
4736,2848.32,-86.9969,0,2849.65,0.218431,0
4737,2848.89,-86.9968,0,2850.21,0.226638,0
4738,2849.45,-86.9967,0,2850.77,0.215903,0
4739,2850.01,-86.9967,0,2851.33,0.213218,0
4740,2850.57,-86.9966,0,2851.9,0.216205,0
4741,2851.13,-86.9965,0,2852.46,0.218456,0
4742,2851.69,-86.9964,0,2853.02,0.219927,0
4743,2852.25,-86.9964,0,2853.58,0.218966,0
4744,2852.81,-86.9963,0,2854.14,0.218408,0
4745,2853.37,-86.9962,0,2854.7,0.217455,0
4746,2853.93,-86.9961,0,2855.26,0.21861,0
4747,2854.5,-86.9961,0,2855.82,0.216433,0
4748,2855.06,-86.996,0,2856.38,0.216005,0
4749,2855.62,-86.9959,0,2856.94,0.214066,0
4750,2856.18,-86.9958,0,2857.5,0.215805,0
4751,2856.74,-86.9957,0,2858.06,0.216674,0
4752,2857.3,-86.9956,0,2858.62,0.215331,0
4753,2857.86,-86.9956,0,2859.19,0.212302,0
4754,2858.42,-86.9955,0,2859.75,0.217624,0
4755,2858.98,-86.9954,0,2860.31,0.221117,0
4756,2859.54,-86.9953,0,2860.87,0.212327,0
4757,2860.11,-86.9952,0,2861.43,0.213933,0
4758,2860.67,-86.9951,0,2861.99,0.216434,0
4759,2861.23,-86.995,0,2862.55,0.215789,0
4760,2861.79,-86.9949,0,2863.11,0.21913,0
4761,2862.35,-86.9948,0,2863.67,0.221644,0
4762,2862.91,-86.9947,0,2864.23,0.219484,0
4763,2863.47,-86.9946,0,2864.79,0.22153,0
4764,2864.03,-86.9945,0,2865.35,0.218965,0
4765,2864.59,-86.9944,0,2865.91,0.221295,0
4766,2865.15,-86.9943,0,2866.48,0.219031,0
4767,2865.72,-86.9942,0,2867.04,0.218363,0
4768,2866.28,-86.9941,0,2867.6,0.217928,0
4769,2866.84,-86.994,0,2868.16,0.221106,0
4770,2867.4,-86.9939,0,2868.72,0.218792,0
4771,2867.96,-86.9938,0,2869.28,0.215653,0
4772,2868.52,-86.9937,0,2869.84,0.214325,0
4773,2869.08,-86.9935,0,2870.4,0.217013,0
4774,2869.64,-86.9934,0,2870.96,0.213965,0
4775,2870.2,-86.9933,0,2871.52,0.219847,0
4776,2870.76,-86.9932,0,2872.08,0.214866,0
4777,2871.33,-86.9931,0,2872.64,0.217206,0
4778,2871.89,-86.993,0,2873.2,0.22568,0
4779,2872.45,-86.9928,0,2873.76,0.218859,0
4780,2873.01,-86.9927,0,2874.32,0.213432,0
4781,2873.57,-86.9926,0,2874.89,0.211876,0
4782,2874.13,-86.9924,0,2875.45,0.216237,0
4783,2874.69,-86.9923,0,2876.01,0.215509,0
4784,2875.25,-86.9922,0,2876.57,0.219665,0
4785,2875.81,-86.9921,0,2877.13,0.211956,0
4786,2876.37,-86.9919,0,2877.69,0.211303,0
4787,2876.93,-86.9918,0,2878.25,0.213632,0
4788,2877.5,-86.9916,0,2878.81,0.219641,0
4789,2878.06,-86.9915,0,2879.37,0.222083,0
4790,2878.62,-86.9914,0,2879.93,0.217708,0
4791,2879.18,-86.9912,0,2880.49,0.213694,0
4792,2879.74,-86.9911,0,2881.05,0.208649,0
4793,2880.3,-86.9909,0,2881.61,0.21283,0
4794,2880.86,-86.9908,0,2882.17,0.221002,0
4795,2881.42,-86.9906,0,2882.73,0.220463,0
4796,2881.98,-86.9905,0,2883.29,0.217402,0
4797,2882.54,-86.9903,0,2883.86,0.214393,0
4798,2883.1,-86.9902,0,2884.42,0.21568,0
4799,2883.67,-86.99,0,2884.98,0.218626,0
4800,2884.23,-86.9898,0,2885.54,0.213984,0
4801,2884.79,-86.9897,0,2886.1,0.214985,0
4802,2885.35,-86.9895,0,2886.66,0.217978,0
4803,2885.91,-86.9893,0,2887.22,0.213092,0
4804,2886.47,-86.9892,0,2887.78,0.217079,0
4805,2887.03,-86.989,0,2888.34,0.220294,0
4806,2887.59,-86.9888,0,2888.9,0.215345,0
4807,2888.15,-86.9887,0,2889.46,0.212081,0
4808,2888.71,-86.9885,0,2890.02,0.207974,0
4809,2889.27,-86.9883,0,2890.58,0.212535,0
4810,2889.83,-86.9881,0,2891.14,0.215414,0
4811,2890.4,-86.9879,0,2891.7,0.219957,0
4812,2890.96,-86.9878,0,2892.26,0.216497,0
4813,2891.52,-86.9876,0,2892.82,0.222343,0
4814,2892.08,-86.9874,0,2893.39,0.215812,0
4815,2892.64,-86.9872,0,2893.95,0.215174,0
4816,2893.2,-86.987,0,2894.51,0.213075,0
4817,2893.76,-86.9868,0,2895.07,0.213739,0
4818,2894.32,-86.9866,0,2895.63,0.210116,0
4819,2894.88,-86.9864,0,2896.19,0.213397,0
4820,2895.44,-86.9862,0,2896.75,0.212393,0
4821,2896,-86.986,0,2897.31,0.217477,0
4822,2896.56,-86.9858,0,2897.87,0.221813,0
4823,2897.12,-86.9856,0,2898.43,0.211668,0
4824,2897.69,-86.9854,0,2898.99,0.212245,0
4825,2898.25,-86.9852,0,2899.55,0.213869,0
4826,2898.81,-86.9849,0,2900.11,0.215716,0
4827,2899.37,-86.9847,0,2900.67,0.214004,0
4828,2899.93,-86.9845,0,2901.23,0.214037,0
4829,2900.49,-86.9843,0,2901.79,0.218548,0
4830,2901.05,-86.9841,0,2902.35,0.217158,0
4831,2901.61,-86.9838,0,2902.91,0.211936,0
4832,2902.17,-86.9836,0,2903.48,0.208916,0
4833,2902.73,-86.9834,0,2904.04,0.21153,0
4834,2903.29,-86.9831,0,2904.6,0.217628,0
4835,2903.85,-86.9829,0,2905.16,0.220125,0
4836,2904.41,-86.9826,0,2905.72,0.217965,0
4837,2904.98,-86.9824,0,2906.28,0.213748,0
4838,2905.54,-86.9822,0,2906.84,0.213724,0
4839,2906.1,-86.9819,0,2907.4,0.214728,0
4840,2906.66,-86.9817,0,2907.96,0.216487,0
4841,2907.22,-86.9814,0,2908.52,0.217562,0
4842,2907.78,-86.9811,0,2909.08,0.214337,0
4843,2908.34,-86.9809,0,2909.64,0.213846,0
4844,2908.9,-86.9806,0,2910.2,0.22155,0
4845,2909.46,-86.9803,0,2910.76,0.216859,0
4846,2910.02,-86.9801,0,2911.32,0.210797,0
4847,2910.58,-86.9798,0,2911.88,0.213699,0
4848,2911.14,-86.9795,0,2912.44,0.210311,0
4849,2911.7,-86.9793,0,2913,0.218289,0
4850,2912.26,-86.979,0,2913.56,0.219076,0
4851,2912.83,-86.9787,0,2914.12,0.217479,0
4852,2913.39,-86.9784,0,2914.68,0.213149,0
4853,2913.95,-86.9781,0,2915.24,0.21684,0
4854,2914.51,-86.9778,0,2915.81,0.214642,0
4855,2915.07,-86.9775,0,2916.37,0.212732,0
4856,2915.63,-86.9772,0,2916.93,0.212555,0
4857,2916.19,-86.9769,0,2917.49,0.221037,0
4858,2916.75,-86.9766,0,2918.05,0.213021,0
4859,2917.31,-86.9763,0,2918.61,0.211733,0
4860,2917.87,-86.976,0,2919.17,0.214616,0
4861,2918.43,-86.9757,0,2919.73,0.216639,0
4862,2918.99,-86.9754,0,2920.29,0.211884,0
4863,2919.55,-86.9751,0,2920.85,0.211388,0
4864,2920.11,-86.9747,0,2921.41,0.210102,0
4865,2920.68,-86.9744,0,2921.97,0.213231,0
4866,2921.24,-86.9741,0,2922.53,0.215322,0
4867,2921.8,-86.9737,0,2923.09,0.21796,0
4868,2922.36,-86.9734,0,2923.65,0.217375,0
4869,2922.92,-86.9731,0,2924.21,0.217532,0
4870,2923.48,-86.9727,0,2924.77,0.212454,0
4871,2924.04,-86.9724,0,2925.33,0.213539,0
4872,2924.6,-86.972,0,2925.89,0.213644,0
4873,2925.16,-86.9717,0,2926.45,0.216749,0
4874,2925.72,-86.9713,0,2927.01,0.213399,0
4875,2926.28,-86.9709,0,2927.57,0.212727,0
4876,2926.84,-86.9706,0,2928.13,0.215911,0
4877,2927.4,-86.9702,0,2928.69,0.21574,0
4878,2927.96,-86.9698,0,2929.25,0.214332,0
4879,2928.52,-86.9695,0,2929.81,0.212476,0
4880,2929.08,-86.9691,0,2930.38,0.211817,0
4881,2929.64,-86.9687,0,2930.94,0.211937,0
4882,2930.21,-86.9683,0,2931.5,0.212478,0
4883,2930.77,-86.9679,0,2932.06,0.210957,0
4884,2931.33,-86.9675,0,2932.62,0.211381,0
4885,2931.89,-86.9671,0,2933.18,0.208828,0
4886,2932.45,-86.9667,0,2933.74,0.2116,0
4887,2933.01,-86.9663,0,2934.3,0.217569,0
4888,2933.57,-86.9659,0,2934.86,0.219967,0
4889,2934.13,-86.9655,0,2935.42,0.215287,0
4890,2934.69,-86.9651,0,2935.98,0.21297,0
4891,2935.25,-86.9646,0,2936.54,0.213165,0
4892,2935.81,-86.9642,0,2937.1,0.213936,0
4893,2936.37,-86.9638,0,2937.66,0.208619,0
4894,2936.93,-86.9633,0,2938.22,0.209323,0
4895,2937.49,-86.9629,0,2938.78,0.215294,0
4896,2938.05,-86.9624,0,2939.34,0.211961,0
4897,2938.61,-86.962,0,2939.9,0.216369,0
4898,2939.17,-86.9615,0,2940.46,0.210077,0
4899,2939.73,-86.9611,0,2941.02,0.213892,0
4900,2940.3,-86.9606,0,2941.58,0.214381,0
4901,2940.86,-86.9602,0,2942.14,0.212364,0
4902,2941.42,-86.9597,0,2942.7,0.217492,0
4903,2941.98,-86.9592,0,2943.26,0.219379,0
4904,2942.54,-86.9587,0,2943.82,0.215889,0
4905,2943.1,-86.9582,0,2944.38,0.212593,0
4906,2943.66,-86.9577,0,2944.94,0.21182,0
4907,2944.22,-86.9573,0,2945.5,0.212912,0
4908,2944.78,-86.9568,0,2946.06,0.214366,0
4909,2945.34,-86.9563,0,2946.62,0.216467,0
4910,2945.9,-86.9557,0,2947.18,0.218507,0
4911,2946.46,-86.9552,0,2947.74,0.213949,0
4912,2947.02,-86.9547,0,2948.3,0.209486,0
4913,2947.58,-86.9542,0,2948.86,0.20761,0
4914,2948.14,-86.9537,0,2949.42,0.209984,0
4915,2948.7,-86.9531,0,2949.98,0.2146,0
4916,2949.26,-86.9526,0,2950.54,0.213259,0
4917,2949.82,-86.952,0,2951.1,0.210535,0
4918,2950.38,-86.9515,0,2951.66,0.211952,0
4919,2950.94,-86.9509,0,2952.23,0.212225,0
4920,2951.5,-86.9504,0,2952.79,0.210167,0
4921,2952.07,-86.9498,0,2953.35,0.212667,0
4922,2952.63,-86.9492,0,2953.91,0.210336,0
4923,2953.19,-86.9487,0,2954.47,0.209474,0
4924,2953.75,-86.9481,0,2955.03,0.212202,0
4925,2954.31,-86.9475,0,2955.59,0.210936,0
4926,2954.87,-86.9469,0,2956.15,0.210535,0
4927,2955.43,-86.9463,0,2956.71,0.211956,0
4928,2955.99,-86.9457,0,2957.27,0.211001,0
4929,2956.55,-86.9451,0,2957.83,0.215753,0
4930,2957.11,-86.9445,0,2958.39,0.217938,0
4931,2957.67,-86.9439,0,2958.95,0.20786,0
4932,2958.23,-86.9432,0,2959.51,0.204985,0
4933,2958.79,-86.9426,0,2960.07,0.214862,0
4934,2959.35,-86.942,0,2960.63,0.211012,0
4935,2959.91,-86.9413,0,2961.19,0.213148,0
4936,2960.47,-86.9407,0,2961.75,0.212033,0
4937,2961.03,-86.94,0,2962.31,0.211692,0
4938,2961.59,-86.9393,0,2962.87,0.211327,0
4939,2962.15,-86.9387,0,2963.43,0.209783,0
4940,2962.71,-86.938,0,2963.99,0.210901,0
4941,2963.27,-86.9373,0,2964.55,0.215507,0
4942,2963.83,-86.9366,0,2965.11,0.212585,0
4943,2964.39,-86.9359,0,2965.67,0.20941,0
4944,2964.95,-86.9352,0,2966.23,0.205559,0
4945,2965.51,-86.9345,0,2966.79,0.219495,0
4946,2966.07,-86.9338,0,2967.35,0.211043,0
4947,2966.64,-86.9331,0,2967.91,0.208989,0
4948,2967.2,-86.9324,0,2968.47,0.207781,0
4949,2967.76,-86.9316,0,2969.03,0.212865,0
4950,2968.32,-86.9309,0,2969.59,0.212611,0
4951,2968.88,-86.9301,0,2970.15,0.21024,0
4952,2969.44,-86.9294,0,2970.71,0.210353,0
4953,2970,-86.9286,0,2971.27,0.209775,0
4954,2970.56,-86.9279,0,2971.83,0.210887,0
4955,2971.12,-86.9271,0,2972.39,0.211447,0
4956,2971.68,-86.9263,0,2972.95,0.214414,0
4957,2972.24,-86.9255,0,2973.51,0.208195,0
4958,2972.8,-86.9247,0,2974.07,0.205843,0
4959,2973.36,-86.9239,0,2974.63,0.205476,0
4960,2973.92,-86.9231,0,2975.19,0.211145,0
4961,2974.48,-86.9223,0,2975.75,0.214968,0
4962,2975.04,-86.9215,0,2976.31,0.212391,0
4963,2975.6,-86.9206,0,2976.87,0.20693,0
4964,2976.16,-86.9198,0,2977.43,0.209926,0
4965,2976.72,-86.9189,0,2977.99,0.211748,0
4966,2977.28,-86.9181,0,2978.55,0.213053,0
4967,2977.84,-86.9172,0,2979.11,0.212415,0
4968,2978.4,-86.9163,0,2979.67,0.210236,0
4969,2978.96,-86.9155,0,2980.23,0.208418,0
4970,2979.52,-86.9146,0,2980.79,0.21128,0
4971,2980.08,-86.9137,0,2981.35,0.210524,0
4972,2980.64,-86.9128,0,2981.91,0.207934,0
4973,2981.2,-86.9118,0,2982.47,0.207153,0
4974,2981.76,-86.9109,0,2983.03,0.211179,0
4975,2982.32,-86.91,0,2983.59,0.211465,0
4976,2982.88,-86.9091,0,2984.15,0.205951,0
4977,2983.44,-86.9081,0,2984.71,0.206812,0
4978,2984,-86.9072,0,2985.27,0.208506,0
4979,2984.56,-86.9062,0,2985.83,0.21418,0
4980,2985.12,-86.9052,0,2986.39,0.211187,0
4981,2985.68,-86.9042,0,2986.95,0.208572,0
4982,2986.24,-86.9032,0,2987.51,0.210156,0
4983,2986.8,-86.9022,0,2988.07,0.211793,0
4984,2987.36,-86.9012,0,2988.63,0.210058,0
4985,2987.92,-86.9002,0,2989.19,0.208728,0
4986,2988.48,-86.8992,0,2989.75,0.208799,0
4987,2989.04,-86.8981,0,2990.31,0.208973,0
4988,2989.6,-86.8971,0,2990.87,0.20723,0
4989,2990.17,-86.896,0,2991.43,0.214795,0
4990,2990.73,-86.895,0,2991.99,0.210838,0
4991,2991.29,-86.8939,0,2992.55,0.208907,0
4992,2991.85,-86.8928,0,2993.11,0.206897,0
4993,2992.41,-86.8917,0,2993.67,0.206969,0
4994,2992.97,-86.8906,0,2994.23,0.208879,0
4995,2993.53,-86.8895,0,2994.79,0.211402,0
4996,2994.09,-86.8883,0,2995.35,0.209396,0
4997,2994.65,-86.8872,0,2995.91,0.207133,0
4998,2995.21,-86.8861,0,2996.47,0.206565,0
4999,2995.77,-86.8849,0,2997.03,0.202734,0
5000,2996.33,-86.8837,0,2997.59,0.207327,0
5001,2996.89,-86.8825,0,2998.15,0.211009,0
5002,2997.45,-86.8814,0,2998.71,0.209921,0
5003,2998.01,-86.8802,0,2999.27,0.208542,0
5004,2998.57,-86.8789,0,2999.82,0.206857,0
5005,2999.13,-86.8777,0,3000.38,0.206883,0
5006,2999.69,-86.8765,0,3000.94,0.207676,0
5007,3000.25,-86.8752,0,3001.5,0.206149,0
5008,3000.81,-86.874,0,3002.06,0.205833,0
5009,3001.37,-86.8727,0,3002.62,0.207903,0
5010,3001.93,-86.8714,0,3003.18,0.206935,0
5011,3002.49,-86.8701,0,3003.74,0.206229,0
5012,3003.05,-86.8688,0,3004.3,0.206646,0
5013,3003.61,-86.8675,0,3004.86,0.201663,0
5014,3004.17,-86.8662,0,3005.42,0.204234,0
5015,3004.73,-86.8648,0,3005.98,0.210856,0
5016,3005.29,-86.8635,0,3006.54,0.20802,0
5017,3005.85,-86.8621,0,3007.1,0.206148,0
5018,3006.41,-86.8607,0,3007.66,0.201882,0
5019,3006.97,-86.8593,0,3008.22,0.202717,0
5020,3007.53,-86.8579,0,3008.78,0.207017,0
5021,3008.09,-86.8565,0,3009.34,0.208403,0
5022,3008.65,-86.8551,0,3009.9,0.20802,0
5023,3009.21,-86.8536,0,3010.46,0.20533,0
5024,3009.77,-86.8522,0,3011.02,0.205814,0
5025,3010.33,-86.8507,0,3011.58,0.205498,0
5026,3010.89,-86.8492,0,3012.14,0.206007,0
5027,3011.45,-86.8477,0,3012.7,0.211695,0
5028,3012.01,-86.8462,0,3013.26,0.203703,0
5029,3012.57,-86.8447,0,3013.82,0.199192,0
5030,3013.13,-86.8431,0,3014.38,0.203944,0
5031,3013.69,-86.8416,0,3014.94,0.204137,0
5032,3014.25,-86.84,0,3015.5,0.204588,0
5033,3014.81,-86.8384,0,3016.06,0.213534,0
5034,3015.37,-86.8368,0,3016.62,0.204197,0
5035,3015.93,-86.8352,0,3017.18,0.202773,0
5036,3016.49,-86.8336,0,3017.74,0.207991,0
5037,3017.05,-86.8319,0,3018.3,0.203461,0
5038,3017.61,-86.8303,0,3018.86,0.199858,0
5039,3018.17,-86.8286,0,3019.42,0.201889,0
5040,3018.73,-86.8269,0,3019.97,0.206265,0
5041,3019.29,-86.8252,0,3020.53,0.206377,0
5042,3019.85,-86.8235,0,3021.09,0.204538,0
5043,3020.41,-86.8217,0,3021.65,0.203101,0
5044,3020.97,-86.82,0,3022.21,0.202902,0
5045,3021.53,-86.8182,0,3022.77,0.203989,0
5046,3022.09,-86.8164,0,3023.33,0.202315,0
5047,3022.65,-86.8146,0,3023.89,0.195092,0
5048,3023.21,-86.8128,0,3024.45,0.202818,0
5049,3023.77,-86.811,0,3025.01,0.210807,0
5050,3024.32,-86.8091,0,3025.57,0.20557,0
5051,3024.88,-86.8072,0,3026.13,0.202535,0
5052,3025.44,-86.8053,0,3026.69,0.20208,0
5053,3026,-86.8034,0,3027.25,0.200899,0
5054,3026.56,-86.8015,0,3027.81,0.200431,0
5055,3027.12,-86.7995,0,3028.37,0.201217,0
5056,3027.68,-86.7976,0,3028.93,0.204217,0
5057,3028.24,-86.7956,0,3029.49,0.205515,0
5058,3028.8,-86.7936,0,3030.05,0.204291,0
5059,3029.36,-86.7915,0,3030.61,0.20114,0
5060,3029.92,-86.7895,0,3031.17,0.195087,0
5061,3030.48,-86.7874,0,3031.73,0.201425,0
5062,3031.04,-86.7854,0,3032.28,0.207987,0
5063,3031.6,-86.7833,0,3032.84,0.205178,0
5064,3032.16,-86.7811,0,3033.4,0.202385,0
5065,3032.72,-86.779,0,3033.96,0.200112,0
5066,3033.28,-86.7768,0,3034.52,0.199374,0
5067,3033.84,-86.7746,0,3035.08,0.2023,0
5068,3034.4,-86.7724,0,3035.64,0.197407,0
5069,3034.96,-86.7702,0,3036.2,0.198485,0
5070,3035.52,-86.768,0,3036.76,0.198932,0
5071,3036.08,-86.7657,0,3037.32,0.20033,0
5072,3036.64,-86.7634,0,3037.88,0.200477,0
5073,3037.2,-86.7611,0,3038.44,0.204171,0
5074,3037.76,-86.7587,0,3039,0.204423,0
5075,3038.32,-86.7564,0,3039.56,0.201651,0
5076,3038.88,-86.754,0,3040.12,0.201811,0
5077,3039.44,-86.7516,0,3040.68,0.201209,0
5078,3040,-86.7491,0,3041.24,0.201014,0
5079,3040.56,-86.7467,0,3041.8,0.202077,0
5080,3041.12,-86.7442,0,3042.35,0.200415,0
5081,3041.68,-86.7417,0,3042.91,0.197579,0
5082,3042.24,-86.7392,0,3043.47,0.199011,0
5083,3042.8,-86.7366,0,3044.03,0.19885,0
5084,3043.36,-86.734,0,3044.59,0.199785,0
5085,3043.92,-86.7314,0,3045.15,0.201302,0
5086,3044.48,-86.7288,0,3045.71,0.200895,0
5087,3045.04,-86.7261,0,3046.27,0.20029,0
5088,3045.59,-86.7234,0,3046.83,0.198919,0
5089,3046.15,-86.7207,0,3047.39,0.196632,0
5090,3046.71,-86.718,0,3047.95,0.199654,0
5091,3047.27,-86.7152,0,3048.51,0.203786,0
5092,3047.83,-86.7124,0,3049.07,0.199389,0
5093,3048.39,-86.7096,0,3049.63,0.194268,0
5094,3048.95,-86.7067,0,3050.19,0.192943,0
5095,3049.51,-86.7038,0,3050.74,0.198973,0
5096,3050.07,-86.7009,0,3051.3,0.205758,0
5097,3050.63,-86.698,0,3051.86,0.201135,0
5098,3051.19,-86.695,0,3052.42,0.196961,0
5099,3051.75,-86.692,0,3052.98,0.196122,0
5100,3052.31,-86.6889,0,3053.54,0.195989,0
5101,3052.87,-86.6859,0,3054.1,0.20021,0
5102,3053.43,-86.6828,0,3054.66,0.195883,0
5103,3053.99,-86.6796,0,3055.22,0.197294,0
5104,3054.55,-86.6765,0,3055.78,0.199147,0
5105,3055.11,-86.6733,0,3056.34,0.2033,0
5106,3055.67,-86.6701,0,3056.9,0.202492,0
5107,3056.23,-86.6668,0,3057.46,0.200969,0
5108,3056.79,-86.6635,0,3058.01,0.200007,0
5109,3057.35,-86.6601,0,3058.57,0.197289,0
5110,3057.91,-86.6568,0,3059.13,0.197958,0
5111,3058.46,-86.6534,0,3059.69,0.194652,0
5112,3059.02,-86.6499,0,3060.25,0.195422,0
5113,3059.58,-86.6465,0,3060.81,0.196482,0
5114,3060.14,-86.6429,0,3061.37,0.19952,0
5115,3060.7,-86.6394,0,3061.93,0.195972,0
5116,3061.26,-86.6358,0,3062.49,0.195631,0
5117,3061.82,-86.6322,0,3063.05,0.195613,0
5118,3062.38,-86.6285,0,3063.61,0.19609,0
5119,3062.94,-86.6248,0,3064.16,0.195469,0
5120,3063.5,-86.621,0,3064.72,0.194737,0
5121,3064.06,-86.6172,0,3065.28,0.194828,0
5122,3064.62,-86.6134,0,3065.84,0.19413,0
5123,3065.18,-86.6095,0,3066.4,0.189924,0
5124,3065.74,-86.6056,0,3066.96,0.194923,0
5125,3066.3,-86.6016,0,3067.52,0.204256,0
5126,3066.86,-86.5976,0,3068.08,0.19705,0
5127,3067.42,-86.5936,0,3068.64,0.190278,0
5128,3067.97,-86.5895,0,3069.2,0.19315,0
5129,3068.53,-86.5853,0,3069.76,0.1976,0
5130,3069.09,-86.5812,0,3070.31,0.198152,0
5131,3069.65,-86.5769,0,3070.87,0.197656,0
5132,3070.21,-86.5726,0,3071.43,0.197915,0
5133,3070.77,-86.5683,0,3071.99,0.196957,0
5134,3071.33,-86.5639,0,3072.55,0.19592,0
5135,3071.89,-86.5595,0,3073.11,0.195553,0
5136,3072.45,-86.555,0,3073.67,0.196012,0
5137,3073.01,-86.5505,0,3074.23,0.201689,0
5138,3073.57,-86.5459,0,3074.79,0.198743,0
5139,3074.13,-86.5412,0,3075.34,0.194925,0
5140,3074.69,-86.5365,0,3075.9,0.193443,0
5141,3075.25,-86.5318,0,3076.46,0.193294,0
5142,3075.8,-86.527,0,3077.02,0.195023,0
5143,3076.36,-86.5221,0,3077.58,0.196963,0
5144,3076.92,-86.5172,0,3078.14,0.194321,0
5145,3077.48,-86.5122,0,3078.7,0.190975,0
5146,3078.04,-86.5072,0,3079.26,0.192869,0
5147,3078.6,-86.5021,0,3079.82,0.192647,0
5148,3079.16,-86.4969,0,3080.38,0.19227,0
5149,3079.72,-86.4917,0,3080.93,0.19348,0
5150,3080.28,-86.4864,0,3081.49,0.202298,0
5151,3080.84,-86.481,0,3082.05,0.19539,0
5152,3081.4,-86.4756,0,3082.61,0.192202,0
5153,3081.96,-86.4701,0,3083.17,0.191644,0
5154,3082.52,-86.4646,0,3083.73,0.193767,0
5155,3083.07,-86.459,0,3084.29,0.19466,0
5156,3083.63,-86.4533,0,3084.85,0.193139,0
5157,3084.19,-86.4475,0,3085.4,0.191298,0
5158,3084.75,-86.4417,0,3085.96,0.193519,0
5159,3085.31,-86.4357,0,3086.52,0.199005,0
5160,3085.87,-86.4298,0,3087.08,0.19365,0
5161,3086.43,-86.4237,0,3087.64,0.193543,0
5162,3086.99,-86.4175,0,3088.2,0.195074,0
5163,3087.55,-86.4113,0,3088.76,0.197346,0
5164,3088.11,-86.405,0,3089.31,0.194104,0
5165,3088.67,-86.3986,0,3089.87,0.194133,0
5166,3089.22,-86.3922,0,3090.43,0.194011,0
5167,3089.78,-86.3856,0,3090.99,0.192311,0
5168,3090.34,-86.379,0,3091.55,0.196511,0
5169,3090.9,-86.3722,0,3092.11,0.199254,0
5170,3091.46,-86.3654,0,3092.67,0.195337,0
5171,3092.02,-86.3585,0,3093.23,0.191389,0
5172,3092.58,-86.3515,0,3093.78,0.188613,0
5173,3093.14,-86.3444,0,3094.34,0.189436,0
5174,3093.7,-86.3372,0,3094.9,0.191521,0
5175,3094.26,-86.3299,0,3095.46,0.195222,0
5176,3094.81,-86.3225,0,3096.02,0.191703,0
5177,3095.37,-86.3149,0,3096.58,0.189395,0
5178,3095.93,-86.3073,0,3097.14,0.189876,0
5179,3096.49,-86.2996,0,3097.69,0.190483,0
5180,3097.05,-86.2918,0,3098.25,0.192864,0
5181,3097.61,-86.2838,0,3098.81,0.194851,0
5182,3098.17,-86.2757,0,3099.37,0.192533,0
5183,3098.73,-86.2676,0,3099.93,0.19247,0
5184,3099.29,-86.2593,0,3100.49,0.192295,0
5185,3099.84,-86.2508,0,3101.04,0.190941,0
5186,3100.4,-86.2423,0,3101.6,0.189001,0
5187,3100.96,-86.2336,0,3102.16,0.188173,0
5188,3101.52,-86.2248,0,3102.72,0.190207,0
5189,3102.08,-86.2159,0,3103.28,0.192184,0
5190,3102.64,-86.2068,0,3103.84,0.195952,0
5191,3103.2,-86.1975,0,3104.39,0.191493,0
5192,3103.76,-86.1882,0,3104.95,0.189831,0
5193,3104.31,-86.1787,0,3105.51,0.190699,0
5194,3104.87,-86.169,0,3106.07,0.188841,0
5195,3105.43,-86.1592,0,3106.63,0.188235,0
5196,3105.99,-86.1492,0,3107.19,0.189681,0
5197,3106.55,-86.1391,0,3107.74,0.18909,0
5198,3107.11,-86.1287,0,3108.3,0.188566,0
5199,3107.67,-86.1183,0,3108.86,0.187649,0
5200,3108.23,-86.1076,0,3109.42,0.185597,0
5201,3108.78,-86.0968,0,3109.98,0.186334,0
5202,3109.34,-86.0858,0,3110.53,0.191483,0
5203,3109.9,-86.0746,0,3111.09,0.186836,0
5204,3110.46,-86.0632,0,3111.65,0.182956,0
5205,3111.02,-86.0516,0,3112.21,0.181385,0
5206,3111.58,-86.0397,0,3112.77,0.180491,0
5207,3112.14,-86.0277,0,3113.32,0.180371,0
5208,3112.69,-86.0155,0,3113.88,0.179539,0
5209,3113.25,-86.003,0,3114.44,0.177792,0
5210,3113.81,-85.9904,0,3115,0.17543,0
5211,3114.37,-85.9774,0,3115.56,0.174581,0
5212,3114.93,-85.9643,0,3116.11,0.17504,0
5213,3115.49,-85.9509,0,3116.67,0.17804,0
5214,3116.05,-85.9372,0,3117.23,0.177769,0
5215,3116.6,-85.9233,0,3117.79,0.174198,0
5216,3117.16,-85.909,0,3118.35,0.170302,0
5217,3117.72,-85.8945,0,3118.9,0.169163,0
5218,3118.28,-85.8798,0,3119.46,0.1728,0
5219,3118.84,-85.8647,0,3120.02,0.17036,0
5220,3119.4,-85.8493,0,3120.58,0.169509,0
5221,3119.95,-85.8335,0,3121.13,0.166451,0
5222,3120.51,-85.8175,0,3121.69,0.167004,0
5223,3121.07,-85.8011,0,3122.25,0.163257,0
5224,3121.63,-85.7843,0,3122.81,0.163463,0
5225,3122.19,-85.7672,0,3123.36,0.159788,0
5226,3122.74,-85.7497,0,3123.92,0.160214,0
5227,3123.3,-85.7317,0,3124.48,0.158549,0
5228,3123.86,-85.7134,0,3125.04,0.156986,0
5229,3124.42,-85.6946,0,3125.59,0.152883,0
5230,3124.98,-85.6754,0,3126.15,0.154272,0
5231,3125.53,-85.6557,0,3126.71,0.151344,0
5232,3126.09,-85.6356,0,3127.27,0.150432,0
5233,3126.65,-85.6149,0,3127.82,0.145242,0
5234,3127.21,-85.5937,0,3128.38,0.145576,0
5235,3127.77,-85.5719,0,3128.94,0.141151,0
5236,3128.32,-85.5496,0,3129.49,0.143109,0
5237,3128.88,-85.5266,0,3130.05,0.13838,0
5238,3129.44,-85.503,0,3130.61,0.135443,0
5239,3130,-85.4788,0,3131.16,0.132604,0
5240,3130.56,-85.4538,0,3131.72,0.125594,0
5241,3131.11,-85.4282,0,3132.28,0.126327,0
5242,3131.67,-85.4017,0,3132.83,0.124334,0
5243,3132.23,-85.3745,0,3133.39,0.122481,0
5244,3132.79,-85.3463,0,3133.95,0.115569,0
5245,3133.34,-85.3173,0,3134.5,0.108551,0
5246,3133.9,-85.2873,0,3135.06,0.104863,0
5247,3134.46,-85.2563,0,3135.62,0.102352,0
5248,3135.01,-85.2242,0,3136.17,0.0976397,0
5249,3135.57,-85.1909,0,3136.73,0.0890888,0
5250,3136.13,-85.1564,0,3137.28,0.0809875,0
5251,3136.69,-85.1206,0,3137.84,0.0740065,0
5252,3137.24,-85.0834,0,3138.4,0.0666034,0
5253,3137.8,-85.0447,0,3138.95,0.0606049,0
5254,3138.35,-85.0043,0,3139.51,0.0575115,0
5255,3138.91,-84.9622,0,3140.06,0.0449749,0
5256,3139.47,-84.9181,0,3140.62,0.0355812,0
5257,3140.02,-84.872,0,3141.17,0.0285882,0
5258,3140.58,-84.8236,0,3141.72,0.0234066,0
5259,3141.13,-84.7727,0,3142.28,0.0111418,0
5260,3141.69,-84.719,0,3142.83,0.0017214,0
5261,3142.24,-84.6623,0,3143.39,-0.00753067,0
5262,3142.8,-84.6021,0,3143.94,-0.0170669,0
5263,3143.35,-84.5382,0,3144.49,-0.0313545,0
5264,3143.91,-84.47,0,3145.04,-0.0446039,0
5265,3144.46,-84.3968,0,3145.59,-0.0560319,0
5266,3145.01,-84.318,0,3146.14,-0.0731078,0
5267,3145.56,-84.2327,0,3146.69,-0.090462,0
5268,3146.11,-84.1396,0,3147.24,-0.111302,0
5269,3146.66,-84.0372,0,3147.78,-0.136665,0
5270,3147.21,-83.9236,0,3148.32,-0.164017,0
5271,3147.75,-83.796,0,3148.86,-0.204242,0
5272,3148.29,-83.6505,0,3149.4,-0.249429,0
5273,3148.82,-83.4814,0,3149.92,-0.309843,0
5274,3149.34,-83.2799,0,3150.44,-0.376544,0
5275,3149.83,-83.0321,0,3150.93,-0.467691,0
5276,3150.29,-82.7164,0,3151.38,-0.543847,0
5277,3150.67,-82.3067,0,3151.74,-0.600314,0
5278,3150.9,-81.8035,0,3151.96,-0.587018,0
5279,3150.99,-81.2551,0,3152.03,-0.51699,0
5280,3151,-80.699,0,3152.03,-0.507765,0
5281,3151,-80.1428,0,3152.02,-0.494842,0
5282,3151,-79.5868,0,3152,-0.50408,0
5283,3151,-79.0309,0,3151.99,-0.503408,0
5284,3151,-78.4752,0,3151.98,-0.502506,0
5285,3151,-77.9196,0,3151.96,-0.503341,0
5286,3151,-77.3641,0,3151.95,-0.502442,0
5287,3151,-76.8087,0,3151.94,-0.504807,0
5288,3151,-76.2534,0,3151.92,-0.504443,0
5289,3151,-75.6983,0,3151.91,-0.499364,0
5290,3151,-75.1433,0,3151.9,-0.500726,0
5291,3151,-74.5884,0,3151.88,-0.506164,0
5292,3151,-74.0336,0,3151.87,-0.505123,0
5293,3151,-73.4789,0,3151.86,-0.507644,0
5294,3151,-72.9243,0,3151.84,-0.507925,0
5295,3151,-72.3698,0,3151.83,-0.510229,0
5296,3151,-71.8154,0,3151.82,-0.510154,0
5297,3151,-71.2612,0,3151.81,-0.510108,0
5298,3151,-70.707,0,3151.79,-0.510504,0
5299,3151,-70.1529,0,3151.78,-0.509667,0
5300,3151,-69.599,0,3151.77,-0.509851,0
5301,3151,-69.0451,0,3151.76,-0.513951,0
5302,3151,-68.4914,0,3151.74,-0.515662,0
5303,3151,-67.9377,0,3151.73,-0.51962,0
5304,3151,-67.3841,0,3151.72,-0.516878,0
5305,3151,-66.8307,0,3151.71,-0.520646,0
5306,3151,-66.2774,0,3151.7,-0.524738,0
5307,3151,-65.7241,0,3151.69,-0.521754,0
5308,3151,-65.171,0,3151.67,-0.521231,0
5309,3151,-64.6179,0,3151.66,-0.52559,0
5310,3151,-64.065,0,3151.65,-0.52544,0
5311,3151,-63.5122,0,3151.64,-0.526811,0
5312,3151,-62.9594,0,3151.63,-0.527372,0
5313,3151,-62.4068,0,3151.62,-0.526835,0
5314,3151,-61.8543,0,3151.61,-0.527024,0
5315,3151,-61.3019,0,3151.6,-0.528632,0
5316,3151,-60.7496,0,3151.59,-0.52769,0
5317,3151,-60.1974,0,3151.57,-0.529214,0
5318,3151,-59.6453,0,3151.56,-0.527711,0
5319,3151,-59.0934,0,3151.55,-0.526164,0
5320,3151,-58.5416,0,3151.54,-0.525651,0
5321,3151,-57.9898,0,3151.53,-0.521833,0
5322,3151,-57.4383,0,3151.52,-0.520628,0
5323,3151,-56.8868,0,3151.51,-0.516494,0
5324,3151,-56.3355,0,3151.5,-0.513981,0
5325,3151,-55.7843,0,3151.49,-0.510685,0
5326,3151,-55.2333,0,3151.48,-0.501564,0
5327,3151,-54.6824,0,3151.47,-0.505567,0
5328,3151,-54.1316,0,3151.47,-0.499007,0
5329,3151.01,-53.5811,0,3151.46,-0.499965,0
5330,3151.02,-53.031,0,3151.47,-0.508923,0
5331,3151.05,-52.4814,0,3151.49,-0.516818,0
5332,3151.09,-51.9335,0,3151.52,-0.517467,0
5333,3151.17,-51.3898,0,3151.59,-0.518719,0
5334,3151.31,-50.8575,0,3151.72,-0.521421,0
5335,3151.53,-50.3559,0,3151.93,-0.517811,0
5336,3151.87,-49.925,0,3152.26,-0.486357,0
5337,3152.31,-49.6038,0,3152.7,-0.516841,0
5338,3152.81,-49.3891,0,3153.2,-0.52415,0
5339,3153.34,-49.2502,0,3153.73,-0.517268,0
5340,3153.88,-49.1599,0,3154.26,-0.518983,0
5341,3154.43,-49.1007,0,3154.81,-0.522592,0
5342,3154.97,-49.0618,0,3155.35,-0.525526,0
5343,3155.52,-49.0364,0,3155.9,-0.53045,0
5344,3156.06,-49.0203,0,3156.44,-0.530166,0
5345,3156.61,-49.0103,0,3156.99,-0.531763,0
5346,3157.16,-49.0046,0,3157.54,-0.531744,0
5347,3157.7,-49.0017,0,3158.08,-0.528463,0
5348,3158.25,-49.0004,0,3158.63,-0.530351,0
5349,3158.79,-49,0,3159.17,-0.527746,0
5350,3159.34,-49,0,3159.72,-0.525347,0
5351,3159.89,-49,0,3160.27,-0.522534,0
5352,3160.43,-49,0,3160.81,-0.520794,0
5353,3160.98,-49,0,3161.36,-0.519465,0
5354,3161.52,-49,0,3161.9,-0.520384,0
5355,3162.07,-49,0,3162.45,-0.520257,0
5356,3162.61,-49,0,3162.99,-0.520011,0
5357,3163.16,-49,0,3163.54,-0.519362,0
5358,3163.7,-49,0,3164.08,-0.519817,0
5359,3164.25,-49,0,3164.63,-0.518795,0
5360,3164.79,-49,0,3165.17,-0.517773,0
5361,3165.34,-49,0,3165.72,-0.520404,0
5362,3165.88,-49,0,3166.26,-0.51895,0
5363,3166.43,-49,0,3166.8,-0.518565,0
5364,3166.97,-49,0,3167.35,-0.517317,0
5365,3167.51,-49,0,3167.89,-0.51689,0
5366,3168.06,-49,0,3168.44,-0.518551,0
5367,3168.6,-49,0,3168.98,-0.521869,0
5368,3169.15,-49,0,3169.53,-0.523568,0
5369,3169.69,-49,0,3170.07,-0.525166,0
5370,3170.23,-49,0,3170.61,-0.525458,0
5371,3170.78,-49,0,3171.16,-0.527045,0
5372,3171.32,-49,0,3171.7,-0.527038,0
5373,3171.87,-49,0,3172.24,-0.527166,0
5374,3172.41,-49,0,3172.79,-0.527325,0
5375,3172.95,-49,0,3173.33,-0.52725,0
5376,3173.5,-49,0,3173.87,-0.527697,0
5377,3174.04,-49,0,3174.42,-0.526407,0
5378,3174.58,-49,0,3174.96,-0.525811,0
5379,3175.13,-49,0,3175.5,-0.525995,0
5380,3175.67,-49,0,3176.05,-0.524577,0
5381,3176.21,-49,0,3176.59,-0.524837,0
5382,3176.76,-49,0,3177.13,-0.524648,0
5383,3177.3,-49,0,3177.68,-0.524609,0
5384,3177.84,-49,0,3178.22,-0.525312,0
5385,3178.38,-49,0,3178.76,-0.525287,0
5386,3178.93,-49,0,3179.3,-0.525351,0
5387,3179.47,-49,0,3179.85,-0.526294,0
5388,3180.01,-49,0,3180.39,-0.526498,0
5389,3180.55,-49,0,3180.93,-0.52819,0
5390,3181.1,-49,0,3181.47,-0.529077,0
5391,3181.64,-49,0,3182.02,-0.529434,0
5392,3182.18,-49,0,3182.56,-0.535118,0
5393,3182.72,-49,0,3183.1,-0.534825,0
5394,3183.27,-49,0,3183.64,-0.536435,0
5395,3183.81,-49,0,3184.18,-0.533626,0
5396,3184.35,-49,0,3184.73,-0.531116,0
5397,3184.89,-49,0,3185.27,-0.533462,0
5398,3185.43,-49,0,3185.81,-0.534896,0
5399,3185.97,-49,0,3186.35,-0.536371,0
5400,3186.52,-49,0,3186.89,-0.538238,0
5401,3187.06,-49,0,3187.43,-0.53425,0
5402,3187.6,-49,0,3187.98,-0.536779,0
5403,3188.14,-49,0,3188.52,-0.533404,0
5404,3188.68,-49,0,3189.06,-0.528487,0
5405,3189.22,-49,0,3189.6,-0.519677,0
5406,3189.76,-49,0,3190.14,-0.512947,0
5407,3190.3,-49,0,3190.68,-0.508769,0
5408,3190.84,-49,0,3191.22,-0.501697,0
5409,3191.39,-49,0,3191.76,-0.497098,0
5410,3191.93,-49,0,3192.3,-0.498392,0
5411,3192.47,-48.9997,0,3192.84,-0.488768,0
5412,3193.01,-48.9979,0,3193.38,-0.485586,0
5413,3193.55,-48.993,0,3193.92,-0.478711,0
5414,3194.09,-48.9827,0,3194.46,-0.4748,0
5415,3194.63,-48.9639,0,3195,-0.469377,0
5416,3195.17,-48.9327,0,3195.54,-0.465578,0
5417,3195.7,-48.8832,0,3196.08,-0.464034,0
5418,3196.24,-48.8075,0,3196.61,-0.459409,0
5419,3196.76,-48.6944,0,3197.13,-0.472167,0
5420,3197.28,-48.5296,0,3197.64,-0.485448,0
5421,3197.76,-48.297,0,3198.13,-0.526835,0
5422,3198.2,-47.9858,0,3198.56,-0.552988,0
5423,3198.57,-47.5989,0,3198.93,-0.583446,0
5424,3198.87,-47.1537,0,3199.22,-0.558205,0
5425,3199.11,-46.6706,0,3199.45,-0.469911,0
5426,3199.29,-46.1653,0,3199.63,-0.465698,0
5427,3199.44,-45.6473,0,3199.76,-0.471246,0
5428,3199.55,-45.1219,0,3199.87,-0.476795,0
5429,3199.64,-44.5922,0,3199.95,-0.479169,0
5430,3199.71,-44.0599,0,3200.01,-0.475087,0
5431,3199.77,-43.5261,0,3200.06,-0.478233,0
5432,3199.81,-42.9913,0,3200.1,-0.478383,0
5433,3199.85,-42.456,0,3200.13,-0.477687,0
5434,3199.88,-41.9203,0,3200.16,-0.477569,0
5435,3199.91,-41.3843,0,3200.18,-0.47758,0
5436,3199.93,-40.8483,0,3200.19,-0.478157,0
5437,3199.94,-40.3123,0,3200.2,-0.479501,0
5438,3199.96,-39.7762,0,3200.2,-0.479989,0
5439,3199.97,-39.2402,0,3200.21,-0.476339,0
5440,3199.98,-38.7042,0,3200.21,-0.477602,0
5441,3199.98,-38.1683,0,3200.21,-0.47781,0
5442,3199.99,-37.6324,0,3200.21,-0.478564,0
5443,3199.99,-37.0966,0,3200.21,-0.479126,0
5444,3199.99,-36.5609,0,3200.2,-0.479091,0
5445,3200,-36.0252,0,3200.2,-0.480349,0
5446,3200,-35.4896,0,3200.19,-0.480642,0
5447,3200,-34.954,0,3200.19,-0.481092,0
5448,3200,-34.4185,0,3200.18,-0.480976,0
5449,3200,-33.8831,0,3200.18,-0.481329,0
5450,3200,-33.3477,0,3200.17,-0.483301,0
5451,3200,-32.8124,0,3200.17,-0.482767,0
5452,3200,-32.2771,0,3200.16,-0.497252,0
5453,3200,-31.742,0,3200.16,-0.501623,0
5454,3200,-31.2068,0,3200.15,-0.486668,0
5455,3200,-30.6717,0,3200.15,-0.484324,0
5456,3200,-30.1367,0,3200.14,-0.481949,0
5457,3200,-29.6017,0,3200.14,-0.487359,0
5458,3200,-29.0668,0,3200.13,-0.475987,0
5459,3200,-28.5319,0,3200.13,-0.48271,0
5460,3200,-27.9971,0,3200.12,-0.478136,0
5461,3200,-27.4623,0,3200.12,-0.483477,0
5462,3200,-26.9276,0,3200.11,-0.484752,0
5463,3200,-26.3929,0,3200.11,-0.488702,0
5464,3200,-25.8582,0,3200.1,-0.479498,0
5465,3200,-25.3237,0,3200.1,-0.481147,0
5466,3200,-24.7891,0,3200.1,-0.481468,0
5467,3200,-24.2546,0,3200.09,-0.489801,0
5468,3200,-23.7202,0,3200.09,-0.490311,0
5469,3200,-23.1858,0,3200.08,-0.487739,0
5470,3200,-22.6514,0,3200.08,-0.484233,0
5471,3200,-22.1171,0,3200.08,-0.488661,0
5472,3200,-21.5828,0,3200.07,-0.489448,0
5473,3200,-21.0486,0,3200.07,-0.490418,0
5474,3200,-20.5144,0,3200.07,-0.481354,0
5475,3200,-19.9803,0,3200.06,-0.485892,0
5476,3200,-19.4462,0,3200.06,-0.487736,0
5477,3200,-18.9121,0,3200.06,-0.492953,0
5478,3200,-18.3781,0,3200.05,-0.48926,0
5479,3200,-17.8441,0,3200.05,-0.489613,0
5480,3200,-17.3102,0,3200.05,-0.493216,0
5481,3200,-16.7763,0,3200.04,-0.491984,0
5482,3200,-16.2424,0,3200.04,-0.491966,0
5483,3200,-15.7086,0,3200.04,-0.494154,0
5484,3200,-15.1749,0,3200.04,-0.492562,0
5485,3200,-14.6411,0,3200.03,-0.501024,0
5486,3200,-14.1075,0,3200.03,-0.495613,0
5487,3200,-13.5738,0,3200.03,-0.499188,0
5488,3200,-13.0402,0,3200.03,-0.494737,0
5489,3200,-12.5066,0,3200.02,-0.498179,0
5490,3200,-11.9731,0,3200.02,-0.491453,0
5491,3200,-11.4396,0,3200.02,-0.50016,0
5492,3200,-10.9062,0,3200.02,-0.501489,0
5493,3200,-10.3728,0,3200.02,-0.496392,0
5494,3200,-9.83939,0,3200.02,-0.511379,0
5495,3200,-9.30606,0,3200.01,-0.497281,0
5496,3200,-8.77276,0,3200.01,-0.504244,0
5497,3200,-8.23951,0,3200.01,-0.513386,0
5498,3200,-7.70629,0,3200.01,-0.504874,0
5499,3200,-7.17312,0,3200.01,-0.513017,0
5500,3200,-6.63998,0,3200.01,-0.5156,0
5501,3200,-6.10688,0,3200.01,-0.502932,0
5502,3200,-5.57382,0,3200,-0.501516,0
5503,3200,-5.04079,0,3200,-0.506004,0
5504,3200,-4.50781,0,3200,-0.502435,0
5505,3200,-3.97486,0,3200,-0.505934,0
5506,3200,-3.44195,0,3200,-0.500537,0
5507,3200,-2.90908,0,3200,-0.49908,0
5508,3200,-2.37625,0,3200,-0.502344,0
5509,3200,-1.84346,0,3200,-0.502723,0
5510,3200,-1.3107,0,3200,-0.500331,0
5511,3200,-0.777981,0,3200,-0.508046,0
5512,3200,-0.245301,0,3200,-0.508242,0
5513,-9.80262,-1.52588e-05,0,9.80262,1.33234,1
5514,3200,-1.52588e-05,0,3200,-0.508822,1
