ISO-10303-21;
HEADER;
/* Generated by software containing ST-Developer
 * from STEP Tools, Inc. (www.steptools.com) 
 */

FILE_DESCRIPTION(
/* description */ ('STEP AP242 Edition 2'),
/* implementation_level */ '2;1');

FILE_NAME(
/* name */ 'Rocket.step',
/* time_stamp */ '2026-04-19T20:40:11-05:00',
/* author */ (''),
/* organization */ (''),
/* preprocessor_version */ 'ST-DEVELOPER v20.1',
/* originating_system */ 'Autodesk Translation Framework v15.8.0.0',
/* authorisation */ '');

FILE_SCHEMA (('AUTOMOTIVE_DESIGN { 1 0 10303 214 3 1 1 }'));
ENDSEC;

DATA;
#10=MECHANICAL_DESIGN_GEOMETRIC_PRESENTATION_REPRESENTATION('',(#17),#3894);
#11=ITEM_DEFINED_TRANSFORMATION($,$,#768,#827);
#12=(
REPRESENTATION_RELATIONSHIP($,$,#3905,#3904)
REPRESENTATION_RELATIONSHIP_WITH_TRANSFORMATION(#11)
SHAPE_REPRESENTATION_RELATIONSHIP()
);
#13=CONTEXT_DEPENDENT_SHAPE_REPRESENTATION(#12,#3903);
#14=NEXT_ASSEMBLY_USAGE_OCCURRENCE('Rocket:1','Rocket:1','Rocket:1',#3907,
#3908,'Rocket:1');
#15=SHAPE_REPRESENTATION_RELATIONSHIP('SRR','None',#3905,#16);
#16=ADVANCED_BREP_SHAPE_REPRESENTATION('',(#18),#3893);
#17=STYLED_ITEM('',(#3919),#18);
#18=MANIFOLD_SOLID_BREP('Cuerpo5',#754);
#19=B_SPLINE_SURFACE_WITH_KNOTS('',3,3,((#1350,#1351,#1352,#1353,#1354,
#1355,#1356,#1357,#1358,#1359,#1360,#1361,#1362,#1363,#1364,#1365,#1366,
#1367,#1368,#1369,#1370,#1371,#1372,#1373,#1374,#1375,#1376,#1377,#1378,
#1379,#1380,#1381,#1382,#1383,#1384),(#1385,#1386,#1387,#1388,#1389,#1390,
#1391,#1392,#1393,#1394,#1395,#1396,#1397,#1398,#1399,#1400,#1401,#1402,
#1403,#1404,#1405,#1406,#1407,#1408,#1409,#1410,#1411,#1412,#1413,#1414,
#1415,#1416,#1417,#1418,#1419),(#1420,#1421,#1422,#1423,#1424,#1425,#1426,
#1427,#1428,#1429,#1430,#1431,#1432,#1433,#1434,#1435,#1436,#1437,#1438,
#1439,#1440,#1441,#1442,#1443,#1444,#1445,#1446,#1447,#1448,#1449,#1450,
#1451,#1452,#1453,#1454),(#1455,#1456,#1457,#1458,#1459,#1460,#1461,#1462,
#1463,#1464,#1465,#1466,#1467,#1468,#1469,#1470,#1471,#1472,#1473,#1474,
#1475,#1476,#1477,#1478,#1479,#1480,#1481,#1482,#1483,#1484,#1485,#1486,
#1487,#1488,#1489),(#1490,#1491,#1492,#1493,#1494,#1495,#1496,#1497,#1498,
#1499,#1500,#1501,#1502,#1503,#1504,#1505,#1506,#1507,#1508,#1509,#1510,
#1511,#1512,#1513,#1514,#1515,#1516,#1517,#1518,#1519,#1520,#1521,#1522,
#1523,#1524),(#1525,#1526,#1527,#1528,#1529,#1530,#1531,#1532,#1533,#1534,
#1535,#1536,#1537,#1538,#1539,#1540,#1541,#1542,#1543,#1544,#1545,#1546,
#1547,#1548,#1549,#1550,#1551,#1552,#1553,#1554,#1555,#1556,#1557,#1558,
#1559),(#1560,#1561,#1562,#1563,#1564,#1565,#1566,#1567,#1568,#1569,#1570,
#1571,#1572,#1573,#1574,#1575,#1576,#1577,#1578,#1579,#1580,#1581,#1582,
#1583,#1584,#1585,#1586,#1587,#1588,#1589,#1590,#1591,#1592,#1593,#1594),
(#1595,#1596,#1597,#1598,#1599,#1600,#1601,#1602,#1603,#1604,#1605,#1606,
#1607,#1608,#1609,#1610,#1611,#1612,#1613,#1614,#1615,#1616,#1617,#1618,
#1619,#1620,#1621,#1622,#1623,#1624,#1625,#1626,#1627,#1628,#1629),(#1630,
#1631,#1632,#1633,#1634,#1635,#1636,#1637,#1638,#1639,#1640,#1641,#1642,
#1643,#1644,#1645,#1646,#1647,#1648,#1649,#1650,#1651,#1652,#1653,#1654,
#1655,#1656,#1657,#1658,#1659,#1660,#1661,#1662,#1663,#1664),(#1665,#1666,
#1667,#1668,#1669,#1670,#1671,#1672,#1673,#1674,#1675,#1676,#1677,#1678,
#1679,#1680,#1681,#1682,#1683,#1684,#1685,#1686,#1687,#1688,#1689,#1690,
#1691,#1692,#1693,#1694,#1695,#1696,#1697,#1698,#1699),(#1700,#1701,#1702,
#1703,#1704,#1705,#1706,#1707,#1708,#1709,#1710,#1711,#1712,#1713,#1714,
#1715,#1716,#1717,#1718,#1719,#1720,#1721,#1722,#1723,#1724,#1725,#1726,
#1727,#1728,#1729,#1730,#1731,#1732,#1733,#1734),(#1735,#1736,#1737,#1738,
#1739,#1740,#1741,#1742,#1743,#1744,#1745,#1746,#1747,#1748,#1749,#1750,
#1751,#1752,#1753,#1754,#1755,#1756,#1757,#1758,#1759,#1760,#1761,#1762,
#1763,#1764,#1765,#1766,#1767,#1768,#1769),(#1770,#1771,#1772,#1773,#1774,
#1775,#1776,#1777,#1778,#1779,#1780,#1781,#1782,#1783,#1784,#1785,#1786,
#1787,#1788,#1789,#1790,#1791,#1792,#1793,#1794,#1795,#1796,#1797,#1798,
#1799,#1800,#1801,#1802,#1803,#1804),(#1805,#1806,#1807,#1808,#1809,#1810,
#1811,#1812,#1813,#1814,#1815,#1816,#1817,#1818,#1819,#1820,#1821,#1822,
#1823,#1824,#1825,#1826,#1827,#1828,#1829,#1830,#1831,#1832,#1833,#1834,
#1835,#1836,#1837,#1838,#1839),(#1840,#1841,#1842,#1843,#1844,#1845,#1846,
#1847,#1848,#1849,#1850,#1851,#1852,#1853,#1854,#1855,#1856,#1857,#1858,
#1859,#1860,#1861,#1862,#1863,#1864,#1865,#1866,#1867,#1868,#1869,#1870,
#1871,#1872,#1873,#1874),(#1875,#1876,#1877,#1878,#1879,#1880,#1881,#1882,
#1883,#1884,#1885,#1886,#1887,#1888,#1889,#1890,#1891,#1892,#1893,#1894,
#1895,#1896,#1897,#1898,#1899,#1900,#1901,#1902,#1903,#1904,#1905,#1906,
#1907,#1908,#1909),(#1910,#1911,#1912,#1913,#1914,#1915,#1916,#1917,#1918,
#1919,#1920,#1921,#1922,#1923,#1924,#1925,#1926,#1927,#1928,#1929,#1930,
#1931,#1932,#1933,#1934,#1935,#1936,#1937,#1938,#1939,#1940,#1941,#1942,
#1943,#1944),(#1945,#1946,#1947,#1948,#1949,#1950,#1951,#1952,#1953,#1954,
#1955,#1956,#1957,#1958,#1959,#1960,#1961,#1962,#1963,#1964,#1965,#1966,
#1967,#1968,#1969,#1970,#1971,#1972,#1973,#1974,#1975,#1976,#1977,#1978,
#1979),(#1980,#1981,#1982,#1983,#1984,#1985,#1986,#1987,#1988,#1989,#1990,
#1991,#1992,#1993,#1994,#1995,#1996,#1997,#1998,#1999,#2000,#2001,#2002,
#2003,#2004,#2005,#2006,#2007,#2008,#2009,#2010,#2011,#2012,#2013,#2014),
(#2015,#2016,#2017,#2018,#2019,#2020,#2021,#2022,#2023,#2024,#2025,#2026,
#2027,#2028,#2029,#2030,#2031,#2032,#2033,#2034,#2035,#2036,#2037,#2038,
#2039,#2040,#2041,#2042,#2043,#2044,#2045,#2046,#2047,#2048,#2049),(#2050,
#2051,#2052,#2053,#2054,#2055,#2056,#2057,#2058,#2059,#2060,#2061,#2062,
#2063,#2064,#2065,#2066,#2067,#2068,#2069,#2070,#2071,#2072,#2073,#2074,
#2075,#2076,#2077,#2078,#2079,#2080,#2081,#2082,#2083,#2084),(#2085,#2086,
#2087,#2088,#2089,#2090,#2091,#2092,#2093,#2094,#2095,#2096,#2097,#2098,
#2099,#2100,#2101,#2102,#2103,#2104,#2105,#2106,#2107,#2108,#2109,#2110,
#2111,#2112,#2113,#2114,#2115,#2116,#2117,#2118,#2119),(#2120,#2121,#2122,
#2123,#2124,#2125,#2126,#2127,#2128,#2129,#2130,#2131,#2132,#2133,#2134,
#2135,#2136,#2137,#2138,#2139,#2140,#2141,#2142,#2143,#2144,#2145,#2146,
#2147,#2148,#2149,#2150,#2151,#2152,#2153,#2154),(#2155,#2156,#2157,#2158,
#2159,#2160,#2161,#2162,#2163,#2164,#2165,#2166,#2167,#2168,#2169,#2170,
#2171,#2172,#2173,#2174,#2175,#2176,#2177,#2178,#2179,#2180,#2181,#2182,
#2183,#2184,#2185,#2186,#2187,#2188,#2189),(#2190,#2191,#2192,#2193,#2194,
#2195,#2196,#2197,#2198,#2199,#2200,#2201,#2202,#2203,#2204,#2205,#2206,
#2207,#2208,#2209,#2210,#2211,#2212,#2213,#2214,#2215,#2216,#2217,#2218,
#2219,#2220,#2221,#2222,#2223,#2224),(#2225,#2226,#2227,#2228,#2229,#2230,
#2231,#2232,#2233,#2234,#2235,#2236,#2237,#2238,#2239,#2240,#2241,#2242,
#2243,#2244,#2245,#2246,#2247,#2248,#2249,#2250,#2251,#2252,#2253,#2254,
#2255,#2256,#2257,#2258,#2259),(#2260,#2261,#2262,#2263,#2264,#2265,#2266,
#2267,#2268,#2269,#2270,#2271,#2272,#2273,#2274,#2275,#2276,#2277,#2278,
#2279,#2280,#2281,#2282,#2283,#2284,#2285,#2286,#2287,#2288,#2289,#2290,
#2291,#2292,#2293,#2294),(#2295,#2296,#2297,#2298,#2299,#2300,#2301,#2302,
#2303,#2304,#2305,#2306,#2307,#2308,#2309,#2310,#2311,#2312,#2313,#2314,
#2315,#2316,#2317,#2318,#2319,#2320,#2321,#2322,#2323,#2324,#2325,#2326,
#2327,#2328,#2329),(#2330,#2331,#2332,#2333,#2334,#2335,#2336,#2337,#2338,
#2339,#2340,#2341,#2342,#2343,#2344,#2345,#2346,#2347,#2348,#2349,#2350,
#2351,#2352,#2353,#2354,#2355,#2356,#2357,#2358,#2359,#2360,#2361,#2362,
#2363,#2364),(#2365,#2366,#2367,#2368,#2369,#2370,#2371,#2372,#2373,#2374,
#2375,#2376,#2377,#2378,#2379,#2380,#2381,#2382,#2383,#2384,#2385,#2386,
#2387,#2388,#2389,#2390,#2391,#2392,#2393,#2394,#2395,#2396,#2397,#2398,
#2399),(#2400,#2401,#2402,#2403,#2404,#2405,#2406,#2407,#2408,#2409,#2410,
#2411,#2412,#2413,#2414,#2415,#2416,#2417,#2418,#2419,#2420,#2421,#2422,
#2423,#2424,#2425,#2426,#2427,#2428,#2429,#2430,#2431,#2432,#2433,#2434),
(#2435,#2436,#2437,#2438,#2439,#2440,#2441,#2442,#2443,#2444,#2445,#2446,
#2447,#2448,#2449,#2450,#2451,#2452,#2453,#2454,#2455,#2456,#2457,#2458,
#2459,#2460,#2461,#2462,#2463,#2464,#2465,#2466,#2467,#2468,#2469),(#2470,
#2471,#2472,#2473,#2474,#2475,#2476,#2477,#2478,#2479,#2480,#2481,#2482,
#2483,#2484,#2485,#2486,#2487,#2488,#2489,#2490,#2491,#2492,#2493,#2494,
#2495,#2496,#2497,#2498,#2499,#2500,#2501,#2502,#2503,#2504),(#2505,#2506,
#2507,#2508,#2509,#2510,#2511,#2512,#2513,#2514,#2515,#2516,#2517,#2518,
#2519,#2520,#2521,#2522,#2523,#2524,#2525,#2526,#2527,#2528,#2529,#2530,
#2531,#2532,#2533,#2534,#2535,#2536,#2537,#2538,#2539),(#2540,#2541,#2542,
#2543,#2544,#2545,#2546,#2547,#2548,#2549,#2550,#2551,#2552,#2553,#2554,
#2555,#2556,#2557,#2558,#2559,#2560,#2561,#2562,#2563,#2564,#2565,#2566,
#2567,#2568,#2569,#2570,#2571,#2572,#2573,#2574),(#2575,#2576,#2577,#2578,
#2579,#2580,#2581,#2582,#2583,#2584,#2585,#2586,#2587,#2588,#2589,#2590,
#2591,#2592,#2593,#2594,#2595,#2596,#2597,#2598,#2599,#2600,#2601,#2602,
#2603,#2604,#2605,#2606,#2607,#2608,#2609),(#2610,#2611,#2612,#2613,#2614,
#2615,#2616,#2617,#2618,#2619,#2620,#2621,#2622,#2623,#2624,#2625,#2626,
#2627,#2628,#2629,#2630,#2631,#2632,#2633,#2634,#2635,#2636,#2637,#2638,
#2639,#2640,#2641,#2642,#2643,#2644),(#2645,#2646,#2647,#2648,#2649,#2650,
#2651,#2652,#2653,#2654,#2655,#2656,#2657,#2658,#2659,#2660,#2661,#2662,
#2663,#2664,#2665,#2666,#2667,#2668,#2669,#2670,#2671,#2672,#2673,#2674,
#2675,#2676,#2677,#2678,#2679),(#2680,#2681,#2682,#2683,#2684,#2685,#2686,
#2687,#2688,#2689,#2690,#2691,#2692,#2693,#2694,#2695,#2696,#2697,#2698,
#2699,#2700,#2701,#2702,#2703,#2704,#2705,#2706,#2707,#2708,#2709,#2710,
#2711,#2712,#2713,#2714),(#2715,#2716,#2717,#2718,#2719,#2720,#2721,#2722,
#2723,#2724,#2725,#2726,#2727,#2728,#2729,#2730,#2731,#2732,#2733,#2734,
#2735,#2736,#2737,#2738,#2739,#2740,#2741,#2742,#2743,#2744,#2745,#2746,
#2747,#2748,#2749),(#2750,#2751,#2752,#2753,#2754,#2755,#2756,#2757,#2758,
#2759,#2760,#2761,#2762,#2763,#2764,#2765,#2766,#2767,#2768,#2769,#2770,
#2771,#2772,#2773,#2774,#2775,#2776,#2777,#2778,#2779,#2780,#2781,#2782,
#2783,#2784),(#2785,#2786,#2787,#2788,#2789,#2790,#2791,#2792,#2793,#2794,
#2795,#2796,#2797,#2798,#2799,#2800,#2801,#2802,#2803,#2804,#2805,#2806,
#2807,#2808,#2809,#2810,#2811,#2812,#2813,#2814,#2815,#2816,#2817,#2818,
#2819),(#2820,#2821,#2822,#2823,#2824,#2825,#2826,#2827,#2828,#2829,#2830,
#2831,#2832,#2833,#2834,#2835,#2836,#2837,#2838,#2839,#2840,#2841,#2842,
#2843,#2844,#2845,#2846,#2847,#2848,#2849,#2850,#2851,#2852,#2853,#2854),
(#2855,#2856,#2857,#2858,#2859,#2860,#2861,#2862,#2863,#2864,#2865,#2866,
#2867,#2868,#2869,#2870,#2871,#2872,#2873,#2874,#2875,#2876,#2877,#2878,
#2879,#2880,#2881,#2882,#2883,#2884,#2885,#2886,#2887,#2888,#2889),(#2890,
#2891,#2892,#2893,#2894,#2895,#2896,#2897,#2898,#2899,#2900,#2901,#2902,
#2903,#2904,#2905,#2906,#2907,#2908,#2909,#2910,#2911,#2912,#2913,#2914,
#2915,#2916,#2917,#2918,#2919,#2920,#2921,#2922,#2923,#2924),(#2925,#2926,
#2927,#2928,#2929,#2930,#2931,#2932,#2933,#2934,#2935,#2936,#2937,#2938,
#2939,#2940,#2941,#2942,#2943,#2944,#2945,#2946,#2947,#2948,#2949,#2950,
#2951,#2952,#2953,#2954,#2955,#2956,#2957,#2958,#2959),(#2960,#2961,#2962,
#2963,#2964,#2965,#2966,#2967,#2968,#2969,#2970,#2971,#2972,#2973,#2974,
#2975,#2976,#2977,#2978,#2979,#2980,#2981,#2982,#2983,#2984,#2985,#2986,
#2987,#2988,#2989,#2990,#2991,#2992,#2993,#2994),(#2995,#2996,#2997,#2998,
#2999,#3000,#3001,#3002,#3003,#3004,#3005,#3006,#3007,#3008,#3009,#3010,
#3011,#3012,#3013,#3014,#3015,#3016,#3017,#3018,#3019,#3020,#3021,#3022,
#3023,#3024,#3025,#3026,#3027,#3028,#3029),(#3030,#3031,#3032,#3033,#3034,
#3035,#3036,#3037,#3038,#3039,#3040,#3041,#3042,#3043,#3044,#3045,#3046,
#3047,#3048,#3049,#3050,#3051,#3052,#3053,#3054,#3055,#3056,#3057,#3058,
#3059,#3060,#3061,#3062,#3063,#3064),(#3065,#3066,#3067,#3068,#3069,#3070,
#3071,#3072,#3073,#3074,#3075,#3076,#3077,#3078,#3079,#3080,#3081,#3082,
#3083,#3084,#3085,#3086,#3087,#3088,#3089,#3090,#3091,#3092,#3093,#3094,
#3095,#3096,#3097,#3098,#3099),(#3100,#3101,#3102,#3103,#3104,#3105,#3106,
#3107,#3108,#3109,#3110,#3111,#3112,#3113,#3114,#3115,#3116,#3117,#3118,
#3119,#3120,#3121,#3122,#3123,#3124,#3125,#3126,#3127,#3128,#3129,#3130,
#3131,#3132,#3133,#3134),(#3135,#3136,#3137,#3138,#3139,#3140,#3141,#3142,
#3143,#3144,#3145,#3146,#3147,#3148,#3149,#3150,#3151,#3152,#3153,#3154,
#3155,#3156,#3157,#3158,#3159,#3160,#3161,#3162,#3163,#3164,#3165,#3166,
#3167,#3168,#3169),(#3170,#3171,#3172,#3173,#3174,#3175,#3176,#3177,#3178,
#3179,#3180,#3181,#3182,#3183,#3184,#3185,#3186,#3187,#3188,#3189,#3190,
#3191,#3192,#3193,#3194,#3195,#3196,#3197,#3198,#3199,#3200,#3201,#3202,
#3203,#3204),(#3205,#3206,#3207,#3208,#3209,#3210,#3211,#3212,#3213,#3214,
#3215,#3216,#3217,#3218,#3219,#3220,#3221,#3222,#3223,#3224,#3225,#3226,
#3227,#3228,#3229,#3230,#3231,#3232,#3233,#3234,#3235,#3236,#3237,#3238,
#3239),(#3240,#3241,#3242,#3243,#3244,#3245,#3246,#3247,#3248,#3249,#3250,
#3251,#3252,#3253,#3254,#3255,#3256,#3257,#3258,#3259,#3260,#3261,#3262,
#3263,#3264,#3265,#3266,#3267,#3268,#3269,#3270,#3271,#3272,#3273,#3274),
(#3275,#3276,#3277,#3278,#3279,#3280,#3281,#3282,#3283,#3284,#3285,#3286,
#3287,#3288,#3289,#3290,#3291,#3292,#3293,#3294,#3295,#3296,#3297,#3298,
#3299,#3300,#3301,#3302,#3303,#3304,#3305,#3306,#3307,#3308,#3309),(#3310,
#3311,#3312,#3313,#3314,#3315,#3316,#3317,#3318,#3319,#3320,#3321,#3322,
#3323,#3324,#3325,#3326,#3327,#3328,#3329,#3330,#3331,#3332,#3333,#3334,
#3335,#3336,#3337,#3338,#3339,#3340,#3341,#3342,#3343,#3344),(#3345,#3346,
#3347,#3348,#3349,#3350,#3351,#3352,#3353,#3354,#3355,#3356,#3357,#3358,
#3359,#3360,#3361,#3362,#3363,#3364,#3365,#3366,#3367,#3368,#3369,#3370,
#3371,#3372,#3373,#3374,#3375,#3376,#3377,#3378,#3379),(#3380,#3381,#3382,
#3383,#3384,#3385,#3386,#3387,#3388,#3389,#3390,#3391,#3392,#3393,#3394,
#3395,#3396,#3397,#3398,#3399,#3400,#3401,#3402,#3403,#3404,#3405,#3406,
#3407,#3408,#3409,#3410,#3411,#3412,#3413,#3414),(#3415,#3416,#3417,#3418,
#3419,#3420,#3421,#3422,#3423,#3424,#3425,#3426,#3427,#3428,#3429,#3430,
#3431,#3432,#3433,#3434,#3435,#3436,#3437,#3438,#3439,#3440,#3441,#3442,
#3443,#3444,#3445,#3446,#3447,#3448,#3449),(#3450,#3451,#3452,#3453,#3454,
#3455,#3456,#3457,#3458,#3459,#3460,#3461,#3462,#3463,#3464,#3465,#3466,
#3467,#3468,#3469,#3470,#3471,#3472,#3473,#3474,#3475,#3476,#3477,#3478,
#3479,#3480,#3481,#3482,#3483,#3484),(#3485,#3486,#3487,#3488,#3489,#3490,
#3491,#3492,#3493,#3494,#3495,#3496,#3497,#3498,#3499,#3500,#3501,#3502,
#3503,#3504,#3505,#3506,#3507,#3508,#3509,#3510,#3511,#3512,#3513,#3514,
#3515,#3516,#3517,#3518,#3519),(#3520,#3521,#3522,#3523,#3524,#3525,#3526,
#3527,#3528,#3529,#3530,#3531,#3532,#3533,#3534,#3535,#3536,#3537,#3538,
#3539,#3540,#3541,#3542,#3543,#3544,#3545,#3546,#3547,#3548,#3549,#3550,
#3551,#3552,#3553,#3554)),.UNSPECIFIED.,.F.,.T.,.F.,(4,1,1,1,1,1,1,1,1,
1,1,1,1,1,1,1,1,1,1,1,1,1,1,1,1,1,1,1,1,1,1,1,1,1,1,1,1,1,1,1,1,1,1,1,1,
1,1,1,1,1,1,1,1,1,1,1,1,1,1,1,4),(4,1,1,1,1,1,1,1,1,1,1,1,1,1,1,1,1,1,1,
1,1,1,1,1,1,1,1,1,1,1,1,1,4),(0.,0.00309199400358034,0.00463799100537051,
0.00669932034109074,0.00927598201074103,0.0123679760143214,0.0154599700179017,
0.0185519640214821,0.0216439580250624,0.0257666166965029,0.0309199400358034,
0.0371039280429641,0.0432879160501248,0.0515332333930057,0.0618398800716069,
0.0742078560859283,0.0865758321002496,0.098943808114571,0.111311784128892,
0.127802418814654,0.148415712171857,0.173151664200499,0.197887616229142,
0.222623568257785,0.247359520286427,0.27209547231507,0.305076741686594,
0.346303328400998,0.395775232458284,0.437001819172689,0.469983088544212,
0.490596381901415,0.507087016587176,0.519454992601498,0.531822968615819,
0.544190944630141,0.556558920644462,0.568926896658783,0.579233543337384,
0.587478860680265,0.595724178023146,0.606030824701747,0.618398800716069,
0.63076677673039,0.643134752744712,0.655502728759033,0.667870704773354,
0.678177351451955,0.686422668794836,0.692606656801997,0.698790644809158,
0.704974632816318,0.711158620823479,0.71734260883064,0.723526596837801,
0.729710584844961,0.735894572852122,0.744139890195003,0.754446536873604,
0.766814512887925,0.791564378342343),(0.,0.196349540849362,0.392699081698724,
0.589048622548086,0.785398163397448,0.98174770424681,1.17809724509617,1.37444678594553,
1.5707963267949,1.76714586764426,1.96349540849362,2.15984494934298,2.35619449019234,
2.55254403104171,2.74889357189107,2.94524311274043,3.14159265358979,3.33794219443916,
3.53429173528852,3.73064127613788,3.92699081698724,4.1233403578366,4.31968989868597,
4.51603943953533,4.71238898038469,4.90873852123405,5.10508806208341,5.30143760293278,
5.49778714378214,5.6941366846315,5.89048622548086,6.08683576633022,6.28318530717959),
 .UNSPECIFIED.);
#20=B_SPLINE_SURFACE_WITH_KNOTS('',3,3,((#3628,#3629,#3630,#3631,#3632,
#3633,#3634,#3635,#3636,#3637,#3638,#3639,#3640,#3641,#3642,#3643,#3644,
#3645,#3646),(#3647,#3648,#3649,#3650,#3651,#3652,#3653,#3654,#3655,#3656,
#3657,#3658,#3659,#3660,#3661,#3662,#3663,#3664,#3665),(#3666,#3667,#3668,
#3669,#3670,#3671,#3672,#3673,#3674,#3675,#3676,#3677,#3678,#3679,#3680,
#3681,#3682,#3683,#3684),(#3685,#3686,#3687,#3688,#3689,#3690,#3691,#3692,
#3693,#3694,#3695,#3696,#3697,#3698,#3699,#3700,#3701,#3702,#3703)),
 .UNSPECIFIED.,.F.,.T.,.F.,(4,4),(4,1,1,1,1,1,1,1,1,1,1,1,1,1,1,1,4),(0.803473795794816,
0.830083798543788),(0.,0.392699081698724,0.785398163397448,1.17809724509617,
1.5707963267949,1.96349540849362,2.35619449019234,2.74889357189107,3.14159265358979,
3.53429173528852,3.92699081698724,4.31968989868597,4.71238898038469,5.10508806208341,
5.49778714378214,5.89048622548086,6.28318530717959),.UNSPECIFIED.);
#21=B_SPLINE_SURFACE_WITH_KNOTS('',3,3,((#3718,#3719,#3720,#3721,#3722,
#3723,#3724,#3725,#3726,#3727,#3728,#3729,#3730,#3731,#3732,#3733,#3734,
#3735,#3736),(#3737,#3738,#3739,#3740,#3741,#3742,#3743,#3744,#3745,#3746,
#3747,#3748,#3749,#3750,#3751,#3752,#3753,#3754,#3755),(#3756,#3757,#3758,
#3759,#3760,#3761,#3762,#3763,#3764,#3765,#3766,#3767,#3768,#3769,#3770,
#3771,#3772,#3773,#3774),(#3775,#3776,#3777,#3778,#3779,#3780,#3781,#3782,
#3783,#3784,#3785,#3786,#3787,#3788,#3789,#3790,#3791,#3792,#3793)),
 .UNSPECIFIED.,.F.,.T.,.F.,(4,4),(4,1,1,1,1,1,1,1,1,1,1,1,1,1,1,1,4),(0.840891133285721,
0.896500624077283),(0.,0.392699081698724,0.785398163397448,1.17809724509617,
1.5707963267949,1.96349540849362,2.35619449019234,2.74889357189107,3.14159265358979,
3.53429173528852,3.92699081698724,4.31968989868597,4.71238898038469,5.10508806208341,
5.49778714378214,5.89048622548086,6.28318530717959),.UNSPECIFIED.);
#22=B_SPLINE_SURFACE_WITH_KNOTS('',3,3,((#3808,#3809,#3810,#3811,#3812,
#3813,#3814,#3815,#3816,#3817,#3818,#3819,#3820,#3821,#3822,#3823,#3824,
#3825,#3826),(#3827,#3828,#3829,#3830,#3831,#3832,#3833,#3834,#3835,#3836,
#3837,#3838,#3839,#3840,#3841,#3842,#3843,#3844,#3845),(#3846,#3847,#3848,
#3849,#3850,#3851,#3852,#3853,#3854,#3855,#3856,#3857,#3858,#3859,#3860,
#3861,#3862,#3863,#3864),(#3865,#3866,#3867,#3868,#3869,#3870,#3871,#3872,
#3873,#3874,#3875,#3876,#3877,#3878,#3879,#3880,#3881,#3882,#3883)),
 .UNSPECIFIED.,.F.,.T.,.F.,(4,4),(4,1,1,1,1,1,1,1,1,1,1,1,1,1,1,1,4),(0.90089940314077,
0.943785289926044),(0.,0.392699081698724,0.785398163397448,1.17809724509617,
1.5707963267949,1.96349540849362,2.35619449019234,2.74889357189107,3.14159265358979,
3.53429173528852,3.92699081698724,4.31968989868597,4.71238898038469,5.10508806208341,
5.49778714378214,5.89048622548086,6.28318530717959),.UNSPECIFIED.);
#23=FACE_BOUND('',#261,.T.);
#24=FACE_BOUND('',#262,.T.);
#25=FACE_BOUND('',#263,.T.);
#26=FACE_BOUND('',#265,.T.);
#27=B_SPLINE_CURVE_WITH_KNOTS('',3,(#1125,#1126,#1127,#1128,#1129,#1130),
 .UNSPECIFIED.,.F.,.F.,(4,2,4),(41.1043135450025,41.1227553897185,42.8138319987223),
 .UNSPECIFIED.);
#28=B_SPLINE_CURVE_WITH_KNOTS('',3,(#1132,#1133,#1134,#1135,#1136,#1137),
 .UNSPECIFIED.,.F.,.F.,(4,2,4),(42.8138319987223,44.5029225326962,44.5231583318994),
 .UNSPECIFIED.);
#29=B_SPLINE_CURVE_WITH_KNOTS('',3,(#1139,#1140,#1141,#1142),
 .UNSPECIFIED.,.F.,.F.,(4,4),(44.5231583318994,46.2325347140675),
 .UNSPECIFIED.);
#30=B_SPLINE_CURVE_WITH_KNOTS('',3,(#1144,#1145,#1146,#1147,#1148,#1149),
 .UNSPECIFIED.,.F.,.F.,(4,2,4),(46.2325347140675,47.8826118430793,47.9414469464088),
 .UNSPECIFIED.);
#31=B_SPLINE_CURVE_WITH_KNOTS('',3,(#1151,#1152,#1153,#1154),
 .UNSPECIFIED.,.F.,.F.,(4,4),(47.9414469464088,49.650821096606),
 .UNSPECIFIED.);
#32=B_SPLINE_CURVE_WITH_KNOTS('',3,(#1156,#1157,#1158,#1159,#1160,#1161),
 .UNSPECIFIED.,.F.,.F.,(4,2,4),(49.650821096606,51.2636479901407,51.3596880982634),
 .UNSPECIFIED.);
#33=B_SPLINE_CURVE_WITH_KNOTS('',3,(#1163,#1164,#1165,#1166,#1167,#1168),
 .UNSPECIFIED.,.F.,.F.,(4,2,4),(51.3596880982634,53.0185100173977,53.0665817364451),
 .UNSPECIFIED.);
#34=B_SPLINE_CURVE_WITH_KNOTS('',3,(#1170,#1171,#1172,#1173),
 .UNSPECIFIED.,.F.,.F.,(4,4),(53.0665817364451,54.7746380253521),
 .UNSPECIFIED.);
#35=B_SPLINE_CURVE_WITH_KNOTS('',3,(#1175,#1176,#1177,#1178),
 .UNSPECIFIED.,.F.,.F.,(4,4),(54.7746380253521,56.4868030594811),
 .UNSPECIFIED.);
#36=B_SPLINE_CURVE_WITH_KNOTS('',3,(#1180,#1181,#1182,#1183,#1184,#1185),
 .UNSPECIFIED.,.F.,.F.,(4,2,4),(56.4868030594811,58.1590838049731,58.198506011262),
 .UNSPECIFIED.);
#37=B_SPLINE_CURVE_WITH_KNOTS('',3,(#1187,#1188,#1189,#1190),
 .UNSPECIFIED.,.F.,.F.,(4,4),(58.198506011262,59.9103996729389),
 .UNSPECIFIED.);
#38=B_SPLINE_CURVE_WITH_KNOTS('',3,(#1192,#1193,#1194,#1195,#1196,#1197),
 .UNSPECIFIED.,.F.,.F.,(4,2,4),(59.9103996729389,61.5444353835369,61.6218168445667),
 .UNSPECIFIED.);
#39=B_SPLINE_CURVE_WITH_KNOTS('',3,(#1199,#1200,#1201,#1202),
 .UNSPECIFIED.,.F.,.F.,(4,4),(61.6218168445667,63.3339444073591),
 .UNSPECIFIED.);
#40=B_SPLINE_CURVE_WITH_KNOTS('',3,(#1204,#1205,#1206,#1207,#1208,#1209),
 .UNSPECIFIED.,.F.,.F.,(4,2,4),(63.3339444073591,64.9315230031621,65.0455474608684),
 .UNSPECIFIED.);
#41=B_SPLINE_CURVE_WITH_KNOTS('',3,(#1211,#1212,#1213,#1214),
 .UNSPECIFIED.,.F.,.F.,(4,4),(65.0455474608684,66.7583260739392),
 .UNSPECIFIED.);
#42=B_SPLINE_CURVE_WITH_KNOTS('',3,(#1216,#1217,#1218,#1219,#1220,#1221),
 .UNSPECIFIED.,.F.,.F.,(4,2,4),(66.7583260739392,68.3210255673473,68.4705039285314),
 .UNSPECIFIED.);
#43=B_SPLINE_CURVE_WITH_KNOTS('',3,(#1223,#1224,#1225,#1226),
 .UNSPECIFIED.,.F.,.F.,(4,4),(68.4705039285314,70.1842747928568),
 .UNSPECIFIED.);
#44=B_SPLINE_CURVE_WITH_KNOTS('',3,(#1228,#1229,#1230,#1231,#1232,#1233),
 .UNSPECIFIED.,.F.,.F.,(4,2,4),(70.1842747928568,71.7134910273539,71.8973450256639),
 .UNSPECIFIED.);
#45=B_SPLINE_CURVE_WITH_KNOTS('',3,(#1235,#1236,#1237,#1238),
 .UNSPECIFIED.,.F.,.F.,(4,4),(71.8973450256639,73.6123836355983),
 .UNSPECIFIED.);
#46=B_SPLINE_CURVE_WITH_KNOTS('',3,(#1240,#1241,#1242,#1243,#1244,#1245),
 .UNSPECIFIED.,.F.,.F.,(4,2,4),(73.6123836355983,75.1093536161891,75.3266020732411),
 .UNSPECIFIED.);
#47=B_SPLINE_CURVE_WITH_KNOTS('',3,(#1247,#1248,#1249,#1250),
 .UNSPECIFIED.,.F.,.F.,(4,4),(75.3266020732411,77.0431268726459),
 .UNSPECIFIED.);
#48=B_SPLINE_CURVE_WITH_KNOTS('',3,(#1252,#1253,#1254,#1255,#1256,#1257),
 .UNSPECIFIED.,.F.,.F.,(4,2,4),(77.0431268726459,78.508948489905,78.7585792497017),
 .UNSPECIFIED.);
#49=B_SPLINE_CURVE_WITH_KNOTS('',3,(#1259,#1260,#1261,#1262,#1263,#1264),
 .UNSPECIFIED.,.F.,.F.,(4,2,4),(78.7585792497017,78.9526834644928,80.4732963434685),
 .UNSPECIFIED.);
#50=B_SPLINE_CURVE_WITH_KNOTS('',3,(#1266,#1267,#1268,#1269),
 .UNSPECIFIED.,.F.,.F.,(4,4),(80.4732963434685,82.1884131719827),
 .UNSPECIFIED.);
#51=B_SPLINE_CURVE_WITH_KNOTS('',3,(#1271,#1272,#1273,#1274,#1275,#1276),
 .UNSPECIFIED.,.F.,.F.,(4,2,4),(27.4137751466307,27.5747656946029,29.1267973511304),
 .UNSPECIFIED.);
#52=B_SPLINE_CURVE_WITH_KNOTS('',3,(#1278,#1279,#1280,#1281),
 .UNSPECIFIED.,.F.,.F.,(4,4),(29.1267973511304,30.8400878227483),
 .UNSPECIFIED.);
#53=B_SPLINE_CURVE_WITH_KNOTS('',3,(#1283,#1284,#1285,#1286,#1287,#1288),
 .UNSPECIFIED.,.F.,.F.,(4,2,4),(30.8400878227483,30.9670346880346,32.551673560761),
 .UNSPECIFIED.);
#54=B_SPLINE_CURVE_WITH_KNOTS('',3,(#1290,#1291,#1292,#1293),
 .UNSPECIFIED.,.F.,.F.,(4,4),(32.551673560761,34.2634439546893),
 .UNSPECIFIED.);
#55=B_SPLINE_CURVE_WITH_KNOTS('',3,(#1295,#1296,#1297,#1298,#1299,#1300),
 .UNSPECIFIED.,.F.,.F.,(4,2,4),(34.2634439546893,34.3553549423483,35.9739409273282),
 .UNSPECIFIED.);
#56=B_SPLINE_CURVE_WITH_KNOTS('',3,(#1302,#1303,#1304,#1305),
 .UNSPECIFIED.,.F.,.F.,(4,4),(35.9739409273282,37.6845635149534),
 .UNSPECIFIED.);
#57=B_SPLINE_CURVE_WITH_KNOTS('',3,(#1307,#1308,#1309,#1310,#1311,#1312),
 .UNSPECIFIED.,.F.,.F.,(4,2,4),(37.6845635149534,37.7403448730383,39.3943907826172),
 .UNSPECIFIED.);
#58=B_SPLINE_CURVE_WITH_KNOTS('',3,(#1313,#1314,#1315,#1316),
 .UNSPECIFIED.,.F.,.F.,(4,4),(39.3943907826172,41.1043135450025),
 .UNSPECIFIED.);
#59=B_SPLINE_CURVE_WITH_KNOTS('',3,(#3556,#3557,#3558,#3559,#3560,#3561,
#3562,#3563,#3564,#3565,#3566,#3567,#3568,#3569,#3570,#3571,#3572,#3573,
#3574,#3575,#3576,#3577,#3578,#3579,#3580,#3581,#3582,#3583,#3584,#3585,
#3586,#3587,#3588,#3589,#3590,#3591,#3592,#3593,#3594,#3595,#3596,#3597,
#3598,#3599,#3600,#3601,#3602,#3603,#3604,#3605,#3606,#3607,#3608,#3609,
#3610,#3611,#3612,#3613,#3614,#3615,#3616,#3617,#3618),.UNSPECIFIED.,.F.,
 .F.,(4,1,1,1,1,1,1,1,1,1,1,1,1,1,1,1,1,1,1,1,1,1,1,1,1,1,1,1,1,1,1,1,1,
1,1,1,1,1,1,1,1,1,1,1,1,1,1,1,1,1,1,1,1,1,1,1,1,1,1,1,4),(0.,0.00309199400358034,
0.00463799100537051,0.00669932034109074,0.00927598201074103,0.0123679760143214,
0.0154599700179017,0.0185519640214821,0.0216439580250624,0.0257666166965029,
0.0309199400358034,0.0371039280429641,0.0432879160501248,0.0515332333930057,
0.0618398800716069,0.0742078560859283,0.0865758321002496,0.098943808114571,
0.111311784128892,0.127802418814654,0.148415712171857,0.173151664200499,
0.197887616229142,0.222623568257785,0.247359520286427,0.27209547231507,
0.305076741686594,0.346303328400998,0.395775232458284,0.437001819172689,
0.469983088544212,0.490596381901415,0.507087016587176,0.519454992601498,
0.531822968615819,0.544190944630141,0.556558920644462,0.568926896658783,
0.579233543337384,0.587478860680265,0.595724178023146,0.606030824701747,
0.618398800716069,0.63076677673039,0.643134752744712,0.655502728759033,
0.667870704773354,0.678177351451955,0.686422668794836,0.692606656801997,
0.698790644809158,0.704974632816318,0.711158620823479,0.71734260883064,
0.723526596837801,0.729710584844961,0.735894572852122,0.744139890195003,
0.754446536873604,0.766814512887925,0.791550464916568),.UNSPECIFIED.);
#60=B_SPLINE_CURVE_WITH_KNOTS('',3,(#3705,#3706,#3707,#3708),
 .UNSPECIFIED.,.F.,.F.,(4,4),(0.803473795794816,0.830028842070622),
 .UNSPECIFIED.);
#61=B_SPLINE_CURVE_WITH_KNOTS('',3,(#3795,#3796,#3797,#3798),
 .UNSPECIFIED.,.F.,.F.,(4,4),(0.840891133285721,0.896452423741046),
 .UNSPECIFIED.);
#62=B_SPLINE_CURVE_WITH_KNOTS('',3,(#3884,#3885,#3886,#3887),
 .UNSPECIFIED.,.F.,.F.,(4,4),(0.90089940314077,0.943745481386101),
 .UNSPECIFIED.);
#63=CYLINDRICAL_SURFACE('',#798,87.);
#64=CYLINDRICAL_SURFACE('',#804,49.);
#65=ELLIPSE('',#776,87.1362247027209,87.);
#66=ELLIPSE('',#780,117.813488797119,87.);
#67=ELLIPSE('',#783,87.1362247027209,87.);
#68=ELLIPSE('',#784,87.1362247027209,87.);
#69=ELLIPSE('',#788,117.813488797119,87.);
#70=ELLIPSE('',#789,117.813488797119,87.);
#71=ELLIPSE('',#792,87.1362247027209,87.);
#72=ELLIPSE('',#796,117.813488797119,87.);
#73=ELLIPSE('',#800,117.813488797119,87.);
#74=ELLIPSE('',#801,87.1362247027209,87.);
#75=LINE('',#1038,#125);
#76=LINE('',#1044,#126);
#77=LINE('',#1046,#127);
#78=LINE('',#1047,#128);
#79=LINE('',#1050,#129);
#80=LINE('',#1052,#130);
#81=LINE('',#1053,#131);
#82=LINE('',#1056,#132);
#83=LINE('',#1057,#133);
#84=LINE('',#1061,#134);
#85=LINE('',#1063,#135);
#86=LINE('',#1069,#136);
#87=LINE('',#1071,#137);
#88=LINE('',#1073,#138);
#89=LINE('',#1077,#139);
#90=LINE('',#1079,#140);
#91=LINE('',#1080,#141);
#92=LINE('',#1083,#142);
#93=LINE('',#1084,#143);
#94=LINE('',#1089,#144);
#95=LINE('',#1092,#145);
#96=LINE('',#1098,#146);
#97=LINE('',#1100,#147);
#98=LINE('',#1101,#148);
#99=LINE('',#1104,#149);
#100=LINE('',#1106,#150);
#101=LINE('',#1107,#151);
#102=LINE('',#1110,#152);
#103=LINE('',#1111,#153);
#104=LINE('',#1115,#154);
#105=LINE('',#1117,#155);
#106=LINE('',#1121,#156);
#107=LINE('',#1123,#157);
#108=LINE('',#1321,#158);
#109=LINE('',#1324,#159);
#110=LINE('',#1330,#160);
#111=LINE('',#1335,#161);
#112=LINE('',#1337,#162);
#113=LINE('',#1338,#163);
#114=LINE('',#1341,#164);
#115=LINE('',#1342,#165);
#116=LINE('',#1345,#166);
#117=LINE('',#1346,#167);
#118=LINE('',#1348,#168);
#119=LINE('',#3622,#169);
#120=LINE('',#3626,#170);
#121=LINE('',#3712,#171);
#122=LINE('',#3716,#172);
#123=LINE('',#3802,#173);
#124=LINE('',#3806,#174);
#125=VECTOR('',#844,6.51575639369424);
#126=VECTOR('',#849,1000.);
#127=VECTOR('',#850,1000.);
#128=VECTOR('',#851,1000.);
#129=VECTOR('',#854,10.);
#130=VECTOR('',#855,1000.);
#131=VECTOR('',#856,1000.);
#132=VECTOR('',#859,1000.);
#133=VECTOR('',#860,1000.);
#134=VECTOR('',#865,1000.);
#135=VECTOR('',#868,10.);
#136=VECTOR('',#873,1000.);
#137=VECTOR('',#874,1000.);
#138=VECTOR('',#875,1000.);
#139=VECTOR('',#880,10.);
#140=VECTOR('',#881,1000.);
#141=VECTOR('',#882,1000.);
#142=VECTOR('',#885,1000.);
#143=VECTOR('',#886,1000.);
#144=VECTOR('',#891,1000.);
#145=VECTOR('',#896,10.);
#146=VECTOR('',#901,1000.);
#147=VECTOR('',#902,1000.);
#148=VECTOR('',#903,1000.);
#149=VECTOR('',#906,10.);
#150=VECTOR('',#907,1000.);
#151=VECTOR('',#908,1000.);
#152=VECTOR('',#911,1000.);
#153=VECTOR('',#912,1000.);
#154=VECTOR('',#917,1000.);
#155=VECTOR('',#920,10.);
#156=VECTOR('',#925,87.);
#157=VECTOR('',#926,87.);
#158=VECTOR('',#929,10.);
#159=VECTOR('',#932,10.);
#160=VECTOR('',#939,49.);
#161=VECTOR('',#946,1000.);
#162=VECTOR('',#947,1000.);
#163=VECTOR('',#948,1000.);
#164=VECTOR('',#951,1000.);
#165=VECTOR('',#952,1000.);
#166=VECTOR('',#955,1000.);
#167=VECTOR('',#956,1000.);
#168=VECTOR('',#959,1000.);
#169=VECTOR('',#966,15.4806370575853);
#170=VECTOR('',#971,15.1275835323121);
#171=VECTOR('',#978,13.2342910170841);
#172=VECTOR('',#983,12.9165988395621);
#173=VECTOR('',#990,9.42538629987801);
#174=VECTOR('',#995,9.29255489401068);
#175=CONICAL_SURFACE('',#773,6.51575639369424,0.246794388486528);
#176=CONICAL_SURFACE('',#813,15.4806370575853,0.186364178257812);
#177=CONICAL_SURFACE('',#815,15.1275835323121,0.179267887054188);
#178=CONICAL_SURFACE('',#818,13.2342910170841,0.196325252647861);
#179=CONICAL_SURFACE('',#820,12.9165988395621,0.190775809187797);
#180=CONICAL_SURFACE('',#823,9.42538629987801,0.218304296144783);
#181=CONICAL_SURFACE('',#825,9.29255489401068,0.216931535926178);
#182=PLANE('',#772);
#183=PLANE('',#775);
#184=PLANE('',#777);
#185=PLANE('',#778);
#186=PLANE('',#779);
#187=PLANE('',#781);
#188=PLANE('',#782);
#189=PLANE('',#785);
#190=PLANE('',#786);
#191=PLANE('',#787);
#192=PLANE('',#790);
#193=PLANE('',#791);
#194=PLANE('',#793);
#195=PLANE('',#794);
#196=PLANE('',#795);
#197=PLANE('',#797);
#198=PLANE('',#802);
#199=PLANE('',#806);
#200=PLANE('',#807);
#201=PLANE('',#808);
#202=PLANE('',#809);
#203=PLANE('',#810);
#204=PLANE('',#811);
#205=FACE_OUTER_BOUND('',#242,.T.);
#206=FACE_OUTER_BOUND('',#243,.T.);
#207=FACE_OUTER_BOUND('',#244,.T.);
#208=FACE_OUTER_BOUND('',#245,.T.);
#209=FACE_OUTER_BOUND('',#246,.T.);
#210=FACE_OUTER_BOUND('',#247,.T.);
#211=FACE_OUTER_BOUND('',#248,.T.);
#212=FACE_OUTER_BOUND('',#249,.T.);
#213=FACE_OUTER_BOUND('',#250,.T.);
#214=FACE_OUTER_BOUND('',#251,.T.);
#215=FACE_OUTER_BOUND('',#252,.T.);
#216=FACE_OUTER_BOUND('',#253,.T.);
#217=FACE_OUTER_BOUND('',#254,.T.);
#218=FACE_OUTER_BOUND('',#255,.T.);
#219=FACE_OUTER_BOUND('',#256,.T.);
#220=FACE_OUTER_BOUND('',#257,.T.);
#221=FACE_OUTER_BOUND('',#258,.T.);
#222=FACE_OUTER_BOUND('',#259,.T.);
#223=FACE_OUTER_BOUND('',#260,.T.);
#224=FACE_OUTER_BOUND('',#264,.T.);
#225=FACE_OUTER_BOUND('',#266,.T.);
#226=FACE_OUTER_BOUND('',#267,.T.);
#227=FACE_OUTER_BOUND('',#268,.T.);
#228=FACE_OUTER_BOUND('',#269,.T.);
#229=FACE_OUTER_BOUND('',#270,.T.);
#230=FACE_OUTER_BOUND('',#271,.T.);
#231=FACE_OUTER_BOUND('',#272,.T.);
#232=FACE_OUTER_BOUND('',#273,.T.);
#233=FACE_OUTER_BOUND('',#274,.T.);
#234=FACE_OUTER_BOUND('',#275,.T.);
#235=FACE_OUTER_BOUND('',#276,.T.);
#236=FACE_OUTER_BOUND('',#277,.T.);
#237=FACE_OUTER_BOUND('',#278,.T.);
#238=FACE_OUTER_BOUND('',#279,.T.);
#239=FACE_OUTER_BOUND('',#280,.T.);
#240=FACE_OUTER_BOUND('',#281,.T.);
#241=FACE_OUTER_BOUND('',#282,.T.);
#242=EDGE_LOOP('',(#492,#493,#494,#495));
#243=EDGE_LOOP('',(#496));
#244=EDGE_LOOP('',(#497,#498,#499,#500));
#245=EDGE_LOOP('',(#501,#502,#503,#504));
#246=EDGE_LOOP('',(#505,#506,#507,#508));
#247=EDGE_LOOP('',(#509,#510,#511,#512));
#248=EDGE_LOOP('',(#513,#514,#515,#516));
#249=EDGE_LOOP('',(#517,#518,#519,#520));
#250=EDGE_LOOP('',(#521,#522,#523,#524,#525));
#251=EDGE_LOOP('',(#526,#527,#528,#529));
#252=EDGE_LOOP('',(#530,#531,#532,#533));
#253=EDGE_LOOP('',(#534,#535,#536,#537,#538));
#254=EDGE_LOOP('',(#539,#540,#541,#542));
#255=EDGE_LOOP('',(#543,#544,#545,#546));
#256=EDGE_LOOP('',(#547,#548,#549,#550));
#257=EDGE_LOOP('',(#551,#552,#553,#554));
#258=EDGE_LOOP('',(#555,#556,#557,#558));
#259=EDGE_LOOP('',(#559,#560,#561,#562));
#260=EDGE_LOOP('',(#563,#564,#565,#566,#567,#568,#569,#570,#571,#572,#573,
#574,#575,#576,#577,#578,#579,#580,#581,#582,#583,#584,#585,#586,#587,#588,
#589,#590,#591,#592,#593,#594,#595,#596,#597,#598,#599,#600,#601,#602,#603,
#604,#605));
#261=EDGE_LOOP('',(#606,#607,#608,#609));
#262=EDGE_LOOP('',(#610,#611,#612,#613));
#263=EDGE_LOOP('',(#614,#615,#616,#617));
#264=EDGE_LOOP('',(#618));
#265=EDGE_LOOP('',(#619));
#266=EDGE_LOOP('',(#620,#621,#622,#623));
#267=EDGE_LOOP('',(#624));
#268=EDGE_LOOP('',(#625,#626,#627,#628));
#269=EDGE_LOOP('',(#629,#630,#631,#632));
#270=EDGE_LOOP('',(#633,#634,#635,#636));
#271=EDGE_LOOP('',(#637,#638,#639,#640));
#272=EDGE_LOOP('',(#641,#642,#643,#644));
#273=EDGE_LOOP('',(#645,#646,#647,#648,#649,#650,#651,#652,#653,#654,#655,
#656,#657,#658,#659,#660,#661,#662,#663,#664,#665,#666,#667,#668,#669,#670,
#671,#672,#673,#674,#675,#676,#677,#678,#679));
#274=EDGE_LOOP('',(#680,#681,#682,#683));
#275=EDGE_LOOP('',(#684,#685,#686,#687));
#276=EDGE_LOOP('',(#688,#689,#690,#691));
#277=EDGE_LOOP('',(#692,#693,#694,#695));
#278=EDGE_LOOP('',(#696,#697,#698,#699));
#279=EDGE_LOOP('',(#700,#701,#702,#703));
#280=EDGE_LOOP('',(#704,#705,#706,#707));
#281=EDGE_LOOP('',(#708,#709,#710,#711));
#282=EDGE_LOOP('',(#712,#713,#714,#715));
#283=CIRCLE('',#769,3.61686154692563);
#284=CIRCLE('',#770,3.);
#285=CIRCLE('',#771,0.707759977651298);
#286=CIRCLE('',#774,6.60420123443842);
#287=CIRCLE('',#799,87.);
#288=CIRCLE('',#803,49.);
#289=CIRCLE('',#805,49.);
#290=CIRCLE('',#812,15.66278480068);
#291=CIRCLE('',#814,15.2984893144877);
#292=CIRCLE('',#816,14.9566777501196);
#293=CIRCLE('',#817,13.3977618633733);
#294=CIRCLE('',#819,13.070820170811);
#295=CIRCLE('',#821,12.7623775082966);
#296=CIRCLE('',#822,9.49557395204925);
#297=CIRCLE('',#824,9.35519864763519);
#298=CIRCLE('',#826,9.22991114038198);
#299=VERTEX_POINT('',#1029);
#300=VERTEX_POINT('',#1031);
#301=VERTEX_POINT('',#1036);
#302=VERTEX_POINT('',#1040);
#303=VERTEX_POINT('',#1041);
#304=VERTEX_POINT('',#1043);
#305=VERTEX_POINT('',#1045);
#306=VERTEX_POINT('',#1049);
#307=VERTEX_POINT('',#1051);
#308=VERTEX_POINT('',#1055);
#309=VERTEX_POINT('',#1059);
#310=VERTEX_POINT('',#1065);
#311=VERTEX_POINT('',#1066);
#312=VERTEX_POINT('',#1068);
#313=VERTEX_POINT('',#1070);
#314=VERTEX_POINT('',#1072);
#315=VERTEX_POINT('',#1076);
#316=VERTEX_POINT('',#1078);
#317=VERTEX_POINT('',#1082);
#318=VERTEX_POINT('',#1086);
#319=VERTEX_POINT('',#1087);
#320=VERTEX_POINT('',#1094);
#321=VERTEX_POINT('',#1095);
#322=VERTEX_POINT('',#1097);
#323=VERTEX_POINT('',#1099);
#324=VERTEX_POINT('',#1103);
#325=VERTEX_POINT('',#1105);
#326=VERTEX_POINT('',#1109);
#327=VERTEX_POINT('',#1113);
#328=VERTEX_POINT('',#1119);
#329=VERTEX_POINT('',#1122);
#330=VERTEX_POINT('',#1124);
#331=VERTEX_POINT('',#1131);
#332=VERTEX_POINT('',#1138);
#333=VERTEX_POINT('',#1143);
#334=VERTEX_POINT('',#1150);
#335=VERTEX_POINT('',#1155);
#336=VERTEX_POINT('',#1162);
#337=VERTEX_POINT('',#1169);
#338=VERTEX_POINT('',#1174);
#339=VERTEX_POINT('',#1179);
#340=VERTEX_POINT('',#1186);
#341=VERTEX_POINT('',#1191);
#342=VERTEX_POINT('',#1198);
#343=VERTEX_POINT('',#1203);
#344=VERTEX_POINT('',#1210);
#345=VERTEX_POINT('',#1215);
#346=VERTEX_POINT('',#1222);
#347=VERTEX_POINT('',#1227);
#348=VERTEX_POINT('',#1234);
#349=VERTEX_POINT('',#1239);
#350=VERTEX_POINT('',#1246);
#351=VERTEX_POINT('',#1251);
#352=VERTEX_POINT('',#1258);
#353=VERTEX_POINT('',#1265);
#354=VERTEX_POINT('',#1270);
#355=VERTEX_POINT('',#1277);
#356=VERTEX_POINT('',#1282);
#357=VERTEX_POINT('',#1289);
#358=VERTEX_POINT('',#1294);
#359=VERTEX_POINT('',#1301);
#360=VERTEX_POINT('',#1306);
#361=VERTEX_POINT('',#1317);
#362=VERTEX_POINT('',#1318);
#363=VERTEX_POINT('',#1320);
#364=VERTEX_POINT('',#1322);
#365=VERTEX_POINT('',#1326);
#366=VERTEX_POINT('',#1329);
#367=VERTEX_POINT('',#1334);
#368=VERTEX_POINT('',#1336);
#369=VERTEX_POINT('',#1340);
#370=VERTEX_POINT('',#1344);
#371=VERTEX_POINT('',#3555);
#372=VERTEX_POINT('',#3621);
#373=VERTEX_POINT('',#3625);
#374=VERTEX_POINT('',#3704);
#375=VERTEX_POINT('',#3711);
#376=VERTEX_POINT('',#3715);
#377=VERTEX_POINT('',#3794);
#378=VERTEX_POINT('',#3801);
#379=VERTEX_POINT('',#3805);
#380=EDGE_CURVE('',#299,#299,#283,.T.);
#381=EDGE_CURVE('',#299,#300,#284,.T.);
#382=EDGE_CURVE('',#300,#300,#285,.T.);
#383=EDGE_CURVE('',#301,#301,#286,.T.);
#384=EDGE_CURVE('',#301,#299,#75,.T.);
#385=EDGE_CURVE('',#302,#303,#65,.T.);
#386=EDGE_CURVE('',#302,#304,#76,.T.);
#387=EDGE_CURVE('',#305,#304,#77,.F.);
#388=EDGE_CURVE('',#303,#305,#78,.T.);
#389=EDGE_CURVE('',#306,#302,#79,.T.);
#390=EDGE_CURVE('',#306,#307,#80,.T.);
#391=EDGE_CURVE('',#304,#307,#81,.F.);
#392=EDGE_CURVE('',#307,#308,#82,.F.);
#393=EDGE_CURVE('',#308,#305,#83,.F.);
#394=EDGE_CURVE('',#309,#306,#66,.T.);
#395=EDGE_CURVE('',#309,#308,#84,.T.);
#396=EDGE_CURVE('',#303,#309,#85,.T.);
#397=EDGE_CURVE('',#310,#311,#67,.T.);
#398=EDGE_CURVE('',#310,#312,#86,.T.);
#399=EDGE_CURVE('',#313,#312,#87,.F.);
#400=EDGE_CURVE('',#314,#313,#88,.T.);
#401=EDGE_CURVE('',#311,#314,#68,.T.);
#402=EDGE_CURVE('',#315,#310,#89,.T.);
#403=EDGE_CURVE('',#315,#316,#90,.T.);
#404=EDGE_CURVE('',#312,#316,#91,.F.);
#405=EDGE_CURVE('',#316,#317,#92,.F.);
#406=EDGE_CURVE('',#317,#313,#93,.F.);
#407=EDGE_CURVE('',#318,#319,#69,.T.);
#408=EDGE_CURVE('',#318,#317,#94,.T.);
#409=EDGE_CURVE('',#319,#315,#70,.T.);
#410=EDGE_CURVE('',#314,#318,#95,.T.);
#411=EDGE_CURVE('',#320,#321,#71,.T.);
#412=EDGE_CURVE('',#320,#322,#96,.T.);
#413=EDGE_CURVE('',#323,#322,#97,.F.);
#414=EDGE_CURVE('',#321,#323,#98,.T.);
#415=EDGE_CURVE('',#324,#320,#99,.T.);
#416=EDGE_CURVE('',#324,#325,#100,.T.);
#417=EDGE_CURVE('',#322,#325,#101,.F.);
#418=EDGE_CURVE('',#325,#326,#102,.F.);
#419=EDGE_CURVE('',#326,#323,#103,.F.);
#420=EDGE_CURVE('',#327,#324,#72,.T.);
#421=EDGE_CURVE('',#327,#326,#104,.T.);
#422=EDGE_CURVE('',#321,#327,#105,.T.);
#423=EDGE_CURVE('',#328,#328,#287,.T.);
#424=EDGE_CURVE('',#328,#311,#106,.T.);
#425=EDGE_CURVE('',#319,#329,#107,.T.);
#426=EDGE_CURVE('',#329,#330,#27,.T.);
#427=EDGE_CURVE('',#330,#331,#28,.T.);
#428=EDGE_CURVE('',#331,#332,#29,.T.);
#429=EDGE_CURVE('',#332,#333,#30,.T.);
#430=EDGE_CURVE('',#333,#334,#31,.T.);
#431=EDGE_CURVE('',#334,#335,#32,.T.);
#432=EDGE_CURVE('',#335,#336,#33,.T.);
#433=EDGE_CURVE('',#336,#337,#34,.T.);
#434=EDGE_CURVE('',#337,#338,#35,.T.);
#435=EDGE_CURVE('',#338,#339,#36,.T.);
#436=EDGE_CURVE('',#339,#340,#37,.T.);
#437=EDGE_CURVE('',#340,#341,#38,.T.);
#438=EDGE_CURVE('',#341,#342,#39,.T.);
#439=EDGE_CURVE('',#342,#343,#40,.T.);
#440=EDGE_CURVE('',#343,#344,#41,.T.);
#441=EDGE_CURVE('',#344,#345,#42,.T.);
#442=EDGE_CURVE('',#345,#346,#43,.T.);
#443=EDGE_CURVE('',#346,#347,#44,.T.);
#444=EDGE_CURVE('',#347,#348,#45,.T.);
#445=EDGE_CURVE('',#348,#349,#46,.T.);
#446=EDGE_CURVE('',#349,#350,#47,.T.);
#447=EDGE_CURVE('',#350,#351,#48,.T.);
#448=EDGE_CURVE('',#351,#352,#49,.T.);
#449=EDGE_CURVE('',#352,#353,#50,.T.);
#450=EDGE_CURVE('',#353,#354,#51,.T.);
#451=EDGE_CURVE('',#354,#355,#52,.T.);
#452=EDGE_CURVE('',#355,#356,#53,.T.);
#453=EDGE_CURVE('',#356,#357,#54,.T.);
#454=EDGE_CURVE('',#357,#358,#55,.T.);
#455=EDGE_CURVE('',#358,#359,#56,.T.);
#456=EDGE_CURVE('',#359,#360,#57,.T.);
#457=EDGE_CURVE('',#360,#329,#58,.T.);
#458=EDGE_CURVE('',#361,#362,#73,.T.);
#459=EDGE_CURVE('',#363,#361,#108,.T.);
#460=EDGE_CURVE('',#364,#363,#74,.T.);
#461=EDGE_CURVE('',#362,#364,#109,.T.);
#462=EDGE_CURVE('',#365,#365,#288,.T.);
#463=EDGE_CURVE('',#365,#366,#110,.T.);
#464=EDGE_CURVE('',#366,#366,#289,.T.);
#465=EDGE_CURVE('',#363,#367,#111,.T.);
#466=EDGE_CURVE('',#368,#367,#112,.F.);
#467=EDGE_CURVE('',#364,#368,#113,.T.);
#468=EDGE_CURVE('',#361,#369,#114,.T.);
#469=EDGE_CURVE('',#367,#369,#115,.F.);
#470=EDGE_CURVE('',#369,#370,#116,.F.);
#471=EDGE_CURVE('',#370,#368,#117,.F.);
#472=EDGE_CURVE('',#362,#370,#118,.T.);
#473=EDGE_CURVE('',#353,#371,#59,.T.);
#474=EDGE_CURVE('',#371,#371,#290,.T.);
#475=EDGE_CURVE('',#371,#372,#119,.T.);
#476=EDGE_CURVE('',#372,#372,#291,.T.);
#477=EDGE_CURVE('',#372,#373,#120,.T.);
#478=EDGE_CURVE('',#373,#373,#292,.T.);
#479=EDGE_CURVE('',#373,#374,#60,.T.);
#480=EDGE_CURVE('',#374,#374,#293,.T.);
#481=EDGE_CURVE('',#374,#375,#121,.T.);
#482=EDGE_CURVE('',#375,#375,#294,.T.);
#483=EDGE_CURVE('',#375,#376,#122,.T.);
#484=EDGE_CURVE('',#376,#376,#295,.T.);
#485=EDGE_CURVE('',#376,#377,#61,.T.);
#486=EDGE_CURVE('',#377,#377,#296,.T.);
#487=EDGE_CURVE('',#377,#378,#123,.T.);
#488=EDGE_CURVE('',#378,#378,#297,.T.);
#489=EDGE_CURVE('',#378,#379,#124,.T.);
#490=EDGE_CURVE('',#379,#379,#298,.T.);
#491=EDGE_CURVE('',#379,#301,#62,.T.);
#492=ORIENTED_EDGE('',*,*,#380,.T.);
#493=ORIENTED_EDGE('',*,*,#381,.T.);
#494=ORIENTED_EDGE('',*,*,#382,.T.);
#495=ORIENTED_EDGE('',*,*,#381,.F.);
#496=ORIENTED_EDGE('',*,*,#382,.F.);
#497=ORIENTED_EDGE('',*,*,#383,.F.);
#498=ORIENTED_EDGE('',*,*,#384,.T.);
#499=ORIENTED_EDGE('',*,*,#380,.F.);
#500=ORIENTED_EDGE('',*,*,#384,.F.);
#501=ORIENTED_EDGE('',*,*,#385,.F.);
#502=ORIENTED_EDGE('',*,*,#386,.T.);
#503=ORIENTED_EDGE('',*,*,#387,.F.);
#504=ORIENTED_EDGE('',*,*,#388,.F.);
#505=ORIENTED_EDGE('',*,*,#389,.F.);
#506=ORIENTED_EDGE('',*,*,#390,.T.);
#507=ORIENTED_EDGE('',*,*,#391,.F.);
#508=ORIENTED_EDGE('',*,*,#386,.F.);
#509=ORIENTED_EDGE('',*,*,#392,.T.);
#510=ORIENTED_EDGE('',*,*,#393,.T.);
#511=ORIENTED_EDGE('',*,*,#387,.T.);
#512=ORIENTED_EDGE('',*,*,#391,.T.);
#513=ORIENTED_EDGE('',*,*,#394,.F.);
#514=ORIENTED_EDGE('',*,*,#395,.T.);
#515=ORIENTED_EDGE('',*,*,#392,.F.);
#516=ORIENTED_EDGE('',*,*,#390,.F.);
#517=ORIENTED_EDGE('',*,*,#396,.F.);
#518=ORIENTED_EDGE('',*,*,#388,.T.);
#519=ORIENTED_EDGE('',*,*,#393,.F.);
#520=ORIENTED_EDGE('',*,*,#395,.F.);
#521=ORIENTED_EDGE('',*,*,#397,.F.);
#522=ORIENTED_EDGE('',*,*,#398,.T.);
#523=ORIENTED_EDGE('',*,*,#399,.F.);
#524=ORIENTED_EDGE('',*,*,#400,.F.);
#525=ORIENTED_EDGE('',*,*,#401,.F.);
#526=ORIENTED_EDGE('',*,*,#402,.F.);
#527=ORIENTED_EDGE('',*,*,#403,.T.);
#528=ORIENTED_EDGE('',*,*,#404,.F.);
#529=ORIENTED_EDGE('',*,*,#398,.F.);
#530=ORIENTED_EDGE('',*,*,#405,.T.);
#531=ORIENTED_EDGE('',*,*,#406,.T.);
#532=ORIENTED_EDGE('',*,*,#399,.T.);
#533=ORIENTED_EDGE('',*,*,#404,.T.);
#534=ORIENTED_EDGE('',*,*,#407,.F.);
#535=ORIENTED_EDGE('',*,*,#408,.T.);
#536=ORIENTED_EDGE('',*,*,#405,.F.);
#537=ORIENTED_EDGE('',*,*,#403,.F.);
#538=ORIENTED_EDGE('',*,*,#409,.F.);
#539=ORIENTED_EDGE('',*,*,#410,.F.);
#540=ORIENTED_EDGE('',*,*,#400,.T.);
#541=ORIENTED_EDGE('',*,*,#406,.F.);
#542=ORIENTED_EDGE('',*,*,#408,.F.);
#543=ORIENTED_EDGE('',*,*,#411,.F.);
#544=ORIENTED_EDGE('',*,*,#412,.T.);
#545=ORIENTED_EDGE('',*,*,#413,.F.);
#546=ORIENTED_EDGE('',*,*,#414,.F.);
#547=ORIENTED_EDGE('',*,*,#415,.F.);
#548=ORIENTED_EDGE('',*,*,#416,.T.);
#549=ORIENTED_EDGE('',*,*,#417,.F.);
#550=ORIENTED_EDGE('',*,*,#412,.F.);
#551=ORIENTED_EDGE('',*,*,#418,.T.);
#552=ORIENTED_EDGE('',*,*,#419,.T.);
#553=ORIENTED_EDGE('',*,*,#413,.T.);
#554=ORIENTED_EDGE('',*,*,#417,.T.);
#555=ORIENTED_EDGE('',*,*,#420,.F.);
#556=ORIENTED_EDGE('',*,*,#421,.T.);
#557=ORIENTED_EDGE('',*,*,#418,.F.);
#558=ORIENTED_EDGE('',*,*,#416,.F.);
#559=ORIENTED_EDGE('',*,*,#422,.F.);
#560=ORIENTED_EDGE('',*,*,#414,.T.);
#561=ORIENTED_EDGE('',*,*,#419,.F.);
#562=ORIENTED_EDGE('',*,*,#421,.F.);
#563=ORIENTED_EDGE('',*,*,#423,.F.);
#564=ORIENTED_EDGE('',*,*,#424,.T.);
#565=ORIENTED_EDGE('',*,*,#401,.T.);
#566=ORIENTED_EDGE('',*,*,#410,.T.);
#567=ORIENTED_EDGE('',*,*,#407,.T.);
#568=ORIENTED_EDGE('',*,*,#425,.T.);
#569=ORIENTED_EDGE('',*,*,#426,.T.);
#570=ORIENTED_EDGE('',*,*,#427,.T.);
#571=ORIENTED_EDGE('',*,*,#428,.T.);
#572=ORIENTED_EDGE('',*,*,#429,.T.);
#573=ORIENTED_EDGE('',*,*,#430,.T.);
#574=ORIENTED_EDGE('',*,*,#431,.T.);
#575=ORIENTED_EDGE('',*,*,#432,.T.);
#576=ORIENTED_EDGE('',*,*,#433,.T.);
#577=ORIENTED_EDGE('',*,*,#434,.T.);
#578=ORIENTED_EDGE('',*,*,#435,.T.);
#579=ORIENTED_EDGE('',*,*,#436,.T.);
#580=ORIENTED_EDGE('',*,*,#437,.T.);
#581=ORIENTED_EDGE('',*,*,#438,.T.);
#582=ORIENTED_EDGE('',*,*,#439,.T.);
#583=ORIENTED_EDGE('',*,*,#440,.T.);
#584=ORIENTED_EDGE('',*,*,#441,.T.);
#585=ORIENTED_EDGE('',*,*,#442,.T.);
#586=ORIENTED_EDGE('',*,*,#443,.T.);
#587=ORIENTED_EDGE('',*,*,#444,.T.);
#588=ORIENTED_EDGE('',*,*,#445,.T.);
#589=ORIENTED_EDGE('',*,*,#446,.T.);
#590=ORIENTED_EDGE('',*,*,#447,.T.);
#591=ORIENTED_EDGE('',*,*,#448,.T.);
#592=ORIENTED_EDGE('',*,*,#449,.T.);
#593=ORIENTED_EDGE('',*,*,#450,.T.);
#594=ORIENTED_EDGE('',*,*,#451,.T.);
#595=ORIENTED_EDGE('',*,*,#452,.T.);
#596=ORIENTED_EDGE('',*,*,#453,.T.);
#597=ORIENTED_EDGE('',*,*,#454,.T.);
#598=ORIENTED_EDGE('',*,*,#455,.T.);
#599=ORIENTED_EDGE('',*,*,#456,.T.);
#600=ORIENTED_EDGE('',*,*,#457,.T.);
#601=ORIENTED_EDGE('',*,*,#425,.F.);
#602=ORIENTED_EDGE('',*,*,#409,.T.);
#603=ORIENTED_EDGE('',*,*,#402,.T.);
#604=ORIENTED_EDGE('',*,*,#397,.T.);
#605=ORIENTED_EDGE('',*,*,#424,.F.);
#606=ORIENTED_EDGE('',*,*,#385,.T.);
#607=ORIENTED_EDGE('',*,*,#396,.T.);
#608=ORIENTED_EDGE('',*,*,#394,.T.);
#609=ORIENTED_EDGE('',*,*,#389,.T.);
#610=ORIENTED_EDGE('',*,*,#411,.T.);
#611=ORIENTED_EDGE('',*,*,#422,.T.);
#612=ORIENTED_EDGE('',*,*,#420,.T.);
#613=ORIENTED_EDGE('',*,*,#415,.T.);
#614=ORIENTED_EDGE('',*,*,#458,.F.);
#615=ORIENTED_EDGE('',*,*,#459,.F.);
#616=ORIENTED_EDGE('',*,*,#460,.F.);
#617=ORIENTED_EDGE('',*,*,#461,.F.);
#618=ORIENTED_EDGE('',*,*,#423,.T.);
#619=ORIENTED_EDGE('',*,*,#462,.F.);
#620=ORIENTED_EDGE('',*,*,#462,.T.);
#621=ORIENTED_EDGE('',*,*,#463,.T.);
#622=ORIENTED_EDGE('',*,*,#464,.F.);
#623=ORIENTED_EDGE('',*,*,#463,.F.);
#624=ORIENTED_EDGE('',*,*,#464,.T.);
#625=ORIENTED_EDGE('',*,*,#460,.T.);
#626=ORIENTED_EDGE('',*,*,#465,.T.);
#627=ORIENTED_EDGE('',*,*,#466,.F.);
#628=ORIENTED_EDGE('',*,*,#467,.F.);
#629=ORIENTED_EDGE('',*,*,#459,.T.);
#630=ORIENTED_EDGE('',*,*,#468,.T.);
#631=ORIENTED_EDGE('',*,*,#469,.F.);
#632=ORIENTED_EDGE('',*,*,#465,.F.);
#633=ORIENTED_EDGE('',*,*,#470,.T.);
#634=ORIENTED_EDGE('',*,*,#471,.T.);
#635=ORIENTED_EDGE('',*,*,#466,.T.);
#636=ORIENTED_EDGE('',*,*,#469,.T.);
#637=ORIENTED_EDGE('',*,*,#458,.T.);
#638=ORIENTED_EDGE('',*,*,#472,.T.);
#639=ORIENTED_EDGE('',*,*,#470,.F.);
#640=ORIENTED_EDGE('',*,*,#468,.F.);
#641=ORIENTED_EDGE('',*,*,#461,.T.);
#642=ORIENTED_EDGE('',*,*,#467,.T.);
#643=ORIENTED_EDGE('',*,*,#471,.F.);
#644=ORIENTED_EDGE('',*,*,#472,.F.);
#645=ORIENTED_EDGE('',*,*,#450,.F.);
#646=ORIENTED_EDGE('',*,*,#473,.T.);
#647=ORIENTED_EDGE('',*,*,#474,.T.);
#648=ORIENTED_EDGE('',*,*,#473,.F.);
#649=ORIENTED_EDGE('',*,*,#449,.F.);
#650=ORIENTED_EDGE('',*,*,#448,.F.);
#651=ORIENTED_EDGE('',*,*,#447,.F.);
#652=ORIENTED_EDGE('',*,*,#446,.F.);
#653=ORIENTED_EDGE('',*,*,#445,.F.);
#654=ORIENTED_EDGE('',*,*,#444,.F.);
#655=ORIENTED_EDGE('',*,*,#443,.F.);
#656=ORIENTED_EDGE('',*,*,#442,.F.);
#657=ORIENTED_EDGE('',*,*,#441,.F.);
#658=ORIENTED_EDGE('',*,*,#440,.F.);
#659=ORIENTED_EDGE('',*,*,#439,.F.);
#660=ORIENTED_EDGE('',*,*,#438,.F.);
#661=ORIENTED_EDGE('',*,*,#437,.F.);
#662=ORIENTED_EDGE('',*,*,#436,.F.);
#663=ORIENTED_EDGE('',*,*,#435,.F.);
#664=ORIENTED_EDGE('',*,*,#434,.F.);
#665=ORIENTED_EDGE('',*,*,#433,.F.);
#666=ORIENTED_EDGE('',*,*,#432,.F.);
#667=ORIENTED_EDGE('',*,*,#431,.F.);
#668=ORIENTED_EDGE('',*,*,#430,.F.);
#669=ORIENTED_EDGE('',*,*,#429,.F.);
#670=ORIENTED_EDGE('',*,*,#428,.F.);
#671=ORIENTED_EDGE('',*,*,#427,.F.);
#672=ORIENTED_EDGE('',*,*,#426,.F.);
#673=ORIENTED_EDGE('',*,*,#457,.F.);
#674=ORIENTED_EDGE('',*,*,#456,.F.);
#675=ORIENTED_EDGE('',*,*,#455,.F.);
#676=ORIENTED_EDGE('',*,*,#454,.F.);
#677=ORIENTED_EDGE('',*,*,#453,.F.);
#678=ORIENTED_EDGE('',*,*,#452,.F.);
#679=ORIENTED_EDGE('',*,*,#451,.F.);
#680=ORIENTED_EDGE('',*,*,#474,.F.);
#681=ORIENTED_EDGE('',*,*,#475,.T.);
#682=ORIENTED_EDGE('',*,*,#476,.T.);
#683=ORIENTED_EDGE('',*,*,#475,.F.);
#684=ORIENTED_EDGE('',*,*,#476,.F.);
#685=ORIENTED_EDGE('',*,*,#477,.T.);
#686=ORIENTED_EDGE('',*,*,#478,.T.);
#687=ORIENTED_EDGE('',*,*,#477,.F.);
#688=ORIENTED_EDGE('',*,*,#478,.F.);
#689=ORIENTED_EDGE('',*,*,#479,.T.);
#690=ORIENTED_EDGE('',*,*,#480,.T.);
#691=ORIENTED_EDGE('',*,*,#479,.F.);
#692=ORIENTED_EDGE('',*,*,#480,.F.);
#693=ORIENTED_EDGE('',*,*,#481,.T.);
#694=ORIENTED_EDGE('',*,*,#482,.T.);
#695=ORIENTED_EDGE('',*,*,#481,.F.);
#696=ORIENTED_EDGE('',*,*,#482,.F.);
#697=ORIENTED_EDGE('',*,*,#483,.T.);
#698=ORIENTED_EDGE('',*,*,#484,.T.);
#699=ORIENTED_EDGE('',*,*,#483,.F.);
#700=ORIENTED_EDGE('',*,*,#484,.F.);
#701=ORIENTED_EDGE('',*,*,#485,.T.);
#702=ORIENTED_EDGE('',*,*,#486,.T.);
#703=ORIENTED_EDGE('',*,*,#485,.F.);
#704=ORIENTED_EDGE('',*,*,#486,.F.);
#705=ORIENTED_EDGE('',*,*,#487,.T.);
#706=ORIENTED_EDGE('',*,*,#488,.T.);
#707=ORIENTED_EDGE('',*,*,#487,.F.);
#708=ORIENTED_EDGE('',*,*,#488,.F.);
#709=ORIENTED_EDGE('',*,*,#489,.T.);
#710=ORIENTED_EDGE('',*,*,#490,.T.);
#711=ORIENTED_EDGE('',*,*,#489,.F.);
#712=ORIENTED_EDGE('',*,*,#490,.F.);
#713=ORIENTED_EDGE('',*,*,#491,.T.);
#714=ORIENTED_EDGE('',*,*,#383,.T.);
#715=ORIENTED_EDGE('',*,*,#491,.F.);
#716=(
BOUNDED_SURFACE()
B_SPLINE_SURFACE(2,2,((#1002,#1003,#1004,#1005,#1006,#1007,#1008,#1009,
#1010),(#1011,#1012,#1013,#1014,#1015,#1016,#1017,#1018,#1019),(#1020,#1021,
#1022,#1023,#1024,#1025,#1026,#1027,#1028)),.UNSPECIFIED.,.F.,.T.,.F.)
B_SPLINE_SURFACE_WITH_KNOTS((3,3),(3,2,2,2,3),(-1.57079632679491,-0.246794388486453),
(-3.14159265358979,-1.5707963267949,0.,1.5707963267949,3.14159265358979),
 .UNSPECIFIED.)
GEOMETRIC_REPRESENTATION_ITEM()
RATIONAL_B_SPLINE_SURFACE(((1.,0.707106781186548,1.,0.707106781186548,1.,
0.707106781186548,1.,0.707106781186548,1.),(0.788763822891657,0.557740247921316,
0.788763822891657,0.557740247921316,0.788763822891657,0.557740247921316,
0.788763822891657,0.557740247921316,0.788763822891657),(1.,0.707106781186548,
1.,0.707106781186548,1.,0.707106781186548,1.,0.707106781186548,1.)))
REPRESENTATION_ITEM('')
SURFACE()
);
#717=ADVANCED_FACE('',(#205),#716,.F.);
#718=ADVANCED_FACE('',(#206),#182,.F.);
#719=ADVANCED_FACE('',(#207),#175,.T.);
#720=ADVANCED_FACE('',(#208),#183,.T.);
#721=ADVANCED_FACE('',(#209),#184,.F.);
#722=ADVANCED_FACE('',(#210),#185,.T.);
#723=ADVANCED_FACE('',(#211),#186,.F.);
#724=ADVANCED_FACE('',(#212),#187,.T.);
#725=ADVANCED_FACE('',(#213),#188,.T.);
#726=ADVANCED_FACE('',(#214),#189,.F.);
#727=ADVANCED_FACE('',(#215),#190,.T.);
#728=ADVANCED_FACE('',(#216),#191,.F.);
#729=ADVANCED_FACE('',(#217),#192,.T.);
#730=ADVANCED_FACE('',(#218),#193,.T.);
#731=ADVANCED_FACE('',(#219),#194,.F.);
#732=ADVANCED_FACE('',(#220),#195,.T.);
#733=ADVANCED_FACE('',(#221),#196,.F.);
#734=ADVANCED_FACE('',(#222),#197,.T.);
#735=ADVANCED_FACE('',(#223,#23,#24,#25),#63,.T.);
#736=ADVANCED_FACE('',(#224,#26),#198,.T.);
#737=ADVANCED_FACE('',(#225),#64,.T.);
#738=ADVANCED_FACE('',(#226),#199,.T.);
#739=ADVANCED_FACE('',(#227),#200,.T.);
#740=ADVANCED_FACE('',(#228),#201,.F.);
#741=ADVANCED_FACE('',(#229),#202,.T.);
#742=ADVANCED_FACE('',(#230),#203,.F.);
#743=ADVANCED_FACE('',(#231),#204,.T.);
#744=ADVANCED_FACE('',(#232),#19,.F.);
#745=ADVANCED_FACE('',(#233),#176,.T.);
#746=ADVANCED_FACE('',(#234),#177,.T.);
#747=ADVANCED_FACE('',(#235),#20,.F.);
#748=ADVANCED_FACE('',(#236),#178,.T.);
#749=ADVANCED_FACE('',(#237),#179,.T.);
#750=ADVANCED_FACE('',(#238),#21,.F.);
#751=ADVANCED_FACE('',(#239),#180,.T.);
#752=ADVANCED_FACE('',(#240),#181,.T.);
#753=ADVANCED_FACE('',(#241),#22,.F.);
#754=CLOSED_SHELL('',(#717,#718,#719,#720,#721,#722,#723,#724,#725,#726,
#727,#728,#729,#730,#731,#732,#733,#734,#735,#736,#737,#738,#739,#740,#741,
#742,#743,#744,#745,#746,#747,#748,#749,#750,#751,#752,#753));
#755=DERIVED_UNIT_ELEMENT(#757,1.);
#756=DERIVED_UNIT_ELEMENT(#3896,-3.);
#757=(
MASS_UNIT()
NAMED_UNIT(*)
SI_UNIT(.KILO.,.GRAM.)
);
#758=DERIVED_UNIT((#755,#756));
#759=MEASURE_REPRESENTATION_ITEM('density measure',
POSITIVE_RATIO_MEASURE(7850.),#758);
#760=PROPERTY_DEFINITION_REPRESENTATION(#765,#762);
#761=PROPERTY_DEFINITION_REPRESENTATION(#766,#763);
#762=REPRESENTATION('material name',(#764),#3893);
#763=REPRESENTATION('density',(#759),#3893);
#764=DESCRIPTIVE_REPRESENTATION_ITEM('Acero','Acero');
#765=PROPERTY_DEFINITION('material property','material name',#3908);
#766=PROPERTY_DEFINITION('material property','density of part',#3908);
#767=AXIS2_PLACEMENT_3D('',#1000,#828,#829);
#768=AXIS2_PLACEMENT_3D('',#1001,#830,#831);
#769=AXIS2_PLACEMENT_3D('',#1030,#832,#833);
#770=AXIS2_PLACEMENT_3D('',#1032,#834,#835);
#771=AXIS2_PLACEMENT_3D('',#1033,#836,#837);
#772=AXIS2_PLACEMENT_3D('',#1034,#838,#839);
#773=AXIS2_PLACEMENT_3D('',#1035,#840,#841);
#774=AXIS2_PLACEMENT_3D('',#1037,#842,#843);
#775=AXIS2_PLACEMENT_3D('',#1039,#845,#846);
#776=AXIS2_PLACEMENT_3D('',#1042,#847,#848);
#777=AXIS2_PLACEMENT_3D('',#1048,#852,#853);
#778=AXIS2_PLACEMENT_3D('',#1054,#857,#858);
#779=AXIS2_PLACEMENT_3D('',#1058,#861,#862);
#780=AXIS2_PLACEMENT_3D('',#1060,#863,#864);
#781=AXIS2_PLACEMENT_3D('',#1062,#866,#867);
#782=AXIS2_PLACEMENT_3D('',#1064,#869,#870);
#783=AXIS2_PLACEMENT_3D('',#1067,#871,#872);
#784=AXIS2_PLACEMENT_3D('',#1074,#876,#877);
#785=AXIS2_PLACEMENT_3D('',#1075,#878,#879);
#786=AXIS2_PLACEMENT_3D('',#1081,#883,#884);
#787=AXIS2_PLACEMENT_3D('',#1085,#887,#888);
#788=AXIS2_PLACEMENT_3D('',#1088,#889,#890);
#789=AXIS2_PLACEMENT_3D('',#1090,#892,#893);
#790=AXIS2_PLACEMENT_3D('',#1091,#894,#895);
#791=AXIS2_PLACEMENT_3D('',#1093,#897,#898);
#792=AXIS2_PLACEMENT_3D('',#1096,#899,#900);
#793=AXIS2_PLACEMENT_3D('',#1102,#904,#905);
#794=AXIS2_PLACEMENT_3D('',#1108,#909,#910);
#795=AXIS2_PLACEMENT_3D('',#1112,#913,#914);
#796=AXIS2_PLACEMENT_3D('',#1114,#915,#916);
#797=AXIS2_PLACEMENT_3D('',#1116,#918,#919);
#798=AXIS2_PLACEMENT_3D('',#1118,#921,#922);
#799=AXIS2_PLACEMENT_3D('',#1120,#923,#924);
#800=AXIS2_PLACEMENT_3D('',#1319,#927,#928);
#801=AXIS2_PLACEMENT_3D('',#1323,#930,#931);
#802=AXIS2_PLACEMENT_3D('',#1325,#933,#934);
#803=AXIS2_PLACEMENT_3D('',#1327,#935,#936);
#804=AXIS2_PLACEMENT_3D('',#1328,#937,#938);
#805=AXIS2_PLACEMENT_3D('',#1331,#940,#941);
#806=AXIS2_PLACEMENT_3D('',#1332,#942,#943);
#807=AXIS2_PLACEMENT_3D('',#1333,#944,#945);
#808=AXIS2_PLACEMENT_3D('',#1339,#949,#950);
#809=AXIS2_PLACEMENT_3D('',#1343,#953,#954);
#810=AXIS2_PLACEMENT_3D('',#1347,#957,#958);
#811=AXIS2_PLACEMENT_3D('',#1349,#960,#961);
#812=AXIS2_PLACEMENT_3D('',#3619,#962,#963);
#813=AXIS2_PLACEMENT_3D('',#3620,#964,#965);
#814=AXIS2_PLACEMENT_3D('',#3623,#967,#968);
#815=AXIS2_PLACEMENT_3D('',#3624,#969,#970);
#816=AXIS2_PLACEMENT_3D('',#3627,#972,#973);
#817=AXIS2_PLACEMENT_3D('',#3709,#974,#975);
#818=AXIS2_PLACEMENT_3D('',#3710,#976,#977);
#819=AXIS2_PLACEMENT_3D('',#3713,#979,#980);
#820=AXIS2_PLACEMENT_3D('',#3714,#981,#982);
#821=AXIS2_PLACEMENT_3D('',#3717,#984,#985);
#822=AXIS2_PLACEMENT_3D('',#3799,#986,#987);
#823=AXIS2_PLACEMENT_3D('',#3800,#988,#989);
#824=AXIS2_PLACEMENT_3D('',#3803,#991,#992);
#825=AXIS2_PLACEMENT_3D('',#3804,#993,#994);
#826=AXIS2_PLACEMENT_3D('',#3807,#996,#997);
#827=AXIS2_PLACEMENT_3D('',#3888,#998,#999);
#828=DIRECTION('axis',(0.,0.,1.));
#829=DIRECTION('refdir',(1.,0.,0.));
#830=DIRECTION('axis',(0.,0.,1.));
#831=DIRECTION('refdir',(1.,0.,0.));
#832=DIRECTION('center_axis',(0.,0.,1.));
#833=DIRECTION('ref_axis',(1.,-6.52933603159531E-13,0.));
#834=DIRECTION('center_axis',(-1.22464679914733E-16,-1.,0.));
#835=DIRECTION('ref_axis',(1.,-1.22464679914733E-16,0.));
#836=DIRECTION('center_axis',(0.,0.,-1.));
#837=DIRECTION('ref_axis',(1.,-6.52933603159504E-13,0.));
#838=DIRECTION('center_axis',(0.,0.,-1.));
#839=DIRECTION('ref_axis',(-1.,0.,0.));
#840=DIRECTION('center_axis',(0.,0.,-1.));
#841=DIRECTION('ref_axis',(-1.,0.,0.));
#842=DIRECTION('center_axis',(0.,0.,-1.));
#843=DIRECTION('ref_axis',(1.,0.,0.));
#844=DIRECTION('',(-0.244296736605707,2.99177216526323E-17,0.969700523091435));
#845=DIRECTION('center_axis',(0.0558951025323078,1.7112939601051E-17,-0.998436646719712));
#846=DIRECTION('ref_axis',(0.998436646719712,3.05683060889179E-16,0.0558951025323078));
#847=DIRECTION('center_axis',(0.0558951025323078,1.7112939601051E-17,-0.998436646719712));
#848=DIRECTION('ref_axis',(0.998436646719712,1.22273224355672E-16,0.0558951025323078));
#849=DIRECTION('',(-0.998436646719712,-3.45271894954098E-16,-0.0558951025323078));
#850=DIRECTION('',(-3.06161699786839E-16,1.,0.));
#851=DIRECTION('',(-0.998436646719712,-5.13524439730008E-16,-0.0558951025323078));
#852=DIRECTION('center_axis',(-3.39985659857392E-16,1.,-1.04083408558608E-16));
#853=DIRECTION('ref_axis',(3.18663532839115E-32,-1.04083408558608E-16,-1.));
#854=DIRECTION('',(0.,0.,-1.));
#855=DIRECTION('',(-0.738455340625884,-3.651684593972E-16,-0.674302387583723));
#856=DIRECTION('',(0.,0.,-1.));
#857=DIRECTION('center_axis',(-1.,-3.06161699786839E-16,0.));
#858=DIRECTION('ref_axis',(0.,0.,-1.));
#859=DIRECTION('',(3.06161699786839E-16,-1.,0.));
#860=DIRECTION('',(0.,0.,1.));
#861=DIRECTION('center_axis',(0.674302387583723,2.06445565152957E-16,-0.738455340625884));
#862=DIRECTION('ref_axis',(0.738455340625884,2.2608674230269E-16,0.674302387583723));
#863=DIRECTION('center_axis',(-0.674302387583723,-2.06445565152957E-16,
0.738455340625884));
#864=DIRECTION('ref_axis',(0.738455340625884,9.04346969210762E-17,0.674302387583723));
#865=DIRECTION('',(-0.738455340625884,-3.87128730517385E-16,-0.674302387583723));
#866=DIRECTION('center_axis',(-5.13940059421556E-16,1.,-6.93889390390723E-18));
#867=DIRECTION('ref_axis',(3.56617554529396E-33,-6.93889390390723E-18,-1.));
#868=DIRECTION('',(0.,0.,1.));
#869=DIRECTION('center_axis',(-1.36903516808408E-17,0.0558951025323078,
-0.998436646719712));
#870=DIRECTION('ref_axis',(-2.44546448711343E-16,0.998436646719712,0.0558951025323078));
#871=DIRECTION('center_axis',(-1.36903516808408E-17,0.0558951025323078,
-0.998436646719712));
#872=DIRECTION('ref_axis',(-1.22273224355672E-16,0.998436646719712,0.0558951025323078));
#873=DIRECTION('',(2.84135282776263E-16,-0.998436646719712,-0.0558951025323078));
#874=DIRECTION('',(-1.,-2.44929359829471E-16,0.));
#875=DIRECTION('',(4.52387827552172E-16,-0.998436646719712,-0.0558951025323078));
#876=DIRECTION('center_axis',(-1.36903516808408E-17,0.0558951025323078,
-0.998436646719712));
#877=DIRECTION('ref_axis',(-1.22273224355672E-16,0.998436646719712,0.0558951025323078));
#878=DIRECTION('center_axis',(-1.,-2.78753319900024E-16,-1.04083408558608E-16));
#879=DIRECTION('ref_axis',(1.04083408558608E-16,2.54930826271292E-32,-1.));
#880=DIRECTION('',(0.,0.,-1.));
#881=DIRECTION('',(3.19951110936662E-16,-0.738455340625884,-0.674302387583723));
#882=DIRECTION('',(0.,0.,-1.));
#883=DIRECTION('center_axis',(2.44929359829471E-16,-1.,0.));
#884=DIRECTION('ref_axis',(0.,0.,-1.));
#885=DIRECTION('',(1.,2.44929359829471E-16,0.));
#886=DIRECTION('',(0.,0.,1.));
#887=DIRECTION('center_axis',(-1.65156452122365E-16,0.674302387583723,-0.738455340625884));
#888=DIRECTION('ref_axis',(-1.80869393842152E-16,0.738455340625884,0.674302387583723));
#889=DIRECTION('center_axis',(1.65156452122365E-16,-0.674302387583723,0.738455340625884));
#890=DIRECTION('ref_axis',(-9.04346969210762E-17,0.738455340625884,0.674302387583723));
#891=DIRECTION('',(3.41911382056847E-16,-0.738455340625884,-0.674302387583723));
#892=DIRECTION('center_axis',(1.65156452122365E-16,-0.674302387583723,0.738455340625884));
#893=DIRECTION('ref_axis',(-9.04346969210762E-17,0.738455340625884,0.674302387583723));
#894=DIRECTION('center_axis',(-1.,-4.52707719464188E-16,-6.93889390390723E-18));
#895=DIRECTION('ref_axis',(6.93889390390723E-18,3.14129083484181E-33,-1.));
#896=DIRECTION('',(0.,0.,1.));
#897=DIRECTION('center_axis',(-0.0558951025323078,-1.02677637606306E-17,
-0.998436646719712));
#898=DIRECTION('ref_axis',(-0.998436646719712,-1.83409836533507E-16,0.0558951025323078));
#899=DIRECTION('center_axis',(-0.0558951025323078,-1.02677637606306E-17,
-0.998436646719712));
#900=DIRECTION('ref_axis',(0.998436646719712,1.22273224355672E-16,-0.0558951025323078));
#901=DIRECTION('',(0.998436646719712,2.22998670598427E-16,-0.0558951025323078));
#902=DIRECTION('',(1.83697019872104E-16,-1.,0.));
#903=DIRECTION('',(0.998436646719712,3.91251215374336E-16,-0.0558951025323078));
#904=DIRECTION('center_axis',(2.17520979942657E-16,-1.,-1.04083408558608E-16));
#905=DIRECTION('ref_axis',(-1.91198119703469E-32,1.04083408558608E-16,-1.));
#906=DIRECTION('',(0.,0.,-1.));
#907=DIRECTION('',(0.738455340625884,2.74733762476124E-16,-0.674302387583723));
#908=DIRECTION('',(0.,0.,-1.));
#909=DIRECTION('center_axis',(1.,1.83697019872104E-16,0.));
#910=DIRECTION('ref_axis',(0.,0.,-1.));
#911=DIRECTION('',(-1.83697019872104E-16,1.,0.));
#912=DIRECTION('',(0.,0.,1.));
#913=DIRECTION('center_axis',(-0.674302387583723,-1.23867339091774E-16,
-0.738455340625884));
#914=DIRECTION('ref_axis',(-0.738455340625884,-1.35652045381614E-16,0.674302387583723));
#915=DIRECTION('center_axis',(0.674302387583723,1.23867339091774E-16,0.738455340625884));
#916=DIRECTION('ref_axis',(0.738455340625884,9.04346969210762E-17,-0.674302387583723));
#917=DIRECTION('',(0.738455340625884,2.96694033596309E-16,-0.674302387583723));
#918=DIRECTION('center_axis',(3.91475379506821E-16,-1.,-6.93889390390723E-18));
#919=DIRECTION('ref_axis',(-2.71640612438966E-33,6.93889390390723E-18,-1.));
#920=DIRECTION('',(0.,0.,1.));
#921=DIRECTION('center_axis',(0.,0.,-1.));
#922=DIRECTION('ref_axis',(-1.22464679914736E-16,1.,0.));
#923=DIRECTION('center_axis',(0.,0.,-1.));
#924=DIRECTION('ref_axis',(-1.22464679914736E-16,1.,0.));
#925=DIRECTION('',(0.,0.,1.));
#926=DIRECTION('',(0.,0.,1.));
#927=DIRECTION('center_axis',(8.25782260611829E-17,-0.674302387583723,-0.738455340625884));
#928=DIRECTION('ref_axis',(-9.04346969210762E-17,0.738455340625884,-0.674302387583723));
#929=DIRECTION('',(0.,0.,1.));
#930=DIRECTION('center_axis',(-6.84517584042042E-18,0.0558951025323078,
0.998436646719712));
#931=DIRECTION('ref_axis',(-1.22273224355672E-16,0.998436646719712,-0.0558951025323078));
#932=DIRECTION('',(0.,0.,-1.));
#933=DIRECTION('center_axis',(0.,0.,-1.));
#934=DIRECTION('ref_axis',(-1.22464679914736E-16,1.,0.));
#935=DIRECTION('center_axis',(0.,0.,-1.));
#936=DIRECTION('ref_axis',(-1.22464679914736E-16,1.,2.22044604925032E-16));
#937=DIRECTION('center_axis',(2.71926214689381E-32,-2.22044604925032E-16,
1.));
#938=DIRECTION('ref_axis',(-1.22464679914736E-16,1.,2.22044604925032E-16));
#939=DIRECTION('',(-2.71926214689381E-32,2.22044604925032E-16,-1.));
#940=DIRECTION('center_axis',(-2.71926214689381E-32,2.22044604925032E-16,
-1.));
#941=DIRECTION('ref_axis',(1.22464679914736E-16,-1.,-2.22044604925032E-16));
#942=DIRECTION('center_axis',(-2.71926214689381E-32,2.22044604925032E-16,
-1.));
#943=DIRECTION('ref_axis',(1.22464679914736E-16,-1.,-2.22044604925032E-16));
#944=DIRECTION('center_axis',(6.84517584042042E-18,-0.0558951025323078,
-0.998436646719712));
#945=DIRECTION('ref_axis',(1.22273224355672E-16,-0.998436646719712,0.0558951025323078));
#946=DIRECTION('',(-1.61862058420592E-16,0.998436646719712,-0.0558951025323078));
#947=DIRECTION('',(1.,1.22464679914736E-16,0.));
#948=DIRECTION('',(-3.30114603196501E-16,0.998436646719712,-0.0558951025323078));
#949=DIRECTION('center_axis',(1.,1.56288639985289E-16,-1.04083408558608E-16));
#950=DIRECTION('ref_axis',(-1.04083408558608E-16,-1.27465413135646E-32,
-1.));
#951=DIRECTION('',(-2.29516414015586E-16,0.738455340625884,-0.674302387583723));
#952=DIRECTION('',(0.,0.,-1.));
#953=DIRECTION('center_axis',(-1.22464679914736E-16,1.,0.));
#954=DIRECTION('ref_axis',(0.,0.,-1.));
#955=DIRECTION('',(-1.,-1.22464679914736E-16,0.));
#956=DIRECTION('',(0.,0.,1.));
#957=DIRECTION('center_axis',(8.25782260611829E-17,-0.674302387583723,-0.738455340625884));
#958=DIRECTION('ref_axis',(9.04346969210762E-17,-0.738455340625884,0.674302387583723));
#959=DIRECTION('',(-2.51476685135771E-16,0.738455340625884,-0.674302387583723));
#960=DIRECTION('center_axis',(1.,3.30243039549453E-16,-6.93889390390723E-18));
#961=DIRECTION('ref_axis',(-6.93889390390723E-18,-2.2915214139375E-33,-1.));
#962=DIRECTION('center_axis',(0.,0.,-1.));
#963=DIRECTION('ref_axis',(1.,0.,0.));
#964=DIRECTION('center_axis',(0.,0.,-1.));
#965=DIRECTION('ref_axis',(-1.,0.,0.));
#966=DIRECTION('',(-0.185287262213471,2.26911452592504E-17,0.982684400233074));
#967=DIRECTION('center_axis',(0.,0.,-1.));
#968=DIRECTION('ref_axis',(1.,0.,0.));
#969=DIRECTION('center_axis',(0.,0.,-1.));
#970=DIRECTION('ref_axis',(-1.,0.,0.));
#971=DIRECTION('',(-0.178309240807051,2.1836584101275E-17,0.983974498979934));
#972=DIRECTION('center_axis',(0.,0.,-1.));
#973=DIRECTION('ref_axis',(1.,0.,0.));
#974=DIRECTION('center_axis',(0.,0.,-1.));
#975=DIRECTION('ref_axis',(1.,0.,0.));
#976=DIRECTION('center_axis',(0.,0.,-1.));
#977=DIRECTION('ref_axis',(-1.,0.,0.));
#978=DIRECTION('',(-0.195066500448067,2.38887565394601E-17,0.980790018506991));
#979=DIRECTION('center_axis',(0.,0.,-1.));
#980=DIRECTION('ref_axis',(1.,0.,0.));
#981=DIRECTION('center_axis',(0.,0.,-1.));
#982=DIRECTION('ref_axis',(-1.,0.,0.));
#983=DIRECTION('',(-0.189620685972953,2.32218366128903E-17,0.98185742114176));
#984=DIRECTION('center_axis',(0.,0.,-1.));
#985=DIRECTION('ref_axis',(1.,0.,0.));
#986=DIRECTION('center_axis',(0.,0.,-1.));
#987=DIRECTION('ref_axis',(1.,0.,0.));
#988=DIRECTION('center_axis',(0.,0.,-1.));
#989=DIRECTION('ref_axis',(-1.,0.,0.));
#990=DIRECTION('',(-0.216574477056881,2.65227240104722E-17,0.976266098913374));
#991=DIRECTION('center_axis',(0.,0.,-1.));
#992=DIRECTION('ref_axis',(1.,0.,0.));
#993=DIRECTION('center_axis',(0.,0.,-1.));
#994=DIRECTION('ref_axis',(-1.,0.,0.));
#995=DIRECTION('',(-0.215234094150355,2.63585744468612E-17,0.976562483774221));
#996=DIRECTION('center_axis',(0.,0.,-1.));
#997=DIRECTION('ref_axis',(1.,0.,0.));
#998=DIRECTION('',(-1.,0.,0.));
#999=DIRECTION('',(0.,0.,1.));
#1000=CARTESIAN_POINT('',(0.,0.,0.));
#1001=CARTESIAN_POINT('',(0.,0.,0.));
#1002=CARTESIAN_POINT('Ctrl Pts',(-753.353164094604,0.,3021.74492686241));
#1003=CARTESIAN_POINT('Ctrl Pts',(-753.353164094604,-0.70775997765125,3021.74492686241));
#1004=CARTESIAN_POINT('Ctrl Pts',(-754.060924072255,-0.70775997765125,3021.74492686241));
#1005=CARTESIAN_POINT('Ctrl Pts',(-754.768684049906,-0.70775997765125,3021.74492686241));
#1006=CARTESIAN_POINT('Ctrl Pts',(-754.768684049906,0.,3021.74492686241));
#1007=CARTESIAN_POINT('Ctrl Pts',(-754.768684049906,0.70775997765125,3021.74492686241));
#1008=CARTESIAN_POINT('Ctrl Pts',(-754.060924072255,0.70775997765125,3021.74492686241));
#1009=CARTESIAN_POINT('Ctrl Pts',(-753.353164094604,0.70775997765125,3021.74492686241));
#1010=CARTESIAN_POINT('Ctrl Pts',(-753.353164094604,0.,3021.74492686241));
#1011=CARTESIAN_POINT('Ctrl Pts',(-751.015215690745,0.,3021.74492686241));
#1012=CARTESIAN_POINT('Ctrl Pts',(-751.015215690745,-3.04570838151051,3021.74492686241));
#1013=CARTESIAN_POINT('Ctrl Pts',(-754.060924072255,-3.04570838151051,3021.74492686241));
#1014=CARTESIAN_POINT('Ctrl Pts',(-757.106632453766,-3.04570838151051,3021.74492686241));
#1015=CARTESIAN_POINT('Ctrl Pts',(-757.106632453766,0.,3021.74492686241));
#1016=CARTESIAN_POINT('Ctrl Pts',(-757.106632453766,3.04570838151051,3021.74492686241));
#1017=CARTESIAN_POINT('Ctrl Pts',(-754.060924072255,3.04570838151051,3021.74492686241));
#1018=CARTESIAN_POINT('Ctrl Pts',(-751.015215690745,3.04570838151051,3021.74492686241));
#1019=CARTESIAN_POINT('Ctrl Pts',(-751.015215690745,0.,3021.74492686241));
#1020=CARTESIAN_POINT('Ctrl Pts',(-750.444062525329,0.,3019.47781707223));
#1021=CARTESIAN_POINT('Ctrl Pts',(-750.444062525329,-3.61686154692563,3019.47781707223));
#1022=CARTESIAN_POINT('Ctrl Pts',(-754.060924072255,-3.61686154692563,3019.47781707223));
#1023=CARTESIAN_POINT('Ctrl Pts',(-757.677785619181,-3.61686154692563,3019.47781707223));
#1024=CARTESIAN_POINT('Ctrl Pts',(-757.677785619181,0.,3019.47781707223));
#1025=CARTESIAN_POINT('Ctrl Pts',(-757.677785619181,3.61686154692563,3019.47781707223));
#1026=CARTESIAN_POINT('Ctrl Pts',(-754.060924072255,3.61686154692563,3019.47781707223));
#1027=CARTESIAN_POINT('Ctrl Pts',(-750.444062525329,3.61686154692563,3019.47781707223));
#1028=CARTESIAN_POINT('Ctrl Pts',(-750.444062525329,0.,3019.47781707223));
#1029=CARTESIAN_POINT('',(-750.444062525329,-4.4293779164016E-16,3019.47781707223));
#1030=CARTESIAN_POINT('Origin',(-754.060924072255,7.47209049425342E-26,
3019.47781707223));
#1031=CARTESIAN_POINT('',(-753.353164094604,-8.66755991195307E-17,3021.74492686241));
#1032=CARTESIAN_POINT('Origin',(-753.353164094604,-8.66755991195249E-17,
3018.74492686241));
#1033=CARTESIAN_POINT('Origin',(-754.060924072255,0.,3021.74492686241));
#1034=CARTESIAN_POINT('Origin',(-754.340585579428,87.214590569655,3021.74492686241));
#1035=CARTESIAN_POINT('Origin',(-754.060924072255,0.,3007.9710737225));
#1036=CARTESIAN_POINT('',(-747.456722837817,0.,3007.62000473328));
#1037=CARTESIAN_POINT('Origin',(-754.060924072255,0.,3007.62000473328));
#1038=CARTESIAN_POINT('',(-747.545167678561,-7.97950021156155E-16,3007.9710737225));
#1039=CARTESIAN_POINT('Origin',(-841.05092407226,0.500000000000966,-155.604073137579));
#1040=CARTESIAN_POINT('',(-840.990493264797,-3.49999999999909,-155.600690062458));
#1041=CARTESIAN_POINT('',(-840.990493264797,3.50000000000094,-155.600690062458));
#1042=CARTESIAN_POINT('Origin',(-754.06092407226,1.01252339845814E-12,-150.734144749774));
#1043=CARTESIAN_POINT('',(-1016.05092407226,-3.49999999999909,-165.401032188803));
#1044=CARTESIAN_POINT('',(-841.05092407226,-3.49999999999909,-155.604073137579));
#1045=CARTESIAN_POINT('',(-1016.05092407226,3.50000000000094,-165.401032188803));
#1046=CARTESIAN_POINT('',(-1016.05092407226,0.500000000000966,-165.401032188803));
#1047=CARTESIAN_POINT('',(-841.05092407226,3.50000000000094,-155.604073137579));
#1048=CARTESIAN_POINT('Origin',(-841.05092407226,-3.49999999999909,-155.604073137579));
#1049=CARTESIAN_POINT('',(-840.990493264797,-3.49999999999909,94.4511077725105));
#1050=CARTESIAN_POINT('',(-840.990493264797,-3.49999999999906,136.831858963837));
#1051=CARTESIAN_POINT('',(-1016.05092407226,-3.49999999999909,-65.4010321888025));
#1052=CARTESIAN_POINT('',(-841.05092407226,-3.49999999999909,94.3959268624209));
#1053=CARTESIAN_POINT('',(-1016.05092407226,-3.49999999999909,-115.401032188802));
#1054=CARTESIAN_POINT('Origin',(-1016.05092407226,0.500000000000966,-115.401032188802));
#1055=CARTESIAN_POINT('',(-1016.05092407226,3.50000000000094,-65.4010321888025));
#1056=CARTESIAN_POINT('',(-1016.05092407226,0.500000000000966,-65.4010321888025));
#1057=CARTESIAN_POINT('',(-1016.05092407226,3.50000000000094,-115.401032188802));
#1058=CARTESIAN_POINT('Origin',(-965.536473899256,0.500000000000966,-19.2750006128571));
#1059=CARTESIAN_POINT('',(-840.990493264797,3.50000000000094,94.4511077725105));
#1060=CARTESIAN_POINT('Origin',(-754.06092407226,1.01252339845814E-12,173.828712393082));
#1061=CARTESIAN_POINT('',(-841.05092407226,3.50000000000094,94.3959268624209));
#1062=CARTESIAN_POINT('Origin',(-928.55092407226,3.50000000000094,-35.5025526631911));
#1063=CARTESIAN_POINT('',(-840.990493264797,3.50000000000098,136.831858963837));
#1064=CARTESIAN_POINT('Origin',(-754.56092407226,-86.9899999999991,-155.604073137579));
#1065=CARTESIAN_POINT('',(-750.56092407226,-86.9295691925356,-155.600690062458));
#1066=CARTESIAN_POINT('',(-754.06092407226,-86.999999999999,-155.604632963811));
#1067=CARTESIAN_POINT('Origin',(-754.06092407226,1.01252339845814E-12,-150.734144749774));
#1068=CARTESIAN_POINT('',(-750.56092407226,-261.989999999999,-165.401032188803));
#1069=CARTESIAN_POINT('',(-750.56092407226,-86.9899999999991,-155.604073137579));
#1070=CARTESIAN_POINT('',(-757.56092407226,-261.989999999999,-165.401032188803));
#1071=CARTESIAN_POINT('',(-754.56092407226,-261.989999999999,-165.401032188803));
#1072=CARTESIAN_POINT('',(-757.56092407226,-86.9295691925356,-155.600690062458));
#1073=CARTESIAN_POINT('',(-757.56092407226,-86.9899999999991,-155.604073137579));
#1074=CARTESIAN_POINT('Origin',(-754.06092407226,1.01252339845814E-12,-150.734144749774));
#1075=CARTESIAN_POINT('Origin',(-750.56092407226,-86.9899999999991,-155.604073137579));
#1076=CARTESIAN_POINT('',(-750.56092407226,-86.9295691925356,94.4511077725105));
#1077=CARTESIAN_POINT('',(-750.56092407226,-86.9295691925355,136.831858963837));
#1078=CARTESIAN_POINT('',(-750.56092407226,-261.989999999999,-65.4010321888025));
#1079=CARTESIAN_POINT('',(-750.56092407226,-86.9899999999991,94.3959268624209));
#1080=CARTESIAN_POINT('',(-750.56092407226,-261.989999999999,-115.401032188802));
#1081=CARTESIAN_POINT('Origin',(-754.56092407226,-261.989999999999,-115.401032188802));
#1082=CARTESIAN_POINT('',(-757.56092407226,-261.989999999999,-65.4010321888025));
#1083=CARTESIAN_POINT('',(-754.56092407226,-261.989999999999,-65.4010321888025));
#1084=CARTESIAN_POINT('',(-757.56092407226,-261.989999999999,-115.401032188802));
#1085=CARTESIAN_POINT('Origin',(-754.56092407226,-211.475549826995,-19.2750006128571));
#1086=CARTESIAN_POINT('',(-757.56092407226,-86.9295691925356,94.4511077725105));
#1087=CARTESIAN_POINT('',(-754.06092407226,-86.999999999999,94.3867956076172));
#1088=CARTESIAN_POINT('Origin',(-754.06092407226,1.01252339845814E-12,173.828712393082));
#1089=CARTESIAN_POINT('',(-757.56092407226,-86.9899999999991,94.3959268624209));
#1090=CARTESIAN_POINT('Origin',(-754.06092407226,1.01252339845814E-12,173.828712393082));
#1091=CARTESIAN_POINT('Origin',(-757.56092407226,-174.489999999999,-35.5025526631911));
#1092=CARTESIAN_POINT('',(-757.56092407226,-86.9295691925355,136.831858963837));
#1093=CARTESIAN_POINT('Origin',(-667.07092407226,-0.499999999998977,-155.604073137579));
#1094=CARTESIAN_POINT('',(-667.131354879724,3.50000000000108,-155.600690062458));
#1095=CARTESIAN_POINT('',(-667.131354879724,-3.49999999999895,-155.600690062458));
#1096=CARTESIAN_POINT('Origin',(-754.06092407226,1.01252339845814E-12,-150.734144749774));
#1097=CARTESIAN_POINT('',(-492.07092407226,3.50000000000108,-165.401032188803));
#1098=CARTESIAN_POINT('',(-667.07092407226,3.50000000000108,-155.604073137579));
#1099=CARTESIAN_POINT('',(-492.07092407226,-3.49999999999895,-165.401032188803));
#1100=CARTESIAN_POINT('',(-492.07092407226,-0.499999999998977,-165.401032188803));
#1101=CARTESIAN_POINT('',(-667.07092407226,-3.49999999999895,-155.604073137579));
#1102=CARTESIAN_POINT('Origin',(-667.07092407226,3.50000000000108,-155.604073137579));
#1103=CARTESIAN_POINT('',(-667.131354879724,3.50000000000108,94.4511077725105));
#1104=CARTESIAN_POINT('',(-667.131354879724,3.50000000000105,136.831858963837));
#1105=CARTESIAN_POINT('',(-492.07092407226,3.50000000000108,-65.4010321888025));
#1106=CARTESIAN_POINT('',(-667.07092407226,3.50000000000108,94.3959268624209));
#1107=CARTESIAN_POINT('',(-492.07092407226,3.50000000000108,-115.401032188802));
#1108=CARTESIAN_POINT('Origin',(-492.07092407226,-0.499999999998977,-115.401032188802));
#1109=CARTESIAN_POINT('',(-492.07092407226,-3.49999999999895,-65.4010321888025));
#1110=CARTESIAN_POINT('',(-492.07092407226,-0.499999999998977,-65.4010321888025));
#1111=CARTESIAN_POINT('',(-492.07092407226,-3.49999999999895,-115.401032188802));
#1112=CARTESIAN_POINT('Origin',(-542.585374245264,-0.499999999998977,-19.2750006128571));
#1113=CARTESIAN_POINT('',(-667.131354879724,-3.49999999999895,94.4511077725105));
#1114=CARTESIAN_POINT('Origin',(-754.06092407226,1.01252339845814E-12,173.828712393082));
#1115=CARTESIAN_POINT('',(-667.07092407226,-3.49999999999895,94.3959268624209));
#1116=CARTESIAN_POINT('Origin',(-579.57092407226,-3.49999999999895,-35.5025526631911));
#1117=CARTESIAN_POINT('',(-667.131354879724,-3.49999999999898,136.831858963837));
#1118=CARTESIAN_POINT('Origin',(-754.06092407226,1.01252339845814E-12,136.831858963837));
#1119=CARTESIAN_POINT('',(-754.06092407226,-86.999999999999,-168.604073137589));
#1120=CARTESIAN_POINT('Origin',(-754.06092407226,1.01252339845814E-12,-168.604073137589));
#1121=CARTESIAN_POINT('',(-754.06092407226,-86.999999999999,136.831858963837));
#1122=CARTESIAN_POINT('',(-754.060924070789,-87.,2157.39592686241));
#1123=CARTESIAN_POINT('',(-754.06092407226,-86.999999999999,136.831858963837));
#1124=CARTESIAN_POINT('',(-771.033782086327,-85.3283193953469,2157.39592686241));
#1125=CARTESIAN_POINT('Ctrl Pts',(-754.060924070789,-87.0000000000006,2157.39592686241));
#1126=CARTESIAN_POINT('Ctrl Pts',(-754.122485716046,-87.0000000000017,2157.39592686241));
#1127=CARTESIAN_POINT('Ctrl Pts',(-754.184049854527,-86.9999344467355,2157.39592686241));
#1128=CARTESIAN_POINT('Ctrl Pts',(-759.891131115704,-86.9877809338746,2157.39592686241));
#1129=CARTESIAN_POINT('Ctrl Pts',(-765.515589224471,-86.425956201066,2157.39592686241));
#1130=CARTESIAN_POINT('Ctrl Pts',(-771.033782086327,-85.3283193953467,2157.39592686241));
#1131=CARTESIAN_POINT('',(-787.354382686632,-80.3775193290582,2157.39592686241));
#1132=CARTESIAN_POINT('Ctrl Pts',(-771.033782086327,-85.3283193953467,2157.39592686241));
#1133=CARTESIAN_POINT('Ctrl Pts',(-776.54549413886,-84.2319717027521,2157.39592686241));
#1134=CARTESIAN_POINT('Ctrl Pts',(-781.951190514701,-82.6010703219413,2157.39592686241));
#1135=CARTESIAN_POINT('Ctrl Pts',(-787.229506832455,-80.4291591349811,2157.39592686241));
#1136=CARTESIAN_POINT('Ctrl Pts',(-787.291961214878,-80.4033751492394,2157.39592686241));
#1137=CARTESIAN_POINT('Ctrl Pts',(-787.354382686631,-80.3775193290571,2157.39592686241));
#1138=CARTESIAN_POINT('',(-802.395534343777,-72.3378562711159,2157.39592686241));
#1139=CARTESIAN_POINT('Ctrl Pts',(-787.354382686631,-80.3775193290571,2157.39592686241));
#1140=CARTESIAN_POINT('Ctrl Pts',(-792.627304624838,-78.1934035490244,2157.39592686241));
#1141=CARTESIAN_POINT('Ctrl Pts',(-797.666160141734,-75.4979230835321,2157.39592686241));
#1142=CARTESIAN_POINT('Ctrl Pts',(-802.395534343774,-72.3378562711151,2157.39592686241));
#1143=CARTESIAN_POINT('',(-815.579214034277,-61.5182899644429,2157.39592686241));
#1144=CARTESIAN_POINT('Ctrl Pts',(-802.395534343774,-72.3378562711151,2157.39592686241));
#1145=CARTESIAN_POINT('Ctrl Pts',(-806.960843913412,-69.2874139413034,2157.39592686241));
#1146=CARTESIAN_POINT('Ctrl Pts',(-811.237725187515,-65.8039901375233,2157.39592686241));
#1147=CARTESIAN_POINT('Ctrl Pts',(-815.300901232258,-61.795658718337,2157.39592686241));
#1148=CARTESIAN_POINT('Ctrl Pts',(-815.440302520982,-61.6572014777279,2157.39592686241));
#1149=CARTESIAN_POINT('Ctrl Pts',(-815.579214034274,-61.5182899644408,2157.39592686241));
#1150=CARTESIAN_POINT('',(-826.398780342468,-48.3346102728751,2157.39592686241));
#1151=CARTESIAN_POINT('Ctrl Pts',(-815.579214034274,-61.5182899644408,2157.39592686241));
#1152=CARTESIAN_POINT('Ctrl Pts',(-819.615099696906,-57.4824043019678,2157.39592686241));
#1153=CARTESIAN_POINT('Ctrl Pts',(-823.238750607554,-53.0639289843117,2157.39592686241));
#1154=CARTESIAN_POINT('Ctrl Pts',(-826.398780342464,-48.3346102728748,2157.39592686241));
#1155=CARTESIAN_POINT('',(-834.438443400355,-33.2934586166973,2157.39592686241));
#1156=CARTESIAN_POINT('Ctrl Pts',(-826.398780342464,-48.3346102728748,2157.39592686241));
#1157=CARTESIAN_POINT('Ctrl Pts',(-829.380328349393,-43.8724083440631,2157.39592686241));
#1158=CARTESIAN_POINT('Ctrl Pts',(-831.949034254347,-39.1334093704993,2157.39592686241));
#1159=CARTESIAN_POINT('Ctrl Pts',(-834.191355056158,-33.8853347477492,2157.39592686241));
#1160=CARTESIAN_POINT('Ctrl Pts',(-834.315727129988,-33.5897219009204,2157.39592686241));
#1161=CARTESIAN_POINT('Ctrl Pts',(-834.438443400351,-33.2934586166959,2157.39592686241));
#1162=CARTESIAN_POINT('',(-839.389243467236,-16.9728580159302,2157.39592686241));
#1163=CARTESIAN_POINT('Ctrl Pts',(-834.438443400351,-33.2934586166959,2157.39592686241));
#1164=CARTESIAN_POINT('Ctrl Pts',(-836.558020763305,-28.1763462007233,2157.39592686241));
#1165=CARTESIAN_POINT('Ctrl Pts',(-838.184467172357,-22.8655386985975,2157.39592686241));
#1166=CARTESIAN_POINT('Ctrl Pts',(-839.326241459279,-17.2873108509645,2157.39592686241));
#1167=CARTESIAN_POINT('Ctrl Pts',(-839.357961028985,-17.1301254531326,2157.39592686241));
#1168=CARTESIAN_POINT('Ctrl Pts',(-839.389243467232,-16.9728580159293,2157.39592686241));
#1169=CARTESIAN_POINT('',(-841.06092407226,0.,2157.39592686241));
#1170=CARTESIAN_POINT('Ctrl Pts',(-839.389243467232,-16.9728580159293,2157.39592686241));
#1171=CARTESIAN_POINT('Ctrl Pts',(-840.500752821144,-11.3849231453177,2157.39592686241));
#1172=CARTESIAN_POINT('Ctrl Pts',(-841.060924072256,-5.69352096302387,2157.39592686241));
#1173=CARTESIAN_POINT('Ctrl Pts',(-841.060924072256,-9.55118137559299E-13,
2157.39592686241));
#1174=CARTESIAN_POINT('',(-839.389243467434,16.9728580149394,2157.39592686241));
#1175=CARTESIAN_POINT('Ctrl Pts',(-841.060924072256,-9.55118137559299E-13,
2157.39592686241));
#1176=CARTESIAN_POINT('Ctrl Pts',(-841.060924072256,5.70721678042942,2157.39592686241));
#1177=CARTESIAN_POINT('Ctrl Pts',(-840.498924127225,11.3941166101363,2157.39592686241));
#1178=CARTESIAN_POINT('Ctrl Pts',(-839.389243467429,16.972858014937,2157.39592686241));
#1179=CARTESIAN_POINT('',(-834.438443400743,33.2934586157617,2157.39592686241));
#1180=CARTESIAN_POINT('Ctrl Pts',(-839.389243467429,16.972858014937,2157.39592686241));
#1181=CARTESIAN_POINT('Ctrl Pts',(-838.305412432434,22.4216445801134,2157.39592686241));
#1182=CARTESIAN_POINT('Ctrl Pts',(-836.699066294522,27.7672424613753,2157.39592686241));
#1183=CARTESIAN_POINT('Ctrl Pts',(-834.538767284856,33.0504745101016,2157.39592686241));
#1184=CARTESIAN_POINT('Ctrl Pts',(-834.48874124286,33.1720288831533,2157.39592686241));
#1185=CARTESIAN_POINT('Ctrl Pts',(-834.438443400739,33.29345861576,2157.39592686241));
#1186=CARTESIAN_POINT('',(-826.398780342583,48.3346102727028,2157.39592686241));
#1187=CARTESIAN_POINT('Ctrl Pts',(-834.438443400739,33.2934586157601,2157.39592686241));
#1188=CARTESIAN_POINT('Ctrl Pts',(-832.254279569517,38.5664965595401,2157.39592686241));
#1189=CARTESIAN_POINT('Ctrl Pts',(-829.558823519891,43.6052714432639,2157.39592686241));
#1190=CARTESIAN_POINT('Ctrl Pts',(-826.398780342581,48.3346102726989,2157.39592686241));
#1191=CARTESIAN_POINT('',(-815.579214034687,61.5182899640326,2157.39592686241));
#1192=CARTESIAN_POINT('Ctrl Pts',(-826.398780342581,48.3346102726989,2157.39592686241));
#1193=CARTESIAN_POINT('Ctrl Pts',(-823.382457740089,52.8488560616479,2157.39592686241));
#1194=CARTESIAN_POINT('Ctrl Pts',(-819.942754738836,57.0811108248826,2157.39592686241));
#1195=CARTESIAN_POINT('Ctrl Pts',(-815.943248904523,61.1526272643472,2157.39592686241));
#1196=CARTESIAN_POINT('Ctrl Pts',(-815.761623008762,61.3358809899573,2157.39592686241));
#1197=CARTESIAN_POINT('Ctrl Pts',(-815.579214034685,61.5182899640298,2157.39592686241));
#1198=CARTESIAN_POINT('',(-802.395534344972,72.3378562703169,2157.39592686241));
#1199=CARTESIAN_POINT('Ctrl Pts',(-815.579214034685,61.5182899640298,2157.39592686241));
#1200=CARTESIAN_POINT('Ctrl Pts',(-811.543267593998,65.5542364046117,2157.39592686241));
#1201=CARTESIAN_POINT('Ctrl Pts',(-807.124848654588,69.1778294766212,2157.39592686241));
#1202=CARTESIAN_POINT('Ctrl Pts',(-802.395534344973,72.3378562703131,2157.39592686241));
#1203=CARTESIAN_POINT('',(-787.354382688027,80.3775193284804,2157.39592686241));
#1204=CARTESIAN_POINT('Ctrl Pts',(-802.395534344973,72.3378562703131,2157.39592686241));
#1205=CARTESIAN_POINT('Ctrl Pts',(-797.982632141105,75.2864632541655,2157.39592686241));
#1206=CARTESIAN_POINT('Ctrl Pts',(-793.298954864687,77.8313252079174,2157.39592686241));
#1207=CARTESIAN_POINT('Ctrl Pts',(-788.055636094981,80.0843474071865,2157.39592686241));
#1208=CARTESIAN_POINT('Ctrl Pts',(-787.705443012855,80.232105380723,2157.39592686241));
#1209=CARTESIAN_POINT('Ctrl Pts',(-787.354382688028,80.3775193284777,2157.39592686241));
#1210=CARTESIAN_POINT('',(-771.033782087672,85.3283193950793,2157.39592686241));
#1211=CARTESIAN_POINT('Ctrl Pts',(-787.354382688028,80.3775193284777,2157.39592686241));
#1212=CARTESIAN_POINT('Ctrl Pts',(-782.0810524889,82.5618042158288,2157.39592686241));
#1213=CARTESIAN_POINT('Ctrl Pts',(-776.612427461419,84.2186578370137,2157.39592686241));
#1214=CARTESIAN_POINT('Ctrl Pts',(-771.033782087675,85.3283193950777,2157.39592686241));
#1215=CARTESIAN_POINT('',(-754.060924070699,87.,2157.39592686241));
#1216=CARTESIAN_POINT('Ctrl Pts',(-771.033782087675,85.3283193950777,2157.39592686241));
#1217=CARTESIAN_POINT('Ctrl Pts',(-765.943955402892,86.3407488705011,2157.39592686241));
#1218=CARTESIAN_POINT('Ctrl Pts',(-760.7625046158,86.8974789514516,2157.39592686241));
#1219=CARTESIAN_POINT('Ctrl Pts',(-755.056792106182,86.9957129011385,2157.39592686241));
#1220=CARTESIAN_POINT('Ctrl Pts',(-754.558775132541,87.0000000000087,2157.39592686241));
#1221=CARTESIAN_POINT('Ctrl Pts',(-754.060924070704,86.9999999999998,2157.39592686241));
#1222=CARTESIAN_POINT('',(-737.088066056867,85.328319395083,2157.39592686241));
#1223=CARTESIAN_POINT('Ctrl Pts',(-754.060924070704,86.9999999999998,2157.39592686241));
#1224=CARTESIAN_POINT('Ctrl Pts',(-748.353056806233,86.9999999998977,2157.39592686241));
#1225=CARTESIAN_POINT('Ctrl Pts',(-742.666809882142,86.4380005363727,2157.39592686241));
#1226=CARTESIAN_POINT('Ctrl Pts',(-737.088066056869,85.3283193950843,2157.39592686241));
#1227=CARTESIAN_POINT('',(-720.767465456502,80.3775193284837,2157.39592686241));
#1228=CARTESIAN_POINT('Ctrl Pts',(-737.088066056869,85.3283193950843,2157.39592686241));
#1229=CARTESIAN_POINT('Ctrl Pts',(-732.110092928163,84.338138975302,2157.39592686241));
#1230=CARTESIAN_POINT('Ctrl Pts',(-727.217762645113,82.9116469960741,2157.39592686241));
#1231=CARTESIAN_POINT('Ctrl Pts',(-721.900800628115,80.8399525810741,2157.39592686241));
#1232=CARTESIAN_POINT('Ctrl Pts',(-721.332777447091,80.6116792219595,2157.39592686241));
#1233=CARTESIAN_POINT('Ctrl Pts',(-720.76746545651,80.3775193284892,2157.39592686241));
#1234=CARTESIAN_POINT('',(-705.726313799562,72.3378562703263,2157.39592686241));
#1235=CARTESIAN_POINT('Ctrl Pts',(-720.76746545651,80.3775193284892,2157.39592686241));
#1236=CARTESIAN_POINT('Ctrl Pts',(-715.494086039062,78.1932140542442,2157.39592686241));
#1237=CARTESIAN_POINT('Ctrl Pts',(-710.455872582567,75.4980464159159,2157.39592686241));
#1238=CARTESIAN_POINT('Ctrl Pts',(-705.72631379956,72.3378562703282,2157.39592686241));
#1239=CARTESIAN_POINT('',(-692.542634108684,61.5182899628832,2157.39592686241));
#1240=CARTESIAN_POINT('Ctrl Pts',(-705.72631379956,72.3378562703284,2157.39592686241));
#1241=CARTESIAN_POINT('Ctrl Pts',(-701.598122778511,69.579487216814,2157.39592686241));
#1242=CARTESIAN_POINT('Ctrl Pts',(-697.705237830821,66.4666039643635,2157.39592686241));
#1243=CARTESIAN_POINT('Ctrl Pts',(-693.570890079614,62.5337809356714,2157.39592686241));
#1244=CARTESIAN_POINT('Ctrl Pts',(-693.053446171085,62.0291020252942,2157.39592686241));
#1245=CARTESIAN_POINT('Ctrl Pts',(-692.542634108693,61.5182899628968,2157.39592686241));
#1246=CARTESIAN_POINT('',(-681.723067801942,48.3346102727094,2157.39592686241));
#1247=CARTESIAN_POINT('Ctrl Pts',(-692.542634108693,61.5182899628968,2157.39592686241));
#1248=CARTESIAN_POINT('Ctrl Pts',(-688.506602806889,57.4822586610485,2157.39592686241));
#1249=CARTESIAN_POINT('Ctrl Pts',(-684.88336996555,53.0643367025362,2157.39592686241));
#1250=CARTESIAN_POINT('Ctrl Pts',(-681.723067801935,48.3346102727065,2157.39592686241));
#1251=CARTESIAN_POINT('',(-673.683404743779,33.2934586157646,2157.39592686241));
#1252=CARTESIAN_POINT('Ctrl Pts',(-681.723067801935,48.3346102727065,2157.39592686241));
#1253=CARTESIAN_POINT('Ctrl Pts',(-679.024336778406,44.2956738710092,2157.39592686241));
#1254=CARTESIAN_POINT('Ctrl Pts',(-676.663440315389,40.0291912403011,2157.39592686241));
#1255=CARTESIAN_POINT('Ctrl Pts',(-674.329725366881,34.8226759949524,2157.39592686241));
#1256=CARTESIAN_POINT('Ctrl Pts',(-674.001089201859,34.0604167430266,2157.39592686241));
#1257=CARTESIAN_POINT('Ctrl Pts',(-673.683404743775,33.2934586157664,2157.39592686241));
#1258=CARTESIAN_POINT('',(-668.73260467718,16.9728580154063,2157.39592686241));
#1259=CARTESIAN_POINT('Ctrl Pts',(-673.683404743775,33.2934586157664,2157.39592686241));
#1260=CARTESIAN_POINT('Ctrl Pts',(-673.436384335161,32.6970985951076,2157.39592686241));
#1261=CARTESIAN_POINT('Ctrl Pts',(-673.195986308416,32.0978972272875,2157.39592686241));
#1262=CARTESIAN_POINT('Ctrl Pts',(-671.130672078446,26.7791306673574,2157.39592686241));
#1263=CARTESIAN_POINT('Ctrl Pts',(-669.716345317785,21.9184561879518,2157.39592686241));
#1264=CARTESIAN_POINT('Ctrl Pts',(-668.732604677175,16.9728580154056,2157.39592686241));
#1265=CARTESIAN_POINT('',(-667.060924072256,0.,2157.39592686241));
#1266=CARTESIAN_POINT('Ctrl Pts',(-668.732604677175,16.9728580154056,2157.39592686241));
#1267=CARTESIAN_POINT('Ctrl Pts',(-667.623032246919,11.3946607174076,2157.39592686241));
#1268=CARTESIAN_POINT('Ctrl Pts',(-667.060924072255,5.70851398840166,2157.39592686241));
#1269=CARTESIAN_POINT('Ctrl Pts',(-667.060924072256,4.10782519111308E-14,
2157.39592686241));
#1270=CARTESIAN_POINT('',(-668.732604677179,-16.9728580154044,2157.39592686241));
#1271=CARTESIAN_POINT('Ctrl Pts',(-667.060924072256,5.13478148889135E-15,
2157.39592686241));
#1272=CARTESIAN_POINT('Ctrl Pts',(-667.060924072256,-0.535830877561923,
2157.39592686241));
#1273=CARTESIAN_POINT('Ctrl Pts',(-667.065890206936,-1.07185998230157,2157.39592686241));
#1274=CARTESIAN_POINT('Ctrl Pts',(-667.171604430597,-6.77684388805347,2157.39592686241));
#1275=CARTESIAN_POINT('Ctrl Pts',(-667.727488381828,-11.9197971696301,2157.39592686241));
#1276=CARTESIAN_POINT('Ctrl Pts',(-668.732604677175,-16.9728580154064,2157.39592686241));
#1277=CARTESIAN_POINT('',(-673.683404743779,-33.2934586157637,2157.39592686241));
#1278=CARTESIAN_POINT('Ctrl Pts',(-668.732604677175,-16.9728580154064,2157.39592686241));
#1279=CARTESIAN_POINT('Ctrl Pts',(-669.842154320987,-22.5509407582186,2157.39592686241));
#1280=CARTESIAN_POINT('Ctrl Pts',(-671.498864363298,-28.0195116016689,2157.39592686241));
#1281=CARTESIAN_POINT('Ctrl Pts',(-673.683404743775,-33.2934586157687,2157.39592686241));
#1282=CARTESIAN_POINT('',(-681.723067801941,-48.3346102727081,2157.39592686241));
#1283=CARTESIAN_POINT('Ctrl Pts',(-673.683404743775,-33.2934586157687,2157.39592686241));
#1284=CARTESIAN_POINT('Ctrl Pts',(-673.845268365897,-33.6842319675493,2157.39592686241));
#1285=CARTESIAN_POINT('Ctrl Pts',(-674.01003782989,-34.0739343984137,2157.39592686241));
#1286=CARTESIAN_POINT('Ctrl Pts',(-676.270588389231,-39.3132933660012,2157.39592686241));
#1287=CARTESIAN_POINT('Ctrl Pts',(-678.798039879642,-43.9569966282468,2157.39592686241));
#1288=CARTESIAN_POINT('Ctrl Pts',(-681.723067801938,-48.3346102727109,2157.39592686241));
#1289=CARTESIAN_POINT('',(-692.542634108685,-61.5182899628838,2157.39592686241));
#1290=CARTESIAN_POINT('Ctrl Pts',(-681.723067801937,-48.3346102727109,2157.39592686241));
#1291=CARTESIAN_POINT('Ctrl Pts',(-684.882763228432,-53.0634286562693,2157.39592686241));
#1292=CARTESIAN_POINT('Ctrl Pts',(-688.506196967995,-57.481852822154,2157.39592686241));
#1293=CARTESIAN_POINT('Ctrl Pts',(-692.542634108683,-61.5182899628872,2157.39592686241));
#1294=CARTESIAN_POINT('',(-705.726313799561,-72.3378562703257,2157.39592686241));
#1295=CARTESIAN_POINT('Ctrl Pts',(-692.542634108683,-61.5182899628872,2157.39592686241));
#1296=CARTESIAN_POINT('Ctrl Pts',(-692.759363905243,-61.73501975945,2157.39592686241));
#1297=CARTESIAN_POINT('Ctrl Pts',(-692.977287774955,-61.950645614414,2157.39592686241));
#1298=CARTESIAN_POINT('Ctrl Pts',(-697.054982667121,-65.9427955531641,2157.39592686241));
#1299=CARTESIAN_POINT('Ctrl Pts',(-701.25192088117,-69.348162504604,2157.39592686241));
#1300=CARTESIAN_POINT('Ctrl Pts',(-705.72631379956,-72.3378562703285,2157.39592686241));
#1301=CARTESIAN_POINT('',(-720.767465456501,-80.3775193284833,2157.39592686241));
#1302=CARTESIAN_POINT('Ctrl Pts',(-705.72631379956,-72.3378562703285,2157.39592686241));
#1303=CARTESIAN_POINT('Ctrl Pts',(-710.455131213731,-75.4975510490981,2157.39592686241));
#1304=CARTESIAN_POINT('Ctrl Pts',(-715.493756098952,-78.1930773885761,2157.39592686241));
#1305=CARTESIAN_POINT('Ctrl Pts',(-720.7674654565,-80.3775193284857,2157.39592686241));
#1306=CARTESIAN_POINT('',(-737.088066056865,-85.3283193950826,2157.39592686241));
#1307=CARTESIAN_POINT('Ctrl Pts',(-720.7674654565,-80.3775193284857,2157.39592686241));
#1308=CARTESIAN_POINT('Ctrl Pts',(-720.93943440496,-80.448751199245,2157.39592686241));
#1309=CARTESIAN_POINT('Ctrl Pts',(-721.111654119567,-80.5194382662496,2157.39592686241));
#1310=CARTESIAN_POINT('Ctrl Pts',(-726.398188058454,-82.6694228654316,2157.39592686241));
#1311=CARTESIAN_POINT('Ctrl Pts',(-731.692259965765,-84.2550268315828,2157.39592686241));
#1312=CARTESIAN_POINT('Ctrl Pts',(-737.088066056865,-85.3283193950841,2157.39592686241));
#1313=CARTESIAN_POINT('Ctrl Pts',(-737.088066056865,-85.3283193950842,2157.39592686241));
#1314=CARTESIAN_POINT('Ctrl Pts',(-742.666152857937,-86.4378698461337,2157.39592686241));
#1315=CARTESIAN_POINT('Ctrl Pts',(-748.352940104355,-86.9999999999041,2157.39592686241));
#1316=CARTESIAN_POINT('Ctrl Pts',(-754.060924070789,-87.0000000000006,2157.39592686241));
#1317=CARTESIAN_POINT('',(-757.56092407226,86.9295691925376,94.4511077725105));
#1318=CARTESIAN_POINT('',(-750.56092407226,86.9295691925376,94.4511077725105));
#1319=CARTESIAN_POINT('Origin',(-754.06092407226,1.01252339845814E-12,173.828712393082));
#1320=CARTESIAN_POINT('',(-757.56092407226,86.9295691925376,-155.600690062458));
#1321=CARTESIAN_POINT('',(-757.56092407226,86.9295691925376,136.831858963837));
#1322=CARTESIAN_POINT('',(-750.56092407226,86.9295691925376,-155.600690062458));
#1323=CARTESIAN_POINT('Origin',(-754.06092407226,1.01252339845814E-12,-150.734144749774));
#1324=CARTESIAN_POINT('',(-750.56092407226,86.9295691925376,136.831858963837));
#1325=CARTESIAN_POINT('Origin',(-842.07092407226,-88.009999999999,-168.604073137589));
#1326=CARTESIAN_POINT('',(-754.06092407226,-48.9999999999987,-168.604073137589));
#1327=CARTESIAN_POINT('Origin',(-754.06092407226,1.29674049276218E-12,-168.604073137589));
#1328=CARTESIAN_POINT('Origin',(-754.06092407226,1.29674049276218E-12,-217.604073137587));
#1329=CARTESIAN_POINT('',(-754.06092407226,-48.9999999999987,-217.604073137587));
#1330=CARTESIAN_POINT('',(-754.06092407226,-48.9999999999987,-217.604073137587));
#1331=CARTESIAN_POINT('Origin',(-754.06092407226,1.29674049276218E-12,-217.604073137587));
#1332=CARTESIAN_POINT('Origin',(-754.06092407226,1.29674049276218E-12,-217.604073137587));
#1333=CARTESIAN_POINT('Origin',(-753.56092407226,86.990000000001,-155.604073137579));
#1334=CARTESIAN_POINT('',(-757.56092407226,261.990000000001,-165.401032188803));
#1335=CARTESIAN_POINT('',(-757.56092407226,86.990000000001,-155.604073137579));
#1336=CARTESIAN_POINT('',(-750.56092407226,261.990000000001,-165.401032188803));
#1337=CARTESIAN_POINT('',(-753.56092407226,261.990000000001,-165.401032188803));
#1338=CARTESIAN_POINT('',(-750.56092407226,86.990000000001,-155.604073137579));
#1339=CARTESIAN_POINT('Origin',(-757.56092407226,86.990000000001,-155.604073137579));
#1340=CARTESIAN_POINT('',(-757.56092407226,261.990000000001,-65.4010321888025));
#1341=CARTESIAN_POINT('',(-757.56092407226,86.990000000001,94.3959268624209));
#1342=CARTESIAN_POINT('',(-757.56092407226,261.990000000001,-115.401032188802));
#1343=CARTESIAN_POINT('Origin',(-753.56092407226,261.990000000001,-115.401032188802));
#1344=CARTESIAN_POINT('',(-750.56092407226,261.990000000001,-65.4010321888025));
#1345=CARTESIAN_POINT('',(-753.56092407226,261.990000000001,-65.4010321888025));
#1346=CARTESIAN_POINT('',(-750.56092407226,261.990000000001,-115.401032188802));
#1347=CARTESIAN_POINT('Origin',(-753.56092407226,211.475549826997,-19.2750006128571));
#1348=CARTESIAN_POINT('',(-750.56092407226,86.990000000001,94.3959268624209));
#1349=CARTESIAN_POINT('Origin',(-750.56092407226,174.490000000001,-35.5025526631911));
#1350=CARTESIAN_POINT('Ctrl Pts',(-667.060924072256,-3.73034936274053E-13,
2157.39592686241));
#1351=CARTESIAN_POINT('Ctrl Pts',(-667.060924072255,5.69408944917566,2157.39592686241));
#1352=CARTESIAN_POINT('Ctrl Pts',(-668.182561793636,17.0822683475277,2157.39592686241));
#1353=CARTESIAN_POINT('Ctrl Pts',(-673.165275676935,33.5080747023067,2157.39592686241));
#1354=CARTESIAN_POINT('Ctrl Pts',(-681.256763961264,48.6461845378208,2157.39592686241));
#1355=CARTESIAN_POINT('Ctrl Pts',(-692.146075289614,61.914848782641,2157.39592686241));
#1356=CARTESIAN_POINT('Ctrl Pts',(-705.414739534434,72.8041601109916,2157.39592686241));
#1357=CARTESIAN_POINT('Ctrl Pts',(-720.552849369948,80.89564839532,2157.39592686241));
#1358=CARTESIAN_POINT('Ctrl Pts',(-736.978655724727,85.8783622786187,2157.39592686241));
#1359=CARTESIAN_POINT('Ctrl Pts',(-754.060924072255,87.5608188606904,2157.39592686241));
#1360=CARTESIAN_POINT('Ctrl Pts',(-771.143192419784,85.8783622786187,2157.39592686241));
#1361=CARTESIAN_POINT('Ctrl Pts',(-787.568998774562,80.8956483953201,2157.39592686241));
#1362=CARTESIAN_POINT('Ctrl Pts',(-802.707108610076,72.8041601109916,2157.39592686241));
#1363=CARTESIAN_POINT('Ctrl Pts',(-815.975772854897,61.914848782641,2157.39592686241));
#1364=CARTESIAN_POINT('Ctrl Pts',(-826.865084183247,48.6461845378208,2157.39592686241));
#1365=CARTESIAN_POINT('Ctrl Pts',(-834.956572467576,33.5080747023066,2157.39592686241));
#1366=CARTESIAN_POINT('Ctrl Pts',(-839.939286350874,17.0822683475276,2157.39592686241));
#1367=CARTESIAN_POINT('Ctrl Pts',(-841.621742932947,-4.16707315724084E-13,
2157.39592686241));
#1368=CARTESIAN_POINT('Ctrl Pts',(-839.939286350874,-17.0822683475285,2157.39592686241));
#1369=CARTESIAN_POINT('Ctrl Pts',(-834.956572467576,-33.5080747023075,2157.39592686241));
#1370=CARTESIAN_POINT('Ctrl Pts',(-826.865084183247,-48.6461845378216,2157.39592686241));
#1371=CARTESIAN_POINT('Ctrl Pts',(-815.975772854896,-61.9148487826418,2157.39592686241));
#1372=CARTESIAN_POINT('Ctrl Pts',(-802.707108610077,-72.8041601109924,2157.39592686241));
#1373=CARTESIAN_POINT('Ctrl Pts',(-787.568998774562,-80.8956483953209,2157.39592686241));
#1374=CARTESIAN_POINT('Ctrl Pts',(-771.143192419784,-85.8783622786195,2157.39592686241));
#1375=CARTESIAN_POINT('Ctrl Pts',(-754.060924072255,-87.5608188606912,2157.39592686241));
#1376=CARTESIAN_POINT('Ctrl Pts',(-736.978655724728,-85.8783622786195,2157.39592686241));
#1377=CARTESIAN_POINT('Ctrl Pts',(-720.552849369948,-80.8956483953209,2157.39592686241));
#1378=CARTESIAN_POINT('Ctrl Pts',(-705.414739534434,-72.8041601109923,2157.39592686241));
#1379=CARTESIAN_POINT('Ctrl Pts',(-692.146075289614,-61.9148487826418,2157.39592686241));
#1380=CARTESIAN_POINT('Ctrl Pts',(-681.256763961264,-48.6461845378216,2157.39592686241));
#1381=CARTESIAN_POINT('Ctrl Pts',(-673.165275676934,-33.5080747023075,2157.39592686241));
#1382=CARTESIAN_POINT('Ctrl Pts',(-668.182561793637,-17.0822683475285,2157.39592686241));
#1383=CARTESIAN_POINT('Ctrl Pts',(-667.060924072256,-5.69408944917633,2157.39592686241));
#1384=CARTESIAN_POINT('Ctrl Pts',(-667.060924072256,-1.16573417585641E-13,
2157.39592686241));
#1385=CARTESIAN_POINT('Ctrl Pts',(-667.077350147404,-3.73034936274053E-13,
2159.75473887771));
#1386=CARTESIAN_POINT('Ctrl Pts',(-667.077350147404,5.69301437398949,2159.75473887771));
#1387=CARTESIAN_POINT('Ctrl Pts',(-668.198776097457,17.0790431219692,2159.7547388777));
#1388=CARTESIAN_POINT('Ctrl Pts',(-673.180549217161,33.5017481947993,2159.7547388777));
#1389=CARTESIAN_POINT('Ctrl Pts',(-681.27050978431,48.6369998725,2159.7547388777));
#1390=CARTESIAN_POINT('Ctrl Pts',(-692.15776515121,61.9031589210443,2159.7547388777));
#1391=CARTESIAN_POINT('Ctrl Pts',(-705.423924199755,72.7904142879444,2159.7547388777));
#1392=CARTESIAN_POINT('Ctrl Pts',(-720.559175877455,80.8803748550933,2159.7547388777));
#1393=CARTESIAN_POINT('Ctrl Pts',(-736.981880950285,85.8621479747978,2159.7547388777));
#1394=CARTESIAN_POINT('Ctrl Pts',(-754.060924072255,87.5442868998781,2159.7547388777));
#1395=CARTESIAN_POINT('Ctrl Pts',(-771.139967194225,85.8621479747978,2159.7547388777));
#1396=CARTESIAN_POINT('Ctrl Pts',(-787.562672267055,80.8803748550932,2159.7547388777));
#1397=CARTESIAN_POINT('Ctrl Pts',(-802.697923944755,72.7904142879443,2159.7547388777));
#1398=CARTESIAN_POINT('Ctrl Pts',(-815.9640829933,61.9031589210443,2159.7547388777));
#1399=CARTESIAN_POINT('Ctrl Pts',(-826.851338360201,48.6369998725,2159.75473887771));
#1400=CARTESIAN_POINT('Ctrl Pts',(-834.941298927349,33.5017481947992,2159.7547388777));
#1401=CARTESIAN_POINT('Ctrl Pts',(-839.923072047053,17.0790431219692,2159.7547388777));
#1402=CARTESIAN_POINT('Ctrl Pts',(-841.605210972134,-4.1831883178867E-13,
2159.75473887771));
#1403=CARTESIAN_POINT('Ctrl Pts',(-839.923072047053,-17.07904312197,2159.7547388777));
#1404=CARTESIAN_POINT('Ctrl Pts',(-834.941298927349,-33.5017481948001,2159.7547388777));
#1405=CARTESIAN_POINT('Ctrl Pts',(-826.8513383602,-48.6369998725008,2159.7547388777));
#1406=CARTESIAN_POINT('Ctrl Pts',(-815.964082993301,-61.9031589210451,2159.7547388777));
#1407=CARTESIAN_POINT('Ctrl Pts',(-802.697923944756,-72.7904142879453,2159.7547388777));
#1408=CARTESIAN_POINT('Ctrl Pts',(-787.562672267055,-80.8803748550941,2159.7547388777));
#1409=CARTESIAN_POINT('Ctrl Pts',(-771.139967194224,-85.8621479747986,2159.7547388777));
#1410=CARTESIAN_POINT('Ctrl Pts',(-754.060924072255,-87.5442868998789,2159.7547388777));
#1411=CARTESIAN_POINT('Ctrl Pts',(-736.981880950285,-85.8621479747987,2159.7547388777));
#1412=CARTESIAN_POINT('Ctrl Pts',(-720.559175877455,-80.8803748550941,2159.7547388777));
#1413=CARTESIAN_POINT('Ctrl Pts',(-705.423924199755,-72.7904142879452,2159.7547388777));
#1414=CARTESIAN_POINT('Ctrl Pts',(-692.15776515121,-61.9031589210451,2159.7547388777));
#1415=CARTESIAN_POINT('Ctrl Pts',(-681.270509784311,-48.6369998725009,2159.75473887771));
#1416=CARTESIAN_POINT('Ctrl Pts',(-673.180549217161,-33.5017481948001,2159.7547388777));
#1417=CARTESIAN_POINT('Ctrl Pts',(-668.198776097457,-17.07904312197,2159.75473887771));
#1418=CARTESIAN_POINT('Ctrl Pts',(-667.077350147404,-5.69301437399016,2159.75473887771));
#1419=CARTESIAN_POINT('Ctrl Pts',(-667.077350147404,-1.16573417585641E-13,
2159.75473887771));
#1420=CARTESIAN_POINT('Ctrl Pts',(-667.122588516787,-3.70814490224802E-13,
2163.71632366146));
#1421=CARTESIAN_POINT('Ctrl Pts',(-667.122588516787,5.69005355419866,2163.71632366146));
#1422=CARTESIAN_POINT('Ctrl Pts',(-668.243431236248,17.0701606625967,2163.71632366146));
#1423=CARTESIAN_POINT('Ctrl Pts',(-673.222613438123,33.4843246239866,2163.71632366146));
#1424=CARTESIAN_POINT('Ctrl Pts',(-681.308366583021,48.6117047683022,2163.71632366146));
#1425=CARTESIAN_POINT('Ctrl Pts',(-692.189959712125,61.8709643601301,2163.71632366146));
#1426=CARTESIAN_POINT('Ctrl Pts',(-705.449219303953,72.7525574892347,2163.71632366146));
#1427=CARTESIAN_POINT('Ctrl Pts',(-720.576599448269,80.8383106341323,2163.71632366146));
#1428=CARTESIAN_POINT('Ctrl Pts',(-736.990763409659,85.8174928360071,2163.71632366146));
#1429=CARTESIAN_POINT('Ctrl Pts',(-754.060924072255,87.4987569151986,2163.71632366146));
#1430=CARTESIAN_POINT('Ctrl Pts',(-771.131084734853,85.8174928360071,2163.71632366146));
#1431=CARTESIAN_POINT('Ctrl Pts',(-787.545248696243,80.8383106341323,2163.71632366146));
#1432=CARTESIAN_POINT('Ctrl Pts',(-802.672628840558,72.7525574892348,2163.71632366146));
#1433=CARTESIAN_POINT('Ctrl Pts',(-815.931888432386,61.8709643601301,2163.71632366146));
#1434=CARTESIAN_POINT('Ctrl Pts',(-826.813481561491,48.6117047683023,2163.71632366146));
#1435=CARTESIAN_POINT('Ctrl Pts',(-834.899234706388,33.4843246239865,2163.71632366146));
#1436=CARTESIAN_POINT('Ctrl Pts',(-839.878416908264,17.0701606625967,2163.71632366146));
#1437=CARTESIAN_POINT('Ctrl Pts',(-841.559680987454,-4.03237355880865E-13,
2163.71632366146));
#1438=CARTESIAN_POINT('Ctrl Pts',(-839.878416908264,-17.0701606625975,2163.71632366146));
#1439=CARTESIAN_POINT('Ctrl Pts',(-834.899234706388,-33.4843246239874,2163.71632366146));
#1440=CARTESIAN_POINT('Ctrl Pts',(-826.813481561491,-48.611704768303,2163.71632366146));
#1441=CARTESIAN_POINT('Ctrl Pts',(-815.931888432386,-61.870964360131,2163.71632366146));
#1442=CARTESIAN_POINT('Ctrl Pts',(-802.672628840559,-72.7525574892354,2163.71632366146));
#1443=CARTESIAN_POINT('Ctrl Pts',(-787.545248696242,-80.8383106341331,2163.71632366146));
#1444=CARTESIAN_POINT('Ctrl Pts',(-771.131084734853,-85.8174928360079,2163.71632366146));
#1445=CARTESIAN_POINT('Ctrl Pts',(-754.060924072256,-87.4987569151994,2163.71632366146));
#1446=CARTESIAN_POINT('Ctrl Pts',(-736.990763409658,-85.8174928360079,2163.71632366146));
#1447=CARTESIAN_POINT('Ctrl Pts',(-720.576599448269,-80.8383106341331,2163.71632366146));
#1448=CARTESIAN_POINT('Ctrl Pts',(-705.449219303953,-72.7525574892355,2163.71632366146));
#1449=CARTESIAN_POINT('Ctrl Pts',(-692.189959712125,-61.8709643601309,2163.71632366146));
#1450=CARTESIAN_POINT('Ctrl Pts',(-681.30836658302,-48.611704768303,2163.71632366146));
#1451=CARTESIAN_POINT('Ctrl Pts',(-673.222613438123,-33.4843246239874,2163.71632366146));
#1452=CARTESIAN_POINT('Ctrl Pts',(-668.243431236248,-17.0701606625975,2163.71632366146));
#1453=CARTESIAN_POINT('Ctrl Pts',(-667.122588516787,-5.69005355419932,2163.71632366146));
#1454=CARTESIAN_POINT('Ctrl Pts',(-667.122588516787,-1.13242748511766E-13,
2163.71632366146));
#1455=CARTESIAN_POINT('Ctrl Pts',(-667.207385978017,-3.73034936274053E-13,
2169.45753578718));
#1456=CARTESIAN_POINT('Ctrl Pts',(-667.207385978017,5.68450361937902,2169.45753578718));
#1457=CARTESIAN_POINT('Ctrl Pts',(-668.32713545574,17.0535108581378,2169.45753578718));
#1458=CARTESIAN_POINT('Ctrl Pts',(-673.301461088795,33.4516648577167,2169.45753578718));
#1459=CARTESIAN_POINT('Ctrl Pts',(-681.379327593875,48.5642901367234,2169.45753578718));
#1460=CARTESIAN_POINT('Ctrl Pts',(-692.250307091311,61.8106169809434,2169.45753578718));
#1461=CARTESIAN_POINT('Ctrl Pts',(-705.496633935531,72.6815964783792,2169.45753578718));
#1462=CARTESIAN_POINT('Ctrl Pts',(-720.609259214537,80.7594629834597,2169.45753578718));
#1463=CARTESIAN_POINT('Ctrl Pts',(-737.007413214117,85.7337886165145,2169.45753578718));
#1464=CARTESIAN_POINT('Ctrl Pts',(-754.060924072255,87.4134128330991,2169.45753578718));
#1465=CARTESIAN_POINT('Ctrl Pts',(-771.114434930393,85.7337886165145,2169.45753578718));
#1466=CARTESIAN_POINT('Ctrl Pts',(-787.512588929972,80.7594629834597,2169.45753578718));
#1467=CARTESIAN_POINT('Ctrl Pts',(-802.625214208978,72.6815964783792,2169.45753578718));
#1468=CARTESIAN_POINT('Ctrl Pts',(-815.871541053199,61.8106169809435,2169.45753578718));
#1469=CARTESIAN_POINT('Ctrl Pts',(-826.742520550635,48.5642901367234,2169.45753578718));
#1470=CARTESIAN_POINT('Ctrl Pts',(-834.820387055715,33.4516648577167,2169.45753578718));
#1471=CARTESIAN_POINT('Ctrl Pts',(-839.794712688769,17.0535108581377,2169.45753578718));
#1472=CARTESIAN_POINT('Ctrl Pts',(-841.474336905355,-4.00047859506461E-13,
2169.45753578718));
#1473=CARTESIAN_POINT('Ctrl Pts',(-839.794712688769,-17.0535108581385,2169.45753578718));
#1474=CARTESIAN_POINT('Ctrl Pts',(-834.820387055715,-33.4516648577175,2169.45753578718));
#1475=CARTESIAN_POINT('Ctrl Pts',(-826.742520550634,-48.5642901367242,2169.45753578718));
#1476=CARTESIAN_POINT('Ctrl Pts',(-815.871541053199,-61.8106169809442,2169.45753578718));
#1477=CARTESIAN_POINT('Ctrl Pts',(-802.625214208979,-72.68159647838,2169.45753578718));
#1478=CARTESIAN_POINT('Ctrl Pts',(-787.512588929972,-80.7594629834605,2169.45753578718));
#1479=CARTESIAN_POINT('Ctrl Pts',(-771.114434930393,-85.7337886165153,2169.45753578718));
#1480=CARTESIAN_POINT('Ctrl Pts',(-754.060924072255,-87.4134128330999,2169.45753578718));
#1481=CARTESIAN_POINT('Ctrl Pts',(-737.007413214117,-85.7337886165153,2169.45753578718));
#1482=CARTESIAN_POINT('Ctrl Pts',(-720.609259214538,-80.7594629834605,2169.45753578718));
#1483=CARTESIAN_POINT('Ctrl Pts',(-705.496633935531,-72.68159647838,2169.45753578718));
#1484=CARTESIAN_POINT('Ctrl Pts',(-692.250307091311,-61.8106169809443,2169.45753578718));
#1485=CARTESIAN_POINT('Ctrl Pts',(-681.379327593876,-48.5642901367242,2169.45753578718));
#1486=CARTESIAN_POINT('Ctrl Pts',(-673.301461088794,-33.4516648577175,2169.45753578718));
#1487=CARTESIAN_POINT('Ctrl Pts',(-668.327135455741,-17.0535108581386,2169.45753578718));
#1488=CARTESIAN_POINT('Ctrl Pts',(-667.207385978018,-5.68450361937969,2169.45753578718));
#1489=CARTESIAN_POINT('Ctrl Pts',(-667.207385978017,-1.16018306073329E-13,
2169.45753578718));
#1490=CARTESIAN_POINT('Ctrl Pts',(-667.293574478054,-3.73034936274053E-13,
2174.57721071634));
#1491=CARTESIAN_POINT('Ctrl Pts',(-667.293574478054,5.67886264203766,2174.57721071634));
#1492=CARTESIAN_POINT('Ctrl Pts',(-668.412212780228,17.0365879261137,2174.57721071635));
#1493=CARTESIAN_POINT('Ctrl Pts',(-673.38160217609,33.4184693324558,2174.57721071634));
#1494=CARTESIAN_POINT('Ctrl Pts',(-681.451452666938,48.5160977036451,2174.57721071635));
#1495=CARTESIAN_POINT('Ctrl Pts',(-692.311644424031,61.7492796482243,2174.57721071634));
#1496=CARTESIAN_POINT('Ctrl Pts',(-705.54482636861,72.6094714053172,2174.57721071635));
#1497=CARTESIAN_POINT('Ctrl Pts',(-720.6424547398,80.6793218961645,2174.57721071634));
#1498=CARTESIAN_POINT('Ctrl Pts',(-737.024336146142,85.6487112920272,2174.57721071634));
#1499=CARTESIAN_POINT('Ctrl Pts',(-754.060924072256,87.3266687452879,2174.57721071635));
#1500=CARTESIAN_POINT('Ctrl Pts',(-771.09751199837,85.6487112920272,2174.57721071635));
#1501=CARTESIAN_POINT('Ctrl Pts',(-787.479393404711,80.6793218961646,2174.57721071634));
#1502=CARTESIAN_POINT('Ctrl Pts',(-802.577021775901,72.6094714053172,2174.57721071634));
#1503=CARTESIAN_POINT('Ctrl Pts',(-815.810203720481,61.7492796482243,2174.57721071635));
#1504=CARTESIAN_POINT('Ctrl Pts',(-826.670395477573,48.5160977036451,2174.57721071635));
#1505=CARTESIAN_POINT('Ctrl Pts',(-834.74024596842,33.4184693324558,2174.57721071635));
#1506=CARTESIAN_POINT('Ctrl Pts',(-839.709635364284,17.0365879261137,2174.57721071634));
#1507=CARTESIAN_POINT('Ctrl Pts',(-841.387592817544,-3.85233648791036E-13,
2174.57721071635));
#1508=CARTESIAN_POINT('Ctrl Pts',(-839.709635364284,-17.0365879261144,2174.57721071635));
#1509=CARTESIAN_POINT('Ctrl Pts',(-834.74024596842,-33.4184693324565,2174.57721071635));
#1510=CARTESIAN_POINT('Ctrl Pts',(-826.670395477573,-48.5160977036458,2174.57721071634));
#1511=CARTESIAN_POINT('Ctrl Pts',(-815.81020372048,-61.7492796482251,2174.57721071634));
#1512=CARTESIAN_POINT('Ctrl Pts',(-802.577021775901,-72.609471405318,2174.57721071634));
#1513=CARTESIAN_POINT('Ctrl Pts',(-787.479393404712,-80.6793218961653,2174.57721071635));
#1514=CARTESIAN_POINT('Ctrl Pts',(-771.09751199837,-85.648711292028,2174.57721071635));
#1515=CARTESIAN_POINT('Ctrl Pts',(-754.060924072256,-87.3266687452887,2174.57721071634));
#1516=CARTESIAN_POINT('Ctrl Pts',(-737.024336146142,-85.648711292028,2174.57721071635));
#1517=CARTESIAN_POINT('Ctrl Pts',(-720.6424547398,-80.6793218961653,2174.57721071635));
#1518=CARTESIAN_POINT('Ctrl Pts',(-705.54482636861,-72.609471405318,2174.57721071634));
#1519=CARTESIAN_POINT('Ctrl Pts',(-692.311644424031,-61.7492796482251,2174.57721071635));
#1520=CARTESIAN_POINT('Ctrl Pts',(-681.451452666938,-48.5160977036458,2174.57721071634));
#1521=CARTESIAN_POINT('Ctrl Pts',(-673.38160217609,-33.4184693324566,2174.57721071634));
#1522=CARTESIAN_POINT('Ctrl Pts',(-668.412212780228,-17.0365879261145,2174.57721071635));
#1523=CARTESIAN_POINT('Ctrl Pts',(-667.293574478054,-5.67886264203833,2174.57721071634));
#1524=CARTESIAN_POINT('Ctrl Pts',(-667.293574478054,-1.16573417585641E-13,
2174.57721071634));
#1525=CARTESIAN_POINT('Ctrl Pts',(-667.405318003865,-3.71369601737115E-13,
2180.45298634442));
#1526=CARTESIAN_POINT('Ctrl Pts',(-667.405318003864,5.67154910604529,2180.45298634442));
#1527=CARTESIAN_POINT('Ctrl Pts',(-668.522515665191,17.0146473181366,2180.45298634441));
#1528=CARTESIAN_POINT('Ctrl Pts',(-673.485505221774,33.3754312817618,2180.45298634442));
#1529=CARTESIAN_POINT('Ctrl Pts',(-681.544962937564,48.4536161383863,2180.45298634442));
#1530=CARTESIAN_POINT('Ctrl Pts',(-692.391168372341,61.6697556999136,2180.45298634442));
#1531=CARTESIAN_POINT('Ctrl Pts',(-705.607307933869,72.5159611346906,2180.45298634442));
#1532=CARTESIAN_POINT('Ctrl Pts',(-720.685492790493,80.5754188504809,2180.45298634442));
#1533=CARTESIAN_POINT('Ctrl Pts',(-737.046276754119,85.5384084070629,2180.45298634442));
#1534=CARTESIAN_POINT('Ctrl Pts',(-754.060924072255,87.2142048990534,2180.45298634442));
#1535=CARTESIAN_POINT('Ctrl Pts',(-771.075571390392,85.5384084070629,2180.45298634442));
#1536=CARTESIAN_POINT('Ctrl Pts',(-787.436355354017,80.575418850481,2180.45298634442));
#1537=CARTESIAN_POINT('Ctrl Pts',(-802.514540210642,72.5159611346906,2180.45298634442));
#1538=CARTESIAN_POINT('Ctrl Pts',(-815.730679772169,61.6697556999136,2180.45298634442));
#1539=CARTESIAN_POINT('Ctrl Pts',(-826.576885206946,48.4536161383863,2180.45298634442));
#1540=CARTESIAN_POINT('Ctrl Pts',(-834.636342922737,33.3754312817617,2180.45298634442));
#1541=CARTESIAN_POINT('Ctrl Pts',(-839.599332479318,17.0146473181366,2180.45298634442));
#1542=CARTESIAN_POINT('Ctrl Pts',(-841.275128971309,-3.7968792909931E-13,
2180.45298634442));
#1543=CARTESIAN_POINT('Ctrl Pts',(-839.599332479318,-17.0146473181374,2180.45298634442));
#1544=CARTESIAN_POINT('Ctrl Pts',(-834.636342922737,-33.3754312817625,2180.45298634442));
#1545=CARTESIAN_POINT('Ctrl Pts',(-826.576885206946,-48.453616138387,2180.45298634441));
#1546=CARTESIAN_POINT('Ctrl Pts',(-815.730679772169,-61.6697556999143,2180.45298634441));
#1547=CARTESIAN_POINT('Ctrl Pts',(-802.514540210642,-72.5159611346914,2180.45298634442));
#1548=CARTESIAN_POINT('Ctrl Pts',(-787.436355354017,-80.5754188504818,2180.45298634442));
#1549=CARTESIAN_POINT('Ctrl Pts',(-771.075571390392,-85.5384084070637,2180.45298634442));
#1550=CARTESIAN_POINT('Ctrl Pts',(-754.060924072255,-87.2142048990542,2180.45298634442));
#1551=CARTESIAN_POINT('Ctrl Pts',(-737.046276754119,-85.5384084070637,2180.45298634442));
#1552=CARTESIAN_POINT('Ctrl Pts',(-720.685492790493,-80.5754188504818,2180.45298634442));
#1553=CARTESIAN_POINT('Ctrl Pts',(-705.607307933869,-72.5159611346914,2180.45298634442));
#1554=CARTESIAN_POINT('Ctrl Pts',(-692.391168372341,-61.6697556999144,2180.45298634442));
#1555=CARTESIAN_POINT('Ctrl Pts',(-681.544962937564,-48.4536161383871,2180.45298634442));
#1556=CARTESIAN_POINT('Ctrl Pts',(-673.485505221774,-33.3754312817625,2180.45298634442));
#1557=CARTESIAN_POINT('Ctrl Pts',(-668.522515665192,-17.0146473181374,2180.45298634442));
#1558=CARTESIAN_POINT('Ctrl Pts',(-667.405318003865,-5.67154910604596,2180.45298634442));
#1559=CARTESIAN_POINT('Ctrl Pts',(-667.405318003865,-1.14908083048704E-13,
2180.45298634442));
#1560=CARTESIAN_POINT('Ctrl Pts',(-667.530878390439,-3.86357612569554E-13,
2186.32821470411));
#1561=CARTESIAN_POINT('Ctrl Pts',(-667.530878390439,5.66333126613236,2186.32821470411));
#1562=CARTESIAN_POINT('Ctrl Pts',(-668.646457278594,16.9899937983978,2186.32821470411));
#1563=CARTESIAN_POINT('Ctrl Pts',(-673.602255668724,33.3270716632219,2186.32821470411));
#1564=CARTESIAN_POINT('Ctrl Pts',(-681.65003556386,48.3834088540654,2186.32821470411));
#1565=CARTESIAN_POINT('Ctrl Pts',(-692.480525295879,61.5803987763755,2186.32821470411));
#1566=CARTESIAN_POINT('Ctrl Pts',(-705.677515218189,72.410888508395,2186.32821470411));
#1567=CARTESIAN_POINT('Ctrl Pts',(-720.733852409033,80.4586684035309,2186.32821470411));
#1568=CARTESIAN_POINT('Ctrl Pts',(-737.070930273857,85.4144667936602,2186.32821470411));
#1569=CARTESIAN_POINT('Ctrl Pts',(-754.060924072256,87.087835125894,2186.32821470411));
#1570=CARTESIAN_POINT('Ctrl Pts',(-771.050917870654,85.4144667936602,2186.32821470411));
#1571=CARTESIAN_POINT('Ctrl Pts',(-787.387995735478,80.4586684035309,2186.32821470411));
#1572=CARTESIAN_POINT('Ctrl Pts',(-802.444332926321,72.410888508395,2186.32821470411));
#1573=CARTESIAN_POINT('Ctrl Pts',(-815.641322848631,61.5803987763755,2186.32821470411));
#1574=CARTESIAN_POINT('Ctrl Pts',(-826.471812580651,48.3834088540655,2186.32821470411));
#1575=CARTESIAN_POINT('Ctrl Pts',(-834.519592475787,33.3270716632219,2186.32821470411));
#1576=CARTESIAN_POINT('Ctrl Pts',(-839.475390865916,16.9899937983979,2186.32821470411));
#1577=CARTESIAN_POINT('Ctrl Pts',(-841.148759198149,-3.65015006537773E-13,
2186.32821470411));
#1578=CARTESIAN_POINT('Ctrl Pts',(-839.475390865916,-16.9899937983986,2186.32821470411));
#1579=CARTESIAN_POINT('Ctrl Pts',(-834.519592475787,-33.3270716632227,2186.32821470411));
#1580=CARTESIAN_POINT('Ctrl Pts',(-826.471812580651,-48.3834088540662,2186.32821470411));
#1581=CARTESIAN_POINT('Ctrl Pts',(-815.641322848631,-61.5803987763763,2186.32821470411));
#1582=CARTESIAN_POINT('Ctrl Pts',(-802.444332926321,-72.4108885083957,2186.32821470411));
#1583=CARTESIAN_POINT('Ctrl Pts',(-787.387995735477,-80.4586684035316,2186.32821470411));
#1584=CARTESIAN_POINT('Ctrl Pts',(-771.050917870654,-85.414466793661,2186.32821470411));
#1585=CARTESIAN_POINT('Ctrl Pts',(-754.060924072255,-87.0878351258947,2186.32821470411));
#1586=CARTESIAN_POINT('Ctrl Pts',(-737.070930273857,-85.414466793661,2186.32821470411));
#1587=CARTESIAN_POINT('Ctrl Pts',(-720.733852409033,-80.4586684035317,2186.32821470411));
#1588=CARTESIAN_POINT('Ctrl Pts',(-705.677515218189,-72.4108885083957,2186.32821470411));
#1589=CARTESIAN_POINT('Ctrl Pts',(-692.48052529588,-61.5803987763763,2186.32821470411));
#1590=CARTESIAN_POINT('Ctrl Pts',(-681.65003556386,-48.3834088540662,2186.32821470411));
#1591=CARTESIAN_POINT('Ctrl Pts',(-673.602255668724,-33.3270716632227,2186.3282147041));
#1592=CARTESIAN_POINT('Ctrl Pts',(-668.646457278595,-16.9899937983987,2186.32821470411));
#1593=CARTESIAN_POINT('Ctrl Pts',(-667.530878390439,-5.66333126613306,2186.32821470411));
#1594=CARTESIAN_POINT('Ctrl Pts',(-667.530878390439,-1.30451205393456E-13,
2186.32821470411));
#1595=CARTESIAN_POINT('Ctrl Pts',(-667.660984273366,-3.74145159298678E-13,
2191.83998063339));
#1596=CARTESIAN_POINT('Ctrl Pts',(-667.660984273366,5.65481592664669,2191.83998063339));
#1597=CARTESIAN_POINT('Ctrl Pts',(-668.77488578605,16.9644477799408,2191.83998063339));
#1598=CARTESIAN_POINT('Ctrl Pts',(-673.723232677453,33.2769613454708,2191.83998063339));
#1599=CARTESIAN_POINT('Ctrl Pts',(-681.758911995263,48.3106599484293,2191.83998063339));
#1600=CARTESIAN_POINT('Ctrl Pts',(-692.573117089755,61.4878069824998,2191.83998063339));
#1601=CARTESIAN_POINT('Ctrl Pts',(-705.750264123825,72.3020120769923,2191.83998063339));
#1602=CARTESIAN_POINT('Ctrl Pts',(-720.783962726784,80.3376913948014,2191.83998063339));
#1603=CARTESIAN_POINT('Ctrl Pts',(-737.096476292314,85.2860382862048,2191.83998063339));
#1604=CARTESIAN_POINT('Ctrl Pts',(-754.060924072255,86.9568905552305,2191.83998063339));
#1605=CARTESIAN_POINT('Ctrl Pts',(-771.025371852197,85.2860382862047,2191.83998063339));
#1606=CARTESIAN_POINT('Ctrl Pts',(-787.337885417726,80.3376913948014,2191.83998063339));
#1607=CARTESIAN_POINT('Ctrl Pts',(-802.371584020685,72.3020120769923,2191.83998063339));
#1608=CARTESIAN_POINT('Ctrl Pts',(-815.548731054756,61.4878069824999,2191.83998063339));
#1609=CARTESIAN_POINT('Ctrl Pts',(-826.362936149248,48.3106599484293,2191.83998063339));
#1610=CARTESIAN_POINT('Ctrl Pts',(-834.398615467057,33.2769613454708,2191.83998063339));
#1611=CARTESIAN_POINT('Ctrl Pts',(-839.34696235846,16.9644477799409,2191.83998063339));
#1612=CARTESIAN_POINT('Ctrl Pts',(-841.017814627486,-3.59041266992673E-13,
2191.83998063339));
#1613=CARTESIAN_POINT('Ctrl Pts',(-839.34696235846,-16.9644477799416,2191.83998063339));
#1614=CARTESIAN_POINT('Ctrl Pts',(-834.398615467057,-33.2769613454716,2191.83998063339));
#1615=CARTESIAN_POINT('Ctrl Pts',(-826.362936149248,-48.31065994843,2191.83998063339));
#1616=CARTESIAN_POINT('Ctrl Pts',(-815.548731054755,-61.4878069825005,2191.83998063339));
#1617=CARTESIAN_POINT('Ctrl Pts',(-802.371584020685,-72.3020120769931,2191.83998063339));
#1618=CARTESIAN_POINT('Ctrl Pts',(-787.337885417726,-80.3376913948022,2191.83998063339));
#1619=CARTESIAN_POINT('Ctrl Pts',(-771.025371852196,-85.2860382862055,2191.83998063339));
#1620=CARTESIAN_POINT('Ctrl Pts',(-754.060924072255,-86.9568905552312,2191.83998063339));
#1621=CARTESIAN_POINT('Ctrl Pts',(-737.096476292314,-85.2860382862055,2191.83998063339));
#1622=CARTESIAN_POINT('Ctrl Pts',(-720.783962726784,-80.3376913948021,2191.83998063339));
#1623=CARTESIAN_POINT('Ctrl Pts',(-705.750264123825,-72.3020120769931,2191.83998063339));
#1624=CARTESIAN_POINT('Ctrl Pts',(-692.573117089755,-61.4878069825006,2191.83998063339));
#1625=CARTESIAN_POINT('Ctrl Pts',(-681.758911995262,-48.3106599484301,2191.83998063339));
#1626=CARTESIAN_POINT('Ctrl Pts',(-673.723232677454,-33.2769613454716,2191.83998063339));
#1627=CARTESIAN_POINT('Ctrl Pts',(-668.77488578605,-16.9644477799416,2191.83998063339));
#1628=CARTESIAN_POINT('Ctrl Pts',(-667.660984273366,-5.65481592664736,2191.83998063339));
#1629=CARTESIAN_POINT('Ctrl Pts',(-667.660984273366,-1.19904086659517E-13,
2191.83998063339));
#1630=CARTESIAN_POINT('Ctrl Pts',(-667.788322449359,-3.7247982476174E-13,
2196.83458854055));
#1631=CARTESIAN_POINT('Ctrl Pts',(-667.788322449359,5.64648173165362,2196.83458854055));
#1632=CARTESIAN_POINT('Ctrl Pts',(-668.900582268921,16.9394451949616,2196.83458854055));
#1633=CARTESIAN_POINT('Ctrl Pts',(-673.841636175297,33.2279170108316,2196.83458854055));
#1634=CARTESIAN_POINT('Ctrl Pts',(-681.865472328058,48.2394586104058,2196.83458854055));
#1635=CARTESIAN_POINT('Ctrl Pts',(-692.663739203673,61.3971848685821,2196.83458854055));
#1636=CARTESIAN_POINT('Ctrl Pts',(-705.821465461849,72.1954517441968,2196.83458854055));
#1637=CARTESIAN_POINT('Ctrl Pts',(-720.833007061424,80.2192878969578,2196.83458854055));
#1638=CARTESIAN_POINT('Ctrl Pts',(-737.121478877293,85.1603418033336,2196.83458854055));
#1639=CARTESIAN_POINT('Ctrl Pts',(-754.060924072255,86.8287315326772,2196.83458854055));
#1640=CARTESIAN_POINT('Ctrl Pts',(-771.000369267217,85.1603418033337,2196.83458854055));
#1641=CARTESIAN_POINT('Ctrl Pts',(-787.288841083088,80.2192878969578,2196.83458854055));
#1642=CARTESIAN_POINT('Ctrl Pts',(-802.300382682661,72.1954517441968,2196.83458854055));
#1643=CARTESIAN_POINT('Ctrl Pts',(-815.458108940838,61.3971848685822,2196.83458854055));
#1644=CARTESIAN_POINT('Ctrl Pts',(-826.256375816453,48.2394586104058,2196.83458854055));
#1645=CARTESIAN_POINT('Ctrl Pts',(-834.280211969213,33.2279170108316,2196.83458854055));
#1646=CARTESIAN_POINT('Ctrl Pts',(-839.221265875589,16.9394451949617,2196.83458854055));
#1647=CARTESIAN_POINT('Ctrl Pts',(-840.889655604933,-3.48035738090844E-13,
2196.83458854055));
#1648=CARTESIAN_POINT('Ctrl Pts',(-839.221265875589,-16.9394451949624,2196.83458854055));
#1649=CARTESIAN_POINT('Ctrl Pts',(-834.280211969214,-33.2279170108323,2196.83458854055));
#1650=CARTESIAN_POINT('Ctrl Pts',(-826.256375816453,-48.2394586104065,2196.83458854055));
#1651=CARTESIAN_POINT('Ctrl Pts',(-815.458108940838,-61.3971848685829,2196.83458854055));
#1652=CARTESIAN_POINT('Ctrl Pts',(-802.300382682662,-72.1954517441975,2196.83458854055));
#1653=CARTESIAN_POINT('Ctrl Pts',(-787.288841083087,-80.2192878969585,2196.83458854055));
#1654=CARTESIAN_POINT('Ctrl Pts',(-771.000369267218,-85.1603418033343,2196.83458854055));
#1655=CARTESIAN_POINT('Ctrl Pts',(-754.060924072255,-86.828731532678,2196.83458854055));
#1656=CARTESIAN_POINT('Ctrl Pts',(-737.121478877293,-85.1603418033344,2196.83458854055));
#1657=CARTESIAN_POINT('Ctrl Pts',(-720.833007061424,-80.2192878969586,2196.83458854055));
#1658=CARTESIAN_POINT('Ctrl Pts',(-705.821465461849,-72.1954517441976,2196.83458854055));
#1659=CARTESIAN_POINT('Ctrl Pts',(-692.663739203673,-61.3971848685829,2196.83458854055));
#1660=CARTESIAN_POINT('Ctrl Pts',(-681.865472328059,-48.2394586104065,2196.83458854055));
#1661=CARTESIAN_POINT('Ctrl Pts',(-673.841636175297,-33.2279170108324,2196.83458854055));
#1662=CARTESIAN_POINT('Ctrl Pts',(-668.900582268922,-16.9394451949624,2196.83458854055));
#1663=CARTESIAN_POINT('Ctrl Pts',(-667.788322449359,-5.64648173165429,2196.83458854055));
#1664=CARTESIAN_POINT('Ctrl Pts',(-667.788322449359,-1.17683640610267E-13,
2196.83458854055));
#1665=CARTESIAN_POINT('Ctrl Pts',(-667.926820673496,-3.84692278032617E-13,
2201.94844335969));
#1666=CARTESIAN_POINT('Ctrl Pts',(-667.926820673496,5.63741711927673,2201.94844335969));
#1667=CARTESIAN_POINT('Ctrl Pts',(-669.03729492027,16.9122513578309,2201.94844335969));
#1668=CARTESIAN_POINT('Ctrl Pts',(-673.970416676943,33.1745743804806,2201.94844335969));
#1669=CARTESIAN_POINT('Ctrl Pts',(-681.981371717543,48.1620171142041,2201.94844335969));
#1670=CARTESIAN_POINT('Ctrl Pts',(-692.762303532455,61.2986205397991,2201.94844335969));
#1671=CARTESIAN_POINT('Ctrl Pts',(-705.898906958051,72.079552354712,2201.94844335969));
#1672=CARTESIAN_POINT('Ctrl Pts',(-720.886349691774,80.0905073953119,2201.94844335969));
#1673=CARTESIAN_POINT('Ctrl Pts',(-737.148672714424,85.023629151984,2201.94844335969));
#1674=CARTESIAN_POINT('Ctrl Pts',(-754.060924072255,86.689340522146,2201.94844335969));
#1675=CARTESIAN_POINT('Ctrl Pts',(-770.973175430087,85.0236291519841,2201.94844335969));
#1676=CARTESIAN_POINT('Ctrl Pts',(-787.235498452736,80.0905073953119,2201.94844335969));
#1677=CARTESIAN_POINT('Ctrl Pts',(-802.222941186459,72.079552354712,2201.94844335969));
#1678=CARTESIAN_POINT('Ctrl Pts',(-815.359544612055,61.2986205397991,2201.94844335969));
#1679=CARTESIAN_POINT('Ctrl Pts',(-826.140476426968,48.1620171142042,2201.94844335969));
#1680=CARTESIAN_POINT('Ctrl Pts',(-834.151431467567,33.1745743804807,2201.94844335969));
#1681=CARTESIAN_POINT('Ctrl Pts',(-839.08455322424,16.912251357831,2201.94844335969));
#1682=CARTESIAN_POINT('Ctrl Pts',(-840.750264594402,-3.42508430880835E-13,
2201.94844335969));
#1683=CARTESIAN_POINT('Ctrl Pts',(-839.08455322424,-16.9122513578317,2201.94844335969));
#1684=CARTESIAN_POINT('Ctrl Pts',(-834.151431467567,-33.1745743804814,2201.94844335969));
#1685=CARTESIAN_POINT('Ctrl Pts',(-826.140476426967,-48.1620171142048,2201.94844335969));
#1686=CARTESIAN_POINT('Ctrl Pts',(-815.359544612055,-61.2986205397998,2201.94844335969));
#1687=CARTESIAN_POINT('Ctrl Pts',(-802.22294118646,-72.0795523547127,2201.94844335969));
#1688=CARTESIAN_POINT('Ctrl Pts',(-787.235498452736,-80.0905073953127,2201.94844335969));
#1689=CARTESIAN_POINT('Ctrl Pts',(-770.973175430087,-85.0236291519848,2201.94844335969));
#1690=CARTESIAN_POINT('Ctrl Pts',(-754.060924072255,-86.6893405221467,2201.94844335969));
#1691=CARTESIAN_POINT('Ctrl Pts',(-737.148672714424,-85.0236291519848,2201.94844335969));
#1692=CARTESIAN_POINT('Ctrl Pts',(-720.886349691774,-80.0905073953127,2201.94844335969));
#1693=CARTESIAN_POINT('Ctrl Pts',(-705.898906958051,-72.0795523547127,2201.94844335969));
#1694=CARTESIAN_POINT('Ctrl Pts',(-692.762303532456,-61.2986205397998,2201.94844335969));
#1695=CARTESIAN_POINT('Ctrl Pts',(-681.981371717543,-48.1620171142049,2201.94844335969));
#1696=CARTESIAN_POINT('Ctrl Pts',(-673.970416676942,-33.1745743804814,2201.94844335969));
#1697=CARTESIAN_POINT('Ctrl Pts',(-669.037294920271,-16.9122513578318,2201.94844335969));
#1698=CARTESIAN_POINT('Ctrl Pts',(-667.926820673496,-5.63741711927742,2201.94844335969));
#1699=CARTESIAN_POINT('Ctrl Pts',(-667.926820673496,-1.29896093881143E-13,
2201.94844335969));
#1700=CARTESIAN_POINT('Ctrl Pts',(-668.089413063288,-3.69149155687865E-13,
2207.61290509798));
#1701=CARTESIAN_POINT('Ctrl Pts',(-668.089413063288,5.62677556052699,2207.61290509798));
#1702=CARTESIAN_POINT('Ctrl Pts',(-669.197791105952,16.8803266815817,2207.61290509797));
#1703=CARTESIAN_POINT('Ctrl Pts',(-674.12160077805,33.1119518753869,2207.61290509797));
#1704=CARTESIAN_POINT('Ctrl Pts',(-682.117433813855,48.0711033280174,2207.61290509797));
#1705=CARTESIAN_POINT('Ctrl Pts',(-692.878014833917,61.1829092383376,2207.61290509797));
#1706=CARTESIAN_POINT('Ctrl Pts',(-705.989820744237,71.9434902583993,2207.61290509797));
#1707=CARTESIAN_POINT('Ctrl Pts',(-720.948972196868,79.9393232942048,2207.61290509797));
#1708=CARTESIAN_POINT('Ctrl Pts',(-737.180597390673,84.863132966303,2207.61290509797));
#1709=CARTESIAN_POINT('Ctrl Pts',(-754.060924072256,86.5257000302993,2207.61290509797));
#1710=CARTESIAN_POINT('Ctrl Pts',(-770.941250753837,84.863132966303,2207.61290509797));
#1711=CARTESIAN_POINT('Ctrl Pts',(-787.172875947642,79.9393232942048,2207.61290509798));
#1712=CARTESIAN_POINT('Ctrl Pts',(-802.132027400273,71.9434902583993,2207.61290509797));
#1713=CARTESIAN_POINT('Ctrl Pts',(-815.243833310593,61.1829092383377,2207.61290509798));
#1714=CARTESIAN_POINT('Ctrl Pts',(-826.004414330655,48.0711033280175,2207.61290509798));
#1715=CARTESIAN_POINT('Ctrl Pts',(-834.00024736646,33.1119518753869,2207.61290509797));
#1716=CARTESIAN_POINT('Ctrl Pts',(-838.924057038558,16.8803266815818,2207.61290509797));
#1717=CARTESIAN_POINT('Ctrl Pts',(-840.586624102555,-3.29860538531449E-13,
2207.61290509797));
#1718=CARTESIAN_POINT('Ctrl Pts',(-838.924057038558,-16.8803266815824,2207.61290509797));
#1719=CARTESIAN_POINT('Ctrl Pts',(-834.000247366461,-33.1119518753876,2207.61290509797));
#1720=CARTESIAN_POINT('Ctrl Pts',(-826.004414330654,-48.0711033280182,2207.61290509797));
#1721=CARTESIAN_POINT('Ctrl Pts',(-815.243833310593,-61.1829092383383,2207.61290509797));
#1722=CARTESIAN_POINT('Ctrl Pts',(-802.132027400273,-71.9434902583999,2207.61290509797));
#1723=CARTESIAN_POINT('Ctrl Pts',(-787.172875947642,-79.9393232942055,2207.61290509798));
#1724=CARTESIAN_POINT('Ctrl Pts',(-770.941250753838,-84.8631329663037,2207.61290509797));
#1725=CARTESIAN_POINT('Ctrl Pts',(-754.060924072255,-86.5257000303001,2207.61290509797));
#1726=CARTESIAN_POINT('Ctrl Pts',(-737.180597390673,-84.8631329663037,2207.61290509798));
#1727=CARTESIAN_POINT('Ctrl Pts',(-720.948972196869,-79.9393232942055,2207.61290509797));
#1728=CARTESIAN_POINT('Ctrl Pts',(-705.989820744237,-71.9434902584001,2207.61290509797));
#1729=CARTESIAN_POINT('Ctrl Pts',(-692.878014833917,-61.1829092383384,2207.61290509797));
#1730=CARTESIAN_POINT('Ctrl Pts',(-682.117433813856,-48.0711033280182,2207.61290509798));
#1731=CARTESIAN_POINT('Ctrl Pts',(-674.12160077805,-33.1119518753877,2207.61290509797));
#1732=CARTESIAN_POINT('Ctrl Pts',(-669.197791105952,-16.8803266815825,2207.61290509798));
#1733=CARTESIAN_POINT('Ctrl Pts',(-668.089413063288,-5.62677556052766,2207.61290509798));
#1734=CARTESIAN_POINT('Ctrl Pts',(-668.089413063288,-1.14908083048704E-13,
2207.61290509798));
#1735=CARTESIAN_POINT('Ctrl Pts',(-668.289027331711,-3.65818486613989E-13,
2214.14764233852));
#1736=CARTESIAN_POINT('Ctrl Pts',(-668.289027331711,5.61371094558756,2214.14764233852));
#1737=CARTESIAN_POINT('Ctrl Pts',(-669.394831869855,16.8411328367634,2214.14764233852));
#1738=CARTESIAN_POINT('Ctrl Pts',(-674.307209119119,33.0350703832264,2214.14764233852));
#1739=CARTESIAN_POINT('Ctrl Pts',(-682.284476907634,47.959488701143,2214.14764233852));
#1740=CARTESIAN_POINT('Ctrl Pts',(-693.020073307989,61.0408507642657,2214.14764233852));
#1741=CARTESIAN_POINT('Ctrl Pts',(-706.101435371112,71.7764471646211,2214.14764233852));
#1742=CARTESIAN_POINT('Ctrl Pts',(-721.025853689028,79.7537149531355,2214.14764233852));
#1743=CARTESIAN_POINT('Ctrl Pts',(-737.219791235492,84.6660922023995,2214.14764233852));
#1744=CARTESIAN_POINT('Ctrl Pts',(-754.060924072255,86.3247990096169,2214.14764233852));
#1745=CARTESIAN_POINT('Ctrl Pts',(-770.90205690902,84.6660922023995,2214.14764233852));
#1746=CARTESIAN_POINT('Ctrl Pts',(-787.095994455482,79.7537149531356,2214.14764233852));
#1747=CARTESIAN_POINT('Ctrl Pts',(-802.020412773399,71.7764471646212,2214.14764233852));
#1748=CARTESIAN_POINT('Ctrl Pts',(-815.101774836522,61.0408507642657,2214.14764233852));
#1749=CARTESIAN_POINT('Ctrl Pts',(-825.837371236878,47.959488701143,2214.14764233852));
#1750=CARTESIAN_POINT('Ctrl Pts',(-833.814639025391,33.0350703832265,2214.14764233852));
#1751=CARTESIAN_POINT('Ctrl Pts',(-838.727016274655,16.8411328367635,2214.14764233852));
#1752=CARTESIAN_POINT('Ctrl Pts',(-840.385723081873,-3.21374679748578E-13,
2214.14764233852));
#1753=CARTESIAN_POINT('Ctrl Pts',(-838.727016274656,-16.8411328367641,2214.14764233852));
#1754=CARTESIAN_POINT('Ctrl Pts',(-833.814639025391,-33.0350703832271,2214.14764233852));
#1755=CARTESIAN_POINT('Ctrl Pts',(-825.837371236877,-47.9594887011436,2214.14764233852));
#1756=CARTESIAN_POINT('Ctrl Pts',(-815.101774836521,-61.0408507642664,2214.14764233852));
#1757=CARTESIAN_POINT('Ctrl Pts',(-802.020412773399,-71.7764471646219,2214.14764233852));
#1758=CARTESIAN_POINT('Ctrl Pts',(-787.095994455483,-79.7537149531363,2214.14764233852));
#1759=CARTESIAN_POINT('Ctrl Pts',(-770.902056909019,-84.6660922024002,2214.14764233852));
#1760=CARTESIAN_POINT('Ctrl Pts',(-754.060924072255,-86.3247990096175,2214.14764233852));
#1761=CARTESIAN_POINT('Ctrl Pts',(-737.219791235492,-84.6660922024003,2214.14764233852));
#1762=CARTESIAN_POINT('Ctrl Pts',(-721.025853689028,-79.7537149531363,2214.14764233852));
#1763=CARTESIAN_POINT('Ctrl Pts',(-706.101435371112,-71.7764471646219,2214.14764233852));
#1764=CARTESIAN_POINT('Ctrl Pts',(-693.020073307989,-61.0408507642665,2214.14764233852));
#1765=CARTESIAN_POINT('Ctrl Pts',(-682.284476907634,-47.9594887011438,2214.14764233852));
#1766=CARTESIAN_POINT('Ctrl Pts',(-674.30720911912,-33.0350703832272,2214.14764233852));
#1767=CARTESIAN_POINT('Ctrl Pts',(-669.394831869855,-16.8411328367642,2214.14764233852));
#1768=CARTESIAN_POINT('Ctrl Pts',(-668.289027331711,-5.61371094558822,2214.14764233852));
#1769=CARTESIAN_POINT('Ctrl Pts',(-668.289027331711,-1.12132525487141E-13,
2214.14764233852));
#1770=CARTESIAN_POINT('Ctrl Pts',(-668.516128715608,-3.69704267200177E-13,
2221.12066677062));
#1771=CARTESIAN_POINT('Ctrl Pts',(-668.516128715607,5.59884731807099,2221.12066677062));
#1772=CARTESIAN_POINT('Ctrl Pts',(-669.619005374686,16.7965419542137,2221.12066677062));
#1773=CARTESIAN_POINT('Ctrl Pts',(-674.518375943278,32.9476022207366,2221.12066677062));
#1774=CARTESIAN_POINT('Ctrl Pts',(-682.474522028492,47.8325046111447,2221.12066677062));
#1775=CARTESIAN_POINT('Ctrl Pts',(-693.181693398131,60.8792306741242,2221.12066677062));
#1776=CARTESIAN_POINT('Ctrl Pts',(-706.22841946111,71.586402043763,2221.12066677062));
#1777=CARTESIAN_POINT('Ctrl Pts',(-721.113321851518,79.5425481289766,2221.12066677062));
#1778=CARTESIAN_POINT('Ctrl Pts',(-737.264382118041,84.4419186975688,2221.12066677062));
#1779=CARTESIAN_POINT('Ctrl Pts',(-754.060924072255,86.0962336861867,2221.12066677062));
#1780=CARTESIAN_POINT('Ctrl Pts',(-770.85746602647,84.4419186975688,2221.12066677062));
#1781=CARTESIAN_POINT('Ctrl Pts',(-787.008526292992,79.5425481289767,2221.12066677062));
#1782=CARTESIAN_POINT('Ctrl Pts',(-801.8934286834,71.586402043763,2221.12066677062));
#1783=CARTESIAN_POINT('Ctrl Pts',(-814.94015474638,60.8792306741243,2221.12066677062));
#1784=CARTESIAN_POINT('Ctrl Pts',(-825.647326116019,47.8325046111448,2221.12066677062));
#1785=CARTESIAN_POINT('Ctrl Pts',(-833.603472201232,32.9476022207366,2221.12066677062));
#1786=CARTESIAN_POINT('Ctrl Pts',(-838.502842769824,16.7965419542138,2221.12066677062));
#1787=CARTESIAN_POINT('Ctrl Pts',(-840.157157758443,-3.04702337727868E-13,
2221.12066677062));
#1788=CARTESIAN_POINT('Ctrl Pts',(-838.502842769824,-16.7965419542144,2221.12066677062));
#1789=CARTESIAN_POINT('Ctrl Pts',(-833.603472201233,-32.9476022207373,2221.12066677062));
#1790=CARTESIAN_POINT('Ctrl Pts',(-825.647326116018,-47.8325046111454,2221.12066677062));
#1791=CARTESIAN_POINT('Ctrl Pts',(-814.94015474638,-60.8792306741249,2221.12066677062));
#1792=CARTESIAN_POINT('Ctrl Pts',(-801.8934286834,-71.5864020437637,2221.12066677062));
#1793=CARTESIAN_POINT('Ctrl Pts',(-787.008526292992,-79.5425481289773,2221.12066677062));
#1794=CARTESIAN_POINT('Ctrl Pts',(-770.85746602647,-84.4419186975694,2221.12066677062));
#1795=CARTESIAN_POINT('Ctrl Pts',(-754.060924072255,-86.0962336861875,2221.12066677062));
#1796=CARTESIAN_POINT('Ctrl Pts',(-737.264382118042,-84.4419186975694,2221.12066677062));
#1797=CARTESIAN_POINT('Ctrl Pts',(-721.113321851518,-79.5425481289774,2221.12066677062));
#1798=CARTESIAN_POINT('Ctrl Pts',(-706.22841946111,-71.5864020437637,2221.12066677062));
#1799=CARTESIAN_POINT('Ctrl Pts',(-693.181693398131,-60.879230674125,2221.12066677062));
#1800=CARTESIAN_POINT('Ctrl Pts',(-682.474522028492,-47.8325046111455,2221.12066677062));
#1801=CARTESIAN_POINT('Ctrl Pts',(-674.518375943277,-32.9476022207373,2221.12066677061));
#1802=CARTESIAN_POINT('Ctrl Pts',(-669.619005374687,-16.7965419542145,2221.12066677062));
#1803=CARTESIAN_POINT('Ctrl Pts',(-668.516128715608,-5.59884731807166,2221.12066677062));
#1804=CARTESIAN_POINT('Ctrl Pts',(-668.516128715607,-1.17683640610267E-13,
2221.12066677062));
#1805=CARTESIAN_POINT('Ctrl Pts',(-668.793206911366,-3.64708263589364E-13,
2229.14325538979));
#1806=CARTESIAN_POINT('Ctrl Pts',(-668.793206911366,5.58071274300126,2229.14325538979));
#1807=CARTESIAN_POINT('Ctrl Pts',(-669.892511370949,16.7421382290045,2229.14325538979));
#1808=CARTESIAN_POINT('Ctrl Pts',(-674.776012958245,32.840885474968,2229.14325538979));
#1809=CARTESIAN_POINT('Ctrl Pts',(-682.706389216162,47.6775759095092,2229.14325538979));
#1810=CARTESIAN_POINT('Ctrl Pts',(-693.378880232514,60.6820438397405,2229.14325538979));
#1811=CARTESIAN_POINT('Ctrl Pts',(-706.383348162746,71.3545348560929,2229.14325538979));
#1812=CARTESIAN_POINT('Ctrl Pts',(-721.220038597287,79.2849111140098,2229.14325538979));
#1813=CARTESIAN_POINT('Ctrl Pts',(-737.31878584325,84.1684127013057,2229.14325538979));
#1814=CARTESIAN_POINT('Ctrl Pts',(-754.060924072255,85.81736939068,2229.14325538979));
#1815=CARTESIAN_POINT('Ctrl Pts',(-770.80306230126,84.1684127013057,2229.14325538979));
#1816=CARTESIAN_POINT('Ctrl Pts',(-786.901809547223,79.2849111140098,2229.14325538979));
#1817=CARTESIAN_POINT('Ctrl Pts',(-801.738499981765,71.354534856093,2229.14325538979));
#1818=CARTESIAN_POINT('Ctrl Pts',(-814.742967911996,60.6820438397406,2229.14325538979));
#1819=CARTESIAN_POINT('Ctrl Pts',(-825.415458928349,47.6775759095093,2229.14325538979));
#1820=CARTESIAN_POINT('Ctrl Pts',(-833.345835186265,32.840885474968,2229.14325538979));
#1821=CARTESIAN_POINT('Ctrl Pts',(-838.229336773561,16.7421382290046,2229.14325538979));
#1822=CARTESIAN_POINT('Ctrl Pts',(-839.878293462936,-2.94554941329382E-13,
2229.14325538979));
#1823=CARTESIAN_POINT('Ctrl Pts',(-838.229336773561,-16.7421382290052,2229.14325538979));
#1824=CARTESIAN_POINT('Ctrl Pts',(-833.345835186266,-32.8408854749686,2229.14325538979));
#1825=CARTESIAN_POINT('Ctrl Pts',(-825.415458928349,-47.6775759095098,2229.14325538979));
#1826=CARTESIAN_POINT('Ctrl Pts',(-814.742967911996,-60.6820438397412,2229.14325538979));
#1827=CARTESIAN_POINT('Ctrl Pts',(-801.738499981765,-71.3545348560936,2229.14325538979));
#1828=CARTESIAN_POINT('Ctrl Pts',(-786.901809547224,-79.2849111140105,2229.14325538979));
#1829=CARTESIAN_POINT('Ctrl Pts',(-770.80306230126,-84.1684127013063,2229.14325538979));
#1830=CARTESIAN_POINT('Ctrl Pts',(-754.060924072255,-85.8173693906806,2229.14325538979));
#1831=CARTESIAN_POINT('Ctrl Pts',(-737.31878584325,-84.1684127013064,2229.14325538979));
#1832=CARTESIAN_POINT('Ctrl Pts',(-721.220038597287,-79.2849111140105,2229.14325538979));
#1833=CARTESIAN_POINT('Ctrl Pts',(-706.383348162745,-71.3545348560937,2229.14325538979));
#1834=CARTESIAN_POINT('Ctrl Pts',(-693.378880232514,-60.6820438397413,2229.14325538979));
#1835=CARTESIAN_POINT('Ctrl Pts',(-682.706389216162,-47.6775759095099,2229.14325538979));
#1836=CARTESIAN_POINT('Ctrl Pts',(-674.776012958245,-32.8408854749687,2229.14325538979));
#1837=CARTESIAN_POINT('Ctrl Pts',(-669.892511370949,-16.7421382290053,2229.14325538979));
#1838=CARTESIAN_POINT('Ctrl Pts',(-668.793206911366,-5.58071274300192,2229.14325538979));
#1839=CARTESIAN_POINT('Ctrl Pts',(-668.793206911366,-1.12687636999453E-13,
2229.14325538979));
#1840=CARTESIAN_POINT('Ctrl Pts',(-669.14477133939,-3.64708263589364E-13,
2238.74393252747));
#1841=CARTESIAN_POINT('Ctrl Pts',(-669.14477133939,5.55770309587126,2238.74393252747));
#1842=CARTESIAN_POINT('Ctrl Pts',(-670.239543294099,16.6731092876145,2238.74393252746));
#1843=CARTESIAN_POINT('Ctrl Pts',(-675.102909881896,32.7054803356937,2238.74393252746));
#1844=CARTESIAN_POINT('Ctrl Pts',(-683.000588674865,47.4809981159169,2238.74393252747));
#1845=CARTESIAN_POINT('Ctrl Pts',(-693.629076306058,60.4318477661959,2238.74393252747));
#1846=CARTESIAN_POINT('Ctrl Pts',(-706.579925956338,71.0603353973907,2238.74393252747));
#1847=CARTESIAN_POINT('Ctrl Pts',(-721.355443736561,78.9580141903588,2238.74393252746));
#1848=CARTESIAN_POINT('Ctrl Pts',(-737.38781478464,83.821380778156,2238.74393252747));
#1849=CARTESIAN_POINT('Ctrl Pts',(-754.060924072255,85.4635387102206,2238.74393252747));
#1850=CARTESIAN_POINT('Ctrl Pts',(-770.73403335987,83.8213807781561,2238.74393252747));
#1851=CARTESIAN_POINT('Ctrl Pts',(-786.766404407949,78.9580141903589,2238.74393252747));
#1852=CARTESIAN_POINT('Ctrl Pts',(-801.541922188173,71.0603353973907,2238.74393252746));
#1853=CARTESIAN_POINT('Ctrl Pts',(-814.492771838452,60.4318477661959,2238.74393252747));
#1854=CARTESIAN_POINT('Ctrl Pts',(-825.121259469646,47.480998115917,2238.74393252747));
#1855=CARTESIAN_POINT('Ctrl Pts',(-833.018938262615,32.7054803356938,2238.74393252746));
#1856=CARTESIAN_POINT('Ctrl Pts',(-837.882304850411,16.6731092876146,2238.74393252747));
#1857=CARTESIAN_POINT('Ctrl Pts',(-839.524462782476,-2.75438525985523E-13,
2238.74393252747));
#1858=CARTESIAN_POINT('Ctrl Pts',(-837.882304850412,-16.6731092876151,2238.74393252747));
#1859=CARTESIAN_POINT('Ctrl Pts',(-833.018938262615,-32.7054803356944,2238.74393252747));
#1860=CARTESIAN_POINT('Ctrl Pts',(-825.121259469646,-47.4809981159175,2238.74393252747));
#1861=CARTESIAN_POINT('Ctrl Pts',(-814.492771838452,-60.4318477661966,2238.74393252747));
#1862=CARTESIAN_POINT('Ctrl Pts',(-801.541922188172,-71.0603353973913,2238.74393252747));
#1863=CARTESIAN_POINT('Ctrl Pts',(-786.766404407949,-78.9580141903595,2238.74393252746));
#1864=CARTESIAN_POINT('Ctrl Pts',(-770.734033359871,-83.8213807781567,2238.74393252747));
#1865=CARTESIAN_POINT('Ctrl Pts',(-754.060924072255,-85.4635387102213,2238.74393252747));
#1866=CARTESIAN_POINT('Ctrl Pts',(-737.387814784641,-83.8213807781567,2238.74393252746));
#1867=CARTESIAN_POINT('Ctrl Pts',(-721.355443736561,-78.9580141903595,2238.74393252747));
#1868=CARTESIAN_POINT('Ctrl Pts',(-706.579925956339,-71.0603353973913,2238.74393252746));
#1869=CARTESIAN_POINT('Ctrl Pts',(-693.629076306059,-60.4318477661966,2238.74393252747));
#1870=CARTESIAN_POINT('Ctrl Pts',(-683.000588674865,-47.4809981159177,2238.74393252747));
#1871=CARTESIAN_POINT('Ctrl Pts',(-675.102909881895,-32.7054803356945,2238.74393252747));
#1872=CARTESIAN_POINT('Ctrl Pts',(-670.239543294099,-16.6731092876153,2238.74393252747));
#1873=CARTESIAN_POINT('Ctrl Pts',(-669.14477133939,-5.55770309587192,2238.74393252747));
#1874=CARTESIAN_POINT('Ctrl Pts',(-669.14477133939,-1.14352971536391E-13,
2238.74393252747));
#1875=CARTESIAN_POINT('Ctrl Pts',(-669.61412025576,-3.66928709638614E-13,
2250.75281658194));
#1876=CARTESIAN_POINT('Ctrl Pts',(-669.61412025576,5.52698453595529,2250.75281658194));
#1877=CARTESIAN_POINT('Ctrl Pts',(-670.70284118232,16.5809536078666,2250.75281658194));
#1878=CARTESIAN_POINT('Ctrl Pts',(-675.539326949867,32.5247104672891,2250.75281658194));
#1879=CARTESIAN_POINT('Ctrl Pts',(-683.393353659409,47.2185609435215,2250.75281658194));
#1880=CARTESIAN_POINT('Ctrl Pts',(-693.963095469087,60.0978286031684,2250.75281658194));
#1881=CARTESIAN_POINT('Ctrl Pts',(-706.842363128733,70.6675704128461,2250.75281658194));
#1882=CARTESIAN_POINT('Ctrl Pts',(-721.536213604965,78.5215971223882,2250.75281658194));
#1883=CARTESIAN_POINT('Ctrl Pts',(-737.479970464389,83.3580828899358,2250.75281658194));
#1884=CARTESIAN_POINT('Ctrl Pts',(-754.060924072255,84.9911642797747,2250.75281658194));
#1885=CARTESIAN_POINT('Ctrl Pts',(-770.641877680123,83.3580828899359,2250.75281658194));
#1886=CARTESIAN_POINT('Ctrl Pts',(-786.585634539545,78.5215971223882,2250.75281658194));
#1887=CARTESIAN_POINT('Ctrl Pts',(-801.279485015777,70.6675704128461,2250.75281658194));
#1888=CARTESIAN_POINT('Ctrl Pts',(-814.158752675424,60.0978286031685,2250.75281658194));
#1889=CARTESIAN_POINT('Ctrl Pts',(-824.728494485102,47.2185609435216,2250.75281658194));
#1890=CARTESIAN_POINT('Ctrl Pts',(-832.582521194644,32.5247104672893,2250.75281658194));
#1891=CARTESIAN_POINT('Ctrl Pts',(-837.419006962191,16.5809536078667,2250.75281658194));
#1892=CARTESIAN_POINT('Ctrl Pts',(-839.052088352031,-2.56174776881959E-13,
2250.75281658194));
#1893=CARTESIAN_POINT('Ctrl Pts',(-837.419006962191,-16.5809536078672,2250.75281658194));
#1894=CARTESIAN_POINT('Ctrl Pts',(-832.582521194644,-32.5247104672898,2250.75281658194));
#1895=CARTESIAN_POINT('Ctrl Pts',(-824.728494485102,-47.2185609435221,2250.75281658194));
#1896=CARTESIAN_POINT('Ctrl Pts',(-814.158752675424,-60.097828603169,2250.75281658194));
#1897=CARTESIAN_POINT('Ctrl Pts',(-801.279485015778,-70.6675704128467,2250.75281658194));
#1898=CARTESIAN_POINT('Ctrl Pts',(-786.585634539545,-78.5215971223888,2250.75281658194));
#1899=CARTESIAN_POINT('Ctrl Pts',(-770.641877680123,-83.3580828899364,2250.75281658194));
#1900=CARTESIAN_POINT('Ctrl Pts',(-754.060924072255,-84.9911642797753,2250.75281658194));
#1901=CARTESIAN_POINT('Ctrl Pts',(-737.479970464389,-83.3580828899365,2250.75281658194));
#1902=CARTESIAN_POINT('Ctrl Pts',(-721.536213604966,-78.5215971223888,2250.75281658194));
#1903=CARTESIAN_POINT('Ctrl Pts',(-706.842363128734,-70.6675704128468,2250.75281658194));
#1904=CARTESIAN_POINT('Ctrl Pts',(-693.963095469086,-60.0978286031691,2250.75281658194));
#1905=CARTESIAN_POINT('Ctrl Pts',(-683.393353659409,-47.2185609435223,2250.75281658194));
#1906=CARTESIAN_POINT('Ctrl Pts',(-675.539326949867,-32.5247104672899,2250.75281658194));
#1907=CARTESIAN_POINT('Ctrl Pts',(-670.70284118232,-16.5809536078674,2250.75281658194));
#1908=CARTESIAN_POINT('Ctrl Pts',(-669.61412025576,-5.52698453595596,2250.75281658194));
#1909=CARTESIAN_POINT('Ctrl Pts',(-669.61412025576,-1.17128529097954E-13,
2250.75281658194));
#1910=CARTESIAN_POINT('Ctrl Pts',(-670.184152703565,-3.64153152077051E-13,
2264.35925984473));
#1911=CARTESIAN_POINT('Ctrl Pts',(-670.184152703565,5.48967630898133,2264.35925984473));
#1912=CARTESIAN_POINT('Ctrl Pts',(-671.265524550861,16.4690289269447,2264.35925984473));
#1913=CARTESIAN_POINT('Ctrl Pts',(-676.069363093218,32.3051623081652,2264.35925984473));
#1914=CARTESIAN_POINT('Ctrl Pts',(-683.870373585828,46.8998264188266,2264.35925984473));
#1915=CARTESIAN_POINT('Ctrl Pts',(-694.368767570317,59.6921565019381,2264.35925984473));
#1916=CARTESIAN_POINT('Ctrl Pts',(-707.161097653428,70.1905504864272,2264.35925984473));
#1917=CARTESIAN_POINT('Ctrl Pts',(-721.75576176409,77.991560979037,2264.35925984473));
#1918=CARTESIAN_POINT('Ctrl Pts',(-737.591895145309,82.7953995213938,2264.35925984473));
#1919=CARTESIAN_POINT('Ctrl Pts',(-754.060924072256,84.4174572923384,2264.35925984473));
#1920=CARTESIAN_POINT('Ctrl Pts',(-770.5299529992,82.7953995213938,2264.35925984473));
#1921=CARTESIAN_POINT('Ctrl Pts',(-786.366086380421,77.9915609790371,2264.35925984473));
#1922=CARTESIAN_POINT('Ctrl Pts',(-800.960750491083,70.1905504864273,2264.35925984473));
#1923=CARTESIAN_POINT('Ctrl Pts',(-813.753080574194,59.6921565019382,2264.35925984473));
#1924=CARTESIAN_POINT('Ctrl Pts',(-824.251474558683,46.8998264188267,2264.35925984473));
#1925=CARTESIAN_POINT('Ctrl Pts',(-832.052485051293,32.3051623081653,2264.35925984473));
#1926=CARTESIAN_POINT('Ctrl Pts',(-836.85632359365,16.4690289269449,2264.35925984473));
#1927=CARTESIAN_POINT('Ctrl Pts',(-838.478381364594,-2.34544536290616E-13,
2264.35925984473));
#1928=CARTESIAN_POINT('Ctrl Pts',(-836.85632359365,-16.4690289269453,2264.35925984473));
#1929=CARTESIAN_POINT('Ctrl Pts',(-832.052485051293,-32.3051623081658,2264.35925984473));
#1930=CARTESIAN_POINT('Ctrl Pts',(-824.251474558683,-46.8998264188272,2264.35925984473));
#1931=CARTESIAN_POINT('Ctrl Pts',(-813.753080574194,-59.6921565019387,2264.35925984473));
#1932=CARTESIAN_POINT('Ctrl Pts',(-800.960750491082,-70.1905504864278,2264.35925984473));
#1933=CARTESIAN_POINT('Ctrl Pts',(-786.366086380421,-77.9915609790377,2264.35925984473));
#1934=CARTESIAN_POINT('Ctrl Pts',(-770.529952999201,-82.7953995213944,2264.35925984473));
#1935=CARTESIAN_POINT('Ctrl Pts',(-754.060924072256,-84.417457292339,2264.35925984473));
#1936=CARTESIAN_POINT('Ctrl Pts',(-737.59189514531,-82.7953995213945,2264.35925984473));
#1937=CARTESIAN_POINT('Ctrl Pts',(-721.75576176409,-77.9915609790377,2264.35925984473));
#1938=CARTESIAN_POINT('Ctrl Pts',(-707.161097653428,-70.1905504864279,2264.35925984473));
#1939=CARTESIAN_POINT('Ctrl Pts',(-694.368767570317,-59.6921565019389,2264.35925984473));
#1940=CARTESIAN_POINT('Ctrl Pts',(-683.870373585828,-46.8998264188273,2264.35925984473));
#1941=CARTESIAN_POINT('Ctrl Pts',(-676.069363093218,-32.3051623081659,2264.35925984472));
#1942=CARTESIAN_POINT('Ctrl Pts',(-671.265524550862,-16.4690289269455,2264.35925984473));
#1943=CARTESIAN_POINT('Ctrl Pts',(-670.184152703565,-5.48967630898199,2264.35925984473));
#1944=CARTESIAN_POINT('Ctrl Pts',(-670.184152703565,-1.16018306073329E-13,
2264.35925984473));
#1945=CARTESIAN_POINT('Ctrl Pts',(-670.828684185077,-3.61377594515488E-13,
2278.76705538599));
#1946=CARTESIAN_POINT('Ctrl Pts',(-670.828684185077,5.44749217210157,2278.76705538599));
#1947=CARTESIAN_POINT('Ctrl Pts',(-671.901746482692,16.3424765163054,2278.76705538599));
#1948=CARTESIAN_POINT('Ctrl Pts',(-676.668671048484,32.0569208250559,2278.76705538599));
#1949=CARTESIAN_POINT('Ctrl Pts',(-684.409736495904,46.5394356442279,2278.76705538599));
#1950=CARTESIAN_POINT('Ctrl Pts',(-694.827458021046,59.2334660512083,2278.76705538599));
#1951=CARTESIAN_POINT('Ctrl Pts',(-707.521488428027,69.6511875763513,2278.76705538599));
#1952=CARTESIAN_POINT('Ctrl Pts',(-722.004003247199,77.3922530237711,2278.76705538599));
#1953=CARTESIAN_POINT('Ctrl Pts',(-737.71844755595,82.1591775895629,2278.76705538599));
#1954=CARTESIAN_POINT('Ctrl Pts',(-754.060924072255,83.7687710359853,2278.76705538599));
#1955=CARTESIAN_POINT('Ctrl Pts',(-770.403400588561,82.1591775895629,2278.76705538599));
#1956=CARTESIAN_POINT('Ctrl Pts',(-786.117844897311,77.3922530237711,2278.76705538599));
#1957=CARTESIAN_POINT('Ctrl Pts',(-800.600359716483,69.6511875763514,2278.76705538599));
#1958=CARTESIAN_POINT('Ctrl Pts',(-813.294390123464,59.2334660512085,2278.76705538599));
#1959=CARTESIAN_POINT('Ctrl Pts',(-823.712111648608,46.539435644228,2278.76705538599));
#1960=CARTESIAN_POINT('Ctrl Pts',(-831.453177096026,32.0569208250561,2278.76705538599));
#1961=CARTESIAN_POINT('Ctrl Pts',(-836.220101661818,16.3424765163055,2278.76705538599));
#1962=CARTESIAN_POINT('Ctrl Pts',(-837.829695108241,-2.12183615931344E-13,
2278.76705538599));
#1963=CARTESIAN_POINT('Ctrl Pts',(-836.220101661818,-16.342476516306,2278.76705538599));
#1964=CARTESIAN_POINT('Ctrl Pts',(-831.453177096026,-32.0569208250565,2278.76705538599));
#1965=CARTESIAN_POINT('Ctrl Pts',(-823.712111648607,-46.5394356442285,2278.76705538599));
#1966=CARTESIAN_POINT('Ctrl Pts',(-813.294390123464,-59.2334660512089,2278.76705538599));
#1967=CARTESIAN_POINT('Ctrl Pts',(-800.600359716484,-69.6511875763519,2278.76705538599));
#1968=CARTESIAN_POINT('Ctrl Pts',(-786.117844897312,-77.3922530237716,2278.76705538599));
#1969=CARTESIAN_POINT('Ctrl Pts',(-770.403400588562,-82.1591775895634,2278.76705538599));
#1970=CARTESIAN_POINT('Ctrl Pts',(-754.060924072255,-83.7687710359859,2278.76705538599));
#1971=CARTESIAN_POINT('Ctrl Pts',(-737.71844755595,-82.1591775895635,2278.76705538599));
#1972=CARTESIAN_POINT('Ctrl Pts',(-722.004003247199,-77.3922530237717,2278.76705538599));
#1973=CARTESIAN_POINT('Ctrl Pts',(-707.521488428027,-69.651187576352,2278.76705538599));
#1974=CARTESIAN_POINT('Ctrl Pts',(-694.827458021046,-59.233466051209,2278.76705538599));
#1975=CARTESIAN_POINT('Ctrl Pts',(-684.409736495904,-46.5394356442286,2278.76705538599));
#1976=CARTESIAN_POINT('Ctrl Pts',(-676.668671048483,-32.0569208250567,2278.76705538599));
#1977=CARTESIAN_POINT('Ctrl Pts',(-671.901746482692,-16.3424765163062,2278.76705538599));
#1978=CARTESIAN_POINT('Ctrl Pts',(-670.828684185077,-5.44749217210222,2278.76705538599));
#1979=CARTESIAN_POINT('Ctrl Pts',(-670.828684185077,-1.15463194561016E-13,
2278.76705538599));
#1980=CARTESIAN_POINT('Ctrl Pts',(-671.511632169348,-3.62487817540114E-13,
2293.17465731316));
#1981=CARTESIAN_POINT('Ctrl Pts',(-671.511632169348,5.40279370185363,2293.17465731316));
#1982=CARTESIAN_POINT('Ctrl Pts',(-672.575889636837,16.2083811055616,2293.17465731316));
#1983=CARTESIAN_POINT('Ctrl Pts',(-677.303700014091,31.7938832150017,2293.17465731316));
#1984=CARTESIAN_POINT('Ctrl Pts',(-684.981247465953,46.1575642227043,2293.17465731316));
#1985=CARTESIAN_POINT('Ctrl Pts',(-695.313488149466,58.7474359227887,2293.17465731316));
#1986=CARTESIAN_POINT('Ctrl Pts',(-707.90335984955,69.0796766063018,2293.17465731316));
#1987=CARTESIAN_POINT('Ctrl Pts',(-722.267040857253,76.7572240581638,2293.17465731316));
#1988=CARTESIAN_POINT('Ctrl Pts',(-737.852542966693,81.4850344354177,2293.17465731316));
#1989=CARTESIAN_POINT('Ctrl Pts',(-754.060924072255,83.0814206366523,2293.17465731316));
#1990=CARTESIAN_POINT('Ctrl Pts',(-770.269305177817,81.4850344354178,2293.17465731316));
#1991=CARTESIAN_POINT('Ctrl Pts',(-785.854807287257,76.7572240581639,2293.17465731316));
#1992=CARTESIAN_POINT('Ctrl Pts',(-800.21848829496,69.0796766063019,2293.17465731316));
#1993=CARTESIAN_POINT('Ctrl Pts',(-812.808359995044,58.7474359227888,2293.17465731316));
#1994=CARTESIAN_POINT('Ctrl Pts',(-823.140600678557,46.1575642227045,2293.17465731316));
#1995=CARTESIAN_POINT('Ctrl Pts',(-830.81814813042,31.7938832150018,2293.17465731316));
#1996=CARTESIAN_POINT('Ctrl Pts',(-835.545958507673,16.2083811055618,2293.17465731316));
#1997=CARTESIAN_POINT('Ctrl Pts',(-837.142344708908,-1.91683101980887E-13,
2293.17465731316));
#1998=CARTESIAN_POINT('Ctrl Pts',(-835.545958507674,-16.2083811055621,2293.17465731316));
#1999=CARTESIAN_POINT('Ctrl Pts',(-830.818148130419,-31.7938832150022,2293.17465731316));
#2000=CARTESIAN_POINT('Ctrl Pts',(-823.140600678557,-46.1575642227049,2293.17465731316));
#2001=CARTESIAN_POINT('Ctrl Pts',(-812.808359995044,-58.7474359227892,2293.17465731316));
#2002=CARTESIAN_POINT('Ctrl Pts',(-800.21848829496,-69.0796766063024,2293.17465731316));
#2003=CARTESIAN_POINT('Ctrl Pts',(-785.854807287258,-76.7572240581644,2293.17465731316));
#2004=CARTESIAN_POINT('Ctrl Pts',(-770.269305177817,-81.4850344354183,2293.17465731316));
#2005=CARTESIAN_POINT('Ctrl Pts',(-754.060924072255,-83.0814206366529,2293.17465731316));
#2006=CARTESIAN_POINT('Ctrl Pts',(-737.852542966694,-81.4850344354183,2293.17465731316));
#2007=CARTESIAN_POINT('Ctrl Pts',(-722.267040857254,-76.7572240581644,2293.17465731316));
#2008=CARTESIAN_POINT('Ctrl Pts',(-707.903359849551,-69.0796766063025,2293.17465731316));
#2009=CARTESIAN_POINT('Ctrl Pts',(-695.313488149466,-58.7474359227894,2293.17465731316));
#2010=CARTESIAN_POINT('Ctrl Pts',(-684.981247465953,-46.157564222705,2293.17465731316));
#2011=CARTESIAN_POINT('Ctrl Pts',(-677.303700014091,-31.7938832150024,2293.17465731316));
#2012=CARTESIAN_POINT('Ctrl Pts',(-672.575889636838,-16.2083811055624,2293.17465731316));
#2013=CARTESIAN_POINT('Ctrl Pts',(-671.511632169348,-5.40279370185428,2293.17465731316));
#2014=CARTESIAN_POINT('Ctrl Pts',(-671.511632169348,-1.18793863634892E-13,
2293.17465731316));
#2015=CARTESIAN_POINT('Ctrl Pts',(-672.310875480442,-3.39728245535298E-13,
2309.18327936069));
#2016=CARTESIAN_POINT('Ctrl Pts',(-672.310875480442,5.35048378340504,2309.18327936069));
#2017=CARTESIAN_POINT('Ctrl Pts',(-673.364828793377,16.0514513502158,2309.18327936069));
#2018=CARTESIAN_POINT('Ctrl Pts',(-678.046864449454,31.4860544268007,2309.18327936069));
#2019=CARTESIAN_POINT('Ctrl Pts',(-685.65007778766,45.7106660893465,2309.18327936069));
#2020=CARTESIAN_POINT('Ctrl Pts',(-695.882281583339,58.1786424889155,2309.18327936069));
#2021=CARTESIAN_POINT('Ctrl Pts',(-708.350257982908,68.4108462845941,2309.18327936069));
#2022=CARTESIAN_POINT('Ctrl Pts',(-722.574869645454,76.0140596228003,2309.18327936068));
#2023=CARTESIAN_POINT('Ctrl Pts',(-738.009472722038,80.6960952788781,2309.18327936069));
#2024=CARTESIAN_POINT('Ctrl Pts',(-754.060924072255,82.2770252482801,2309.18327936069));
#2025=CARTESIAN_POINT('Ctrl Pts',(-770.112375422471,80.6960952788781,2309.18327936069));
#2026=CARTESIAN_POINT('Ctrl Pts',(-785.546978499056,76.0140596228004,2309.18327936069));
#2027=CARTESIAN_POINT('Ctrl Pts',(-799.771590161602,68.4108462845942,2309.18327936069));
#2028=CARTESIAN_POINT('Ctrl Pts',(-812.239566561171,58.1786424889156,2309.18327936069));
#2029=CARTESIAN_POINT('Ctrl Pts',(-822.47177035685,45.7106660893467,2309.18327936069));
#2030=CARTESIAN_POINT('Ctrl Pts',(-830.074983695055,31.4860544268009,2309.18327936069));
#2031=CARTESIAN_POINT('Ctrl Pts',(-834.757019351133,16.051451350216,2309.18327936069));
#2032=CARTESIAN_POINT('Ctrl Pts',(-836.337949320535,-1.56682376268739E-13,
2309.18327936069));
#2033=CARTESIAN_POINT('Ctrl Pts',(-834.757019351133,-16.0514513502163,2309.18327936069));
#2034=CARTESIAN_POINT('Ctrl Pts',(-830.074983695056,-31.4860544268013,2309.18327936069));
#2035=CARTESIAN_POINT('Ctrl Pts',(-822.471770356849,-45.710666089347,2309.18327936069));
#2036=CARTESIAN_POINT('Ctrl Pts',(-812.239566561171,-58.178642488916,2309.18327936069));
#2037=CARTESIAN_POINT('Ctrl Pts',(-799.771590161602,-68.4108462845946,2309.18327936069));
#2038=CARTESIAN_POINT('Ctrl Pts',(-785.546978499056,-76.0140596228008,2309.18327936069));
#2039=CARTESIAN_POINT('Ctrl Pts',(-770.112375422472,-80.6960952788786,2309.18327936069));
#2040=CARTESIAN_POINT('Ctrl Pts',(-754.060924072255,-82.2770252482806,2309.18327936069));
#2041=CARTESIAN_POINT('Ctrl Pts',(-738.009472722039,-80.6960952788787,2309.18327936069));
#2042=CARTESIAN_POINT('Ctrl Pts',(-722.574869645454,-76.0140596228009,2309.18327936069));
#2043=CARTESIAN_POINT('Ctrl Pts',(-708.350257982908,-68.4108462845948,2309.18327936069));
#2044=CARTESIAN_POINT('Ctrl Pts',(-695.882281583339,-58.1786424889162,2309.18327936069));
#2045=CARTESIAN_POINT('Ctrl Pts',(-685.650077787661,-45.7106660893472,2309.18327936069));
#2046=CARTESIAN_POINT('Ctrl Pts',(-678.046864449454,-31.4860544268015,2309.18327936068));
#2047=CARTESIAN_POINT('Ctrl Pts',(-673.364828793377,-16.0514513502165,2309.18327936069));
#2048=CARTESIAN_POINT('Ctrl Pts',(-672.310875480442,-5.35048378340565,2309.18327936069));
#2049=CARTESIAN_POINT('Ctrl Pts',(-672.310875480442,-9.82547376793264E-14,
2309.18327936069));
#2050=CARTESIAN_POINT('Ctrl Pts',(-673.323880812078,-3.43058914609173E-13,
2328.39350255243));
#2051=CARTESIAN_POINT('Ctrl Pts',(-673.323880812078,5.28418328948753,2328.39350255243));
#2052=CARTESIAN_POINT('Ctrl Pts',(-674.364774067633,15.8525498684633,2328.39350255243));
#2053=CARTESIAN_POINT('Ctrl Pts',(-678.98879230153,31.0958951356942,2328.39350255243));
#2054=CARTESIAN_POINT('Ctrl Pts',(-686.497790458439,45.1442425916393,2328.39350255243));
#2055=CARTESIAN_POINT('Ctrl Pts',(-696.603201950284,57.4577221219706,2328.39350255243));
#2056=CARTESIAN_POINT('Ctrl Pts',(-708.916681480615,67.5631336138164,2328.39350255243));
#2057=CARTESIAN_POINT('Ctrl Pts',(-722.965028936561,75.072131770725,2328.39350255243));
#2058=CARTESIAN_POINT('Ctrl Pts',(-738.208374203792,79.6961500046212,2328.39350255243));
#2059=CARTESIAN_POINT('Ctrl Pts',(-754.060924072255,81.2574898879557,2328.39350255243));
#2060=CARTESIAN_POINT('Ctrl Pts',(-769.913473940719,79.6961500046213,2328.39350255243));
#2061=CARTESIAN_POINT('Ctrl Pts',(-785.156819207949,75.0721317707251,2328.39350255243));
#2062=CARTESIAN_POINT('Ctrl Pts',(-799.205166663895,67.5631336138165,2328.39350255243));
#2063=CARTESIAN_POINT('Ctrl Pts',(-811.518646194227,57.4577221219708,2328.39350255243));
#2064=CARTESIAN_POINT('Ctrl Pts',(-821.624057686072,45.1442425916395,2328.39350255243));
#2065=CARTESIAN_POINT('Ctrl Pts',(-829.133055842981,31.0958951356944,2328.39350255243));
#2066=CARTESIAN_POINT('Ctrl Pts',(-833.757074076876,15.8525498684635,2328.39350255243));
#2067=CARTESIAN_POINT('Ctrl Pts',(-835.318413960212,-1.3594225762891E-13,
2328.39350255243));
#2068=CARTESIAN_POINT('Ctrl Pts',(-833.757074076877,-15.8525498684637,2328.39350255243));
#2069=CARTESIAN_POINT('Ctrl Pts',(-829.133055842981,-31.0958951356947,2328.39350255243));
#2070=CARTESIAN_POINT('Ctrl Pts',(-821.624057686072,-45.1442425916398,2328.39350255243));
#2071=CARTESIAN_POINT('Ctrl Pts',(-811.518646194226,-57.4577221219711,2328.39350255243));
#2072=CARTESIAN_POINT('Ctrl Pts',(-799.205166663895,-67.5631336138168,2328.39350255243));
#2073=CARTESIAN_POINT('Ctrl Pts',(-785.15681920795,-75.0721317707255,2328.39350255243));
#2074=CARTESIAN_POINT('Ctrl Pts',(-769.913473940719,-79.6961500046218,2328.39350255243));
#2075=CARTESIAN_POINT('Ctrl Pts',(-754.060924072256,-81.2574898879561,2328.39350255243));
#2076=CARTESIAN_POINT('Ctrl Pts',(-738.208374203792,-79.6961500046218,2328.39350255243));
#2077=CARTESIAN_POINT('Ctrl Pts',(-722.965028936561,-75.0721317707256,2328.39350255243));
#2078=CARTESIAN_POINT('Ctrl Pts',(-708.916681480616,-67.563133613817,2328.39350255243));
#2079=CARTESIAN_POINT('Ctrl Pts',(-696.603201950284,-57.4577221219713,2328.39350255243));
#2080=CARTESIAN_POINT('Ctrl Pts',(-686.497790458439,-45.14424259164,2328.39350255243));
#2081=CARTESIAN_POINT('Ctrl Pts',(-678.98879230153,-31.0958951356949,2328.39350255243));
#2082=CARTESIAN_POINT('Ctrl Pts',(-674.364774067634,-15.852549868464,2328.39350255243));
#2083=CARTESIAN_POINT('Ctrl Pts',(-673.323880812078,-5.28418328948815,2328.39350255243));
#2084=CARTESIAN_POINT('Ctrl Pts',(-673.323880812078,-1.04360964314765E-13,
2328.39350255243));
#2085=CARTESIAN_POINT('Ctrl Pts',(-674.672110522523,-3.51385587293862E-13,
2352.4061184629));
#2086=CARTESIAN_POINT('Ctrl Pts',(-674.672110522523,5.19594259328854,2352.4061184629));
#2087=CARTESIAN_POINT('Ctrl Pts',(-675.695621878075,15.5878277798663,2352.4061184629));
#2088=CARTESIAN_POINT('Ctrl Pts',(-680.242423526959,30.5766240799073,2352.4061184629));
#2089=CARTESIAN_POINT('Ctrl Pts',(-687.626028753906,44.3903778641257,2352.4061184629));
#2090=CARTESIAN_POINT('Ctrl Pts',(-697.562689750818,56.4982343214364,2352.4061184629));
#2091=CARTESIAN_POINT('Ctrl Pts',(-709.670546208129,66.4348953183493,2352.4061184629));
#2092=CARTESIAN_POINT('Ctrl Pts',(-723.484299992347,73.8185005452964,2352.4061184629));
#2093=CARTESIAN_POINT('Ctrl Pts',(-738.473096292388,78.3653021941799,2352.4061184629));
#2094=CARTESIAN_POINT('Ctrl Pts',(-754.060924072255,79.9005692275088,2352.4061184629));
#2095=CARTESIAN_POINT('Ctrl Pts',(-769.648751852122,78.3653021941799,2352.4061184629));
#2096=CARTESIAN_POINT('Ctrl Pts',(-784.637548152163,73.8185005452965,2352.4061184629));
#2097=CARTESIAN_POINT('Ctrl Pts',(-798.45130193638,66.4348953183494,2352.4061184629));
#2098=CARTESIAN_POINT('Ctrl Pts',(-810.559158393692,56.4982343214367,2352.4061184629));
#2099=CARTESIAN_POINT('Ctrl Pts',(-820.495819390605,44.3903778641259,2352.4061184629));
#2100=CARTESIAN_POINT('Ctrl Pts',(-827.879424617552,30.5766240799075,2352.4061184629));
#2101=CARTESIAN_POINT('Ctrl Pts',(-832.426226266435,15.5878277798666,2352.4061184629));
#2102=CARTESIAN_POINT('Ctrl Pts',(-833.961493299764,-8.97379345862975E-14,
2352.4061184629));
#2103=CARTESIAN_POINT('Ctrl Pts',(-832.426226266435,-15.5878277798668,2352.4061184629));
#2104=CARTESIAN_POINT('Ctrl Pts',(-827.879424617552,-30.5766240799077,2352.4061184629));
#2105=CARTESIAN_POINT('Ctrl Pts',(-820.495819390605,-44.3903778641261,2352.4061184629));
#2106=CARTESIAN_POINT('Ctrl Pts',(-810.559158393692,-56.4982343214369,2352.4061184629));
#2107=CARTESIAN_POINT('Ctrl Pts',(-798.451301936381,-66.4348953183497,2352.4061184629));
#2108=CARTESIAN_POINT('Ctrl Pts',(-784.637548152163,-73.8185005452969,2352.4061184629));
#2109=CARTESIAN_POINT('Ctrl Pts',(-769.648751852122,-78.3653021941803,2352.4061184629));
#2110=CARTESIAN_POINT('Ctrl Pts',(-754.060924072255,-79.9005692275092,2352.4061184629));
#2111=CARTESIAN_POINT('Ctrl Pts',(-738.473096292389,-78.3653021941804,2352.4061184629));
#2112=CARTESIAN_POINT('Ctrl Pts',(-723.484299992348,-73.818500545297,2352.4061184629));
#2113=CARTESIAN_POINT('Ctrl Pts',(-709.670546208129,-66.4348953183498,2352.4061184629));
#2114=CARTESIAN_POINT('Ctrl Pts',(-697.562689750819,-56.4982343214371,2352.4061184629));
#2115=CARTESIAN_POINT('Ctrl Pts',(-687.626028753906,-44.3903778641264,2352.4061184629));
#2116=CARTESIAN_POINT('Ctrl Pts',(-680.242423526959,-30.576624079908,2352.4061184629));
#2117=CARTESIAN_POINT('Ctrl Pts',(-675.695621878075,-15.5878277798671,2352.4061184629));
#2118=CARTESIAN_POINT('Ctrl Pts',(-674.672110522522,-5.19594259328918,2352.4061184629));
#2119=CARTESIAN_POINT('Ctrl Pts',(-674.672110522522,-1.17128529097954E-13,
2352.4061184629));
#2120=CARTESIAN_POINT('Ctrl Pts',(-676.307386116794,-3.28626015289046E-13,
2379.62082561558));
#2121=CARTESIAN_POINT('Ctrl Pts',(-676.307386116794,5.08891494377322,2379.62082561558));
#2122=CARTESIAN_POINT('Ctrl Pts',(-677.309814865549,15.2667448313203,2379.62082561557));
#2123=CARTESIAN_POINT('Ctrl Pts',(-681.762960072977,29.9467972204624,2379.62082561557));
#2124=CARTESIAN_POINT('Ctrl Pts',(-688.994475491733,43.4760109867795,2379.62082561557));
#2125=CARTESIAN_POINT('Ctrl Pts',(-698.726458039752,55.3344660325025,2379.62082561557));
#2126=CARTESIAN_POINT('Ctrl Pts',(-710.584913085475,65.0664485805225,2379.62082561557));
#2127=CARTESIAN_POINT('Ctrl Pts',(-724.114126851792,72.2979639992778,2379.62082561557));
#2128=CARTESIAN_POINT('Ctrl Pts',(-738.794179240934,76.7511092067061,2379.62082561557));
#2129=CARTESIAN_POINT('Ctrl Pts',(-754.060924072255,78.2547523298386,2379.62082561557));
#2130=CARTESIAN_POINT('Ctrl Pts',(-769.327668903576,76.7511092067062,2379.62082561558));
#2131=CARTESIAN_POINT('Ctrl Pts',(-784.007721292718,72.2979639992778,2379.62082561557));
#2132=CARTESIAN_POINT('Ctrl Pts',(-797.536935059035,65.0664485805227,2379.62082561557));
#2133=CARTESIAN_POINT('Ctrl Pts',(-809.395390104758,55.3344660325027,2379.62082561557));
#2134=CARTESIAN_POINT('Ctrl Pts',(-819.127372652778,43.4760109867797,2379.62082561558));
#2135=CARTESIAN_POINT('Ctrl Pts',(-826.358888071534,29.9467972204627,2379.62082561557));
#2136=CARTESIAN_POINT('Ctrl Pts',(-830.812033278962,15.2667448313206,2379.62082561557));
#2137=CARTESIAN_POINT('Ctrl Pts',(-832.315676402094,-4.93672860364666E-14,
2379.62082561557));
#2138=CARTESIAN_POINT('Ctrl Pts',(-830.812033278962,-15.2667448313207,2379.62082561558));
#2139=CARTESIAN_POINT('Ctrl Pts',(-826.358888071533,-29.9467972204628,2379.62082561557));
#2140=CARTESIAN_POINT('Ctrl Pts',(-819.127372652778,-43.4760109867799,2379.62082561557));
#2141=CARTESIAN_POINT('Ctrl Pts',(-809.395390104758,-55.3344660325029,2379.62082561557));
#2142=CARTESIAN_POINT('Ctrl Pts',(-797.536935059036,-65.0664485805229,2379.62082561557));
#2143=CARTESIAN_POINT('Ctrl Pts',(-784.007721292718,-72.2979639992781,2379.62082561557));
#2144=CARTESIAN_POINT('Ctrl Pts',(-769.327668903577,-76.7511092067065,2379.62082561558));
#2145=CARTESIAN_POINT('Ctrl Pts',(-754.060924072255,-78.254752329839,2379.62082561557));
#2146=CARTESIAN_POINT('Ctrl Pts',(-738.794179240935,-76.7511092067066,2379.62082561557));
#2147=CARTESIAN_POINT('Ctrl Pts',(-724.114126851792,-72.2979639992783,2379.62082561557));
#2148=CARTESIAN_POINT('Ctrl Pts',(-710.584913085476,-65.0664485805231,2379.62082561557));
#2149=CARTESIAN_POINT('Ctrl Pts',(-698.726458039752,-55.3344660325031,2379.62082561558));
#2150=CARTESIAN_POINT('Ctrl Pts',(-688.994475491733,-43.4760109867802,2379.62082561557));
#2151=CARTESIAN_POINT('Ctrl Pts',(-681.762960072976,-29.946797220463,2379.62082561558));
#2152=CARTESIAN_POINT('Ctrl Pts',(-677.309814865549,-15.266744831321,2379.62082561557));
#2153=CARTESIAN_POINT('Ctrl Pts',(-676.307386116794,-5.08891494377381,2379.62082561558));
#2154=CARTESIAN_POINT('Ctrl Pts',(-676.307386116794,-9.88098491916389E-14,
2379.62082561558));
#2155=CARTESIAN_POINT('Ctrl Pts',(-678.156322158069,-3.43614026121486E-13,
2408.43589095537));
#2156=CARTESIAN_POINT('Ctrl Pts',(-678.156322158069,4.96790336670622,2408.43589095537));
#2157=CARTESIAN_POINT('Ctrl Pts',(-679.134913706729,14.9037101001193,2408.43589095537));
#2158=CARTESIAN_POINT('Ctrl Pts',(-683.482165589074,29.2346789791883,2408.43589095537));
#2159=CARTESIAN_POINT('Ctrl Pts',(-690.541719578905,42.442175540084,2408.43589095537));
#2160=CARTESIAN_POINT('Ctrl Pts',(-700.042280975434,54.0186430968205,2408.43589095537));
#2161=CARTESIAN_POINT('Ctrl Pts',(-711.618748532171,63.5192044933501,2408.43589095537));
#2162=CARTESIAN_POINT('Ctrl Pts',(-724.826245093066,70.5787584831807,2408.43589095537));
#2163=CARTESIAN_POINT('Ctrl Pts',(-739.157213972136,74.9260103655263,2408.43589095537));
#2164=CARTESIAN_POINT('Ctrl Pts',(-754.060924072255,76.3938976885155,2408.43589095537));
#2165=CARTESIAN_POINT('Ctrl Pts',(-768.964634172375,74.9260103655264,2408.43589095537));
#2166=CARTESIAN_POINT('Ctrl Pts',(-783.295603051444,70.5787584831808,2408.43589095537));
#2167=CARTESIAN_POINT('Ctrl Pts',(-796.50309961234,63.5192044933503,2408.43589095537));
#2168=CARTESIAN_POINT('Ctrl Pts',(-808.079567169076,54.0186430968207,2408.43589095537));
#2169=CARTESIAN_POINT('Ctrl Pts',(-817.580128565606,42.4421755400843,2408.43589095537));
#2170=CARTESIAN_POINT('Ctrl Pts',(-824.639682555436,29.2346789791887,2408.43589095537));
#2171=CARTESIAN_POINT('Ctrl Pts',(-828.986934437782,14.9037101001197,2408.43589095537));
#2172=CARTESIAN_POINT('Ctrl Pts',(-830.454821760771,-1.82230554373522E-15,
2408.43589095537));
#2173=CARTESIAN_POINT('Ctrl Pts',(-828.986934437782,-14.9037101001197,2408.43589095537));
#2174=CARTESIAN_POINT('Ctrl Pts',(-824.639682555436,-29.2346789791887,2408.43589095537));
#2175=CARTESIAN_POINT('Ctrl Pts',(-817.580128565606,-42.4421755400843,2408.43589095537));
#2176=CARTESIAN_POINT('Ctrl Pts',(-808.079567169076,-54.0186430968208,2408.43589095537));
#2177=CARTESIAN_POINT('Ctrl Pts',(-796.503099612339,-63.5192044933505,2408.43589095537));
#2178=CARTESIAN_POINT('Ctrl Pts',(-783.295603051444,-70.578758483181,2408.43589095537));
#2179=CARTESIAN_POINT('Ctrl Pts',(-768.964634172375,-74.9260103655267,2408.43589095537));
#2180=CARTESIAN_POINT('Ctrl Pts',(-754.060924072255,-76.3938976885159,2408.43589095537));
#2181=CARTESIAN_POINT('Ctrl Pts',(-739.157213972136,-74.9260103655268,2408.43589095537));
#2182=CARTESIAN_POINT('Ctrl Pts',(-724.826245093067,-70.5787584831812,2408.43589095537));
#2183=CARTESIAN_POINT('Ctrl Pts',(-711.618748532171,-63.5192044933507,2408.43589095537));
#2184=CARTESIAN_POINT('Ctrl Pts',(-700.042280975435,-54.0186430968211,2408.43589095537));
#2185=CARTESIAN_POINT('Ctrl Pts',(-690.541719578905,-42.4421755400846,2408.43589095537));
#2186=CARTESIAN_POINT('Ctrl Pts',(-683.482165589074,-29.234678979189,2408.43589095537));
#2187=CARTESIAN_POINT('Ctrl Pts',(-679.134913706729,-14.9037101001201,2408.43589095537));
#2188=CARTESIAN_POINT('Ctrl Pts',(-678.156322158069,-4.96790336670684,2408.43589095537));
#2189=CARTESIAN_POINT('Ctrl Pts',(-678.156322158069,-1.19348975147204E-13,
2408.43589095537));
#2190=CARTESIAN_POINT('Ctrl Pts',(-680.118092219309,-3.2085445411667E-13,
2437.25149802058));
#2191=CARTESIAN_POINT('Ctrl Pts',(-680.118092219309,4.83950688156356,2437.25149802058));
#2192=CARTESIAN_POINT('Ctrl Pts',(-681.071391867952,14.5185206446913,2437.25149802058));
#2193=CARTESIAN_POINT('Ctrl Pts',(-685.306288130529,28.4791026830876,2437.25149802058));
#2194=CARTESIAN_POINT('Ctrl Pts',(-692.183386494301,41.3452487766376,2437.25149802058));
#2195=CARTESIAN_POINT('Ctrl Pts',(-701.438403925871,52.622520146384,2437.25149802058));
#2196=CARTESIAN_POINT('Ctrl Pts',(-712.715675295618,61.8775375779543,2437.25149802058));
#2197=CARTESIAN_POINT('Ctrl Pts',(-725.581821389167,68.7546359417265,2437.25149802058));
#2198=CARTESIAN_POINT('Ctrl Pts',(-739.542403427563,72.9895322043023,2437.25149802058));
#2199=CARTESIAN_POINT('Ctrl Pts',(-754.060924072255,74.419481677268,2437.25149802058));
#2200=CARTESIAN_POINT('Ctrl Pts',(-768.579444716946,72.9895322043024,2437.25149802058));
#2201=CARTESIAN_POINT('Ctrl Pts',(-782.540026755343,68.7546359417266,2437.25149802058));
#2202=CARTESIAN_POINT('Ctrl Pts',(-795.406172848892,61.8775375779545,2437.25149802058));
#2203=CARTESIAN_POINT('Ctrl Pts',(-806.68344421864,52.6225201463843,2437.25149802058));
#2204=CARTESIAN_POINT('Ctrl Pts',(-815.93846165021,41.3452487766379,2437.25149802058));
#2205=CARTESIAN_POINT('Ctrl Pts',(-822.815560013982,28.4791026830879,2437.25149802058));
#2206=CARTESIAN_POINT('Ctrl Pts',(-827.050456276558,14.5185206446916,2437.25149802058));
#2207=CARTESIAN_POINT('Ctrl Pts',(-828.480405749524,4.08936663685373E-14,
2437.25149802058));
#2208=CARTESIAN_POINT('Ctrl Pts',(-827.050456276558,-14.5185206446916,2437.25149802058));
#2209=CARTESIAN_POINT('Ctrl Pts',(-822.815560013982,-28.4791026830879,2437.25149802058));
#2210=CARTESIAN_POINT('Ctrl Pts',(-815.93846165021,-41.3452487766379,2437.25149802058));
#2211=CARTESIAN_POINT('Ctrl Pts',(-806.683444218639,-52.6225201463843,2437.25149802058));
#2212=CARTESIAN_POINT('Ctrl Pts',(-795.406172848893,-61.8775375779545,2437.25149802058));
#2213=CARTESIAN_POINT('Ctrl Pts',(-782.540026755343,-68.7546359417268,2437.25149802058));
#2214=CARTESIAN_POINT('Ctrl Pts',(-768.579444716947,-72.9895322043026,2437.25149802058));
#2215=CARTESIAN_POINT('Ctrl Pts',(-754.060924072256,-74.4194816772683,2437.25149802058));
#2216=CARTESIAN_POINT('Ctrl Pts',(-739.542403427564,-72.9895322043026,2437.25149802058));
#2217=CARTESIAN_POINT('Ctrl Pts',(-725.581821389167,-68.754635941727,2437.25149802058));
#2218=CARTESIAN_POINT('Ctrl Pts',(-712.715675295618,-61.8775375779547,2437.25149802058));
#2219=CARTESIAN_POINT('Ctrl Pts',(-701.438403925871,-52.6225201463846,2437.25149802058));
#2220=CARTESIAN_POINT('Ctrl Pts',(-692.183386494301,-41.3452487766382,2437.25149802058));
#2221=CARTESIAN_POINT('Ctrl Pts',(-685.306288130529,-28.4791026830882,2437.25149802058));
#2222=CARTESIAN_POINT('Ctrl Pts',(-681.071391867953,-14.518520644692,2437.25149802058));
#2223=CARTESIAN_POINT('Ctrl Pts',(-680.118092219309,-4.83950688156414,2437.25149802058));
#2224=CARTESIAN_POINT('Ctrl Pts',(-680.118092219309,-1.02695629777827E-13,
2437.25149802058));
#2225=CARTESIAN_POINT('Ctrl Pts',(-682.189445893011,-3.15303338993544E-13,
2466.06658706229));
#2226=CARTESIAN_POINT('Ctrl Pts',(-682.189445893011,4.70393822525396,2466.06658706229));
#2227=CARTESIAN_POINT('Ctrl Pts',(-683.116040847232,14.1118146757625,2466.06658706229));
#2228=CARTESIAN_POINT('Ctrl Pts',(-687.232305354552,27.6813202275326,2466.06658706229));
#2229=CARTESIAN_POINT('Ctrl Pts',(-693.916756201274,40.1870481668219,2466.06658706229));
#2230=CARTESIAN_POINT('Ctrl Pts',(-702.912513690039,51.1484103822165,2466.06658706229));
#2231=CARTESIAN_POINT('Ctrl Pts',(-713.873875905433,60.1441678709814,2466.06658706229));
#2232=CARTESIAN_POINT('Ctrl Pts',(-726.379603844722,66.8286187177025,2466.06658706229));
#2233=CARTESIAN_POINT('Ctrl Pts',(-739.949109396492,70.9448832250235,2466.06658706229));
#2234=CARTESIAN_POINT('Ctrl Pts',(-754.060924072255,72.3347756563556,2466.06658706229));
#2235=CARTESIAN_POINT('Ctrl Pts',(-768.172738748018,70.9448832250235,2466.06658706229));
#2236=CARTESIAN_POINT('Ctrl Pts',(-781.742244299788,66.8286187177027,2466.06658706229));
#2237=CARTESIAN_POINT('Ctrl Pts',(-794.247972239077,60.1441678709816,2466.06658706229));
#2238=CARTESIAN_POINT('Ctrl Pts',(-805.209334454472,51.1484103822167,2466.06658706229));
#2239=CARTESIAN_POINT('Ctrl Pts',(-814.205091943237,40.1870481668222,2466.06658706229));
#2240=CARTESIAN_POINT('Ctrl Pts',(-820.889542789958,27.681320227533,2466.06658706229));
#2241=CARTESIAN_POINT('Ctrl Pts',(-825.005807297279,14.1118146757629,2466.06658706229));
#2242=CARTESIAN_POINT('Ctrl Pts',(-826.395699728611,8.47394185291456E-14,
2466.06658706229));
#2243=CARTESIAN_POINT('Ctrl Pts',(-825.005807297279,-14.1118146757628,2466.06658706229));
#2244=CARTESIAN_POINT('Ctrl Pts',(-820.889542789958,-27.6813202275329,2466.06658706229));
#2245=CARTESIAN_POINT('Ctrl Pts',(-814.205091943237,-40.1870481668221,2466.06658706229));
#2246=CARTESIAN_POINT('Ctrl Pts',(-805.209334454472,-51.1484103822167,2466.06658706229));
#2247=CARTESIAN_POINT('Ctrl Pts',(-794.247972239078,-60.1441678709817,2466.06658706229));
#2248=CARTESIAN_POINT('Ctrl Pts',(-781.742244299789,-66.8286187177027,2466.06658706229));
#2249=CARTESIAN_POINT('Ctrl Pts',(-768.172738748019,-70.9448832250237,2466.06658706229));
#2250=CARTESIAN_POINT('Ctrl Pts',(-754.060924072255,-72.3347756563558,2466.06658706229));
#2251=CARTESIAN_POINT('Ctrl Pts',(-739.949109396493,-70.9448832250238,2466.06658706229));
#2252=CARTESIAN_POINT('Ctrl Pts',(-726.379603844723,-66.8286187177029,2466.06658706229));
#2253=CARTESIAN_POINT('Ctrl Pts',(-713.873875905433,-60.1441678709819,2466.06658706229));
#2254=CARTESIAN_POINT('Ctrl Pts',(-702.912513690039,-51.148410382217,2466.06658706229));
#2255=CARTESIAN_POINT('Ctrl Pts',(-693.916756201274,-40.1870481668225,2466.06658706229));
#2256=CARTESIAN_POINT('Ctrl Pts',(-687.232305354553,-27.6813202275333,2466.06658706229));
#2257=CARTESIAN_POINT('Ctrl Pts',(-683.116040847232,-14.1118146757632,2466.06658706229));
#2258=CARTESIAN_POINT('Ctrl Pts',(-682.189445893011,-4.70393822525453,2466.06658706229));
#2259=CARTESIAN_POINT('Ctrl Pts',(-682.189445893011,-1.02973185533983E-13,
2466.06658706229));
#2260=CARTESIAN_POINT('Ctrl Pts',(-684.610383564173,-3.09474668114262E-13,
2498.08383431135));
#2261=CARTESIAN_POINT('Ctrl Pts',(-684.610383564173,4.5454895396162,2498.08383431135));
#2262=CARTESIAN_POINT('Ctrl Pts',(-685.505766851578,13.6364686188492,2498.08383431135));
#2263=CARTESIAN_POINT('Ctrl Pts',(-689.4833780285,26.7488953960961,2498.08383431135));
#2264=CARTESIAN_POINT('Ctrl Pts',(-695.942668084378,38.8333771242243,2498.08383431135));
#2265=CARTESIAN_POINT('Ctrl Pts',(-704.635410124777,49.4255139474774,2498.08383431135));
#2266=CARTESIAN_POINT('Ctrl Pts',(-715.22754694803,58.1182559878764,2498.08383431135));
#2267=CARTESIAN_POINT('Ctrl Pts',(-727.312028676158,64.5775460437549,2498.08383431135));
#2268=CARTESIAN_POINT('Ctrl Pts',(-740.424455453405,68.5551572206768,2498.08383431135));
#2269=CARTESIAN_POINT('Ctrl Pts',(-754.060924072254,69.8982321517833,2498.08383431135));
#2270=CARTESIAN_POINT('Ctrl Pts',(-767.697392691104,68.555157220677,2498.08383431135));
#2271=CARTESIAN_POINT('Ctrl Pts',(-780.809819468351,64.577546043755,2498.08383431135));
#2272=CARTESIAN_POINT('Ctrl Pts',(-792.894301196479,58.1182559878767,2498.08383431135));
#2273=CARTESIAN_POINT('Ctrl Pts',(-803.486438019732,49.4255139474777,2498.08383431135));
#2274=CARTESIAN_POINT('Ctrl Pts',(-812.179180060131,38.8333771242247,2498.08383431135));
#2275=CARTESIAN_POINT('Ctrl Pts',(-818.63847011601,26.7488953960965,2498.08383431135));
#2276=CARTESIAN_POINT('Ctrl Pts',(-822.616081292932,13.6364686188497,2498.08383431135));
#2277=CARTESIAN_POINT('Ctrl Pts',(-823.959156224038,1.35355131721998E-13,
2498.08383431135));
#2278=CARTESIAN_POINT('Ctrl Pts',(-822.616081292931,-13.6364686188494,2498.08383431135));
#2279=CARTESIAN_POINT('Ctrl Pts',(-818.63847011601,-26.7488953960962,2498.08383431135));
#2280=CARTESIAN_POINT('Ctrl Pts',(-812.179180060131,-38.8333771242245,2498.08383431135));
#2281=CARTESIAN_POINT('Ctrl Pts',(-803.486438019733,-49.4255139474776,2498.08383431135));
#2282=CARTESIAN_POINT('Ctrl Pts',(-792.89430119648,-58.1182559878766,2498.08383431135));
#2283=CARTESIAN_POINT('Ctrl Pts',(-780.809819468351,-64.577546043755,2498.08383431135));
#2284=CARTESIAN_POINT('Ctrl Pts',(-767.697392691105,-68.555157220677,2498.08383431135));
#2285=CARTESIAN_POINT('Ctrl Pts',(-754.060924072255,-69.8982321517835,2498.08383431135));
#2286=CARTESIAN_POINT('Ctrl Pts',(-740.424455453406,-68.5551572206772,2498.08383431135));
#2287=CARTESIAN_POINT('Ctrl Pts',(-727.312028676158,-64.5775460437552,2498.08383431135));
#2288=CARTESIAN_POINT('Ctrl Pts',(-715.227546948031,-58.1182559878769,2498.08383431135));
#2289=CARTESIAN_POINT('Ctrl Pts',(-704.635410124778,-49.4255139474779,2498.08383431135));
#2290=CARTESIAN_POINT('Ctrl Pts',(-695.942668084378,-38.8333771242249,2498.08383431135));
#2291=CARTESIAN_POINT('Ctrl Pts',(-689.483378028499,-26.7488953960967,2498.08383431134));
#2292=CARTESIAN_POINT('Ctrl Pts',(-685.505766851578,-13.6364686188499,2498.08383431135));
#2293=CARTESIAN_POINT('Ctrl Pts',(-684.610383564173,-4.54548953961676,2498.08383431135));
#2294=CARTESIAN_POINT('Ctrl Pts',(-684.610383564173,-1.04360964314765E-13,
2498.08383431135));
#2295=CARTESIAN_POINT('Ctrl Pts',(-687.680943309596,-2.99760216648792E-13,
2536.50398888403));
#2296=CARTESIAN_POINT('Ctrl Pts',(-687.680943309596,4.34452354134641,2536.50398888403));
#2297=CARTESIAN_POINT('Ctrl Pts',(-688.536739750607,13.0335706240398,2536.50398888403));
#2298=CARTESIAN_POINT('Ctrl Pts',(-692.338492069219,25.5662684383087,2536.50398888403));
#2299=CARTESIAN_POINT('Ctrl Pts',(-698.512202835368,37.1164688942219,2536.50398888403));
#2300=CARTESIAN_POINT('Ctrl Pts',(-706.820619806569,47.2403042656857,2536.50398888403));
#2301=CARTESIAN_POINT('Ctrl Pts',(-716.944455178033,55.5487212368871,2536.50398888403));
#2302=CARTESIAN_POINT('Ctrl Pts',(-728.494655633946,61.7224320030366,2536.50398888403));
#2303=CARTESIAN_POINT('Ctrl Pts',(-741.027353448215,65.5241843216481,2536.50398888403));
#2304=CARTESIAN_POINT('Ctrl Pts',(-754.060924072255,66.8078789831645,2536.50398888403));
#2305=CARTESIAN_POINT('Ctrl Pts',(-767.094494696296,65.5241843216481,2536.50398888403));
#2306=CARTESIAN_POINT('Ctrl Pts',(-779.627192510563,61.7224320030368,2536.50398888403));
#2307=CARTESIAN_POINT('Ctrl Pts',(-791.177392966477,55.5487212368873,2536.50398888403));
#2308=CARTESIAN_POINT('Ctrl Pts',(-801.301228337941,47.2403042656861,2536.50398888403));
#2309=CARTESIAN_POINT('Ctrl Pts',(-809.609645309143,37.1164688942223,2536.50398888403));
#2310=CARTESIAN_POINT('Ctrl Pts',(-815.783356075292,25.5662684383091,2536.50398888403));
#2311=CARTESIAN_POINT('Ctrl Pts',(-819.585108393904,13.0335706240403,2536.50398888403));
#2312=CARTESIAN_POINT('Ctrl Pts',(-820.868803055421,1.90492619153383E-13,
2536.50398888403));
#2313=CARTESIAN_POINT('Ctrl Pts',(-819.585108393904,-13.0335706240399,2536.50398888403));
#2314=CARTESIAN_POINT('Ctrl Pts',(-815.783356075292,-25.5662684383088,2536.50398888403));
#2315=CARTESIAN_POINT('Ctrl Pts',(-809.609645309143,-37.116468894222,2536.50398888403));
#2316=CARTESIAN_POINT('Ctrl Pts',(-801.301228337941,-47.2403042656858,2536.50398888403));
#2317=CARTESIAN_POINT('Ctrl Pts',(-791.177392966478,-55.5487212368872,2536.50398888403));
#2318=CARTESIAN_POINT('Ctrl Pts',(-779.627192510564,-61.7224320030367,2536.50398888403));
#2319=CARTESIAN_POINT('Ctrl Pts',(-767.094494696296,-65.5241843216482,2536.50398888403));
#2320=CARTESIAN_POINT('Ctrl Pts',(-754.060924072256,-66.8078789831646,2536.50398888403));
#2321=CARTESIAN_POINT('Ctrl Pts',(-741.027353448215,-65.5241843216483,2536.50398888404));
#2322=CARTESIAN_POINT('Ctrl Pts',(-728.494655633947,-61.7224320030369,2536.50398888403));
#2323=CARTESIAN_POINT('Ctrl Pts',(-716.944455178034,-55.5487212368874,2536.50398888403));
#2324=CARTESIAN_POINT('Ctrl Pts',(-706.820619806569,-47.2403042656861,2536.50398888403));
#2325=CARTESIAN_POINT('Ctrl Pts',(-698.512202835368,-37.1164688942224,2536.50398888403));
#2326=CARTESIAN_POINT('Ctrl Pts',(-692.338492069219,-25.5662684383092,2536.50398888403));
#2327=CARTESIAN_POINT('Ctrl Pts',(-688.536739750607,-13.0335706240405,2536.50398888404));
#2328=CARTESIAN_POINT('Ctrl Pts',(-687.680943309596,-4.34452354134695,2536.50398888403));
#2329=CARTESIAN_POINT('Ctrl Pts',(-687.680943309596,-1.03805852802452E-13,
2536.50398888403));
#2330=CARTESIAN_POINT('Ctrl Pts',(-691.78475830447,-2.71727085277007E-13,
2584.52974729442));
#2331=CARTESIAN_POINT('Ctrl Pts',(-691.78475830447,4.07593170613172,2584.52974729442));
#2332=CARTESIAN_POINT('Ctrl Pts',(-692.587646771919,12.2277951183957,2584.52974729442));
#2333=CARTESIAN_POINT('Ctrl Pts',(-696.154363045135,23.9856829278183,2584.52974729442));
#2334=CARTESIAN_POINT('Ctrl Pts',(-701.946395984249,34.8218143936508,2584.52974729442));
#2335=CARTESIAN_POINT('Ctrl Pts',(-709.741161011621,44.3197630606337,2584.52974729442));
#2336=CARTESIAN_POINT('Ctrl Pts',(-719.239109678604,52.114528088006,2584.52974729442));
#2337=CARTESIAN_POINT('Ctrl Pts',(-730.075241144436,57.9065610271202,2584.52974729442));
#2338=CARTESIAN_POINT('Ctrl Pts',(-741.833128953859,61.4732773003358,2584.52974729442));
#2339=CARTESIAN_POINT('Ctrl Pts',(-754.060924072255,62.6776100015106,2584.52974729442));
#2340=CARTESIAN_POINT('Ctrl Pts',(-766.288719190651,61.4732773003359,2584.52974729442));
#2341=CARTESIAN_POINT('Ctrl Pts',(-778.046607000074,57.9065610271204,2584.52974729442));
#2342=CARTESIAN_POINT('Ctrl Pts',(-788.882738465905,52.1145280880063,2584.52974729442));
#2343=CARTESIAN_POINT('Ctrl Pts',(-798.380687132889,44.3197630606341,2584.52974729442));
#2344=CARTESIAN_POINT('Ctrl Pts',(-806.175452160261,34.8218143936512,2584.52974729442));
#2345=CARTESIAN_POINT('Ctrl Pts',(-811.967485099375,23.9856829278188,2584.52974729442));
#2346=CARTESIAN_POINT('Ctrl Pts',(-815.534201372591,12.2277951183963,2584.52974729442));
#2347=CARTESIAN_POINT('Ctrl Pts',(-816.738534073765,2.61358516234866E-13,
2584.52974729442));
#2348=CARTESIAN_POINT('Ctrl Pts',(-815.53420137259,-12.2277951183957,2584.52974729442));
#2349=CARTESIAN_POINT('Ctrl Pts',(-811.967485099376,-23.9856829278183,2584.52974729442));
#2350=CARTESIAN_POINT('Ctrl Pts',(-806.175452160261,-34.8218143936508,2584.52974729442));
#2351=CARTESIAN_POINT('Ctrl Pts',(-798.380687132889,-44.3197630606337,2584.52974729442));
#2352=CARTESIAN_POINT('Ctrl Pts',(-788.882738465906,-52.114528088006,2584.52974729442));
#2353=CARTESIAN_POINT('Ctrl Pts',(-778.046607000074,-57.9065610271203,2584.52974729442));
#2354=CARTESIAN_POINT('Ctrl Pts',(-766.288719190651,-61.4732773003358,2584.52974729442));
#2355=CARTESIAN_POINT('Ctrl Pts',(-754.060924072255,-62.6776100015106,2584.52974729442));
#2356=CARTESIAN_POINT('Ctrl Pts',(-741.833128953859,-61.4732773003359,2584.52974729442));
#2357=CARTESIAN_POINT('Ctrl Pts',(-730.075241144437,-57.9065610271205,2584.52974729442));
#2358=CARTESIAN_POINT('Ctrl Pts',(-719.239109678604,-52.1145280880063,2584.52974729442));
#2359=CARTESIAN_POINT('Ctrl Pts',(-709.741161011622,-44.3197630606341,2584.52974729442));
#2360=CARTESIAN_POINT('Ctrl Pts',(-701.946395984249,-34.8218143936512,2584.52974729442));
#2361=CARTESIAN_POINT('Ctrl Pts',(-696.154363045134,-23.9856829278188,2584.52974729442));
#2362=CARTESIAN_POINT('Ctrl Pts',(-692.587646771919,-12.2277951183963,2584.52974729442));
#2363=CARTESIAN_POINT('Ctrl Pts',(-691.78475830447,-4.07593170613221,2584.52974729442));
#2364=CARTESIAN_POINT('Ctrl Pts',(-691.78475830447,-8.77076189453874E-14,
2584.52974729442));
#2365=CARTESIAN_POINT('Ctrl Pts',(-696.515119014891,-2.42861286636753E-13,
2635.75662828666));
#2366=CARTESIAN_POINT('Ctrl Pts',(-696.51511901489,3.76633288990184,2635.75662828666));
#2367=CARTESIAN_POINT('Ctrl Pts',(-697.257021838563,11.298998669706,2635.75662828666));
#2368=CARTESIAN_POINT('Ctrl Pts',(-700.552818180919,22.1637831570868,2635.75662828666));
#2369=CARTESIAN_POINT('Ctrl Pts',(-705.904901024987,32.1768258873336,2635.75662828666));
#2370=CARTESIAN_POINT('Ctrl Pts',(-713.107592828552,40.953331243702,2635.75662828666));
#2371=CARTESIAN_POINT('Ctrl Pts',(-721.884098184921,48.1560230472678,2635.75662828666));
#2372=CARTESIAN_POINT('Ctrl Pts',(-731.897140915168,53.5081058913359,2635.75662828666));
#2373=CARTESIAN_POINT('Ctrl Pts',(-742.761925402549,56.8039022336915,2635.75662828666));
#2374=CARTESIAN_POINT('Ctrl Pts',(-754.060924072255,57.9167564692016,2635.75662828666));
#2375=CARTESIAN_POINT('Ctrl Pts',(-765.359922741961,56.8039022336916,2635.75662828666));
#2376=CARTESIAN_POINT('Ctrl Pts',(-776.224707229342,53.5081058913361,2635.75662828666));
#2377=CARTESIAN_POINT('Ctrl Pts',(-786.237749959588,48.1560230472681,2635.75662828666));
#2378=CARTESIAN_POINT('Ctrl Pts',(-795.014255315957,40.9533312437025,2635.75662828666));
#2379=CARTESIAN_POINT('Ctrl Pts',(-802.216947119524,32.1768258873341,2635.75662828666));
#2380=CARTESIAN_POINT('Ctrl Pts',(-807.569029963591,22.1637831570874,2635.75662828666));
#2381=CARTESIAN_POINT('Ctrl Pts',(-810.864826305947,11.2989986697065,2635.75662828666));
#2382=CARTESIAN_POINT('Ctrl Pts',(-811.977680541457,3.35677538719273E-13,
2635.75662828666));
#2383=CARTESIAN_POINT('Ctrl Pts',(-810.864826305947,-11.2989986697059,2635.75662828666));
#2384=CARTESIAN_POINT('Ctrl Pts',(-807.569029963592,-22.1637831570868,2635.75662828666));
#2385=CARTESIAN_POINT('Ctrl Pts',(-802.216947119523,-32.1768258873335,2635.75662828666));
#2386=CARTESIAN_POINT('Ctrl Pts',(-795.014255315957,-40.953331243702,2635.75662828666));
#2387=CARTESIAN_POINT('Ctrl Pts',(-786.237749959589,-48.1560230472677,2635.75662828666));
#2388=CARTESIAN_POINT('Ctrl Pts',(-776.224707229343,-53.5081058913358,2635.75662828666));
#2389=CARTESIAN_POINT('Ctrl Pts',(-765.359922741962,-56.8039022336914,2635.75662828666));
#2390=CARTESIAN_POINT('Ctrl Pts',(-754.060924072255,-57.9167564692015,2635.75662828666));
#2391=CARTESIAN_POINT('Ctrl Pts',(-742.76192540255,-56.8039022336915,2635.75662828666));
#2392=CARTESIAN_POINT('Ctrl Pts',(-731.897140915168,-53.508105891336,2635.75662828666));
#2393=CARTESIAN_POINT('Ctrl Pts',(-721.884098184922,-48.1560230472681,2635.75662828666));
#2394=CARTESIAN_POINT('Ctrl Pts',(-713.107592828553,-40.9533312437024,2635.75662828666));
#2395=CARTESIAN_POINT('Ctrl Pts',(-705.904901024988,-32.1768258873341,2635.75662828666));
#2396=CARTESIAN_POINT('Ctrl Pts',(-700.552818180919,-22.1637831570873,2635.75662828666));
#2397=CARTESIAN_POINT('Ctrl Pts',(-697.257021838564,-11.2989986697065,2635.75662828666));
#2398=CARTESIAN_POINT('Ctrl Pts',(-696.515119014891,-3.76633288990227,2635.75662828666));
#2399=CARTESIAN_POINT('Ctrl Pts',(-696.51511901489,-7.2997163869104E-14,
2635.75662828666));
#2400=CARTESIAN_POINT('Ctrl Pts',(-701.299673471849,-2.27595720048157E-13,
2683.78219364596));
#2401=CARTESIAN_POINT('Ctrl Pts',(-701.299673471849,3.45318713067912,2683.78219364596));
#2402=CARTESIAN_POINT('Ctrl Pts',(-701.97989196496,10.3595613920378,2683.78219364596));
#2403=CARTESIAN_POINT('Ctrl Pts',(-705.001664561131,20.3210106494888,2683.78219364596));
#2404=CARTESIAN_POINT('Ctrl Pts',(-709.908756987564,29.5015348638339,2683.78219364597));
#2405=CARTESIAN_POINT('Ctrl Pts',(-716.512592434242,37.5483316380134,2683.78219364596));
#2406=CARTESIAN_POINT('Ctrl Pts',(-724.559389208421,44.1521670846909,2683.78219364596));
#2407=CARTESIAN_POINT('Ctrl Pts',(-733.739913422765,49.0592595111243,2683.78219364596));
#2408=CARTESIAN_POINT('Ctrl Pts',(-743.701362680217,52.0810321072949,2683.78219364597));
#2409=CARTESIAN_POINT('Ctrl Pts',(-754.060924072255,53.1013598469615,2683.78219364596));
#2410=CARTESIAN_POINT('Ctrl Pts',(-764.420485464293,52.0810321072951,2683.78219364596));
#2411=CARTESIAN_POINT('Ctrl Pts',(-774.381934721743,49.0592595111245,2683.78219364596));
#2412=CARTESIAN_POINT('Ctrl Pts',(-783.562458936089,44.1521670846912,2683.78219364596));
#2413=CARTESIAN_POINT('Ctrl Pts',(-791.609255710268,37.5483316380138,2683.78219364596));
#2414=CARTESIAN_POINT('Ctrl Pts',(-798.213091156946,29.5015348638345,2683.78219364596));
#2415=CARTESIAN_POINT('Ctrl Pts',(-803.12018358338,20.3210106494893,2683.78219364597));
#2416=CARTESIAN_POINT('Ctrl Pts',(-806.14195617955,10.3595613920384,2683.78219364596));
#2417=CARTESIAN_POINT('Ctrl Pts',(-807.162283919217,4.01574511298147E-13,
2683.78219364596));
#2418=CARTESIAN_POINT('Ctrl Pts',(-806.14195617955,-10.3595613920376,2683.78219364596));
#2419=CARTESIAN_POINT('Ctrl Pts',(-803.120183583379,-20.3210106494886,2683.78219364596));
#2420=CARTESIAN_POINT('Ctrl Pts',(-798.213091156946,-29.5015348638338,2683.78219364596));
#2421=CARTESIAN_POINT('Ctrl Pts',(-791.609255710269,-37.5483316380132,2683.78219364596));
#2422=CARTESIAN_POINT('Ctrl Pts',(-783.56245893609,-44.1521670846907,2683.78219364596));
#2423=CARTESIAN_POINT('Ctrl Pts',(-774.381934721745,-49.0592595111241,2683.78219364596));
#2424=CARTESIAN_POINT('Ctrl Pts',(-764.420485464294,-52.0810321072948,2683.78219364596));
#2425=CARTESIAN_POINT('Ctrl Pts',(-754.060924072256,-53.1013598469614,2683.78219364596));
#2426=CARTESIAN_POINT('Ctrl Pts',(-743.701362680217,-52.0810321072949,2683.78219364596));
#2427=CARTESIAN_POINT('Ctrl Pts',(-733.739913422767,-49.0592595111244,2683.78219364596));
#2428=CARTESIAN_POINT('Ctrl Pts',(-724.559389208421,-44.152167084691,2683.78219364596));
#2429=CARTESIAN_POINT('Ctrl Pts',(-716.512592434242,-37.5483316380137,2683.78219364596));
#2430=CARTESIAN_POINT('Ctrl Pts',(-709.908756987565,-29.5015348638343,2683.78219364597));
#2431=CARTESIAN_POINT('Ctrl Pts',(-705.001664561131,-20.3210106494892,2683.78219364596));
#2432=CARTESIAN_POINT('Ctrl Pts',(-701.979891964961,-10.3595613920383,2683.78219364597));
#2433=CARTESIAN_POINT('Ctrl Pts',(-701.29967347185,-3.45318713067953,2683.78219364596));
#2434=CARTESIAN_POINT('Ctrl Pts',(-701.299673471849,-7.18869408444789E-14,
2683.78219364596));
#2435=CARTESIAN_POINT('Ctrl Pts',(-705.204587628941,-2.11775041947249E-13,
2720.60177929094));
#2436=CARTESIAN_POINT('Ctrl Pts',(-705.204587628941,3.19761321686491,2720.60177929094));
#2437=CARTESIAN_POINT('Ctrl Pts',(-705.834462455186,9.59283965059516,2720.60177929094));
#2438=CARTESIAN_POINT('Ctrl Pts',(-708.632590568786,18.8170318531446,2720.60177929094));
#2439=CARTESIAN_POINT('Ctrl Pts',(-713.176504062421,27.3180960742908,2720.60177929094));
#2440=CARTESIAN_POINT('Ctrl Pts',(-719.291582888787,34.7693411834667,2720.60177929094));
#2441=CARTESIAN_POINT('Ctrl Pts',(-726.742827997964,40.8844200098332,2720.60177929094));
#2442=CARTESIAN_POINT('Ctrl Pts',(-735.24389221911,45.4283335034687,2720.60177929094));
#2443=CARTESIAN_POINT('Ctrl Pts',(-744.468084421659,48.2264616170689,2720.60177929094));
#2444=CARTESIAN_POINT('Ctrl Pts',(-754.060924072255,49.1712738564363,2720.60177929094));
#2445=CARTESIAN_POINT('Ctrl Pts',(-763.65376372285,48.226461617069,2720.60177929094));
#2446=CARTESIAN_POINT('Ctrl Pts',(-772.877955925399,45.428333503469,2720.60177929094));
#2447=CARTESIAN_POINT('Ctrl Pts',(-781.379020146545,40.8844200098336,2720.60177929094));
#2448=CARTESIAN_POINT('Ctrl Pts',(-788.830265255721,34.7693411834672,2720.60177929094));
#2449=CARTESIAN_POINT('Ctrl Pts',(-794.945344082088,27.3180960742914,2720.60177929094));
#2450=CARTESIAN_POINT('Ctrl Pts',(-799.489257575723,18.8170318531452,2720.60177929094));
#2451=CARTESIAN_POINT('Ctrl Pts',(-802.287385689324,9.59283965059582,2720.60177929094));
#2452=CARTESIAN_POINT('Ctrl Pts',(-803.232197928691,4.51109347607834E-13,
2720.60177929094));
#2453=CARTESIAN_POINT('Ctrl Pts',(-802.287385689324,-9.59283965059492,2720.60177929094));
#2454=CARTESIAN_POINT('Ctrl Pts',(-799.489257575724,-18.8170318531444,2720.60177929094));
#2455=CARTESIAN_POINT('Ctrl Pts',(-794.945344082089,-27.3180960742905,2720.60177929094));
#2456=CARTESIAN_POINT('Ctrl Pts',(-788.830265255722,-34.7693411834665,2720.60177929094));
#2457=CARTESIAN_POINT('Ctrl Pts',(-781.379020146546,-40.884420009833,2720.60177929094));
#2458=CARTESIAN_POINT('Ctrl Pts',(-772.8779559254,-45.4283335034685,2720.60177929094));
#2459=CARTESIAN_POINT('Ctrl Pts',(-763.653763722851,-48.2264616170686,2720.60177929094));
#2460=CARTESIAN_POINT('Ctrl Pts',(-754.060924072255,-49.1712738564361,2720.60177929094));
#2461=CARTESIAN_POINT('Ctrl Pts',(-744.46808442166,-48.2264616170688,2720.60177929094));
#2462=CARTESIAN_POINT('Ctrl Pts',(-735.24389221911,-45.4283335034687,2720.60177929094));
#2463=CARTESIAN_POINT('Ctrl Pts',(-726.742827997964,-40.8844200098334,2720.60177929094));
#2464=CARTESIAN_POINT('Ctrl Pts',(-719.291582888788,-34.769341183467,2720.60177929094));
#2465=CARTESIAN_POINT('Ctrl Pts',(-713.176504062422,-27.3180960742911,2720.60177929094));
#2466=CARTESIAN_POINT('Ctrl Pts',(-708.632590568786,-18.817031853145,2720.60177929094));
#2467=CARTESIAN_POINT('Ctrl Pts',(-705.834462455186,-9.59283965059561,2720.60177929094));
#2468=CARTESIAN_POINT('Ctrl Pts',(-705.204587628941,-3.19761321686529,2720.60177929094));
#2469=CARTESIAN_POINT('Ctrl Pts',(-705.204587628941,-6.74460487459783E-14,
2720.60177929094));
#2470=CARTESIAN_POINT('Ctrl Pts',(-708.228325401175,-1.98452365651747E-13,
2747.81600554443));
#2471=CARTESIAN_POINT('Ctrl Pts',(-708.228325401175,2.99971168415286,2747.81600554443));
#2472=CARTESIAN_POINT('Ctrl Pts',(-708.819217028053,8.99913505245897,2747.81600554443));
#2473=CARTESIAN_POINT('Ctrl Pts',(-711.444167898237,17.6524383916252,2747.81600554443));
#2474=CARTESIAN_POINT('Ctrl Pts',(-715.706856808437,25.6273684230029,2747.81600554443));
#2475=CARTESIAN_POINT('Ctrl Pts',(-721.443471014377,32.6174530578783,2747.81600554443));
#2476=CARTESIAN_POINT('Ctrl Pts',(-728.433555649252,38.3540672638178,2747.81600554443));
#2477=CARTESIAN_POINT('Ctrl Pts',(-736.408485680629,42.6167561740176,2747.81600554443));
#2478=CARTESIAN_POINT('Ctrl Pts',(-745.061789019795,45.2417070442021,2747.81600554443));
#2479=CARTESIAN_POINT('Ctrl Pts',(-754.060924072255,46.1280444845195,2747.81600554443));
#2480=CARTESIAN_POINT('Ctrl Pts',(-763.060059124714,45.2417070442022,2747.81600554443));
#2481=CARTESIAN_POINT('Ctrl Pts',(-771.71336246388,42.6167561740179,2747.81600554443));
#2482=CARTESIAN_POINT('Ctrl Pts',(-779.688292495258,38.3540672638182,2747.81600554443));
#2483=CARTESIAN_POINT('Ctrl Pts',(-786.678377130134,32.6174530578788,2747.81600554443));
#2484=CARTESIAN_POINT('Ctrl Pts',(-792.414991336073,25.6273684230034,2747.81600554443));
#2485=CARTESIAN_POINT('Ctrl Pts',(-796.677680246273,17.6524383916259,2747.81600554443));
#2486=CARTESIAN_POINT('Ctrl Pts',(-799.302631116457,8.99913505245966,2747.81600554443));
#2487=CARTESIAN_POINT('Ctrl Pts',(-800.188968556775,4.9143493569392E-13,
2747.81600554443));
#2488=CARTESIAN_POINT('Ctrl Pts',(-799.302631116458,-8.99913505245869,2747.81600554443));
#2489=CARTESIAN_POINT('Ctrl Pts',(-796.677680246274,-17.6524383916249,2747.81600554443));
#2490=CARTESIAN_POINT('Ctrl Pts',(-792.414991336072,-25.6273684230026,2747.81600554443));
#2491=CARTESIAN_POINT('Ctrl Pts',(-786.678377130134,-32.617453057878,2747.81600554443));
#2492=CARTESIAN_POINT('Ctrl Pts',(-779.688292495258,-38.3540672638175,2747.81600554443));
#2493=CARTESIAN_POINT('Ctrl Pts',(-771.713362463881,-42.6167561740173,2747.81600554443));
#2494=CARTESIAN_POINT('Ctrl Pts',(-763.060059124715,-45.2417070442018,2747.81600554443));
#2495=CARTESIAN_POINT('Ctrl Pts',(-754.060924072256,-46.1280444845192,2747.81600554443));
#2496=CARTESIAN_POINT('Ctrl Pts',(-745.061789019796,-45.241707044202,2747.81600554443));
#2497=CARTESIAN_POINT('Ctrl Pts',(-736.408485680631,-42.6167561740176,2747.81600554443));
#2498=CARTESIAN_POINT('Ctrl Pts',(-728.433555649253,-38.354067263818,2747.81600554443));
#2499=CARTESIAN_POINT('Ctrl Pts',(-721.443471014377,-32.6174530578785,2747.81600554443));
#2500=CARTESIAN_POINT('Ctrl Pts',(-715.706856808438,-25.6273684230032,2747.81600554444));
#2501=CARTESIAN_POINT('Ctrl Pts',(-711.444167898237,-17.6524383916256,2747.81600554442));
#2502=CARTESIAN_POINT('Ctrl Pts',(-708.819217028054,-8.99913505245941,2747.81600554444));
#2503=CARTESIAN_POINT('Ctrl Pts',(-708.228325401175,-2.99971168415322,2747.81600554443));
#2504=CARTESIAN_POINT('Ctrl Pts',(-708.228325401175,-6.32827124036339E-14,
2747.81600554443));
#2505=CARTESIAN_POINT('Ctrl Pts',(-710.434383771305,-1.8846035843012E-13,
2767.02630326038));
#2506=CARTESIAN_POINT('Ctrl Pts',(-710.434383771305,2.85532669921465,2767.02630326038));
#2507=CARTESIAN_POINT('Ctrl Pts',(-710.996834038602,8.56598009764432,2767.02630326038));
#2508=CARTESIAN_POINT('Ctrl Pts',(-713.495438268922,16.8027743839934,2767.02630326038));
#2509=CARTESIAN_POINT('Ctrl Pts',(-717.552951369277,24.39384747387,2767.02630326038));
#2510=CARTESIAN_POINT('Ctrl Pts',(-723.013445386701,31.0474786855531,2767.02630326038));
#2511=CARTESIAN_POINT('Ctrl Pts',(-729.667076598384,36.507972702977,2767.02630326038));
#2512=CARTESIAN_POINT('Ctrl Pts',(-737.258149688261,40.5654858033325,2767.02630326038));
#2513=CARTESIAN_POINT('Ctrl Pts',(-745.49494397461,43.0640900336524,2767.02630326038));
#2514=CARTESIAN_POINT('Ctrl Pts',(-754.060924072254,43.907765434599,2767.02630326038));
#2515=CARTESIAN_POINT('Ctrl Pts',(-762.626904169899,43.0640900336525,2767.02630326038));
#2516=CARTESIAN_POINT('Ctrl Pts',(-770.863698456248,40.5654858033327,2767.02630326038));
#2517=CARTESIAN_POINT('Ctrl Pts',(-778.454771546124,36.5079727029774,2767.02630326038));
#2518=CARTESIAN_POINT('Ctrl Pts',(-785.108402757808,31.0474786855536,2767.02630326038));
#2519=CARTESIAN_POINT('Ctrl Pts',(-790.568896775231,24.3938474738706,2767.02630326038));
#2520=CARTESIAN_POINT('Ctrl Pts',(-794.626409875587,16.802774383994,2767.02630326038));
#2521=CARTESIAN_POINT('Ctrl Pts',(-797.125014105907,8.56598009764503,2767.02630326038));
#2522=CARTESIAN_POINT('Ctrl Pts',(-797.968689506854,5.14967168456564E-13,
2767.02630326038));
#2523=CARTESIAN_POINT('Ctrl Pts',(-797.125014105907,-8.56598009764401,2767.02630326038));
#2524=CARTESIAN_POINT('Ctrl Pts',(-794.626409875587,-16.8027743839931,2767.02630326038));
#2525=CARTESIAN_POINT('Ctrl Pts',(-790.568896775232,-24.3938474738697,2767.02630326038));
#2526=CARTESIAN_POINT('Ctrl Pts',(-785.108402757808,-31.0474786855527,2767.02630326038));
#2527=CARTESIAN_POINT('Ctrl Pts',(-778.454771546125,-36.5079727029767,2767.02630326038));
#2528=CARTESIAN_POINT('Ctrl Pts',(-770.863698456248,-40.5654858033321,2767.02630326038));
#2529=CARTESIAN_POINT('Ctrl Pts',(-762.6269041699,-43.0640900336521,2767.02630326038));
#2530=CARTESIAN_POINT('Ctrl Pts',(-754.060924072255,-43.9077654345987,2767.02630326038));
#2531=CARTESIAN_POINT('Ctrl Pts',(-745.494943974611,-43.0640900336522,2767.02630326038));
#2532=CARTESIAN_POINT('Ctrl Pts',(-737.258149688261,-40.5654858033324,2767.02630326038));
#2533=CARTESIAN_POINT('Ctrl Pts',(-729.667076598385,-36.507972702977,2767.02630326038));
#2534=CARTESIAN_POINT('Ctrl Pts',(-723.013445386702,-31.0474786855532,2767.02630326038));
#2535=CARTESIAN_POINT('Ctrl Pts',(-717.552951369278,-24.3938474738703,2767.02630326038));
#2536=CARTESIAN_POINT('Ctrl Pts',(-713.495438268922,-16.8027743839937,2767.02630326038));
#2537=CARTESIAN_POINT('Ctrl Pts',(-710.996834038603,-8.56598009764472,2767.02630326038));
#2538=CARTESIAN_POINT('Ctrl Pts',(-710.434383771305,-2.85532669921499,2767.02630326038));
#2539=CARTESIAN_POINT('Ctrl Pts',(-710.434383771305,-5.96744875736022E-14,
2767.02630326038));
#2540=CARTESIAN_POINT('Ctrl Pts',(-712.322026097676,-1.81521464526213E-13,
2783.0347918157));
#2541=CARTESIAN_POINT('Ctrl Pts',(-712.322026097676,2.73178182272724,2783.0347918157));
#2542=CARTESIAN_POINT('Ctrl Pts',(-712.860140148448,8.19534546818209,2783.03479181569));
#2543=CARTESIAN_POINT('Ctrl Pts',(-715.250634245132,16.0757484060248,2783.03479181569));
#2544=CARTESIAN_POINT('Ctrl Pts',(-719.132586014811,23.3383693480076,2783.03479181569));
#2545=CARTESIAN_POINT('Ctrl Pts',(-724.356814228,29.7041098442548,2783.03479181569));
#2546=CARTESIAN_POINT('Ctrl Pts',(-730.722554724247,34.9283380574439,2783.03479181569));
#2547=CARTESIAN_POINT('Ctrl Pts',(-737.985175666229,38.8102898271232,2783.03479181569));
#2548=CARTESIAN_POINT('Ctrl Pts',(-745.865578604072,41.2007839238074,2783.03479181569));
#2549=CARTESIAN_POINT('Ctrl Pts',(-754.060924072255,42.0079549999656,2783.03479181569));
#2550=CARTESIAN_POINT('Ctrl Pts',(-762.256269540437,41.2007839238076,2783.03479181569));
#2551=CARTESIAN_POINT('Ctrl Pts',(-770.136672478279,38.8102898271235,2783.03479181569));
#2552=CARTESIAN_POINT('Ctrl Pts',(-777.399293420262,34.9283380574443,2783.03479181569));
#2553=CARTESIAN_POINT('Ctrl Pts',(-783.76503391651,29.7041098442553,2783.0347918157));
#2554=CARTESIAN_POINT('Ctrl Pts',(-788.989262129699,23.3383693480082,2783.03479181569));
#2555=CARTESIAN_POINT('Ctrl Pts',(-792.871213899378,16.0757484060255,2783.03479181569));
#2556=CARTESIAN_POINT('Ctrl Pts',(-795.261707996063,8.1953454681828,2783.03479181569));
#2557=CARTESIAN_POINT('Ctrl Pts',(-796.068879072221,5.38302707510898E-13,
2783.0347918157));
#2558=CARTESIAN_POINT('Ctrl Pts',(-795.261707996063,-8.19534546818175,2783.03479181569));
#2559=CARTESIAN_POINT('Ctrl Pts',(-792.871213899379,-16.0757484060245,2783.03479181569));
#2560=CARTESIAN_POINT('Ctrl Pts',(-788.989262129699,-23.3383693480072,2783.03479181569));
#2561=CARTESIAN_POINT('Ctrl Pts',(-783.76503391651,-29.7041098442544,2783.03479181569));
#2562=CARTESIAN_POINT('Ctrl Pts',(-777.399293420263,-34.9283380574436,2783.03479181569));
#2563=CARTESIAN_POINT('Ctrl Pts',(-770.13667247828,-38.8102898271229,2783.03479181569));
#2564=CARTESIAN_POINT('Ctrl Pts',(-762.256269540438,-41.2007839238071,2783.0347918157));
#2565=CARTESIAN_POINT('Ctrl Pts',(-754.060924072255,-42.0079549999652,2783.03479181569));
#2566=CARTESIAN_POINT('Ctrl Pts',(-745.865578604073,-41.2007839238072,2783.03479181569));
#2567=CARTESIAN_POINT('Ctrl Pts',(-737.985175666231,-38.8102898271232,2783.03479181569));
#2568=CARTESIAN_POINT('Ctrl Pts',(-730.722554724248,-34.928338057444,2783.03479181569));
#2569=CARTESIAN_POINT('Ctrl Pts',(-724.356814228,-29.7041098442549,2783.03479181569));
#2570=CARTESIAN_POINT('Ctrl Pts',(-719.132586014811,-23.3383693480079,2783.03479181569));
#2571=CARTESIAN_POINT('Ctrl Pts',(-715.250634245131,-16.0757484060252,2783.03479181569));
#2572=CARTESIAN_POINT('Ctrl Pts',(-712.860140148448,-8.19534546818248,2783.0347918157));
#2573=CARTESIAN_POINT('Ctrl Pts',(-712.322026097676,-2.73178182272757,2783.0347918157));
#2574=CARTESIAN_POINT('Ctrl Pts',(-712.322026097676,-5.82867087928207E-14,
2783.0347918157));
#2575=CARTESIAN_POINT('Ctrl Pts',(-714.060845022996,-1.72362124573056E-13,
2797.44253125797));
#2576=CARTESIAN_POINT('Ctrl Pts',(-714.060845022995,2.61797733425954,2797.44253125797));
#2577=CARTESIAN_POINT('Ctrl Pts',(-714.576541546212,7.85393200277895,2797.44253125797));
#2578=CARTESIAN_POINT('Ctrl Pts',(-716.867449008417,15.4060418032271,2797.44253125797));
#2579=CARTESIAN_POINT('Ctrl Pts',(-720.587680858983,22.3661060569851,2797.44253125797));
#2580=CARTESIAN_POINT('Ctrl Pts',(-725.594270674225,28.4666533980298,2797.44253125797));
#2581=CARTESIAN_POINT('Ctrl Pts',(-731.694818015269,33.4732432132715,2797.44253125797));
#2582=CARTESIAN_POINT('Ctrl Pts',(-738.654882269027,37.1934750638382,2797.44253125797));
#2583=CARTESIAN_POINT('Ctrl Pts',(-746.206992069476,39.4843825260427,2797.44253125797));
#2584=CARTESIAN_POINT('Ctrl Pts',(-754.060924072255,40.2579273108682,2797.44253125797));
#2585=CARTESIAN_POINT('Ctrl Pts',(-761.914856075034,39.4843825260428,2797.44253125797));
#2586=CARTESIAN_POINT('Ctrl Pts',(-769.466965875482,37.1934750638384,2797.44253125797));
#2587=CARTESIAN_POINT('Ctrl Pts',(-776.42703012924,33.4732432132719,2797.44253125797));
#2588=CARTESIAN_POINT('Ctrl Pts',(-782.527577470285,28.4666533980304,2797.44253125797));
#2589=CARTESIAN_POINT('Ctrl Pts',(-787.534167285526,22.3661060569857,2797.44253125797));
#2590=CARTESIAN_POINT('Ctrl Pts',(-791.254399136093,15.4060418032278,2797.44253125797));
#2591=CARTESIAN_POINT('Ctrl Pts',(-793.545306598297,7.85393200277968,2797.44253125797));
#2592=CARTESIAN_POINT('Ctrl Pts',(-794.318851383123,5.55507439586277E-13,
2797.44253125797));
#2593=CARTESIAN_POINT('Ctrl Pts',(-793.545306598298,-7.85393200277859,2797.44253125797));
#2594=CARTESIAN_POINT('Ctrl Pts',(-791.254399136093,-15.4060418032267,2797.44253125797));
#2595=CARTESIAN_POINT('Ctrl Pts',(-787.534167285527,-22.3661060569847,2797.44253125797));
#2596=CARTESIAN_POINT('Ctrl Pts',(-782.527577470285,-28.4666533980295,2797.44253125797));
#2597=CARTESIAN_POINT('Ctrl Pts',(-776.427030129241,-33.4732432132711,2797.44253125797));
#2598=CARTESIAN_POINT('Ctrl Pts',(-769.466965875483,-37.1934750638378,2797.44253125797));
#2599=CARTESIAN_POINT('Ctrl Pts',(-761.914856075035,-39.4843825260423,2797.44253125797));
#2600=CARTESIAN_POINT('Ctrl Pts',(-754.060924072255,-40.2579273108678,2797.44253125797));
#2601=CARTESIAN_POINT('Ctrl Pts',(-746.206992069477,-39.4843825260425,2797.44253125797));
#2602=CARTESIAN_POINT('Ctrl Pts',(-738.654882269028,-37.1934750638381,2797.44253125797));
#2603=CARTESIAN_POINT('Ctrl Pts',(-731.69481801527,-33.4732432132715,2797.44253125797));
#2604=CARTESIAN_POINT('Ctrl Pts',(-725.594270674225,-28.46665339803,2797.44253125797));
#2605=CARTESIAN_POINT('Ctrl Pts',(-720.587680858984,-22.3661060569853,2797.44253125797));
#2606=CARTESIAN_POINT('Ctrl Pts',(-716.867449008416,-15.4060418032274,2797.44253125797));
#2607=CARTESIAN_POINT('Ctrl Pts',(-714.576541546213,-7.85393200277932,2797.44253125797));
#2608=CARTESIAN_POINT('Ctrl Pts',(-714.060845022996,-2.61797733425985,2797.44253125797));
#2609=CARTESIAN_POINT('Ctrl Pts',(-714.060845022996,-5.41233724504764E-14,
2797.44253125797));
#2610=CARTESIAN_POINT('Ctrl Pts',(-715.841683454202,-1.64868119156836E-13,
2811.84954862744));
#2611=CARTESIAN_POINT('Ctrl Pts',(-715.841683454202,2.50142269837654,2811.84954862744));
#2612=CARTESIAN_POINT('Ctrl Pts',(-716.334420718107,7.50426809512996,2811.84954862744));
#2613=CARTESIAN_POINT('Ctrl Pts',(-718.523334980598,14.7201513758063,2811.84954862744));
#2614=CARTESIAN_POINT('Ctrl Pts',(-722.077938862171,21.3703474942664,2811.84954862744));
#2615=CARTESIAN_POINT('Ctrl Pts',(-726.861630929104,27.1992931431508,2811.84954862744));
#2616=CARTESIAN_POINT('Ctrl Pts',(-732.690576577988,31.9829852100832,2811.84954862744));
#2617=CARTESIAN_POINT('Ctrl Pts',(-739.340772696448,35.5375890916569,2811.84954862744));
#2618=CARTESIAN_POINT('Ctrl Pts',(-746.556655977124,37.7265033541478,2811.84954862744));
#2619=CARTESIAN_POINT('Ctrl Pts',(-754.060924072255,38.4656092500057,2811.84954862744));
#2620=CARTESIAN_POINT('Ctrl Pts',(-761.565192167385,37.726503354148,2811.84954862744));
#2621=CARTESIAN_POINT('Ctrl Pts',(-768.781075448061,35.5375890916572,2811.84954862744));
#2622=CARTESIAN_POINT('Ctrl Pts',(-775.431271566521,31.9829852100836,2811.84954862744));
#2623=CARTESIAN_POINT('Ctrl Pts',(-781.260217215406,27.1992931431513,2811.84954862744));
#2624=CARTESIAN_POINT('Ctrl Pts',(-786.043909282339,21.370347494267,2811.84954862744));
#2625=CARTESIAN_POINT('Ctrl Pts',(-789.598513163912,14.720151375807,2811.84954862744));
#2626=CARTESIAN_POINT('Ctrl Pts',(-791.787427426403,7.5042680951307,2811.84954862744));
#2627=CARTESIAN_POINT('Ctrl Pts',(-792.52653332226,5.73531102646054E-13,
2811.84954862744));
#2628=CARTESIAN_POINT('Ctrl Pts',(-791.787427426403,-7.50426809512956,2811.84954862744));
#2629=CARTESIAN_POINT('Ctrl Pts',(-789.598513163912,-14.7201513758059,2811.84954862744));
#2630=CARTESIAN_POINT('Ctrl Pts',(-786.043909282339,-21.370347494266,2811.84954862744));
#2631=CARTESIAN_POINT('Ctrl Pts',(-781.260217215406,-27.1992931431504,2811.84954862744));
#2632=CARTESIAN_POINT('Ctrl Pts',(-775.431271566522,-31.9829852100828,2811.84954862744));
#2633=CARTESIAN_POINT('Ctrl Pts',(-768.781075448062,-35.5375890916565,2811.84954862744));
#2634=CARTESIAN_POINT('Ctrl Pts',(-761.565192167386,-37.7265033541474,2811.84954862744));
#2635=CARTESIAN_POINT('Ctrl Pts',(-754.060924072256,-38.4656092500052,2811.84954862744));
#2636=CARTESIAN_POINT('Ctrl Pts',(-746.556655977125,-37.7265033541476,2811.84954862744));
#2637=CARTESIAN_POINT('Ctrl Pts',(-739.340772696449,-35.5375890916568,2811.84954862744));
#2638=CARTESIAN_POINT('Ctrl Pts',(-732.690576577989,-31.9829852100832,2811.84954862744));
#2639=CARTESIAN_POINT('Ctrl Pts',(-726.861630929105,-27.1992931431509,2811.84954862744));
#2640=CARTESIAN_POINT('Ctrl Pts',(-722.077938862172,-21.3703474942666,2811.84954862744));
#2641=CARTESIAN_POINT('Ctrl Pts',(-718.523334980598,-14.7201513758066,2811.84954862744));
#2642=CARTESIAN_POINT('Ctrl Pts',(-716.334420718107,-7.50426809513031,2811.84954862744));
#2643=CARTESIAN_POINT('Ctrl Pts',(-715.841683454202,-2.50142269837684,2811.84954862744));
#2644=CARTESIAN_POINT('Ctrl Pts',(-715.841683454202,-5.19029264012261E-14,
2811.84954862744));
#2645=CARTESIAN_POINT('Ctrl Pts',(-717.667575958747,-1.57929225252929E-13,
2826.25970291967));
#2646=CARTESIAN_POINT('Ctrl Pts',(-717.667575958747,2.38191930475063,2826.25970291967));
#2647=CARTESIAN_POINT('Ctrl Pts',(-718.136773108763,7.14575791425221,2826.25970291967));
#2648=CARTESIAN_POINT('Ctrl Pts',(-720.221113808819,14.0169083592471,2826.25970291967));
#2649=CARTESIAN_POINT('Ctrl Pts',(-723.605899439715,20.3493968767689,2826.25970291967));
#2650=CARTESIAN_POINT('Ctrl Pts',(-728.161054587865,25.8998694843897,2826.25970291967));
#2651=CARTESIAN_POINT('Ctrl Pts',(-733.711527195486,30.4550246325396,2826.25970291967));
#2652=CARTESIAN_POINT('Ctrl Pts',(-740.044015713007,33.8398102634355,2826.25970291967));
#2653=CARTESIAN_POINT('Ctrl Pts',(-746.915166158002,35.9241509634919,2826.25970291967));
#2654=CARTESIAN_POINT('Ctrl Pts',(-754.060924072255,36.6279466885172,2826.25970291967));
#2655=CARTESIAN_POINT('Ctrl Pts',(-761.206681986507,35.9241509634921,2826.25970291967));
#2656=CARTESIAN_POINT('Ctrl Pts',(-768.077832431502,33.8398102634358,2826.25970291967));
#2657=CARTESIAN_POINT('Ctrl Pts',(-774.410320949023,30.45502463254,2826.25970291967));
#2658=CARTESIAN_POINT('Ctrl Pts',(-779.960793556645,25.8998694843902,2826.25970291967));
#2659=CARTESIAN_POINT('Ctrl Pts',(-784.515948704794,20.3493968767695,2826.25970291967));
#2660=CARTESIAN_POINT('Ctrl Pts',(-787.900734335691,14.0169083592478,2826.25970291967));
#2661=CARTESIAN_POINT('Ctrl Pts',(-789.985075035746,7.14575791425295,2826.25970291967));
#2662=CARTESIAN_POINT('Ctrl Pts',(-790.688870760772,5.93421075845907E-13,
2826.25970291967));
#2663=CARTESIAN_POINT('Ctrl Pts',(-789.985075035747,-7.14575791425179,2826.25970291967));
#2664=CARTESIAN_POINT('Ctrl Pts',(-787.900734335691,-14.0169083592467,2826.25970291967));
#2665=CARTESIAN_POINT('Ctrl Pts',(-784.515948704795,-20.3493968767684,2826.25970291967));
#2666=CARTESIAN_POINT('Ctrl Pts',(-779.960793556645,-25.8998694843893,2826.25970291967));
#2667=CARTESIAN_POINT('Ctrl Pts',(-774.410320949024,-30.4550246325391,2826.25970291967));
#2668=CARTESIAN_POINT('Ctrl Pts',(-768.077832431503,-33.8398102634351,2826.25970291967));
#2669=CARTESIAN_POINT('Ctrl Pts',(-761.206681986507,-35.9241509634915,2826.25970291967));
#2670=CARTESIAN_POINT('Ctrl Pts',(-754.060924072255,-36.6279466885168,2826.25970291967));
#2671=CARTESIAN_POINT('Ctrl Pts',(-746.915166158003,-35.9241509634916,2826.25970291967));
#2672=CARTESIAN_POINT('Ctrl Pts',(-740.044015713008,-33.8398102634354,2826.25970291967));
#2673=CARTESIAN_POINT('Ctrl Pts',(-733.711527195486,-30.4550246325396,2826.25970291967));
#2674=CARTESIAN_POINT('Ctrl Pts',(-728.161054587865,-25.8998694843898,2826.25970291967));
#2675=CARTESIAN_POINT('Ctrl Pts',(-723.605899439716,-20.3493968767691,2826.25970291967));
#2676=CARTESIAN_POINT('Ctrl Pts',(-720.22111380882,-14.0169083592474,2826.25970291967));
#2677=CARTESIAN_POINT('Ctrl Pts',(-718.136773108764,-7.14575791425255,2826.25970291967));
#2678=CARTESIAN_POINT('Ctrl Pts',(-717.667575958747,-2.38191930475092,2826.25970291967));
#2679=CARTESIAN_POINT('Ctrl Pts',(-717.667575958747,-5.03763697423665E-14,
2826.25970291967));
#2680=CARTESIAN_POINT('Ctrl Pts',(-719.431984380088,-1.49741330446318E-13,
2839.83044248887));
#2681=CARTESIAN_POINT('Ctrl Pts',(-719.431984380088,2.26644000157824,2839.83044248887));
#2682=CARTESIAN_POINT('Ctrl Pts',(-719.878434092848,6.79932000473502,2839.83044248887));
#2683=CARTESIAN_POINT('Ctrl Pts',(-721.861722582137,13.3373459547908,2839.83044248887));
#2684=CARTESIAN_POINT('Ctrl Pts',(-725.082408327169,19.3628251794738,2839.83044248887));
#2685=CARTESIAN_POINT('Ctrl Pts',(-729.416722180948,24.6442018913071,2839.83044248887));
#2686=CARTESIAN_POINT('Ctrl Pts',(-734.698098892781,28.9785157450851,2839.83044248887));
#2687=CARTESIAN_POINT('Ctrl Pts',(-740.723578117463,32.1992014901184,2839.83044248887));
#2688=CARTESIAN_POINT('Ctrl Pts',(-747.261604067519,34.1824899794066,2839.83044248887));
#2689=CARTESIAN_POINT('Ctrl Pts',(-754.060924072255,34.8521645485475,2839.83044248887));
#2690=CARTESIAN_POINT('Ctrl Pts',(-760.86024407699,34.1824899794067,2839.83044248887));
#2691=CARTESIAN_POINT('Ctrl Pts',(-767.398270027045,32.1992014901186,2839.83044248887));
#2692=CARTESIAN_POINT('Ctrl Pts',(-773.423749251729,28.9785157450855,2839.83044248887));
#2693=CARTESIAN_POINT('Ctrl Pts',(-778.705125963562,24.6442018913076,2839.83044248887));
#2694=CARTESIAN_POINT('Ctrl Pts',(-783.03943981734,19.3628251794745,2839.83044248887));
#2695=CARTESIAN_POINT('Ctrl Pts',(-786.260125562373,13.3373459547915,2839.83044248887));
#2696=CARTESIAN_POINT('Ctrl Pts',(-788.243414051661,6.79932000473578,2839.83044248887));
#2697=CARTESIAN_POINT('Ctrl Pts',(-788.913088620803,6.10305299403632E-13,
2839.83044248887));
#2698=CARTESIAN_POINT('Ctrl Pts',(-788.243414051661,-6.79932000473457,2839.83044248887));
#2699=CARTESIAN_POINT('Ctrl Pts',(-786.260125562374,-13.3373459547904,2839.83044248887));
#2700=CARTESIAN_POINT('Ctrl Pts',(-783.03943981734,-19.3628251794734,2839.83044248887));
#2701=CARTESIAN_POINT('Ctrl Pts',(-778.705125963562,-24.6442018913067,2839.83044248887));
#2702=CARTESIAN_POINT('Ctrl Pts',(-773.42374925173,-28.9785157450846,2839.83044248887));
#2703=CARTESIAN_POINT('Ctrl Pts',(-767.398270027047,-32.1992014901179,2839.83044248887));
#2704=CARTESIAN_POINT('Ctrl Pts',(-760.860244076991,-34.1824899794061,2839.83044248887));
#2705=CARTESIAN_POINT('Ctrl Pts',(-754.060924072255,-34.852164548547,2839.83044248887));
#2706=CARTESIAN_POINT('Ctrl Pts',(-747.26160406752,-34.1824899794063,2839.83044248887));
#2707=CARTESIAN_POINT('Ctrl Pts',(-740.723578117464,-32.1992014901182,2839.83044248887));
#2708=CARTESIAN_POINT('Ctrl Pts',(-734.698098892781,-28.9785157450851,2839.83044248887));
#2709=CARTESIAN_POINT('Ctrl Pts',(-729.416722180948,-24.6442018913072,2839.83044248887));
#2710=CARTESIAN_POINT('Ctrl Pts',(-725.08240832717,-19.362825179474,2839.83044248887));
#2711=CARTESIAN_POINT('Ctrl Pts',(-721.861722582137,-13.3373459547911,2839.83044248887));
#2712=CARTESIAN_POINT('Ctrl Pts',(-719.878434092849,-6.79932000473534,2839.83044248887));
#2713=CARTESIAN_POINT('Ctrl Pts',(-719.431984380088,-2.26644000157851,2839.83044248887));
#2714=CARTESIAN_POINT('Ctrl Pts',(-719.431984380088,-4.74620343027254E-14,
2839.83044248887));
#2715=CARTESIAN_POINT('Ctrl Pts',(-720.950180316384,-1.4432899320127E-13,
2851.23835890515));
#2716=CARTESIAN_POINT('Ctrl Pts',(-720.950180316384,2.16707513419153,2851.23835890515));
#2717=CARTESIAN_POINT('Ctrl Pts',(-721.377056858678,6.50122540257488,2851.23835890515));
#2718=CARTESIAN_POINT('Ctrl Pts',(-723.273394359812,12.7526123588582,2851.23835890515));
#2719=CARTESIAN_POINT('Ctrl Pts',(-726.352879361951,18.513923573938,2851.23835890515));
#2720=CARTESIAN_POINT('Ctrl Pts',(-730.497168983455,23.5637550887993,2851.23835890515));
#2721=CARTESIAN_POINT('Ctrl Pts',(-735.547000498316,27.7080447103042,2851.23835890515));
#2722=CARTESIAN_POINT('Ctrl Pts',(-741.308311713396,30.7875297124425,2851.23835890515));
#2723=CARTESIAN_POINT('Ctrl Pts',(-747.55969866968,32.6838672135774,2851.23835890515));
#2724=CARTESIAN_POINT('Ctrl Pts',(-754.060924072255,33.3241820270183,2851.23835890515));
#2725=CARTESIAN_POINT('Ctrl Pts',(-760.56214947483,32.6838672135775,2851.23835890515));
#2726=CARTESIAN_POINT('Ctrl Pts',(-766.813536431113,30.7875297124429,2851.23835890515));
#2727=CARTESIAN_POINT('Ctrl Pts',(-772.574847646192,27.7080447103046,2851.23835890515));
#2728=CARTESIAN_POINT('Ctrl Pts',(-777.624679161055,23.5637550887999,2851.23835890515));
#2729=CARTESIAN_POINT('Ctrl Pts',(-781.768968782559,18.5139235739386,2851.23835890515));
#2730=CARTESIAN_POINT('Ctrl Pts',(-784.848453784697,12.7526123588589,2851.23835890515));
#2731=CARTESIAN_POINT('Ctrl Pts',(-786.744791285832,6.50122540257565,2851.23835890515));
#2732=CARTESIAN_POINT('Ctrl Pts',(-787.385106099273,6.23972980696864E-13,
2851.23835890515));
#2733=CARTESIAN_POINT('Ctrl Pts',(-786.744791285832,-6.50122540257441,2851.23835890515));
#2734=CARTESIAN_POINT('Ctrl Pts',(-784.848453784697,-12.7526123588577,2851.23835890515));
#2735=CARTESIAN_POINT('Ctrl Pts',(-781.768968782559,-18.5139235739375,2851.23835890515));
#2736=CARTESIAN_POINT('Ctrl Pts',(-777.624679161054,-23.5637550887988,2851.23835890515));
#2737=CARTESIAN_POINT('Ctrl Pts',(-772.574847646193,-27.7080447103037,2851.23835890515));
#2738=CARTESIAN_POINT('Ctrl Pts',(-766.813536431113,-30.7875297124421,2851.23835890515));
#2739=CARTESIAN_POINT('Ctrl Pts',(-760.56214947483,-32.6838672135769,2851.23835890515));
#2740=CARTESIAN_POINT('Ctrl Pts',(-754.060924072255,-33.3241820270178,2851.23835890515));
#2741=CARTESIAN_POINT('Ctrl Pts',(-747.559698669681,-32.683867213577,2851.23835890515));
#2742=CARTESIAN_POINT('Ctrl Pts',(-741.308311713397,-30.7875297124424,2851.23835890515));
#2743=CARTESIAN_POINT('Ctrl Pts',(-735.547000498317,-27.7080447103042,2851.23835890515));
#2744=CARTESIAN_POINT('Ctrl Pts',(-730.497168983456,-23.5637550887994,2851.23835890515));
#2745=CARTESIAN_POINT('Ctrl Pts',(-726.352879361951,-18.5139235739382,2851.23835890515));
#2746=CARTESIAN_POINT('Ctrl Pts',(-723.273394359812,-12.7526123588584,2851.23835890515));
#2747=CARTESIAN_POINT('Ctrl Pts',(-721.377056858678,-6.5012254025752,2851.23835890515));
#2748=CARTESIAN_POINT('Ctrl Pts',(-720.950180316384,-2.16707513419179,2851.23835890515));
#2749=CARTESIAN_POINT('Ctrl Pts',(-720.950180316384,-4.64905891561784E-14,
2851.23835890515));
#2750=CARTESIAN_POINT('Ctrl Pts',(-722.139185516842,-1.38500322321988E-13,
2860.01597349068));
#2751=CARTESIAN_POINT('Ctrl Pts',(-722.139185516842,2.08925557135313,2860.01597349068));
#2752=CARTESIAN_POINT('Ctrl Pts',(-722.55073294323,6.26776671405968,2860.01597349068));
#2753=CARTESIAN_POINT('Ctrl Pts',(-724.378973056783,12.2946666683023,2860.01597349068));
#2754=CARTESIAN_POINT('Ctrl Pts',(-727.34787390203,17.8490894774105,2860.01597349068));
#2755=CARTESIAN_POINT('Ctrl Pts',(-731.343342284468,22.7175817877866,2860.01597349068));
#2756=CARTESIAN_POINT('Ctrl Pts',(-736.211834594844,26.7130501702247,2860.01597349068));
#2757=CARTESIAN_POINT('Ctrl Pts',(-741.766257403952,29.6819510154722,2860.01597349068));
#2758=CARTESIAN_POINT('Ctrl Pts',(-747.793157358195,31.5101911290249,2860.01597349068));
#2759=CARTESIAN_POINT('Ctrl Pts',(-754.060924072254,32.1275122686081,2860.01597349068));
#2760=CARTESIAN_POINT('Ctrl Pts',(-760.328690786315,31.5101911290251,2860.01597349068));
#2761=CARTESIAN_POINT('Ctrl Pts',(-766.355590740557,29.6819510154724,2860.01597349068));
#2762=CARTESIAN_POINT('Ctrl Pts',(-771.910013549665,26.7130501702251,2860.01597349068));
#2763=CARTESIAN_POINT('Ctrl Pts',(-776.778505860041,22.7175817877871,2860.01597349068));
#2764=CARTESIAN_POINT('Ctrl Pts',(-780.77397424248,17.8490894774112,2860.01597349068));
#2765=CARTESIAN_POINT('Ctrl Pts',(-783.742875087727,12.294666668303,2860.01597349068));
#2766=CARTESIAN_POINT('Ctrl Pts',(-785.57111520128,6.26776671406045,2860.01597349068));
#2767=CARTESIAN_POINT('Ctrl Pts',(-786.188436340862,6.35320953892242E-13,
2860.01597349068));
#2768=CARTESIAN_POINT('Ctrl Pts',(-785.57111520128,-6.26776671405919,2860.01597349068));
#2769=CARTESIAN_POINT('Ctrl Pts',(-783.742875087727,-12.2946666683018,2860.01597349068));
#2770=CARTESIAN_POINT('Ctrl Pts',(-780.77397424248,-17.84908947741,2860.01597349068));
#2771=CARTESIAN_POINT('Ctrl Pts',(-776.778505860042,-22.7175817877861,2860.01597349068));
#2772=CARTESIAN_POINT('Ctrl Pts',(-771.910013549666,-26.7130501702242,2860.01597349068));
#2773=CARTESIAN_POINT('Ctrl Pts',(-766.355590740557,-29.6819510154717,2860.01597349068));
#2774=CARTESIAN_POINT('Ctrl Pts',(-760.328690786316,-31.5101911290245,2860.01597349068));
#2775=CARTESIAN_POINT('Ctrl Pts',(-754.060924072255,-32.1275122686076,2860.01597349068));
#2776=CARTESIAN_POINT('Ctrl Pts',(-747.793157358196,-31.5101911290246,2860.01597349068));
#2777=CARTESIAN_POINT('Ctrl Pts',(-741.766257403953,-29.681951015472,2860.01597349068));
#2778=CARTESIAN_POINT('Ctrl Pts',(-736.211834594845,-26.7130501702246,2860.01597349068));
#2779=CARTESIAN_POINT('Ctrl Pts',(-731.343342284469,-22.7175817877867,2860.01597349068));
#2780=CARTESIAN_POINT('Ctrl Pts',(-727.347873902031,-17.8490894774107,2860.01597349068));
#2781=CARTESIAN_POINT('Ctrl Pts',(-724.378973056783,-12.2946666683025,2860.01597349068));
#2782=CARTESIAN_POINT('Ctrl Pts',(-722.550732943231,-6.26776671405997,2860.01597349068));
#2783=CARTESIAN_POINT('Ctrl Pts',(-722.139185516842,-2.08925557135338,2860.01597349068));
#2784=CARTESIAN_POINT('Ctrl Pts',(-722.139185516842,-4.44089209850063E-14,
2860.01597349068));
#2785=CARTESIAN_POINT('Ctrl Pts',(-723.203677933044,-1.34059430223488E-13,
2867.75263203497));
#2786=CARTESIAN_POINT('Ctrl Pts',(-723.203677933044,2.01958528358504,2867.75263203497));
#2787=CARTESIAN_POINT('Ctrl Pts',(-723.601501510603,6.05875585075539,2867.75263203496));
#2788=CARTESIAN_POINT('Ctrl Pts',(-725.368775404145,11.8846771119558,2867.75263203496));
#2789=CARTESIAN_POINT('Ctrl Pts',(-728.238672480262,17.2538768967475,2867.75263203497));
#2790=CARTESIAN_POINT('Ctrl Pts',(-732.100904203772,21.9600198684829,2867.75263203496));
#2791=CARTESIAN_POINT('Ctrl Pts',(-736.807047175507,25.8222515919934,2867.75263203497));
#2792=CARTESIAN_POINT('Ctrl Pts',(-742.176246960298,28.6921486681092,2867.75263203497));
#2793=CARTESIAN_POINT('Ctrl Pts',(-748.002168221499,30.459422561652,2867.75263203497));
#2794=CARTESIAN_POINT('Ctrl Pts',(-754.060924072254,31.0561579279914,2867.75263203496));
#2795=CARTESIAN_POINT('Ctrl Pts',(-760.11967992301,30.4594225616521,2867.75263203497));
#2796=CARTESIAN_POINT('Ctrl Pts',(-765.945601184211,28.6921486681095,2867.75263203497));
#2797=CARTESIAN_POINT('Ctrl Pts',(-771.314800969002,25.8222515919939,2867.75263203497));
#2798=CARTESIAN_POINT('Ctrl Pts',(-776.020943940738,21.9600198684834,2867.75263203497));
#2799=CARTESIAN_POINT('Ctrl Pts',(-779.883175664248,17.2538768967482,2867.75263203497));
#2800=CARTESIAN_POINT('Ctrl Pts',(-782.753072740364,11.8846771119566,2867.75263203497));
#2801=CARTESIAN_POINT('Ctrl Pts',(-784.520346633906,6.05875585075617,2867.75263203497));
#2802=CARTESIAN_POINT('Ctrl Pts',(-785.117082000247,6.43689737766024E-13,
2867.75263203497));
#2803=CARTESIAN_POINT('Ctrl Pts',(-784.520346633907,-6.05875585075489,2867.75263203497));
#2804=CARTESIAN_POINT('Ctrl Pts',(-782.753072740364,-11.8846771119553,2867.75263203497));
#2805=CARTESIAN_POINT('Ctrl Pts',(-779.883175664249,-17.253876896747,2867.75263203496));
#2806=CARTESIAN_POINT('Ctrl Pts',(-776.020943940738,-21.9600198684824,2867.75263203497));
#2807=CARTESIAN_POINT('Ctrl Pts',(-771.314800969003,-25.8222515919929,2867.75263203497));
#2808=CARTESIAN_POINT('Ctrl Pts',(-765.945601184211,-28.6921486681087,2867.75263203497));
#2809=CARTESIAN_POINT('Ctrl Pts',(-760.11967992301,-30.4594225616515,2867.75263203497));
#2810=CARTESIAN_POINT('Ctrl Pts',(-754.060924072255,-31.0561579279909,2867.75263203496));
#2811=CARTESIAN_POINT('Ctrl Pts',(-748.0021682215,-30.4594225616516,2867.75263203497));
#2812=CARTESIAN_POINT('Ctrl Pts',(-742.176246960299,-28.692148668109,2867.75263203497));
#2813=CARTESIAN_POINT('Ctrl Pts',(-736.807047175508,-25.8222515919934,2867.75263203496));
#2814=CARTESIAN_POINT('Ctrl Pts',(-732.100904203772,-21.9600198684829,2867.75263203496));
#2815=CARTESIAN_POINT('Ctrl Pts',(-728.238672480262,-17.2538768967477,2867.75263203497));
#2816=CARTESIAN_POINT('Ctrl Pts',(-725.368775404145,-11.8846771119561,2867.75263203496));
#2817=CARTESIAN_POINT('Ctrl Pts',(-723.601501510603,-6.05875585075568,2867.75263203497));
#2818=CARTESIAN_POINT('Ctrl Pts',(-723.203677933044,-2.01958528358528,2867.75263203497));
#2819=CARTESIAN_POINT('Ctrl Pts',(-723.203677933044,-4.28823643261467E-14,
2867.75263203497));
#2820=CARTESIAN_POINT('Ctrl Pts',(-724.313220671843,-1.29618538124987E-13,
2875.68603406953));
#2821=CARTESIAN_POINT('Ctrl Pts',(-724.313220671843,1.94696648355743,2875.68603406953));
#2822=CARTESIAN_POINT('Ctrl Pts',(-724.696739594352,5.84089945067254,2875.68603406953));
#2823=CARTESIAN_POINT('Ctrl Pts',(-726.400467119978,11.45733641107,2875.68603406953));
#2824=CARTESIAN_POINT('Ctrl Pts',(-729.167170494117,16.6334743585384,2875.68603406953));
#2825=CARTESIAN_POINT('Ctrl Pts',(-732.890526857687,21.170397214568,2875.68603406953));
#2826=CARTESIAN_POINT('Ctrl Pts',(-737.427449713716,24.8937535781374,2875.68603406953));
#2827=CARTESIAN_POINT('Ctrl Pts',(-742.603587661184,27.6604569522767,2875.68603406953));
#2828=CARTESIAN_POINT('Ctrl Pts',(-748.220024621582,29.3641844779031,2875.68603406953));
#2829=CARTESIAN_POINT('Ctrl Pts',(-754.060924072254,29.939462861668,2875.68603406953));
#2830=CARTESIAN_POINT('Ctrl Pts',(-759.901823522927,29.3641844779033,2875.68603406953));
#2831=CARTESIAN_POINT('Ctrl Pts',(-765.518260483325,27.660456952277,2875.68603406953));
#2832=CARTESIAN_POINT('Ctrl Pts',(-770.694398430792,24.8937535781378,2875.68603406953));
#2833=CARTESIAN_POINT('Ctrl Pts',(-775.231321286823,21.1703972145686,2875.68603406953));
#2834=CARTESIAN_POINT('Ctrl Pts',(-778.954677650392,16.6334743585391,2875.68603406953));
#2835=CARTESIAN_POINT('Ctrl Pts',(-781.721381024532,11.4573364110708,2875.68603406953));
#2836=CARTESIAN_POINT('Ctrl Pts',(-783.425108550158,5.84089945067332,2875.68603406953));
#2837=CARTESIAN_POINT('Ctrl Pts',(-784.000386933923,6.53529379491512E-13,
2875.68603406953));
#2838=CARTESIAN_POINT('Ctrl Pts',(-783.425108550158,-5.84089945067202,2875.68603406953));
#2839=CARTESIAN_POINT('Ctrl Pts',(-781.721381024532,-11.4573364110695,2875.68603406953));
#2840=CARTESIAN_POINT('Ctrl Pts',(-778.954677650392,-16.6334743585379,2875.68603406953));
#2841=CARTESIAN_POINT('Ctrl Pts',(-775.231321286823,-21.1703972145675,2875.68603406953));
#2842=CARTESIAN_POINT('Ctrl Pts',(-770.694398430794,-24.8937535781368,2875.68603406953));
#2843=CARTESIAN_POINT('Ctrl Pts',(-765.518260483326,-27.6604569522762,2875.68603406953));
#2844=CARTESIAN_POINT('Ctrl Pts',(-759.901823522928,-29.3641844779026,2875.68603406953));
#2845=CARTESIAN_POINT('Ctrl Pts',(-754.060924072256,-29.9394628616675,2875.68603406953));
#2846=CARTESIAN_POINT('Ctrl Pts',(-748.220024621583,-29.3641844779027,2875.68603406953));
#2847=CARTESIAN_POINT('Ctrl Pts',(-742.603587661185,-27.6604569522765,2875.68603406953));
#2848=CARTESIAN_POINT('Ctrl Pts',(-737.427449713717,-24.8937535781373,2875.68603406953));
#2849=CARTESIAN_POINT('Ctrl Pts',(-732.890526857687,-21.1703972145681,2875.68603406953));
#2850=CARTESIAN_POINT('Ctrl Pts',(-729.167170494118,-16.6334743585385,2875.68603406953));
#2851=CARTESIAN_POINT('Ctrl Pts',(-726.400467119979,-11.4573364110703,2875.68603406953));
#2852=CARTESIAN_POINT('Ctrl Pts',(-724.696739594352,-5.84089945067282,2875.68603406953));
#2853=CARTESIAN_POINT('Ctrl Pts',(-724.313220671843,-1.94696648355766,2875.68603406953));
#2854=CARTESIAN_POINT('Ctrl Pts',(-724.313220671843,-4.17721413015215E-14,
2875.68603406953));
#2855=CARTESIAN_POINT('Ctrl Pts',(-725.456187477993,-1.24761312392252E-13,
2883.71214086718));
#2856=CARTESIAN_POINT('Ctrl Pts',(-725.456187477992,1.87216010158433,2883.71214086718));
#2857=CARTESIAN_POINT('Ctrl Pts',(-725.824970829421,5.61648030475322,2883.71214086718));
#2858=CARTESIAN_POINT('Ctrl Pts',(-727.463237704782,11.0171224211534,2883.71214086717));
#2859=CARTESIAN_POINT('Ctrl Pts',(-730.123638751089,15.994382701382,2883.71214086718));
#2860=CARTESIAN_POINT('Ctrl Pts',(-733.703936248105,20.3569878241497,2883.71214086718));
#2861=CARTESIAN_POINT('Ctrl Pts',(-738.066541370872,23.9372853211657,2883.71214086718));
#2862=CARTESIAN_POINT('Ctrl Pts',(-743.043801651101,26.5976863674735,2883.71214086718));
#2863=CARTESIAN_POINT('Ctrl Pts',(-748.444443767501,28.2359532428337,2883.71214086718));
#2864=CARTESIAN_POINT('Ctrl Pts',(-754.060924072255,28.7891282699768,2883.71214086718));
#2865=CARTESIAN_POINT('Ctrl Pts',(-759.677404377008,28.2359532428338,2883.71214086718));
#2866=CARTESIAN_POINT('Ctrl Pts',(-765.078046493408,26.5976863674738,2883.71214086718));
#2867=CARTESIAN_POINT('Ctrl Pts',(-770.055306773637,23.9372853211661,2883.71214086718));
#2868=CARTESIAN_POINT('Ctrl Pts',(-774.417911896405,20.3569878241503,2883.71214086718));
#2869=CARTESIAN_POINT('Ctrl Pts',(-777.998209393421,15.9943827013827,2883.71214086718));
#2870=CARTESIAN_POINT('Ctrl Pts',(-780.658610439728,11.0171224211541,2883.71214086718));
#2871=CARTESIAN_POINT('Ctrl Pts',(-782.296877315088,5.616480304754,2883.71214086718));
#2872=CARTESIAN_POINT('Ctrl Pts',(-782.850052342232,6.64802404368552E-13,
2883.71214086718));
#2873=CARTESIAN_POINT('Ctrl Pts',(-782.296877315089,-5.61648030475269,2883.71214086718));
#2874=CARTESIAN_POINT('Ctrl Pts',(-780.658610439728,-11.0171224211528,2883.71214086718));
#2875=CARTESIAN_POINT('Ctrl Pts',(-777.998209393421,-15.9943827013815,2883.71214086718));
#2876=CARTESIAN_POINT('Ctrl Pts',(-774.417911896405,-20.3569878241492,2883.71214086718));
#2877=CARTESIAN_POINT('Ctrl Pts',(-770.055306773638,-23.9372853211652,2883.71214086718));
#2878=CARTESIAN_POINT('Ctrl Pts',(-765.078046493408,-26.597686367473,2883.71214086718));
#2879=CARTESIAN_POINT('Ctrl Pts',(-759.677404377009,-28.2359532428332,2883.71214086718));
#2880=CARTESIAN_POINT('Ctrl Pts',(-754.060924072255,-28.7891282699763,2883.71214086718));
#2881=CARTESIAN_POINT('Ctrl Pts',(-748.444443767502,-28.2359532428333,2883.71214086718));
#2882=CARTESIAN_POINT('Ctrl Pts',(-743.043801651102,-26.5976863674733,2883.71214086718));
#2883=CARTESIAN_POINT('Ctrl Pts',(-738.066541370873,-23.9372853211656,2883.71214086718));
#2884=CARTESIAN_POINT('Ctrl Pts',(-733.703936248106,-20.3569878241498,2883.71214086718));
#2885=CARTESIAN_POINT('Ctrl Pts',(-730.12363875109,-15.9943827013822,2883.71214086718));
#2886=CARTESIAN_POINT('Ctrl Pts',(-727.463237704781,-11.0171224211535,2883.71214086717));
#2887=CARTESIAN_POINT('Ctrl Pts',(-725.824970829422,-5.61648030475349,2883.71214086718));
#2888=CARTESIAN_POINT('Ctrl Pts',(-725.456187477993,-1.87216010158455,2883.71214086718));
#2889=CARTESIAN_POINT('Ctrl Pts',(-725.456187477993,-4.02455846426619E-14,
2883.71214086718));
#2890=CARTESIAN_POINT('Ctrl Pts',(-726.571715981981,-1.18238752122579E-13,
2891.40484399634));
#2891=CARTESIAN_POINT('Ctrl Pts',(-726.571715981981,1.79914953739105,2891.40484399634));
#2892=CARTESIAN_POINT('Ctrl Pts',(-726.926117507555,5.39744861217339,2891.40484399633));
#2893=CARTESIAN_POINT('Ctrl Pts',(-728.500495194823,10.5874763011052,2891.40484399633));
#2894=CARTESIAN_POINT('Ctrl Pts',(-731.057145829397,15.3706332133106,2891.40484399633));
#2895=CARTESIAN_POINT('Ctrl Pts',(-734.497818761175,19.5631053110789,2891.40484399633));
#2896=CARTESIAN_POINT('Ctrl Pts',(-738.690290858944,23.0037782428583,2891.40484399633));
#2897=CARTESIAN_POINT('Ctrl Pts',(-743.473447771149,25.5604288774321,2891.40484399633));
#2898=CARTESIAN_POINT('Ctrl Pts',(-748.663475460081,27.1348065646999,2891.40484399634));
#2899=CARTESIAN_POINT('Ctrl Pts',(-754.060924072254,27.6664088530612,2891.40484399633));
#2900=CARTESIAN_POINT('Ctrl Pts',(-759.458372684428,27.1348065647001,2891.40484399633));
#2901=CARTESIAN_POINT('Ctrl Pts',(-764.64840037336,25.5604288774324,2891.40484399633));
#2902=CARTESIAN_POINT('Ctrl Pts',(-769.431557285565,23.0037782428587,2891.40484399633));
#2903=CARTESIAN_POINT('Ctrl Pts',(-773.624029383334,19.5631053110794,2891.40484399634));
#2904=CARTESIAN_POINT('Ctrl Pts',(-777.064702315113,15.3706332133112,2891.40484399634));
#2905=CARTESIAN_POINT('Ctrl Pts',(-779.621352949687,10.5874763011059,2891.40484399633));
#2906=CARTESIAN_POINT('Ctrl Pts',(-781.195730636955,5.39744861217418,2891.40484399633));
#2907=CARTESIAN_POINT('Ctrl Pts',(-781.727332925316,6.71946649599068E-13,
2891.40484399634));
#2908=CARTESIAN_POINT('Ctrl Pts',(-781.195730636955,-5.39744861217284,2891.40484399633));
#2909=CARTESIAN_POINT('Ctrl Pts',(-779.621352949687,-10.5874763011046,2891.40484399633));
#2910=CARTESIAN_POINT('Ctrl Pts',(-777.064702315113,-15.37063321331,2891.40484399633));
#2911=CARTESIAN_POINT('Ctrl Pts',(-773.624029383334,-19.5631053110783,2891.40484399633));
#2912=CARTESIAN_POINT('Ctrl Pts',(-769.431557285566,-23.0037782428577,2891.40484399633));
#2913=CARTESIAN_POINT('Ctrl Pts',(-764.648400373361,-25.5604288774316,2891.40484399633));
#2914=CARTESIAN_POINT('Ctrl Pts',(-759.458372684429,-27.1348065646994,2891.40484399634));
#2915=CARTESIAN_POINT('Ctrl Pts',(-754.060924072256,-27.6664088530606,2891.40484399633));
#2916=CARTESIAN_POINT('Ctrl Pts',(-748.663475460082,-27.1348065646996,2891.40484399633));
#2917=CARTESIAN_POINT('Ctrl Pts',(-743.47344777115,-25.5604288774319,2891.40484399633));
#2918=CARTESIAN_POINT('Ctrl Pts',(-738.690290858945,-23.0037782428582,2891.40484399633));
#2919=CARTESIAN_POINT('Ctrl Pts',(-734.497818761176,-19.5631053110789,2891.40484399633));
#2920=CARTESIAN_POINT('Ctrl Pts',(-731.057145829397,-15.3706332133107,2891.40484399633));
#2921=CARTESIAN_POINT('Ctrl Pts',(-728.500495194823,-10.5874763011054,2891.40484399633));
#2922=CARTESIAN_POINT('Ctrl Pts',(-726.926117507556,-5.39744861217364,2891.40484399633));
#2923=CARTESIAN_POINT('Ctrl Pts',(-726.571715981981,-1.79914953739126,2891.40484399634));
#2924=CARTESIAN_POINT('Ctrl Pts',(-726.571715981981,-3.70536934468646E-14,
2891.40484399634));
#2925=CARTESIAN_POINT('Ctrl Pts',(-727.615670992702,-1.15046860926782E-13,
2898.48099864308));
#2926=CARTESIAN_POINT('Ctrl Pts',(-727.615670992702,1.73082340851796,2898.48099864308));
#2927=CARTESIAN_POINT('Ctrl Pts',(-727.956613445638,5.19247022555411,2898.48099864308));
#2928=CARTESIAN_POINT('Ctrl Pts',(-729.471201142958,10.1853967323112,2898.48099864308));
#2929=CARTESIAN_POINT('Ctrl Pts',(-731.930758102375,14.7869041546818,2898.48099864309));
#2930=CARTESIAN_POINT('Ctrl Pts',(-735.240764929275,18.8201591429794,2898.48099864309));
#2931=CARTESIAN_POINT('Ctrl Pts',(-739.274019917572,22.1301659698792,2898.48099864309));
#2932=CARTESIAN_POINT('Ctrl Pts',(-743.875527339943,24.5897229292966,2898.48099864308));
#2933=CARTESIAN_POINT('Ctrl Pts',(-748.8684538467,26.1043106266166,2898.48099864308));
#2934=CARTESIAN_POINT('Ctrl Pts',(-754.060924072255,26.6157243060218,2898.48099864309));
#2935=CARTESIAN_POINT('Ctrl Pts',(-759.253394297809,26.1043106266167,2898.48099864309));
#2936=CARTESIAN_POINT('Ctrl Pts',(-764.246320804566,24.5897229292969,2898.48099864308));
#2937=CARTESIAN_POINT('Ctrl Pts',(-768.847828226936,22.1301659698796,2898.48099864308));
#2938=CARTESIAN_POINT('Ctrl Pts',(-772.881083215234,18.82015914298,2898.48099864308));
#2939=CARTESIAN_POINT('Ctrl Pts',(-776.191090042134,14.7869041546825,2898.48099864309));
#2940=CARTESIAN_POINT('Ctrl Pts',(-778.650647001551,10.1853967323119,2898.48099864308));
#2941=CARTESIAN_POINT('Ctrl Pts',(-780.165234698871,5.1924702255549,2898.48099864308));
#2942=CARTESIAN_POINT('Ctrl Pts',(-780.676648378277,6.82182153539279E-13,
2898.48099864308));
#2943=CARTESIAN_POINT('Ctrl Pts',(-780.165234698871,-5.19247022555355,2898.48099864309));
#2944=CARTESIAN_POINT('Ctrl Pts',(-778.650647001552,-10.1853967323106,2898.48099864309));
#2945=CARTESIAN_POINT('Ctrl Pts',(-776.191090042134,-14.7869041546812,2898.48099864308));
#2946=CARTESIAN_POINT('Ctrl Pts',(-772.881083215235,-18.8201591429789,2898.48099864309));
#2947=CARTESIAN_POINT('Ctrl Pts',(-768.847828226937,-22.1301659698786,2898.48099864309));
#2948=CARTESIAN_POINT('Ctrl Pts',(-764.246320804566,-24.589722929296,2898.48099864308));
#2949=CARTESIAN_POINT('Ctrl Pts',(-759.253394297809,-26.104310626616,2898.48099864308));
#2950=CARTESIAN_POINT('Ctrl Pts',(-754.060924072255,-26.6157243060212,2898.48099864308));
#2951=CARTESIAN_POINT('Ctrl Pts',(-748.868453846701,-26.1043106266162,2898.48099864309));
#2952=CARTESIAN_POINT('Ctrl Pts',(-743.875527339944,-24.5897229292963,2898.48099864308));
#2953=CARTESIAN_POINT('Ctrl Pts',(-739.274019917573,-22.1301659698791,2898.48099864309));
#2954=CARTESIAN_POINT('Ctrl Pts',(-735.240764929276,-18.8201591429794,2898.48099864308));
#2955=CARTESIAN_POINT('Ctrl Pts',(-731.930758102376,-14.7869041546819,2898.48099864309));
#2956=CARTESIAN_POINT('Ctrl Pts',(-729.471201142958,-10.1853967323114,2898.48099864309));
#2957=CARTESIAN_POINT('Ctrl Pts',(-727.956613445639,-5.19247022555435,2898.48099864309));
#2958=CARTESIAN_POINT('Ctrl Pts',(-727.615670992702,-1.73082340851817,2898.48099864308));
#2959=CARTESIAN_POINT('Ctrl Pts',(-727.615670992702,-3.69149155687865E-14,
2898.48099864308));
#2960=CARTESIAN_POINT('Ctrl Pts',(-728.603585794193,-1.09495745803656E-13,
2905.06704494009));
#2961=CARTESIAN_POINT('Ctrl Pts',(-728.603585794193,1.66616507233573,2905.06704494009));
#2962=CARTESIAN_POINT('Ctrl Pts',(-728.931791666591,4.99849521700741,2905.06704494009));
#2963=CARTESIAN_POINT('Ctrl Pts',(-730.389798940958,9.80490106601376,2905.06704494009));
#2964=CARTESIAN_POINT('Ctrl Pts',(-732.757474279201,14.2345100657051,2905.06704494009));
#2965=CARTESIAN_POINT('Ctrl Pts',(-735.943829245878,18.1170948263766,2905.06704494009));
#2966=CARTESIAN_POINT('Ctrl Pts',(-739.82641400655,21.3034497930543,2905.06704494009));
#2967=CARTESIAN_POINT('Ctrl Pts',(-744.256023006241,23.6711251312972,2905.06704494009));
#2968=CARTESIAN_POINT('Ctrl Pts',(-749.062428855247,25.1291324056643,2905.06704494009));
#2969=CARTESIAN_POINT('Ctrl Pts',(-754.060924072254,25.6214412142615,2905.06704494009));
#2970=CARTESIAN_POINT('Ctrl Pts',(-759.059419289262,25.1291324056644,2905.06704494009));
#2971=CARTESIAN_POINT('Ctrl Pts',(-763.865825138269,23.6711251312975,2905.06704494009));
#2972=CARTESIAN_POINT('Ctrl Pts',(-768.29543413796,21.3034497930547,2905.06704494009));
#2973=CARTESIAN_POINT('Ctrl Pts',(-772.178018898631,18.1170948263772,2905.06704494009));
#2974=CARTESIAN_POINT('Ctrl Pts',(-775.364373865309,14.2345100657058,2905.06704494009));
#2975=CARTESIAN_POINT('Ctrl Pts',(-777.732049203552,9.80490106601451,2905.06704494009));
#2976=CARTESIAN_POINT('Ctrl Pts',(-779.190056477918,4.9984952170082,2905.06704494009));
#2977=CARTESIAN_POINT('Ctrl Pts',(-779.682365286516,6.89547870584863E-13,
2905.06704494009));
#2978=CARTESIAN_POINT('Ctrl Pts',(-779.190056477919,-4.99849521700684,2905.06704494009));
#2979=CARTESIAN_POINT('Ctrl Pts',(-777.732049203552,-9.8049010660132,2905.06704494009));
#2980=CARTESIAN_POINT('Ctrl Pts',(-775.364373865309,-14.2345100657045,2905.06704494009));
#2981=CARTESIAN_POINT('Ctrl Pts',(-772.178018898632,-18.117094826376,2905.06704494009));
#2982=CARTESIAN_POINT('Ctrl Pts',(-768.295434137961,-21.3034497930537,2905.06704494009));
#2983=CARTESIAN_POINT('Ctrl Pts',(-763.865825138269,-23.6711251312966,2905.06704494009));
#2984=CARTESIAN_POINT('Ctrl Pts',(-759.059419289263,-25.1291324056637,2905.06704494009));
#2985=CARTESIAN_POINT('Ctrl Pts',(-754.060924072256,-25.6214412142609,2905.06704494009));
#2986=CARTESIAN_POINT('Ctrl Pts',(-749.062428855248,-25.1291324056639,2905.06704494009));
#2987=CARTESIAN_POINT('Ctrl Pts',(-744.256023006242,-23.6711251312969,2905.06704494009));
#2988=CARTESIAN_POINT('Ctrl Pts',(-739.82641400655,-21.3034497930542,2905.06704494009));
#2989=CARTESIAN_POINT('Ctrl Pts',(-735.943829245879,-18.1170948263766,2905.06704494009));
#2990=CARTESIAN_POINT('Ctrl Pts',(-732.757474279201,-14.2345100657052,2905.06704494009));
#2991=CARTESIAN_POINT('Ctrl Pts',(-730.389798940958,-9.80490106601394,2905.06704494009));
#2992=CARTESIAN_POINT('Ctrl Pts',(-728.931791666591,-4.99849521700764,2905.06704494009));
#2993=CARTESIAN_POINT('Ctrl Pts',(-728.603585794193,-1.66616507233593,2905.06704494009));
#2994=CARTESIAN_POINT('Ctrl Pts',(-728.603585794193,-3.42781358853017E-14,
2905.06704494009));
#2995=CARTESIAN_POINT('Ctrl Pts',(-729.493480795174,-1.07552855510562E-13,
2910.90505016723));
#2996=CARTESIAN_POINT('Ctrl Pts',(-729.493480795174,1.6079220638764,2910.90505016723));
#2997=CARTESIAN_POINT('Ctrl Pts',(-729.810213796294,4.82376619162941,2910.90505016723));
#2998=CARTESIAN_POINT('Ctrl Pts',(-731.217254493925,9.46215775371387,2910.90505016723));
#2999=CARTESIAN_POINT('Ctrl Pts',(-733.502164602573,13.7369238997623,2910.90505016723));
#3000=CARTESIAN_POINT('Ctrl Pts',(-736.577136308155,17.4837877640986,2910.90505016723));
#3001=CARTESIAN_POINT('Ctrl Pts',(-740.324000172492,20.5587594696817,2910.90505016723));
#3002=CARTESIAN_POINT('Ctrl Pts',(-744.59876631854,22.8436695783301,2910.90505016723));
#3003=CARTESIAN_POINT('Ctrl Pts',(-749.237157880625,24.2507102759608,2910.90505016723));
#3004=CARTESIAN_POINT('Ctrl Pts',(-754.060924072255,24.7258097776413,2910.90505016723));
#3005=CARTESIAN_POINT('Ctrl Pts',(-758.884690263884,24.250710275961,2910.90505016723));
#3006=CARTESIAN_POINT('Ctrl Pts',(-763.523081825969,22.8436695783304,2910.90505016723));
#3007=CARTESIAN_POINT('Ctrl Pts',(-767.797847972017,20.5587594696822,2910.90505016723));
#3008=CARTESIAN_POINT('Ctrl Pts',(-771.544711836353,17.4837877640992,2910.90505016723));
#3009=CARTESIAN_POINT('Ctrl Pts',(-774.619683541936,13.736923899763,2910.90505016723));
#3010=CARTESIAN_POINT('Ctrl Pts',(-776.904593650584,9.46215775371462,2910.90505016723));
#3011=CARTESIAN_POINT('Ctrl Pts',(-778.311634348215,4.82376619163021,2910.90505016723));
#3012=CARTESIAN_POINT('Ctrl Pts',(-778.786733849896,6.95577844005933E-13,
2910.90505016723));
#3013=CARTESIAN_POINT('Ctrl Pts',(-778.311634348215,-4.82376619162883,2910.90505016723));
#3014=CARTESIAN_POINT('Ctrl Pts',(-776.904593650585,-9.46215775371329,2910.90505016723));
#3015=CARTESIAN_POINT('Ctrl Pts',(-774.619683541937,-13.7369238997617,2910.90505016723));
#3016=CARTESIAN_POINT('Ctrl Pts',(-771.544711836354,-17.483787764098,2910.90505016723));
#3017=CARTESIAN_POINT('Ctrl Pts',(-767.797847972018,-20.5587594696811,2910.90505016723));
#3018=CARTESIAN_POINT('Ctrl Pts',(-763.523081825969,-22.8436695783295,2910.90505016723));
#3019=CARTESIAN_POINT('Ctrl Pts',(-758.884690263885,-24.2507102759602,2910.90505016723));
#3020=CARTESIAN_POINT('Ctrl Pts',(-754.060924072255,-24.7258097776407,2910.90505016723));
#3021=CARTESIAN_POINT('Ctrl Pts',(-749.237157880626,-24.2507102759604,2910.90505016723));
#3022=CARTESIAN_POINT('Ctrl Pts',(-744.598766318541,-22.8436695783298,2910.90505016723));
#3023=CARTESIAN_POINT('Ctrl Pts',(-740.324000172493,-20.5587594696816,2910.90505016723));
#3024=CARTESIAN_POINT('Ctrl Pts',(-736.577136308156,-17.4837877640986,2910.90505016723));
#3025=CARTESIAN_POINT('Ctrl Pts',(-733.502164602574,-13.7369238997624,2910.90505016723));
#3026=CARTESIAN_POINT('Ctrl Pts',(-731.217254493924,-9.46215775371403,2910.90505016723));
#3027=CARTESIAN_POINT('Ctrl Pts',(-729.810213796295,-4.82376619162964,2910.90505016723));
#3028=CARTESIAN_POINT('Ctrl Pts',(-729.493480795174,-1.60792206387659,2910.90505016723));
#3029=CARTESIAN_POINT('Ctrl Pts',(-729.493480795174,-3.51108031537706E-14,
2910.90505016723));
#3030=CARTESIAN_POINT('Ctrl Pts',(-730.251374383382,-1.04360964314765E-13,
2915.8053804388));
#3031=CARTESIAN_POINT('Ctrl Pts',(-730.251374383382,1.5583184560119,2915.8053804388));
#3032=CARTESIAN_POINT('Ctrl Pts',(-730.558336326601,4.6749553680359,2915.8053804388));
#3033=CARTESIAN_POINT('Ctrl Pts',(-731.921970508094,9.1702548230235,2915.8053804388));
#3034=CARTESIAN_POINT('Ctrl Pts',(-734.136392259389,13.3131465279004,2915.8053804388));
#3035=CARTESIAN_POINT('Ctrl Pts',(-737.116502594445,16.9444214778088,2915.8053804388));
#3036=CARTESIAN_POINT('Ctrl Pts',(-740.747777544354,19.924531812866,2915.8053804388));
#3037=CARTESIAN_POINT('Ctrl Pts',(-744.890669249231,22.1389535641609,2915.8053804388));
#3038=CARTESIAN_POINT('Ctrl Pts',(-749.385968704219,23.5025877456534,2915.8053804388));
#3039=CARTESIAN_POINT('Ctrl Pts',(-754.060924072254,23.9630306604834,2915.8053804388));
#3040=CARTESIAN_POINT('Ctrl Pts',(-758.735879440291,23.5025877456535,2915.8053804388));
#3041=CARTESIAN_POINT('Ctrl Pts',(-763.231178895277,22.1389535641612,2915.8053804388));
#3042=CARTESIAN_POINT('Ctrl Pts',(-767.374070600155,19.9245318128664,2915.8053804388));
#3043=CARTESIAN_POINT('Ctrl Pts',(-771.005345550063,16.9444214778094,2915.8053804388));
#3044=CARTESIAN_POINT('Ctrl Pts',(-773.985455885121,13.3131465279011,2915.8053804388));
#3045=CARTESIAN_POINT('Ctrl Pts',(-776.199877636416,9.17025482302424,2915.8053804388));
#3046=CARTESIAN_POINT('Ctrl Pts',(-777.563511817908,4.67495536803671,2915.8053804388));
#3047=CARTESIAN_POINT('Ctrl Pts',(-778.023954732738,7.01098585965606E-13,
2915.8053804388));
#3048=CARTESIAN_POINT('Ctrl Pts',(-777.563511817908,-4.67495536803531,2915.8053804388));
#3049=CARTESIAN_POINT('Ctrl Pts',(-776.199877636416,-9.1702548230229,2915.8053804388));
#3050=CARTESIAN_POINT('Ctrl Pts',(-773.985455885121,-13.3131465278998,2915.8053804388));
#3051=CARTESIAN_POINT('Ctrl Pts',(-771.005345550064,-16.9444214778082,2915.8053804388));
#3052=CARTESIAN_POINT('Ctrl Pts',(-767.374070600156,-19.9245318128654,2915.8053804388));
#3053=CARTESIAN_POINT('Ctrl Pts',(-763.231178895279,-22.1389535641603,2915.8053804388));
#3054=CARTESIAN_POINT('Ctrl Pts',(-758.735879440292,-23.5025877456528,2915.8053804388));
#3055=CARTESIAN_POINT('Ctrl Pts',(-754.060924072255,-23.9630306604828,2915.8053804388));
#3056=CARTESIAN_POINT('Ctrl Pts',(-749.385968704219,-23.502587745653,2915.8053804388));
#3057=CARTESIAN_POINT('Ctrl Pts',(-744.890669249232,-22.1389535641606,2915.8053804388));
#3058=CARTESIAN_POINT('Ctrl Pts',(-740.747777544355,-19.9245318128659,2915.8053804388));
#3059=CARTESIAN_POINT('Ctrl Pts',(-737.116502594447,-16.9444214778088,2915.8053804388));
#3060=CARTESIAN_POINT('Ctrl Pts',(-734.136392259389,-13.3131465279005,2915.8053804388));
#3061=CARTESIAN_POINT('Ctrl Pts',(-731.921970508095,-9.17025482302364,2915.8053804388));
#3062=CARTESIAN_POINT('Ctrl Pts',(-730.558336326601,-4.67495536803613,2915.8053804388));
#3063=CARTESIAN_POINT('Ctrl Pts',(-730.251374383382,-1.55831845601209,2915.8053804388));
#3064=CARTESIAN_POINT('Ctrl Pts',(-730.251374383382,-3.41393580072236E-14,
2915.8053804388));
#3065=CARTESIAN_POINT('Ctrl Pts',(-730.842608898946,-1.00891517362811E-13,
2919.58346170521));
#3066=CARTESIAN_POINT('Ctrl Pts',(-730.842608898946,1.51962256845946,2919.58346170521));
#3067=CARTESIAN_POINT('Ctrl Pts',(-731.141948417628,4.55886770537858,2919.58346170521));
#3068=CARTESIAN_POINT('Ctrl Pts',(-732.471721076948,8.94254068148205,2919.58346170521));
#3069=CARTESIAN_POINT('Ctrl Pts',(-734.631154700013,12.9825568342308,2919.58346170521));
#3070=CARTESIAN_POINT('Ctrl Pts',(-737.537263463713,16.5236606085417,2919.58346170521));
#3071=CARTESIAN_POINT('Ctrl Pts',(-741.078367238023,19.4297693722421,2919.58346170521));
#3072=CARTESIAN_POINT('Ctrl Pts',(-745.118383390773,21.5892029953074,2919.58346170521));
#3073=CARTESIAN_POINT('Ctrl Pts',(-749.502056366876,22.9189756546276,2919.58346170521));
#3074=CARTESIAN_POINT('Ctrl Pts',(-754.060924072255,23.3679849326501,2919.58346170521));
#3075=CARTESIAN_POINT('Ctrl Pts',(-758.619791777633,22.9189756546278,2919.58346170521));
#3076=CARTESIAN_POINT('Ctrl Pts',(-763.003464753737,21.5892029953077,2919.58346170521));
#3077=CARTESIAN_POINT('Ctrl Pts',(-767.043480906485,19.4297693722426,2919.58346170521));
#3078=CARTESIAN_POINT('Ctrl Pts',(-770.584584680797,16.5236606085423,2919.58346170521));
#3079=CARTESIAN_POINT('Ctrl Pts',(-773.490693444497,12.9825568342314,2919.58346170521));
#3080=CARTESIAN_POINT('Ctrl Pts',(-775.650127067562,8.9425406814828,2919.58346170521));
#3081=CARTESIAN_POINT('Ctrl Pts',(-776.979899726882,4.55886770537938,2919.58346170521));
#3082=CARTESIAN_POINT('Ctrl Pts',(-777.428909004905,7.06254410688375E-13,
2919.58346170521));
#3083=CARTESIAN_POINT('Ctrl Pts',(-776.979899726883,-4.55886770537798,2919.58346170521));
#3084=CARTESIAN_POINT('Ctrl Pts',(-775.650127067562,-8.94254068148145,2919.58346170521));
#3085=CARTESIAN_POINT('Ctrl Pts',(-773.490693444497,-12.9825568342302,2919.58346170521));
#3086=CARTESIAN_POINT('Ctrl Pts',(-770.584584680797,-16.5236606085412,2919.58346170521));
#3087=CARTESIAN_POINT('Ctrl Pts',(-767.043480906486,-19.4297693722415,2919.58346170521));
#3088=CARTESIAN_POINT('Ctrl Pts',(-763.003464753738,-21.5892029953068,2919.58346170521));
#3089=CARTESIAN_POINT('Ctrl Pts',(-758.619791777634,-22.918975654627,2919.58346170521));
#3090=CARTESIAN_POINT('Ctrl Pts',(-754.060924072255,-23.3679849326495,2919.58346170521));
#3091=CARTESIAN_POINT('Ctrl Pts',(-749.502056366877,-22.9189756546272,2919.58346170521));
#3092=CARTESIAN_POINT('Ctrl Pts',(-745.118383390773,-21.5892029953071,2919.58346170521));
#3093=CARTESIAN_POINT('Ctrl Pts',(-741.078367238025,-19.429769372242,2919.58346170521));
#3094=CARTESIAN_POINT('Ctrl Pts',(-737.537263463713,-16.5236606085417,2919.58346170521));
#3095=CARTESIAN_POINT('Ctrl Pts',(-734.631154700014,-12.9825568342308,2919.58346170521));
#3096=CARTESIAN_POINT('Ctrl Pts',(-732.471721076947,-8.9425406814822,2919.58346170521));
#3097=CARTESIAN_POINT('Ctrl Pts',(-731.141948417628,-4.55886770537879,2919.58346170521));
#3098=CARTESIAN_POINT('Ctrl Pts',(-730.842608898946,-1.51962256845964,2919.58346170521));
#3099=CARTESIAN_POINT('Ctrl Pts',(-730.842608898946,-3.23352455922077E-14,
2919.58346170521));
#3100=CARTESIAN_POINT('Ctrl Pts',(-731.400248890638,-9.74220704108575E-14,
2923.09997153565));
#3101=CARTESIAN_POINT('Ctrl Pts',(-731.400248890638,1.48312541911312,2923.09997153565));
#3102=CARTESIAN_POINT('Ctrl Pts',(-731.692399098404,4.44937625733956,2923.09997153565));
#3103=CARTESIAN_POINT('Ctrl Pts',(-732.990234280385,8.72776548034863,2923.09997153565));
#3104=CARTESIAN_POINT('Ctrl Pts',(-735.097804254489,12.6707515705352,2923.09997153565));
#3105=CARTESIAN_POINT('Ctrl Pts',(-737.934116288549,16.1268077837054,2923.09997153565));
#3106=CARTESIAN_POINT('Ctrl Pts',(-741.390172501719,18.9631198177659,2923.09997153565));
#3107=CARTESIAN_POINT('Ctrl Pts',(-745.333158591905,21.0706897918697,2923.09997153565));
#3108=CARTESIAN_POINT('Ctrl Pts',(-749.611547814915,22.368524973851,2923.09997153565));
#3109=CARTESIAN_POINT('Ctrl Pts',(-754.060924072255,22.8067502855005,2923.09997153565));
#3110=CARTESIAN_POINT('Ctrl Pts',(-758.510300329594,22.3685249738511,2923.09997153565));
#3111=CARTESIAN_POINT('Ctrl Pts',(-762.788689552603,21.07068979187,2923.09997153565));
#3112=CARTESIAN_POINT('Ctrl Pts',(-766.73167564279,18.9631198177663,2923.09997153565));
#3113=CARTESIAN_POINT('Ctrl Pts',(-770.18773185596,16.126807783706,2923.09997153565));
#3114=CARTESIAN_POINT('Ctrl Pts',(-773.024043890021,12.6707515705359,2923.09997153565));
#3115=CARTESIAN_POINT('Ctrl Pts',(-775.131613864124,8.72776548034938,2923.09997153565));
#3116=CARTESIAN_POINT('Ctrl Pts',(-776.429449046105,4.44937625734036,2923.09997153565));
#3117=CARTESIAN_POINT('Ctrl Pts',(-776.867674357755,7.10415841998074E-13,
2923.09997153565));
#3118=CARTESIAN_POINT('Ctrl Pts',(-776.429449046106,-4.44937625733896,2923.09997153565));
#3119=CARTESIAN_POINT('Ctrl Pts',(-775.131613864125,-8.72776548034802,2923.09997153565));
#3120=CARTESIAN_POINT('Ctrl Pts',(-773.024043890021,-12.6707515705346,2923.09997153565));
#3121=CARTESIAN_POINT('Ctrl Pts',(-770.18773185596,-16.1268077837048,2923.09997153565));
#3122=CARTESIAN_POINT('Ctrl Pts',(-766.731675642791,-18.9631198177653,2923.09997153565));
#3123=CARTESIAN_POINT('Ctrl Pts',(-762.788689552604,-21.0706897918691,2923.09997153565));
#3124=CARTESIAN_POINT('Ctrl Pts',(-758.510300329595,-22.3685249738504,2923.09997153565));
#3125=CARTESIAN_POINT('Ctrl Pts',(-754.060924072255,-22.8067502854999,2923.09997153565));
#3126=CARTESIAN_POINT('Ctrl Pts',(-749.611547814916,-22.3685249738505,2923.09997153565));
#3127=CARTESIAN_POINT('Ctrl Pts',(-745.333158591906,-21.0706897918694,2923.09997153565));
#3128=CARTESIAN_POINT('Ctrl Pts',(-741.39017250172,-18.9631198177657,2923.09997153565));
#3129=CARTESIAN_POINT('Ctrl Pts',(-737.93411628855,-16.1268077837054,2923.09997153565));
#3130=CARTESIAN_POINT('Ctrl Pts',(-735.09780425449,-12.6707515705353,2923.09997153565));
#3131=CARTESIAN_POINT('Ctrl Pts',(-732.990234280385,-8.72776548034878,2923.09997153565));
#3132=CARTESIAN_POINT('Ctrl Pts',(-731.692399098404,-4.44937625733976,2923.09997153565));
#3133=CARTESIAN_POINT('Ctrl Pts',(-731.400248890638,-1.4831254191133,2923.09997153565));
#3134=CARTESIAN_POINT('Ctrl Pts',(-731.400248890638,-3.05311331771918E-14,
2923.09997153565));
#3135=CARTESIAN_POINT('Ctrl Pts',(-732.01161298687,-9.54791801177635E-14,
2926.91306952391));
#3136=CARTESIAN_POINT('Ctrl Pts',(-732.01161298687,1.44311206451588,2926.91306952391));
#3137=CARTESIAN_POINT('Ctrl Pts',(-732.295881251741,4.32933619354782,2926.91306952391));
#3138=CARTESIAN_POINT('Ctrl Pts',(-733.558702038665,8.49229842509741,2926.91306952391));
#3139=CARTESIAN_POINT('Ctrl Pts',(-735.609411720561,12.3289063907063,2926.91306952391));
#3140=CARTESIAN_POINT('Ctrl Pts',(-738.369202674404,15.6917213978508,2926.91306952391));
#3141=CARTESIAN_POINT('Ctrl Pts',(-741.732017681548,18.4515123516946,2926.91306952391));
#3142=CARTESIAN_POINT('Ctrl Pts',(-745.568625647157,20.5022220335902,2926.91306952391));
#3143=CARTESIAN_POINT('Ctrl Pts',(-749.731587878707,21.7650428205134,2926.91306952391));
#3144=CARTESIAN_POINT('Ctrl Pts',(-754.060924072254,22.191445217821,2926.91306952391));
#3145=CARTESIAN_POINT('Ctrl Pts',(-758.390260265802,21.7650428205136,2926.91306952391));
#3146=CARTESIAN_POINT('Ctrl Pts',(-762.553222497352,20.5022220335905,2926.91306952391));
#3147=CARTESIAN_POINT('Ctrl Pts',(-766.389830462961,18.4515123516951,2926.91306952391));
#3148=CARTESIAN_POINT('Ctrl Pts',(-769.752645470106,15.6917213978514,2926.91306952391));
#3149=CARTESIAN_POINT('Ctrl Pts',(-772.512436423949,12.328906390707,2926.91306952391));
#3150=CARTESIAN_POINT('Ctrl Pts',(-774.563146105845,8.49229842509816,2926.91306952391));
#3151=CARTESIAN_POINT('Ctrl Pts',(-775.825966892768,4.32933619354862,2926.91306952391));
#3152=CARTESIAN_POINT('Ctrl Pts',(-776.252369290076,7.13110010643696E-13,
2926.91306952391));
#3153=CARTESIAN_POINT('Ctrl Pts',(-775.825966892769,-4.3293361935472,2926.91306952391));
#3154=CARTESIAN_POINT('Ctrl Pts',(-774.563146105845,-8.4922984250968,2926.91306952391));
#3155=CARTESIAN_POINT('Ctrl Pts',(-772.51243642395,-12.3289063907057,2926.91306952391));
#3156=CARTESIAN_POINT('Ctrl Pts',(-769.752645470106,-15.6917213978502,2926.91306952391));
#3157=CARTESIAN_POINT('Ctrl Pts',(-766.389830462961,-18.451512351694,2926.91306952391));
#3158=CARTESIAN_POINT('Ctrl Pts',(-762.553222497353,-20.5022220335896,2926.91306952391));
#3159=CARTESIAN_POINT('Ctrl Pts',(-758.390260265803,-21.7650428205128,2926.91306952391));
#3160=CARTESIAN_POINT('Ctrl Pts',(-754.060924072256,-22.1914452178204,2926.91306952391));
#3161=CARTESIAN_POINT('Ctrl Pts',(-749.731587878707,-21.765042820513,2926.91306952391));
#3162=CARTESIAN_POINT('Ctrl Pts',(-745.568625647158,-20.5022220335899,2926.91306952391));
#3163=CARTESIAN_POINT('Ctrl Pts',(-741.732017681549,-18.4515123516945,2926.91306952391));
#3164=CARTESIAN_POINT('Ctrl Pts',(-738.369202674405,-15.6917213978508,2926.91306952391));
#3165=CARTESIAN_POINT('Ctrl Pts',(-735.60941172056,-12.3289063907064,2926.91306952391));
#3166=CARTESIAN_POINT('Ctrl Pts',(-733.558702038665,-8.49229842509755,2926.91306952391));
#3167=CARTESIAN_POINT('Ctrl Pts',(-732.295881251742,-4.32933619354802,2926.91306952391));
#3168=CARTESIAN_POINT('Ctrl Pts',(-732.01161298687,-1.44311206451605,2926.91306952391));
#3169=CARTESIAN_POINT('Ctrl Pts',(-732.01161298687,-3.03923552991137E-14,
2926.91306952391));
#3170=CARTESIAN_POINT('Ctrl Pts',(-732.692488647608,-9.3119956190435E-14,
2931.12579822257));
#3171=CARTESIAN_POINT('Ctrl Pts',(-732.692488647608,1.39854922640083,2931.12579822257));
#3172=CARTESIAN_POINT('Ctrl Pts',(-732.967978799553,4.19564767920267,2931.12579822257));
#3173=CARTESIAN_POINT('Ctrl Pts',(-734.19180408524,8.23005897104003,2931.12579822257));
#3174=CARTESIAN_POINT('Ctrl Pts',(-736.179188509296,11.9481937120906,2931.12579822257));
#3175=CARTESIAN_POINT('Ctrl Pts',(-738.853758002845,15.2071660694097,2931.12579822257));
#3176=CARTESIAN_POINT('Ctrl Pts',(-742.112730360164,17.8817355629584,2931.12579822257));
#3177=CARTESIAN_POINT('Ctrl Pts',(-745.830865101215,19.8691199870155,2931.12579822257));
#3178=CARTESIAN_POINT('Ctrl Pts',(-749.865276393052,21.0929452727025,2931.12579822257));
#3179=CARTESIAN_POINT('Ctrl Pts',(-754.060924072255,21.5061805006194,2931.12579822257));
#3180=CARTESIAN_POINT('Ctrl Pts',(-758.256571751458,21.0929452727026,2931.12579822257));
#3181=CARTESIAN_POINT('Ctrl Pts',(-762.290983043295,19.8691199870158,2931.12579822257));
#3182=CARTESIAN_POINT('Ctrl Pts',(-766.009117784345,17.8817355629589,2931.12579822257));
#3183=CARTESIAN_POINT('Ctrl Pts',(-769.268090141664,15.2071660694103,2931.12579822257));
#3184=CARTESIAN_POINT('Ctrl Pts',(-771.942659635214,11.9481937120912,2931.12579822257));
#3185=CARTESIAN_POINT('Ctrl Pts',(-773.93004405927,8.23005897104079,2931.12579822257));
#3186=CARTESIAN_POINT('Ctrl Pts',(-775.153869344957,4.19564767920347,2931.12579822257));
#3187=CARTESIAN_POINT('Ctrl Pts',(-775.567104572875,7.19646656122899E-13,
2931.12579822257));
#3188=CARTESIAN_POINT('Ctrl Pts',(-775.153869344957,-4.19564767920205,2931.12579822257));
#3189=CARTESIAN_POINT('Ctrl Pts',(-773.930044059271,-8.23005897103941,2931.12579822257));
#3190=CARTESIAN_POINT('Ctrl Pts',(-771.942659635213,-11.9481937120899,2931.12579822257));
#3191=CARTESIAN_POINT('Ctrl Pts',(-769.268090141665,-15.2071660694091,2931.12579822257));
#3192=CARTESIAN_POINT('Ctrl Pts',(-766.009117784346,-17.8817355629578,2931.12579822257));
#3193=CARTESIAN_POINT('Ctrl Pts',(-762.290983043295,-19.8691199870149,2931.12579822257));
#3194=CARTESIAN_POINT('Ctrl Pts',(-758.256571751459,-21.0929452727018,2931.12579822257));
#3195=CARTESIAN_POINT('Ctrl Pts',(-754.060924072255,-21.5061805006188,2931.12579822257));
#3196=CARTESIAN_POINT('Ctrl Pts',(-749.865276393053,-21.092945272702,2931.12579822257));
#3197=CARTESIAN_POINT('Ctrl Pts',(-745.830865101216,-19.8691199870152,2931.12579822257));
#3198=CARTESIAN_POINT('Ctrl Pts',(-742.112730360165,-17.8817355629583,2931.12579822257));
#3199=CARTESIAN_POINT('Ctrl Pts',(-738.853758002846,-15.2071660694097,2931.12579822257));
#3200=CARTESIAN_POINT('Ctrl Pts',(-736.179188509298,-11.9481937120906,2931.12579822257));
#3201=CARTESIAN_POINT('Ctrl Pts',(-734.191804085239,-8.23005897104017,2931.12579822257));
#3202=CARTESIAN_POINT('Ctrl Pts',(-732.967978799553,-4.19564767920286,2931.12579822257));
#3203=CARTESIAN_POINT('Ctrl Pts',(-732.692488647608,-1.39854922640099,2931.12579822257));
#3204=CARTESIAN_POINT('Ctrl Pts',(-732.692488647608,-3.01147995429574E-14,
2931.12579822257));
#3205=CARTESIAN_POINT('Ctrl Pts',(-733.312200974732,-9.0205620750794E-14,
2934.93134915778));
#3206=CARTESIAN_POINT('Ctrl Pts',(-733.312200974732,1.35798948590199,2934.93134915778));
#3207=CARTESIAN_POINT('Ctrl Pts',(-733.579701555153,4.07396845770615,2934.93134915778));
#3208=CARTESIAN_POINT('Ctrl Pts',(-734.768034321116,7.99137659229059,2934.93134915778));
#3209=CARTESIAN_POINT('Ctrl Pts',(-736.697782020637,11.601680606049,2934.93134915778));
#3210=CARTESIAN_POINT('Ctrl Pts',(-739.29478553184,14.7661385404143,2934.93134915778));
#3211=CARTESIAN_POINT('Ctrl Pts',(-742.459243466205,17.3631420516174,2934.93134915778));
#3212=CARTESIAN_POINT('Ctrl Pts',(-746.069547479963,19.2928897511391,2934.93134915778));
#3213=CARTESIAN_POINT('Ctrl Pts',(-749.986955614548,20.4812225171018,2934.93134915778));
#3214=CARTESIAN_POINT('Ctrl Pts',(-754.060924072254,20.8824733877342,2934.93134915778));
#3215=CARTESIAN_POINT('Ctrl Pts',(-758.134892529961,20.481222517102,2934.93134915778));
#3216=CARTESIAN_POINT('Ctrl Pts',(-762.052300664545,19.2928897511395,2934.93134915778));
#3217=CARTESIAN_POINT('Ctrl Pts',(-765.662604678303,17.3631420516179,2934.93134915778));
#3218=CARTESIAN_POINT('Ctrl Pts',(-768.827062612669,14.7661385404149,2934.93134915778));
#3219=CARTESIAN_POINT('Ctrl Pts',(-771.424066123872,11.6016806060496,2934.93134915778));
#3220=CARTESIAN_POINT('Ctrl Pts',(-773.353813823393,7.99137659229135,2934.93134915778));
#3221=CARTESIAN_POINT('Ctrl Pts',(-774.542146589356,4.07396845770695,2934.93134915778));
#3222=CARTESIAN_POINT('Ctrl Pts',(-774.943397459988,7.22747894189469E-13,
2934.93134915778));
#3223=CARTESIAN_POINT('Ctrl Pts',(-774.542146589357,-4.07396845770552,2934.93134915778));
#3224=CARTESIAN_POINT('Ctrl Pts',(-773.353813823393,-7.99137659228997,2934.93134915778));
#3225=CARTESIAN_POINT('Ctrl Pts',(-771.424066123872,-11.6016806060483,2934.93134915778));
#3226=CARTESIAN_POINT('Ctrl Pts',(-768.827062612669,-14.7661385404137,2934.93134915778));
#3227=CARTESIAN_POINT('Ctrl Pts',(-765.662604678304,-17.3631420516168,2934.93134915778));
#3228=CARTESIAN_POINT('Ctrl Pts',(-762.052300664546,-19.2928897511385,2934.93134915778));
#3229=CARTESIAN_POINT('Ctrl Pts',(-758.134892529961,-20.4812225171012,2934.93134915778));
#3230=CARTESIAN_POINT('Ctrl Pts',(-754.060924072255,-20.8824733877336,2934.93134915778));
#3231=CARTESIAN_POINT('Ctrl Pts',(-749.986955614549,-20.4812225171014,2934.93134915778));
#3232=CARTESIAN_POINT('Ctrl Pts',(-746.069547479964,-19.2928897511388,2934.93134915778));
#3233=CARTESIAN_POINT('Ctrl Pts',(-742.459243466206,-17.3631420516172,2934.93134915778));
#3234=CARTESIAN_POINT('Ctrl Pts',(-739.294785531841,-14.7661385404142,2934.93134915778));
#3235=CARTESIAN_POINT('Ctrl Pts',(-736.697782020637,-11.601680606049,2934.93134915778));
#3236=CARTESIAN_POINT('Ctrl Pts',(-734.768034321116,-7.99137659229072,2934.93134915778));
#3237=CARTESIAN_POINT('Ctrl Pts',(-733.579701555154,-4.07396845770634,2934.93134915778));
#3238=CARTESIAN_POINT('Ctrl Pts',(-733.312200974732,-1.35798948590215,2934.93134915778));
#3239=CARTESIAN_POINT('Ctrl Pts',(-733.312200974732,-2.88657986402541E-14,
2934.93134915778));
#3240=CARTESIAN_POINT('Ctrl Pts',(-733.805002827034,-8.72912853111529E-14,
2937.92641574807));
#3241=CARTESIAN_POINT('Ctrl Pts',(-733.805002827034,1.32573594765222,2937.92641574807));
#3242=CARTESIAN_POINT('Ctrl Pts',(-734.066150014965,3.97720784295683,2937.92641574807));
#3243=CARTESIAN_POINT('Ctrl Pts',(-735.226258750684,7.80157381895279,2937.92641574807));
#3244=CARTESIAN_POINT('Ctrl Pts',(-737.110173112109,11.3261296882594,2937.92641574807));
#3245=CARTESIAN_POINT('Ctrl Pts',(-739.645495326842,14.4154287454129,2937.92641574807));
#3246=CARTESIAN_POINT('Ctrl Pts',(-742.734794383995,16.9507509601458,2937.92641574807));
#3247=CARTESIAN_POINT('Ctrl Pts',(-746.259350253301,18.834665321571,2937.92641574807));
#3248=CARTESIAN_POINT('Ctrl Pts',(-750.083716229297,19.9947740572902,2937.92641574807));
#3249=CARTESIAN_POINT('Ctrl Pts',(-754.060924072255,20.3864948391862,2937.92641574807));
#3250=CARTESIAN_POINT('Ctrl Pts',(-758.038131915211,19.9947740572904,2937.92641574807));
#3251=CARTESIAN_POINT('Ctrl Pts',(-761.862497891207,18.8346653215713,2937.92641574807));
#3252=CARTESIAN_POINT('Ctrl Pts',(-765.387053760514,16.9507509601463,2937.92641574807));
#3253=CARTESIAN_POINT('Ctrl Pts',(-768.476352817668,14.4154287454135,2937.92641574807));
#3254=CARTESIAN_POINT('Ctrl Pts',(-771.011675032401,11.3261296882601,2937.92641574807));
#3255=CARTESIAN_POINT('Ctrl Pts',(-772.895589393826,7.80157381895355,2937.92641574807));
#3256=CARTESIAN_POINT('Ctrl Pts',(-774.055698129544,3.97720784295764,2937.92641574807));
#3257=CARTESIAN_POINT('Ctrl Pts',(-774.447418911441,7.26328601859487E-13,
2937.92641574807));
#3258=CARTESIAN_POINT('Ctrl Pts',(-774.055698129545,-3.9772078429562,2937.92641574807));
#3259=CARTESIAN_POINT('Ctrl Pts',(-772.895589393826,-7.80157381895217,2937.92641574807));
#3260=CARTESIAN_POINT('Ctrl Pts',(-771.011675032401,-11.3261296882588,2937.92641574807));
#3261=CARTESIAN_POINT('Ctrl Pts',(-768.476352817668,-14.4154287454123,2937.92641574807));
#3262=CARTESIAN_POINT('Ctrl Pts',(-765.387053760515,-16.9507509601452,2937.92641574807));
#3263=CARTESIAN_POINT('Ctrl Pts',(-761.862497891208,-18.8346653215704,2937.92641574807));
#3264=CARTESIAN_POINT('Ctrl Pts',(-758.038131915213,-19.9947740572896,2937.92641574807));
#3265=CARTESIAN_POINT('Ctrl Pts',(-754.060924072255,-20.3864948391856,2937.92641574807));
#3266=CARTESIAN_POINT('Ctrl Pts',(-750.083716229298,-19.9947740572897,2937.92641574807));
#3267=CARTESIAN_POINT('Ctrl Pts',(-746.259350253303,-18.8346653215707,2937.92641574807));
#3268=CARTESIAN_POINT('Ctrl Pts',(-742.734794383995,-16.9507509601457,2937.92641574807));
#3269=CARTESIAN_POINT('Ctrl Pts',(-739.645495326842,-14.4154287454129,2937.92641574807));
#3270=CARTESIAN_POINT('Ctrl Pts',(-737.11017311211,-11.3261296882595,2937.92641574807));
#3271=CARTESIAN_POINT('Ctrl Pts',(-735.226258750684,-7.80157381895292,2937.92641574807));
#3272=CARTESIAN_POINT('Ctrl Pts',(-734.066150014965,-3.97720784295701,2937.92641574807));
#3273=CARTESIAN_POINT('Ctrl Pts',(-733.805002827034,-1.32573594765238,2937.92641574807));
#3274=CARTESIAN_POINT('Ctrl Pts',(-733.805002827034,-2.74780198594726E-14,
2937.92641574807));
#3275=CARTESIAN_POINT('Ctrl Pts',(-734.218851285215,-8.61810622865278E-14,
2940.41171817497));
#3276=CARTESIAN_POINT('Ctrl Pts',(-734.218851285214,1.29864985409729,2940.41171817497));
#3277=CARTESIAN_POINT('Ctrl Pts',(-734.474662978413,3.89594956229204,2940.41171817497));
#3278=CARTESIAN_POINT('Ctrl Pts',(-735.611069547947,7.64217996777899,2940.41171817497));
#3279=CARTESIAN_POINT('Ctrl Pts',(-737.456493680052,11.0947256828881,2940.41171817497));
#3280=CARTESIAN_POINT('Ctrl Pts',(-739.940016760257,14.1209073119977,2940.41171817497));
#3281=CARTESIAN_POINT('Ctrl Pts',(-742.966198389367,16.6044303922033,2940.41171817497));
#3282=CARTESIAN_POINT('Ctrl Pts',(-746.418744104476,18.4498545243083,2940.41171817497));
#3283=CARTESIAN_POINT('Ctrl Pts',(-750.164974509962,19.5862610938418,2940.41171817497));
#3284=CARTESIAN_POINT('Ctrl Pts',(-754.060924072255,19.9699786336408,2940.41171817497));
#3285=CARTESIAN_POINT('Ctrl Pts',(-757.956873634547,19.586261093842,2940.41171817497));
#3286=CARTESIAN_POINT('Ctrl Pts',(-761.703104040034,18.4498545243086,2940.41171817497));
#3287=CARTESIAN_POINT('Ctrl Pts',(-765.155649755143,16.6044303922037,2940.41171817497));
#3288=CARTESIAN_POINT('Ctrl Pts',(-768.181831384252,14.1209073119983,2940.41171817497));
#3289=CARTESIAN_POINT('Ctrl Pts',(-770.665354464458,11.0947256828888,2940.41171817497));
#3290=CARTESIAN_POINT('Ctrl Pts',(-772.510778596563,7.64217996777975,2940.41171817497));
#3291=CARTESIAN_POINT('Ctrl Pts',(-773.647185166096,3.89594956229284,2940.41171817497));
#3292=CARTESIAN_POINT('Ctrl Pts',(-774.030902705895,7.29900858683889E-13,
2940.41171817497));
#3293=CARTESIAN_POINT('Ctrl Pts',(-773.647185166097,-3.8959495622914,2940.41171817497));
#3294=CARTESIAN_POINT('Ctrl Pts',(-772.510778596563,-7.64217996777835,2940.41171817497));
#3295=CARTESIAN_POINT('Ctrl Pts',(-770.665354464458,-11.0947256828875,2940.41171817497));
#3296=CARTESIAN_POINT('Ctrl Pts',(-768.181831384253,-14.120907311997,2940.41171817497));
#3297=CARTESIAN_POINT('Ctrl Pts',(-765.155649755144,-16.6044303922026,2940.41171817497));
#3298=CARTESIAN_POINT('Ctrl Pts',(-761.703104040034,-18.4498545243077,2940.41171817497));
#3299=CARTESIAN_POINT('Ctrl Pts',(-757.956873634548,-19.5862610938412,2940.41171817497));
#3300=CARTESIAN_POINT('Ctrl Pts',(-754.060924072255,-19.9699786336402,2940.41171817497));
#3301=CARTESIAN_POINT('Ctrl Pts',(-750.164974509963,-19.5862610938414,2940.41171817497));
#3302=CARTESIAN_POINT('Ctrl Pts',(-746.418744104476,-18.449854524308,2940.41171817497));
#3303=CARTESIAN_POINT('Ctrl Pts',(-742.966198389367,-16.6044303922031,2940.41171817497));
#3304=CARTESIAN_POINT('Ctrl Pts',(-739.940016760258,-14.1209073119976,2940.41171817497));
#3305=CARTESIAN_POINT('Ctrl Pts',(-737.456493680052,-11.0947256828881,2940.41171817497));
#3306=CARTESIAN_POINT('Ctrl Pts',(-735.611069547946,-7.64217996777911,2940.41171817497));
#3307=CARTESIAN_POINT('Ctrl Pts',(-734.474662978414,-3.89594956229222,2940.41171817497));
#3308=CARTESIAN_POINT('Ctrl Pts',(-734.218851285215,-1.29864985409744,2940.41171817497));
#3309=CARTESIAN_POINT('Ctrl Pts',(-734.218851285214,-2.76167977375508E-14,
2940.41171817497));
#3310=CARTESIAN_POINT('Ctrl Pts',(-734.612161172007,-8.36830604811212E-14,
2942.75151884927));
#3311=CARTESIAN_POINT('Ctrl Pts',(-734.612161172007,1.27290799574505,2942.75151884927));
#3312=CARTESIAN_POINT('Ctrl Pts',(-734.862902161698,3.81872398723533,2942.75151884927));
#3313=CARTESIAN_POINT('Ctrl Pts',(-735.976782861882,7.49069655320639,2942.75151884927));
#3314=CARTESIAN_POINT('Ctrl Pts',(-737.785626967078,10.8748058514688,2942.75151884927));
#3315=CARTESIAN_POINT('Ctrl Pts',(-740.219921612734,13.8410024595206,2942.75151884927));
#3316=CARTESIAN_POINT('Ctrl Pts',(-743.186118220785,16.2752971051766,2942.75151884927));
#3317=CARTESIAN_POINT('Ctrl Pts',(-746.570227519048,18.0841412103726,2942.75151884927));
#3318=CARTESIAN_POINT('Ctrl Pts',(-750.242200085019,19.1980219105571,2942.75151884927));
#3319=CARTESIAN_POINT('Ctrl Pts',(-754.060924072254,19.5741333950937,2942.75151884927));
#3320=CARTESIAN_POINT('Ctrl Pts',(-757.87964805949,19.1980219105573,2942.75151884927));
#3321=CARTESIAN_POINT('Ctrl Pts',(-761.551620625461,18.0841412103729,2942.75151884927));
#3322=CARTESIAN_POINT('Ctrl Pts',(-764.935729923723,16.2752971051771,2942.75151884927));
#3323=CARTESIAN_POINT('Ctrl Pts',(-767.901926531775,13.8410024595212,2942.75151884927));
#3324=CARTESIAN_POINT('Ctrl Pts',(-770.336221177431,10.8748058514694,2942.75151884927));
#3325=CARTESIAN_POINT('Ctrl Pts',(-772.145065282627,7.49069655320715,2942.75151884927));
#3326=CARTESIAN_POINT('Ctrl Pts',(-773.258945982811,3.81872398723614,2942.75151884927));
#3327=CARTESIAN_POINT('Ctrl Pts',(-773.635057467348,7.31474866669027E-13,
2942.75151884927));
#3328=CARTESIAN_POINT('Ctrl Pts',(-773.258945982812,-3.81872398723469,2942.75151884927));
#3329=CARTESIAN_POINT('Ctrl Pts',(-772.145065282627,-7.49069655320574,2942.75151884927));
#3330=CARTESIAN_POINT('Ctrl Pts',(-770.336221177432,-10.8748058514681,2942.75151884927));
#3331=CARTESIAN_POINT('Ctrl Pts',(-767.901926531776,-13.8410024595199,2942.75151884927));
#3332=CARTESIAN_POINT('Ctrl Pts',(-764.935729923724,-16.275297105176,2942.75151884927));
#3333=CARTESIAN_POINT('Ctrl Pts',(-761.551620625462,-18.0841412103719,2942.75151884927));
#3334=CARTESIAN_POINT('Ctrl Pts',(-757.879648059491,-19.1980219105565,2942.75151884927));
#3335=CARTESIAN_POINT('Ctrl Pts',(-754.060924072255,-19.574133395093,2942.75151884927));
#3336=CARTESIAN_POINT('Ctrl Pts',(-750.24220008502,-19.1980219105566,2942.75151884927));
#3337=CARTESIAN_POINT('Ctrl Pts',(-746.570227519049,-18.0841412103722,2942.75151884927));
#3338=CARTESIAN_POINT('Ctrl Pts',(-743.186118220786,-16.2752971051765,2942.75151884927));
#3339=CARTESIAN_POINT('Ctrl Pts',(-740.219921612734,-13.8410024595205,2942.75151884927));
#3340=CARTESIAN_POINT('Ctrl Pts',(-737.785626967079,-10.8748058514688,2942.75151884927));
#3341=CARTESIAN_POINT('Ctrl Pts',(-735.976782861882,-7.4906965532065,2942.75151884927));
#3342=CARTESIAN_POINT('Ctrl Pts',(-734.862902161699,-3.8187239872355,2942.75151884927));
#3343=CARTESIAN_POINT('Ctrl Pts',(-734.612161172007,-1.2729079957452,2942.75151884927));
#3344=CARTESIAN_POINT('Ctrl Pts',(-734.612161172007,-2.62290189567693E-14,
2942.75151884927));
#3345=CARTESIAN_POINT('Ctrl Pts',(-735.045013961826,-8.3474893664004E-14,
2945.30621518246));
#3346=CARTESIAN_POINT('Ctrl Pts',(-735.045013961826,1.24457808191113,2945.30621518246));
#3347=CARTESIAN_POINT('Ctrl Pts',(-735.290174445575,3.73373424573355,2945.30621518246));
#3348=CARTESIAN_POINT('Ctrl Pts',(-736.379264552596,7.32398317830597,2945.30621518246));
#3349=CARTESIAN_POINT('Ctrl Pts',(-738.147850918968,10.6327755446732,2945.30621518246));
#3350=CARTESIAN_POINT('Ctrl Pts',(-740.527967762466,13.5329563097878,2945.30621518246));
#3351=CARTESIAN_POINT('Ctrl Pts',(-743.428148527581,15.9130731532867,2945.30621518246));
#3352=CARTESIAN_POINT('Ctrl Pts',(-746.736940893949,17.681659519659,2945.30621518246));
#3353=CARTESIAN_POINT('Ctrl Pts',(-750.327189826521,18.7707496266797,2945.30621518246));
#3354=CARTESIAN_POINT('Ctrl Pts',(-754.060924072255,19.1384903523048,2945.30621518246));
#3355=CARTESIAN_POINT('Ctrl Pts',(-757.794658317988,18.7707496266798,2945.30621518246));
#3356=CARTESIAN_POINT('Ctrl Pts',(-761.38490725056,17.6816595196593,2945.30621518246));
#3357=CARTESIAN_POINT('Ctrl Pts',(-764.693699616928,15.9130731532871,2945.30621518246));
#3358=CARTESIAN_POINT('Ctrl Pts',(-767.593880382042,13.5329563097884,2945.30621518246));
#3359=CARTESIAN_POINT('Ctrl Pts',(-769.973997225541,10.6327755446738,2945.30621518246));
#3360=CARTESIAN_POINT('Ctrl Pts',(-771.742583591913,7.32398317830672,2945.30621518246));
#3361=CARTESIAN_POINT('Ctrl Pts',(-772.831673698934,3.73373424573436,2945.30621518246));
#3362=CARTESIAN_POINT('Ctrl Pts',(-773.199414424559,7.35668860252314E-13,
2945.30621518246));
#3363=CARTESIAN_POINT('Ctrl Pts',(-772.831673698934,-3.73373424573291,2945.30621518246));
#3364=CARTESIAN_POINT('Ctrl Pts',(-771.742583591914,-7.32398317830532,2945.30621518246));
#3365=CARTESIAN_POINT('Ctrl Pts',(-769.973997225541,-10.6327755446725,2945.30621518246));
#3366=CARTESIAN_POINT('Ctrl Pts',(-767.593880382043,-13.5329563097872,2945.30621518246));
#3367=CARTESIAN_POINT('Ctrl Pts',(-764.693699616929,-15.913073153286,2945.30621518246));
#3368=CARTESIAN_POINT('Ctrl Pts',(-761.384907250561,-17.6816595196583,2945.30621518246));
#3369=CARTESIAN_POINT('Ctrl Pts',(-757.794658317989,-18.770749626679,2945.30621518246));
#3370=CARTESIAN_POINT('Ctrl Pts',(-754.060924072255,-19.1384903523041,2945.30621518246));
#3371=CARTESIAN_POINT('Ctrl Pts',(-750.327189826522,-18.7707496266792,2945.30621518246));
#3372=CARTESIAN_POINT('Ctrl Pts',(-746.736940893949,-17.6816595196586,2945.30621518246));
#3373=CARTESIAN_POINT('Ctrl Pts',(-743.428148527582,-15.9130731532865,2945.30621518246));
#3374=CARTESIAN_POINT('Ctrl Pts',(-740.527967762468,-13.5329563097878,2945.30621518246));
#3375=CARTESIAN_POINT('Ctrl Pts',(-738.147850918968,-10.6327755446732,2945.30621518246));
#3376=CARTESIAN_POINT('Ctrl Pts',(-736.379264552597,-7.32398317830608,2945.30621518246));
#3377=CARTESIAN_POINT('Ctrl Pts',(-735.290174445576,-3.73373424573373,2945.30621518246));
#3378=CARTESIAN_POINT('Ctrl Pts',(-735.045013961826,-1.24457808191128,2945.30621518246));
#3379=CARTESIAN_POINT('Ctrl Pts',(-735.045013961826,-2.74086309204336E-14,
2945.30621518246));
#3380=CARTESIAN_POINT('Ctrl Pts',(-735.559376324461,-8.13238365537927E-14,
2948.31387854609));
#3381=CARTESIAN_POINT('Ctrl Pts',(-735.559376324461,1.21091342326588,2948.31387854609));
#3382=CARTESIAN_POINT('Ctrl Pts',(-735.797905449264,3.63274026979781,2948.31387854609));
#3383=CARTESIAN_POINT('Ctrl Pts',(-736.857536700131,7.1258763682916,2948.31387854609));
#3384=CARTESIAN_POINT('Ctrl Pts',(-738.578284479939,10.3451690341895,2948.31387854609));
#3385=CARTESIAN_POINT('Ctrl Pts',(-740.894021416513,13.1669026557411,2948.31387854609));
#3386=CARTESIAN_POINT('Ctrl Pts',(-743.715755038065,15.4826395923166,2948.31387854609));
#3387=CARTESIAN_POINT('Ctrl Pts',(-746.935047703962,17.2033873721238,2948.31387854609));
#3388=CARTESIAN_POINT('Ctrl Pts',(-750.428183802456,18.2630186229911,2948.31387854609));
#3389=CARTESIAN_POINT('Ctrl Pts',(-754.060924072254,18.6208123101956,2948.31387854609));
#3390=CARTESIAN_POINT('Ctrl Pts',(-757.693664342052,18.2630186229912,2948.31387854609));
#3391=CARTESIAN_POINT('Ctrl Pts',(-761.186800440546,17.2033873721241,2948.31387854609));
#3392=CARTESIAN_POINT('Ctrl Pts',(-764.406093106444,15.4826395923171,2948.31387854609));
#3393=CARTESIAN_POINT('Ctrl Pts',(-767.227826727995,13.1669026557417,2948.31387854609));
#3394=CARTESIAN_POINT('Ctrl Pts',(-769.543563664572,10.3451690341902,2948.31387854609));
#3395=CARTESIAN_POINT('Ctrl Pts',(-771.264311444378,7.12587636829236,2948.31387854609));
#3396=CARTESIAN_POINT('Ctrl Pts',(-772.323942695246,3.63274026979862,2948.31387854609));
#3397=CARTESIAN_POINT('Ctrl Pts',(-772.68173638245,7.37167915991583E-13,
2948.31387854609));
#3398=CARTESIAN_POINT('Ctrl Pts',(-772.323942695246,-3.63274026979716,2948.31387854609));
#3399=CARTESIAN_POINT('Ctrl Pts',(-771.264311444378,-7.12587636829095,2948.31387854609));
#3400=CARTESIAN_POINT('Ctrl Pts',(-769.543563664572,-10.3451690341888,2948.31387854609));
#3401=CARTESIAN_POINT('Ctrl Pts',(-767.227826727996,-13.1669026557404,2948.31387854609));
#3402=CARTESIAN_POINT('Ctrl Pts',(-764.406093106445,-15.482639592316,2948.31387854609));
#3403=CARTESIAN_POINT('Ctrl Pts',(-761.186800440547,-17.2033873721232,2948.31387854609));
#3404=CARTESIAN_POINT('Ctrl Pts',(-757.693664342053,-18.2630186229904,2948.31387854609));
#3405=CARTESIAN_POINT('Ctrl Pts',(-754.060924072255,-18.620812310195,2948.31387854609));
#3406=CARTESIAN_POINT('Ctrl Pts',(-750.428183802457,-18.2630186229906,2948.31387854609));
#3407=CARTESIAN_POINT('Ctrl Pts',(-746.935047703964,-17.2033873721235,2948.31387854609));
#3408=CARTESIAN_POINT('Ctrl Pts',(-743.715755038066,-15.4826395923165,2948.31387854609));
#3409=CARTESIAN_POINT('Ctrl Pts',(-740.894021416514,-13.166902655741,2948.31387854609));
#3410=CARTESIAN_POINT('Ctrl Pts',(-738.578284479939,-10.3451690341895,2948.31387854609));
#3411=CARTESIAN_POINT('Ctrl Pts',(-736.85753670013,-7.12587636829171,2948.31387854609));
#3412=CARTESIAN_POINT('Ctrl Pts',(-735.797905449264,-3.63274026979798,2948.31387854609));
#3413=CARTESIAN_POINT('Ctrl Pts',(-735.559376324461,-1.21091342326603,2948.31387854609));
#3414=CARTESIAN_POINT('Ctrl Pts',(-735.559376324461,-2.65759636519647E-14,
2948.31387854609));
#3415=CARTESIAN_POINT('Ctrl Pts',(-736.195050789707,-7.65359997600967E-14,
2951.98603500353));
#3416=CARTESIAN_POINT('Ctrl Pts',(-736.195050789707,1.16930897193635,2951.98603500353));
#3417=CARTESIAN_POINT('Ctrl Pts',(-736.425384552916,3.50792691580921,2951.98603500353));
#3418=CARTESIAN_POINT('Ctrl Pts',(-737.448609091331,6.88104616751205,2951.98603500353));
#3419=CARTESIAN_POINT('Ctrl Pts',(-739.110235578171,9.98973067393255,2951.98603500353));
#3420=CARTESIAN_POINT('Ctrl Pts',(-741.346408639395,12.7145154328593,2951.98603500353));
#3421=CARTESIAN_POINT('Ctrl Pts',(-744.071193398322,14.9506884940838,2951.98603500353));
#3422=CARTESIAN_POINT('Ctrl Pts',(-747.179877904743,16.6123149809233,2951.98603500353));
#3423=CARTESIAN_POINT('Ctrl Pts',(-750.552997156445,17.6355395193395,2951.98603500353));
#3424=CARTESIAN_POINT('Ctrl Pts',(-754.060924072255,17.981040164152,2951.98603500353));
#3425=CARTESIAN_POINT('Ctrl Pts',(-757.568850988064,17.6355395193396,2951.98603500353));
#3426=CARTESIAN_POINT('Ctrl Pts',(-760.941970239767,16.6123149809236,2951.98603500353));
#3427=CARTESIAN_POINT('Ctrl Pts',(-764.050654746187,14.9506884940842,2951.98603500353));
#3428=CARTESIAN_POINT('Ctrl Pts',(-766.775439505114,12.7145154328599,2951.98603500353));
#3429=CARTESIAN_POINT('Ctrl Pts',(-769.011612566338,9.98973067393324,2951.98603500353));
#3430=CARTESIAN_POINT('Ctrl Pts',(-770.673239053178,6.8810461675128,2951.98603500353));
#3431=CARTESIAN_POINT('Ctrl Pts',(-771.696463591593,3.50792691581002,2951.98603500353));
#3432=CARTESIAN_POINT('Ctrl Pts',(-772.041964236407,7.41969943005337E-13,
2951.98603500353));
#3433=CARTESIAN_POINT('Ctrl Pts',(-771.696463591594,-3.50792691580855,2951.98603500353));
#3434=CARTESIAN_POINT('Ctrl Pts',(-770.673239053179,-6.88104616751138,2951.98603500353));
#3435=CARTESIAN_POINT('Ctrl Pts',(-769.011612566338,-9.98973067393189,2951.98603500353));
#3436=CARTESIAN_POINT('Ctrl Pts',(-766.775439505115,-12.7145154328587,2951.98603500353));
#3437=CARTESIAN_POINT('Ctrl Pts',(-764.050654746188,-14.9506884940831,2951.98603500353));
#3438=CARTESIAN_POINT('Ctrl Pts',(-760.941970239767,-16.6123149809226,2951.98603500353));
#3439=CARTESIAN_POINT('Ctrl Pts',(-757.568850988065,-17.6355395193388,2951.98603500353));
#3440=CARTESIAN_POINT('Ctrl Pts',(-754.060924072255,-17.9810401641513,2951.98603500353));
#3441=CARTESIAN_POINT('Ctrl Pts',(-750.552997156446,-17.635539519339,2951.98603500353));
#3442=CARTESIAN_POINT('Ctrl Pts',(-747.179877904743,-16.6123149809229,2951.98603500353));
#3443=CARTESIAN_POINT('Ctrl Pts',(-744.071193398323,-14.9506884940836,2951.98603500353));
#3444=CARTESIAN_POINT('Ctrl Pts',(-741.346408639396,-12.7145154328593,2951.98603500353));
#3445=CARTESIAN_POINT('Ctrl Pts',(-739.110235578172,-9.98973067393258,2951.98603500353));
#3446=CARTESIAN_POINT('Ctrl Pts',(-737.448609091332,-6.88104616751215,2951.98603500353));
#3447=CARTESIAN_POINT('Ctrl Pts',(-736.425384552916,-3.50792691580937,2951.98603500353));
#3448=CARTESIAN_POINT('Ctrl Pts',(-736.195050789707,-1.16930897193649,2951.98603500353));
#3449=CARTESIAN_POINT('Ctrl Pts',(-736.195050789707,-2.37310171513627E-14,
2951.98603500353));
#3450=CARTESIAN_POINT('Ctrl Pts',(-737.157861845457,-7.38290369671482E-14,
2957.46657940235));
#3451=CARTESIAN_POINT('Ctrl Pts',(-737.157861845456,1.10629365844104,2957.46657940235));
#3452=CARTESIAN_POINT('Ctrl Pts',(-737.375782675346,3.31888097532328,2957.46657940235));
#3453=CARTESIAN_POINT('Ctrl Pts',(-738.343864546929,6.51021921601486,2957.46657940235));
#3454=CARTESIAN_POINT('Ctrl Pts',(-739.915944201842,9.45137338320802,2957.46657940235));
#3455=CARTESIAN_POINT('Ctrl Pts',(-742.031607500579,12.0293165716757,2957.46657940235));
#3456=CARTESIAN_POINT('Ctrl Pts',(-744.609550689046,14.1449798704125,2957.46657940235));
#3457=CARTESIAN_POINT('Ctrl Pts',(-747.550704856239,15.7170595253253,2957.46657940235));
#3458=CARTESIAN_POINT('Ctrl Pts',(-750.742043096931,16.6851413969084,2957.46657940235));
#3459=CARTESIAN_POINT('Ctrl Pts',(-754.060924072254,17.0120226417436,2957.46657940235));
#3460=CARTESIAN_POINT('Ctrl Pts',(-757.379805047578,16.6851413969086,2957.46657940235));
#3461=CARTESIAN_POINT('Ctrl Pts',(-760.57114328827,15.7170595253256,2957.46657940235));
#3462=CARTESIAN_POINT('Ctrl Pts',(-763.512297455462,14.1449798704129,2957.46657940235));
#3463=CARTESIAN_POINT('Ctrl Pts',(-766.090240643931,12.0293165716763,2957.46657940235));
#3464=CARTESIAN_POINT('Ctrl Pts',(-768.205903942667,9.4513733832087,2957.46657940235));
#3465=CARTESIAN_POINT('Ctrl Pts',(-769.77798359758,6.51021921601562,2957.46657940235));
#3466=CARTESIAN_POINT('Ctrl Pts',(-770.746065469163,3.31888097532409,2957.46657940235));
#3467=CARTESIAN_POINT('Ctrl Pts',(-771.072946713998,7.4721684587738E-13,
2957.46657940235));
#3468=CARTESIAN_POINT('Ctrl Pts',(-770.746065469163,-3.31888097532261,2957.46657940235));
#3469=CARTESIAN_POINT('Ctrl Pts',(-769.77798359758,-6.5102192160142,2957.46657940235));
#3470=CARTESIAN_POINT('Ctrl Pts',(-768.205903942668,-9.45137338320734,2957.46657940235));
#3471=CARTESIAN_POINT('Ctrl Pts',(-766.090240643931,-12.0293165716751,2957.46657940234));
#3472=CARTESIAN_POINT('Ctrl Pts',(-763.512297455463,-14.1449798704118,2957.46657940235));
#3473=CARTESIAN_POINT('Ctrl Pts',(-760.57114328827,-15.7170595253246,2957.46657940235));
#3474=CARTESIAN_POINT('Ctrl Pts',(-757.379805047579,-16.6851413969078,2957.46657940235));
#3475=CARTESIAN_POINT('Ctrl Pts',(-754.060924072255,-17.0120226417429,2957.46657940235));
#3476=CARTESIAN_POINT('Ctrl Pts',(-750.742043096932,-16.685141396908,2957.46657940235));
#3477=CARTESIAN_POINT('Ctrl Pts',(-747.55070485624,-15.7170595253249,2957.46657940235));
#3478=CARTESIAN_POINT('Ctrl Pts',(-744.609550689047,-14.1449798704123,2957.46657940235));
#3479=CARTESIAN_POINT('Ctrl Pts',(-742.031607500579,-12.0293165716756,2957.46657940235));
#3480=CARTESIAN_POINT('Ctrl Pts',(-739.915944201843,-9.45137338320803,2957.46657940235));
#3481=CARTESIAN_POINT('Ctrl Pts',(-738.343864546928,-6.51021921601496,2957.46657940235));
#3482=CARTESIAN_POINT('Ctrl Pts',(-737.375782675347,-3.31888097532343,2957.46657940235));
#3483=CARTESIAN_POINT('Ctrl Pts',(-737.157861845457,-1.10629365844117,2957.46657940235));
#3484=CARTESIAN_POINT('Ctrl Pts',(-737.157861845457,-2.38698357561293E-14,
2957.46657940235));
#3485=CARTESIAN_POINT('Ctrl Pts',(-737.899704694189,-7.07744279434173E-14,
2961.57765773223));
#3486=CARTESIAN_POINT('Ctrl Pts',(-737.899704694189,1.05774056030412,2961.57765773223));
#3487=CARTESIAN_POINT('Ctrl Pts',(-738.108061398532,3.1732216809125,2961.57765773223));
#3488=CARTESIAN_POINT('Ctrl Pts',(-739.033656021132,6.22449823219086,2961.57765773223));
#3489=CARTESIAN_POINT('Ctrl Pts',(-740.536740127547,9.03657080714495,2961.57765773223));
#3490=CARTESIAN_POINT('Ctrl Pts',(-742.559551038506,11.5013730337478,2961.57765773223));
#3491=CARTESIAN_POINT('Ctrl Pts',(-745.024353265109,13.524183944708,2961.57765773223));
#3492=CARTESIAN_POINT('Ctrl Pts',(-747.836425840063,15.0272680511228,2961.57765773223));
#3493=CARTESIAN_POINT('Ctrl Pts',(-750.887702391341,15.952862673722,2961.57765773223));
#3494=CARTESIAN_POINT('Ctrl Pts',(-754.060924072254,16.2653977302386,2961.57765773223));
#3495=CARTESIAN_POINT('Ctrl Pts',(-757.234145753167,15.9528626737221,2961.57765773223));
#3496=CARTESIAN_POINT('Ctrl Pts',(-760.285422304445,15.0272680511231,2961.57765773223));
#3497=CARTESIAN_POINT('Ctrl Pts',(-763.0974948794,13.5241839447084,2961.57765773223));
#3498=CARTESIAN_POINT('Ctrl Pts',(-765.562297106002,11.5013730337484,2961.57765773223));
#3499=CARTESIAN_POINT('Ctrl Pts',(-767.585108016963,9.03657080714563,2961.57765773223));
#3500=CARTESIAN_POINT('Ctrl Pts',(-769.088192123377,6.22449823219162,2961.57765773223));
#3501=CARTESIAN_POINT('Ctrl Pts',(-770.013786745977,3.17322168091332,2961.57765773223));
#3502=CARTESIAN_POINT('Ctrl Pts',(-770.326321802493,7.52120347535542E-13,
2961.57765773223));
#3503=CARTESIAN_POINT('Ctrl Pts',(-770.013786745976,-3.17322168091183,2961.57765773223));
#3504=CARTESIAN_POINT('Ctrl Pts',(-769.088192123378,-6.22449823219018,2961.57765773223));
#3505=CARTESIAN_POINT('Ctrl Pts',(-767.585108016962,-9.03657080714427,2961.57765773223));
#3506=CARTESIAN_POINT('Ctrl Pts',(-765.562297106003,-11.5013730337471,2961.57765773223));
#3507=CARTESIAN_POINT('Ctrl Pts',(-763.097494879401,-13.5241839447073,2961.57765773223));
#3508=CARTESIAN_POINT('Ctrl Pts',(-760.285422304445,-15.0272680511221,2961.57765773223));
#3509=CARTESIAN_POINT('Ctrl Pts',(-757.234145753168,-15.9528626737213,2961.57765773223));
#3510=CARTESIAN_POINT('Ctrl Pts',(-754.060924072255,-16.2653977302379,2961.57765773223));
#3511=CARTESIAN_POINT('Ctrl Pts',(-750.887702391342,-15.9528626737214,2961.57765773223));
#3512=CARTESIAN_POINT('Ctrl Pts',(-747.836425840063,-15.0272680511224,2961.57765773223));
#3513=CARTESIAN_POINT('Ctrl Pts',(-745.02435326511,-13.5241839447078,2961.57765773223));
#3514=CARTESIAN_POINT('Ctrl Pts',(-742.559551038507,-11.5013730337477,2961.57765773223));
#3515=CARTESIAN_POINT('Ctrl Pts',(-740.536740127547,-9.03657080714496,2961.57765773223));
#3516=CARTESIAN_POINT('Ctrl Pts',(-739.033656021133,-6.22449823219094,2961.57765773223));
#3517=CARTESIAN_POINT('Ctrl Pts',(-738.108061398533,-3.17322168091265,2961.57765773223));
#3518=CARTESIAN_POINT('Ctrl Pts',(-737.899704694189,-1.05774056030425,2961.57765773223));
#3519=CARTESIAN_POINT('Ctrl Pts',(-737.899704694189,-2.29670621642723E-14,
2961.57765773223));
#3520=CARTESIAN_POINT('Ctrl Pts',(-738.398981289692,-6.78574637982721E-14,
2964.25146449758));
#3521=CARTESIAN_POINT('Ctrl Pts',(-738.398981289692,1.02506325461822,2964.25146449758));
#3522=CARTESIAN_POINT('Ctrl Pts',(-738.600901126646,3.07518976385481,2964.25146449757));
#3523=CARTESIAN_POINT('Ctrl Pts',(-739.497900893796,6.03220170967106,2964.25146449758));
#3524=CARTESIAN_POINT('Ctrl Pts',(-740.954549474658,8.75739952668236,2964.25146449758));
#3525=CARTESIAN_POINT('Ctrl Pts',(-742.914868681165,11.1460553910895,2964.25146449757));
#3526=CARTESIAN_POINT('Ctrl Pts',(-745.303524545572,13.106374597597,2964.25146449758));
#3527=CARTESIAN_POINT('Ctrl Pts',(-748.028722362583,14.5630231784584,2964.25146449757));
#3528=CARTESIAN_POINT('Ctrl Pts',(-750.9857343084,15.4600229456091,2964.25146449758));
#3529=CARTESIAN_POINT('Ctrl Pts',(-754.060924072254,15.7629027010408,2964.25146449758));
#3530=CARTESIAN_POINT('Ctrl Pts',(-757.13611383611,15.4600229456092,2964.25146449758));
#3531=CARTESIAN_POINT('Ctrl Pts',(-760.093125781925,14.5630231784587,2964.25146449758));
#3532=CARTESIAN_POINT('Ctrl Pts',(-762.818323598937,13.1063745975974,2964.25146449757));
#3533=CARTESIAN_POINT('Ctrl Pts',(-765.206979463344,11.1460553910901,2964.25146449758));
#3534=CARTESIAN_POINT('Ctrl Pts',(-767.167298669852,8.75739952668305,2964.25146449758));
#3535=CARTESIAN_POINT('Ctrl Pts',(-768.623947250713,6.03220170967183,2964.25146449758));
#3536=CARTESIAN_POINT('Ctrl Pts',(-769.520947017863,3.07518976385563,2964.25146449758));
#3537=CARTESIAN_POINT('Ctrl Pts',(-769.823826773296,7.54478002334981E-13,
2964.25146449758));
#3538=CARTESIAN_POINT('Ctrl Pts',(-769.520947017863,-3.07518976385413,2964.25146449758));
#3539=CARTESIAN_POINT('Ctrl Pts',(-768.623947250714,-6.03220170967038,2964.25146449758));
#3540=CARTESIAN_POINT('Ctrl Pts',(-767.167298669852,-8.75739952668167,2964.25146449758));
#3541=CARTESIAN_POINT('Ctrl Pts',(-765.206979463345,-11.1460553910889,2964.25146449757));
#3542=CARTESIAN_POINT('Ctrl Pts',(-762.818323598938,-13.1063745975963,2964.25146449758));
#3543=CARTESIAN_POINT('Ctrl Pts',(-760.093125781926,-14.5630231784577,2964.25146449758));
#3544=CARTESIAN_POINT('Ctrl Pts',(-757.136113836111,-15.4600229456084,2964.25146449758));
#3545=CARTESIAN_POINT('Ctrl Pts',(-754.060924072255,-15.7629027010401,2964.25146449757));
#3546=CARTESIAN_POINT('Ctrl Pts',(-750.985734308401,-15.4600229456085,2964.25146449758));
#3547=CARTESIAN_POINT('Ctrl Pts',(-748.028722362583,-14.563023178458,2964.25146449758));
#3548=CARTESIAN_POINT('Ctrl Pts',(-745.303524545573,-13.1063745975967,2964.25146449757));
#3549=CARTESIAN_POINT('Ctrl Pts',(-742.914868681165,-11.1460553910894,2964.25146449758));
#3550=CARTESIAN_POINT('Ctrl Pts',(-740.954549474658,-8.75739952668236,2964.25146449758));
#3551=CARTESIAN_POINT('Ctrl Pts',(-739.497900893796,-6.03220170967114,2964.25146449758));
#3552=CARTESIAN_POINT('Ctrl Pts',(-738.600901126647,-3.07518976385495,2964.25146449758));
#3553=CARTESIAN_POINT('Ctrl Pts',(-738.398981289692,-1.02506325461835,2964.25146449758));
#3554=CARTESIAN_POINT('Ctrl Pts',(-738.398981289692,-2.1647123604232E-14,
2964.25146449758));
#3555=CARTESIAN_POINT('',(-738.398139271575,0.,2964.2469550986));
#3556=CARTESIAN_POINT('Ctrl Pts',(-667.060924072256,-3.73034936274053E-13,
2157.39592686241));
#3557=CARTESIAN_POINT('Ctrl Pts',(-667.077350147404,-3.73034936274053E-13,
2159.75473887771));
#3558=CARTESIAN_POINT('Ctrl Pts',(-667.122588516787,-3.70814490224802E-13,
2163.71632366146));
#3559=CARTESIAN_POINT('Ctrl Pts',(-667.207385978017,-3.73034936274053E-13,
2169.45753578718));
#3560=CARTESIAN_POINT('Ctrl Pts',(-667.293574478054,-3.73034936274053E-13,
2174.57721071634));
#3561=CARTESIAN_POINT('Ctrl Pts',(-667.405318003865,-3.71369601737115E-13,
2180.45298634442));
#3562=CARTESIAN_POINT('Ctrl Pts',(-667.530878390439,-3.86357612569554E-13,
2186.32821470411));
#3563=CARTESIAN_POINT('Ctrl Pts',(-667.660984273366,-3.74145159298678E-13,
2191.83998063339));
#3564=CARTESIAN_POINT('Ctrl Pts',(-667.788322449359,-3.7247982476174E-13,
2196.83458854055));
#3565=CARTESIAN_POINT('Ctrl Pts',(-667.926820673496,-3.84692278032617E-13,
2201.94844335969));
#3566=CARTESIAN_POINT('Ctrl Pts',(-668.089413063288,-3.69149155687865E-13,
2207.61290509798));
#3567=CARTESIAN_POINT('Ctrl Pts',(-668.289027331711,-3.65818486613989E-13,
2214.14764233852));
#3568=CARTESIAN_POINT('Ctrl Pts',(-668.516128715608,-3.69704267200177E-13,
2221.12066677062));
#3569=CARTESIAN_POINT('Ctrl Pts',(-668.793206911366,-3.64708263589364E-13,
2229.14325538979));
#3570=CARTESIAN_POINT('Ctrl Pts',(-669.14477133939,-3.64708263589364E-13,
2238.74393252747));
#3571=CARTESIAN_POINT('Ctrl Pts',(-669.61412025576,-3.66928709638614E-13,
2250.75281658194));
#3572=CARTESIAN_POINT('Ctrl Pts',(-670.184152703565,-3.64153152077051E-13,
2264.35925984473));
#3573=CARTESIAN_POINT('Ctrl Pts',(-670.828684185077,-3.61377594515488E-13,
2278.76705538599));
#3574=CARTESIAN_POINT('Ctrl Pts',(-671.511632169348,-3.62487817540114E-13,
2293.17465731316));
#3575=CARTESIAN_POINT('Ctrl Pts',(-672.310875480442,-3.39728245535298E-13,
2309.18327936069));
#3576=CARTESIAN_POINT('Ctrl Pts',(-673.323880812078,-3.43058914609173E-13,
2328.39350255243));
#3577=CARTESIAN_POINT('Ctrl Pts',(-674.672110522523,-3.51385587293862E-13,
2352.4061184629));
#3578=CARTESIAN_POINT('Ctrl Pts',(-676.307386116794,-3.28626015289046E-13,
2379.62082561558));
#3579=CARTESIAN_POINT('Ctrl Pts',(-678.156322158069,-3.43614026121486E-13,
2408.43589095537));
#3580=CARTESIAN_POINT('Ctrl Pts',(-680.118092219309,-3.2085445411667E-13,
2437.25149802058));
#3581=CARTESIAN_POINT('Ctrl Pts',(-682.189445893011,-3.15303338993544E-13,
2466.06658706229));
#3582=CARTESIAN_POINT('Ctrl Pts',(-684.610383564173,-3.09474668114262E-13,
2498.08383431135));
#3583=CARTESIAN_POINT('Ctrl Pts',(-687.680943309596,-2.99760216648792E-13,
2536.50398888403));
#3584=CARTESIAN_POINT('Ctrl Pts',(-691.78475830447,-2.71727085277007E-13,
2584.52974729442));
#3585=CARTESIAN_POINT('Ctrl Pts',(-696.515119014891,-2.42861286636753E-13,
2635.75662828666));
#3586=CARTESIAN_POINT('Ctrl Pts',(-701.299673471849,-2.27595720048157E-13,
2683.78219364596));
#3587=CARTESIAN_POINT('Ctrl Pts',(-705.204587628941,-2.11775041947249E-13,
2720.60177929094));
#3588=CARTESIAN_POINT('Ctrl Pts',(-708.228325401175,-1.98452365651747E-13,
2747.81600554443));
#3589=CARTESIAN_POINT('Ctrl Pts',(-710.434383771305,-1.8846035843012E-13,
2767.02630326038));
#3590=CARTESIAN_POINT('Ctrl Pts',(-712.322026097676,-1.81521464526213E-13,
2783.0347918157));
#3591=CARTESIAN_POINT('Ctrl Pts',(-714.060845022996,-1.72362124573056E-13,
2797.44253125797));
#3592=CARTESIAN_POINT('Ctrl Pts',(-715.841683454202,-1.64868119156836E-13,
2811.84954862744));
#3593=CARTESIAN_POINT('Ctrl Pts',(-717.667575958747,-1.57929225252929E-13,
2826.25970291967));
#3594=CARTESIAN_POINT('Ctrl Pts',(-719.431984380088,-1.49741330446318E-13,
2839.83044248887));
#3595=CARTESIAN_POINT('Ctrl Pts',(-720.950180316384,-1.4432899320127E-13,
2851.23835890515));
#3596=CARTESIAN_POINT('Ctrl Pts',(-722.139185516842,-1.38500322321988E-13,
2860.01597349068));
#3597=CARTESIAN_POINT('Ctrl Pts',(-723.203677933044,-1.34059430223488E-13,
2867.75263203497));
#3598=CARTESIAN_POINT('Ctrl Pts',(-724.313220671843,-1.29618538124987E-13,
2875.68603406953));
#3599=CARTESIAN_POINT('Ctrl Pts',(-725.456187477993,-1.24761312392252E-13,
2883.71214086718));
#3600=CARTESIAN_POINT('Ctrl Pts',(-726.571715981981,-1.18238752122579E-13,
2891.40484399634));
#3601=CARTESIAN_POINT('Ctrl Pts',(-727.615670992702,-1.15046860926782E-13,
2898.48099864308));
#3602=CARTESIAN_POINT('Ctrl Pts',(-728.603585794193,-1.09495745803656E-13,
2905.06704494009));
#3603=CARTESIAN_POINT('Ctrl Pts',(-729.493480795174,-1.07552855510562E-13,
2910.90505016723));
#3604=CARTESIAN_POINT('Ctrl Pts',(-730.251374383382,-1.04360964314765E-13,
2915.8053804388));
#3605=CARTESIAN_POINT('Ctrl Pts',(-730.842608898946,-1.00891517362811E-13,
2919.58346170521));
#3606=CARTESIAN_POINT('Ctrl Pts',(-731.400248890638,-9.74220704108575E-14,
2923.09997153565));
#3607=CARTESIAN_POINT('Ctrl Pts',(-732.01161298687,-9.54791801177635E-14,
2926.91306952391));
#3608=CARTESIAN_POINT('Ctrl Pts',(-732.692488647608,-9.3119956190435E-14,
2931.12579822257));
#3609=CARTESIAN_POINT('Ctrl Pts',(-733.312200974732,-9.0205620750794E-14,
2934.93134915778));
#3610=CARTESIAN_POINT('Ctrl Pts',(-733.805002827034,-8.72912853111529E-14,
2937.92641574807));
#3611=CARTESIAN_POINT('Ctrl Pts',(-734.218851285215,-8.61810622865278E-14,
2940.41171817497));
#3612=CARTESIAN_POINT('Ctrl Pts',(-734.612161172007,-8.36830604811212E-14,
2942.75151884927));
#3613=CARTESIAN_POINT('Ctrl Pts',(-735.045013961826,-8.3474893664004E-14,
2945.30621518246));
#3614=CARTESIAN_POINT('Ctrl Pts',(-735.559376324461,-8.13238365537927E-14,
2948.31387854609));
#3615=CARTESIAN_POINT('Ctrl Pts',(-736.195050789707,-7.65359997600967E-14,
2951.98603500353));
#3616=CARTESIAN_POINT('Ctrl Pts',(-737.157579375351,-7.38298311375729E-14,
2957.46497151683));
#3617=CARTESIAN_POINT('Ctrl Pts',(-737.899148540836,-7.0776717819855E-14,
2961.5745756754));
#3618=CARTESIAN_POINT('Ctrl Pts',(-738.398139271573,-6.78623823802128E-14,
2964.2469550986));
#3619=CARTESIAN_POINT('Origin',(-754.060924072255,0.,2964.2469550986));
#3620=CARTESIAN_POINT('Origin',(-754.060924072255,0.,2965.21298883206));
#3621=CARTESIAN_POINT('',(-738.762434757767,0.,2966.17902256553));
#3622=CARTESIAN_POINT('',(-738.58028701467,-1.89583126213337E-15,2965.21298883206));
#3623=CARTESIAN_POINT('Origin',(-754.060924072255,0.,2966.17902256553));
#3624=CARTESIAN_POINT('Origin',(-754.060924072255,0.,2967.12214211798));
#3625=CARTESIAN_POINT('',(-739.104246322135,0.,2968.06526167044));
#3626=CARTESIAN_POINT('',(-738.933340539943,-1.85259467516802E-15,2967.12214211798));
#3627=CARTESIAN_POINT('Origin',(-754.060924072255,0.,2968.06526167044));
#3628=CARTESIAN_POINT('Ctrl Pts',(-739.104246322134,-6.34214902817121E-14,
2968.06526167043));
#3629=CARTESIAN_POINT('Ctrl Pts',(-739.104246322134,1.95756108093778,2968.06526167043));
#3630=CARTESIAN_POINT('Ctrl Pts',(-739.883012539933,5.8726832428135,2968.06526167043));
#3631=CARTESIAN_POINT('Ctrl Pts',(-743.20962037434,10.8513036979149,2968.06526167043));
#3632=CARTESIAN_POINT('Ctrl Pts',(-748.188240829441,14.1779115323217,2968.06526167044));
#3633=CARTESIAN_POINT('Ctrl Pts',(-754.060924072255,15.3460608590206,2968.06526167043));
#3634=CARTESIAN_POINT('Ctrl Pts',(-759.933607315068,14.1779115323218,2968.06526167044));
#3635=CARTESIAN_POINT('Ctrl Pts',(-764.91222777017,10.851303697915,2968.06526167043));
#3636=CARTESIAN_POINT('Ctrl Pts',(-768.238835604577,5.87268324281368,2968.06526167043));
#3637=CARTESIAN_POINT('Ctrl Pts',(-769.406984931276,1.23293579789299E-13,
2968.06526167044));
#3638=CARTESIAN_POINT('Ctrl Pts',(-768.238835604577,-5.87268324281344,2968.06526167044));
#3639=CARTESIAN_POINT('Ctrl Pts',(-764.91222777017,-10.8513036979148,2968.06526167043));
#3640=CARTESIAN_POINT('Ctrl Pts',(-759.933607315069,-14.1779115323216,2968.06526167044));
#3641=CARTESIAN_POINT('Ctrl Pts',(-754.060924072255,-15.3460608590206,2968.06526167044));
#3642=CARTESIAN_POINT('Ctrl Pts',(-748.188240829442,-14.1779115323217,2968.06526167044));
#3643=CARTESIAN_POINT('Ctrl Pts',(-743.20962037434,-10.851303697915,2968.06526167044));
#3644=CARTESIAN_POINT('Ctrl Pts',(-739.883012539933,-5.87268324281359,2968.06526167044));
#3645=CARTESIAN_POINT('Ctrl Pts',(-739.104246322134,-1.9575610809379,2968.06526167043));
#3646=CARTESIAN_POINT('Ctrl Pts',(-739.104246322134,-1.90125692967058E-14,
2968.06526167043));
#3647=CARTESIAN_POINT('Ctrl Pts',(-739.618615843712,-6.21699045337826E-14,
2970.87230706486));
#3648=CARTESIAN_POINT('Ctrl Pts',(-739.618615843712,1.89023932850774,2970.87230706486));
#3649=CARTESIAN_POINT('Ctrl Pts',(-740.370599803208,5.67071798552336,2970.87230706487));
#3650=CARTESIAN_POINT('Ctrl Pts',(-743.582803509313,10.4781205629374,2970.87230706487));
#3651=CARTESIAN_POINT('Ctrl Pts',(-748.390206086728,13.6903242690436,2970.87230706487));
#3652=CARTESIAN_POINT('Ctrl Pts',(-754.060924072251,14.8183002082866,2970.87230706487));
#3653=CARTESIAN_POINT('Ctrl Pts',(-759.731642057774,13.6903242690437,2970.87230706487));
#3654=CARTESIAN_POINT('Ctrl Pts',(-764.539044635189,10.4781205629375,2970.87230706487));
#3655=CARTESIAN_POINT('Ctrl Pts',(-767.751248341294,5.67071798552352,2970.87230706487));
#3656=CARTESIAN_POINT('Ctrl Pts',(-768.879224280538,9.47989284045734E-14,
2970.87230706487));
#3657=CARTESIAN_POINT('Ctrl Pts',(-767.751248341295,-5.67071798552333,2970.87230706487));
#3658=CARTESIAN_POINT('Ctrl Pts',(-764.539044635189,-10.4781205629373,2970.87230706487));
#3659=CARTESIAN_POINT('Ctrl Pts',(-759.731642057775,-13.6903242690436,2970.87230706487));
#3660=CARTESIAN_POINT('Ctrl Pts',(-754.060924072251,-14.8183002082865,2970.87230706487));
#3661=CARTESIAN_POINT('Ctrl Pts',(-748.390206086729,-13.6903242690437,2970.87230706487));
#3662=CARTESIAN_POINT('Ctrl Pts',(-743.582803509313,-10.4781205629375,2970.87230706487));
#3663=CARTESIAN_POINT('Ctrl Pts',(-740.370599803208,-5.67071798552345,2970.87230706487));
#3664=CARTESIAN_POINT('Ctrl Pts',(-739.618615843712,-1.89023932850785,2970.87230706486));
#3665=CARTESIAN_POINT('Ctrl Pts',(-739.618615843712,-1.92906994629123E-14,
2970.87230706486));
#3666=CARTESIAN_POINT('Ctrl Pts',(-740.139444457333,-5.88280255482348E-14,
2973.60666007374));
#3667=CARTESIAN_POINT('Ctrl Pts',(-740.139444457333,1.82207219668391,2973.60666007374));
#3668=CARTESIAN_POINT('Ctrl Pts',(-740.864309845691,5.46621659005188,2973.60666007374));
#3669=CARTESIAN_POINT('Ctrl Pts',(-743.960672816618,10.1002512556452,2973.60666007374));
#3670=CARTESIAN_POINT('Ctrl Pts',(-748.59470748221,13.1966142265722,2973.60666007374));
#3671=CARTESIAN_POINT('Ctrl Pts',(-754.060924072263,14.2839123091093,2973.60666007374));
#3672=CARTESIAN_POINT('Ctrl Pts',(-759.527140662314,13.1966142265722,2973.60666007374));
#3673=CARTESIAN_POINT('Ctrl Pts',(-764.161175327908,10.1002512556453,2973.60666007374));
#3674=CARTESIAN_POINT('Ctrl Pts',(-767.257538298836,5.46621659005199,2973.60666007374));
#3675=CARTESIAN_POINT('Ctrl Pts',(-768.344836381372,6.90199462461846E-14,
2973.60666007374));
#3676=CARTESIAN_POINT('Ctrl Pts',(-767.257538298836,-5.46621659005187,2973.60666007374));
#3677=CARTESIAN_POINT('Ctrl Pts',(-764.161175327908,-10.1002512556452,2973.60666007374));
#3678=CARTESIAN_POINT('Ctrl Pts',(-759.527140662315,-13.1966142265722,2973.60666007374));
#3679=CARTESIAN_POINT('Ctrl Pts',(-754.060924072263,-14.2839123091093,2973.60666007374));
#3680=CARTESIAN_POINT('Ctrl Pts',(-748.59470748221,-13.1966142265722,2973.60666007374));
#3681=CARTESIAN_POINT('Ctrl Pts',(-743.960672816618,-10.1002512556453,2973.60666007374));
#3682=CARTESIAN_POINT('Ctrl Pts',(-740.864309845691,-5.46621659005196,2973.60666007374));
#3683=CARTESIAN_POINT('Ctrl Pts',(-740.139444457333,-1.82207219668402,2973.60666007374));
#3684=CARTESIAN_POINT('Ctrl Pts',(-740.139444457333,-1.76178892740083E-14,
2973.60666007374));
#3685=CARTESIAN_POINT('Ctrl Pts',(-740.666427193209,-5.60490375979887E-14,
2976.27821078568));
#3686=CARTESIAN_POINT('Ctrl Pts',(-740.666427193209,1.75309960054012,2976.27821078568));
#3687=CARTESIAN_POINT('Ctrl Pts',(-741.3638535768,5.25929880162049,2976.27821078568));
#3688=CARTESIAN_POINT('Ctrl Pts',(-744.343007035889,9.71791703635667,2976.27821078568));
#3689=CARTESIAN_POINT('Ctrl Pts',(-748.801625270625,12.6970704954449,2976.27821078568));
#3690=CARTESIAN_POINT('Ctrl Pts',(-754.060924072245,13.7432100708322,2976.27821078568));
#3691=CARTESIAN_POINT('Ctrl Pts',(-759.320222873866,12.6970704954449,2976.27821078568));
#3692=CARTESIAN_POINT('Ctrl Pts',(-763.778841108602,9.71791703635675,2976.27821078568));
#3693=CARTESIAN_POINT('Ctrl Pts',(-766.75799456769,5.25929880162058,2976.27821078568));
#3694=CARTESIAN_POINT('Ctrl Pts',(-767.804134143077,4.08012139721417E-14,
2976.27821078568));
#3695=CARTESIAN_POINT('Ctrl Pts',(-766.75799456769,-5.25929880162051,2976.27821078568));
#3696=CARTESIAN_POINT('Ctrl Pts',(-763.778841108602,-9.7179170363567,2976.27821078568));
#3697=CARTESIAN_POINT('Ctrl Pts',(-759.320222873866,-12.6970704954449,2976.27821078568));
#3698=CARTESIAN_POINT('Ctrl Pts',(-754.060924072246,-13.7432100708322,2976.27821078568));
#3699=CARTESIAN_POINT('Ctrl Pts',(-748.801625270625,-12.697070495445,2976.27821078568));
#3700=CARTESIAN_POINT('Ctrl Pts',(-744.343007035889,-9.71791703635676,2976.27821078568));
#3701=CARTESIAN_POINT('Ctrl Pts',(-741.3638535768,-5.25929880162057,2976.27821078568));
#3702=CARTESIAN_POINT('Ctrl Pts',(-740.666427193209,-1.75309960054022,2976.27821078568));
#3703=CARTESIAN_POINT('Ctrl Pts',(-740.666427193209,-1.62283991703476E-14,
2976.27821078568));
#3704=CARTESIAN_POINT('',(-740.663162208882,0.,2976.26165767201));
#3705=CARTESIAN_POINT('Ctrl Pts',(-739.104246322134,-6.34214902817121E-14,
2968.06526167043));
#3706=CARTESIAN_POINT('Ctrl Pts',(-739.617553538868,-6.21724893790087E-14,
2970.86650979695));
#3707=CARTESIAN_POINT('Ctrl Pts',(-740.137293195836,-5.8841820305133E-14,
2973.59536548468));
#3708=CARTESIAN_POINT('Ctrl Pts',(-740.66316220887,-5.606626274357E-14,
2976.26165767197));
#3709=CARTESIAN_POINT('Origin',(-754.060924072255,0.,2976.26165767201));
#3710=CARTESIAN_POINT('Origin',(-754.060924072255,0.,2977.08358544521));
#3711=CARTESIAN_POINT('',(-740.990103901444,0.,2977.90551321843));
#3712=CARTESIAN_POINT('',(-740.826633055171,-1.62073321330566E-15,2977.08358544521));
#3713=CARTESIAN_POINT('Origin',(-754.060924072255,0.,2977.90551321843));
#3714=CARTESIAN_POINT('Origin',(-754.060924072255,0.,2978.70407249907));
#3715=CARTESIAN_POINT('',(-741.298546563958,0.,2979.5026317797));
#3716=CARTESIAN_POINT('',(-741.144325232693,-1.58182714247401E-15,2978.70407249907));
#3717=CARTESIAN_POINT('Origin',(-754.060924072255,0.,2979.5026317797));
#3718=CARTESIAN_POINT('Ctrl Pts',(-741.298546563958,-5.37070388162419E-14,
2979.5026317797));
#3719=CARTESIAN_POINT('Ctrl Pts',(-741.298546563958,1.67036650303412,2979.5026317797));
#3720=CARTESIAN_POINT('Ctrl Pts',(-741.963059674978,5.01109950910249,2979.5026317797));
#3721=CARTESIAN_POINT('Ctrl Pts',(-744.80161952858,9.25930454367434,2979.5026317797));
#3722=CARTESIAN_POINT('Ctrl Pts',(-749.049824563152,12.0978643972765,2979.5026317797));
#3723=CARTESIAN_POINT('Ctrl Pts',(-754.060924072255,13.0946340638072,2979.5026317797));
#3724=CARTESIAN_POINT('Ctrl Pts',(-759.072023581357,12.0978643972766,2979.5026317797));
#3725=CARTESIAN_POINT('Ctrl Pts',(-763.320228615929,9.25930454367446,2979.5026317797));
#3726=CARTESIAN_POINT('Ctrl Pts',(-766.158788469532,5.01109950910263,2979.5026317797));
#3727=CARTESIAN_POINT('Ctrl Pts',(-767.155558136062,1.06059443780324E-13,
2979.5026317797));
#3728=CARTESIAN_POINT('Ctrl Pts',(-766.158788469532,-5.01109950910244,2979.5026317797));
#3729=CARTESIAN_POINT('Ctrl Pts',(-763.320228615929,-9.2593045436743,2979.5026317797));
#3730=CARTESIAN_POINT('Ctrl Pts',(-759.072023581358,-12.0978643972764,2979.5026317797));
#3731=CARTESIAN_POINT('Ctrl Pts',(-754.060924072255,-13.0946340638071,2979.5026317797));
#3732=CARTESIAN_POINT('Ctrl Pts',(-749.049824563153,-12.0978643972765,2979.5026317797));
#3733=CARTESIAN_POINT('Ctrl Pts',(-744.801619528581,-9.25930454367442,2979.5026317797));
#3734=CARTESIAN_POINT('Ctrl Pts',(-741.963059674979,-5.01109950910256,2979.5026317797));
#3735=CARTESIAN_POINT('Ctrl Pts',(-741.298546563958,-1.67036650303422,2979.5026317797));
#3736=CARTESIAN_POINT('Ctrl Pts',(-741.298546563958,-1.59594559789866E-14,
2979.5026317797));
#3737=CARTESIAN_POINT('Ctrl Pts',(-742.369150010901,-4.88455993600389E-14,
2984.98123443522));
#3738=CARTESIAN_POINT('Ctrl Pts',(-742.3691500109,1.53024369796564,2984.98123443522));
#3739=CARTESIAN_POINT('Ctrl Pts',(-742.97791880416,4.59073109389704,2984.98123443522));
#3740=CARTESIAN_POINT('Ctrl Pts',(-745.578359078426,8.4825649938293,2984.98123443522));
#3741=CARTESIAN_POINT('Ctrl Pts',(-749.470192978358,11.0830052680942,2984.98123443522));
#3742=CARTESIAN_POINT('Ctrl Pts',(-754.060924072254,11.9961584579847,2984.98123443522));
#3743=CARTESIAN_POINT('Ctrl Pts',(-758.651655166152,11.0830052680943,2984.98123443522));
#3744=CARTESIAN_POINT('Ctrl Pts',(-762.543489066085,8.48256499382939,2984.98123443523));
#3745=CARTESIAN_POINT('Ctrl Pts',(-765.143929340349,4.59073109389715,2984.98123443522));
#3746=CARTESIAN_POINT('Ctrl Pts',(-766.05708253024,6.86015603761662E-14,
2984.98123443522));
#3747=CARTESIAN_POINT('Ctrl Pts',(-765.143929340349,-4.59073109389702,2984.98123443522));
#3748=CARTESIAN_POINT('Ctrl Pts',(-762.543489066085,-8.48256499382928,2984.98123443522));
#3749=CARTESIAN_POINT('Ctrl Pts',(-758.651655166151,-11.0830052680942,2984.98123443522));
#3750=CARTESIAN_POINT('Ctrl Pts',(-754.060924072256,-11.9961584579846,2984.98123443522));
#3751=CARTESIAN_POINT('Ctrl Pts',(-749.470192978359,-11.0830052680943,2984.98123443522));
#3752=CARTESIAN_POINT('Ctrl Pts',(-745.578359078425,-8.48256499382936,2984.98123443522));
#3753=CARTESIAN_POINT('Ctrl Pts',(-742.977918804161,-4.59073109389711,2984.98123443523));
#3754=CARTESIAN_POINT('Ctrl Pts',(-742.369150010901,-1.53024369796573,2984.98123443522));
#3755=CARTESIAN_POINT('Ctrl Pts',(-742.369150010901,-1.40148801965054E-14,
2984.98123443522));
#3756=CARTESIAN_POINT('Ctrl Pts',(-743.454186072319,-4.41231786705543E-14,
2990.20251596986));
#3757=CARTESIAN_POINT('Ctrl Pts',(-743.454186072319,1.38823192230707,2990.20251596986));
#3758=CARTESIAN_POINT('Ctrl Pts',(-744.006459068596,4.16469576692131,2990.20251596986));
#3759=CARTESIAN_POINT('Ctrl Pts',(-746.365569715865,7.69535435639002,2990.20251596986));
#3760=CARTESIAN_POINT('Ctrl Pts',(-749.896228305333,10.0544650036593,2990.20251596986));
#3761=CARTESIAN_POINT('Ctrl Pts',(-754.060924072255,10.8828744980737,2990.20251596986));
#3762=CARTESIAN_POINT('Ctrl Pts',(-758.225619839176,10.0544650036593,2990.20251596986));
#3763=CARTESIAN_POINT('Ctrl Pts',(-761.756278428644,7.69535435639008,2990.20251596986));
#3764=CARTESIAN_POINT('Ctrl Pts',(-764.115389075914,4.16469576692138,2990.20251596986));
#3765=CARTESIAN_POINT('Ctrl Pts',(-764.943798570328,3.17755201940797E-14,
2990.20251596986));
#3766=CARTESIAN_POINT('Ctrl Pts',(-764.115389075914,-4.16469576692132,2990.20251596986));
#3767=CARTESIAN_POINT('Ctrl Pts',(-761.756278428644,-7.69535435639004,2990.20251596986));
#3768=CARTESIAN_POINT('Ctrl Pts',(-758.225619839176,-10.0544650036593,2990.20251596986));
#3769=CARTESIAN_POINT('Ctrl Pts',(-754.060924072254,-10.8828744980738,2990.20251596986));
#3770=CARTESIAN_POINT('Ctrl Pts',(-749.896228305333,-10.0544650036593,2990.20251596986));
#3771=CARTESIAN_POINT('Ctrl Pts',(-746.365569715865,-7.6953543563901,2990.20251596986));
#3772=CARTESIAN_POINT('Ctrl Pts',(-744.006459068596,-4.16469576692137,2990.20251596986));
#3773=CARTESIAN_POINT('Ctrl Pts',(-743.454186072319,-1.38823192230715,2990.20251596986));
#3774=CARTESIAN_POINT('Ctrl Pts',(-743.454186072319,-1.29044170143349E-14,
2990.20251596986));
#3775=CARTESIAN_POINT('Ctrl Pts',(-744.568246940256,-4.03050432706464E-14,
2995.22566299484));
#3776=CARTESIAN_POINT('Ctrl Pts',(-744.568246940256,1.24242131962483,2995.22566299484));
#3777=CARTESIAN_POINT('Ctrl Pts',(-745.062512872196,3.72726395887458,2995.22566299484));
#3778=CARTESIAN_POINT('Ctrl Pts',(-747.173838304513,6.88708576774248,2995.22566299484));
#3779=CARTESIAN_POINT('Ctrl Pts',(-750.33366011338,8.99841120005952,2995.22566299484));
#3780=CARTESIAN_POINT('Ctrl Pts',(-754.060924072255,9.73981009796816,2995.22566299484));
#3781=CARTESIAN_POINT('Ctrl Pts',(-757.788188031129,8.99841120005953,2995.22566299484));
#3782=CARTESIAN_POINT('Ctrl Pts',(-760.948009839998,6.88708576774251,2995.22566299484));
#3783=CARTESIAN_POINT('Ctrl Pts',(-763.059335272315,3.72726395887462,2995.22566299484));
#3784=CARTESIAN_POINT('Ctrl Pts',(-763.800734170223,-3.3214396793465E-15,
2995.22566299484));
#3785=CARTESIAN_POINT('Ctrl Pts',(-763.059335272315,-3.72726395887463,2995.22566299484));
#3786=CARTESIAN_POINT('Ctrl Pts',(-760.948009839997,-6.88708576774252,2995.22566299484));
#3787=CARTESIAN_POINT('Ctrl Pts',(-757.788188031129,-8.99841120005956,2995.22566299484));
#3788=CARTESIAN_POINT('Ctrl Pts',(-754.060924072255,-9.73981009796821,2995.22566299484));
#3789=CARTESIAN_POINT('Ctrl Pts',(-750.33366011338,-8.99841120005959,2995.22566299484));
#3790=CARTESIAN_POINT('Ctrl Pts',(-747.173838304513,-6.88708576774255,2995.22566299484));
#3791=CARTESIAN_POINT('Ctrl Pts',(-745.062512872196,-3.72726395887464,2995.22566299484));
#3792=CARTESIAN_POINT('Ctrl Pts',(-744.568246940256,-1.2424213196249,2995.22566299484));
#3793=CARTESIAN_POINT('Ctrl Pts',(-744.568246940256,-1.23497876968902E-14,
2995.22566299484));
#3794=CARTESIAN_POINT('',(-744.565350120206,0.,2995.21260089066));
#3795=CARTESIAN_POINT('Ctrl Pts',(-741.298546563958,-5.37070388162419E-14,
2979.5026317797));
#3796=CARTESIAN_POINT('Ctrl Pts',(-742.368222049767,-4.88498130835068E-14,
2984.97648577656));
#3797=CARTESIAN_POINT('Ctrl Pts',(-743.452305141537,-4.41313652288498E-14,
2990.19346453288));
#3798=CARTESIAN_POINT('Ctrl Pts',(-744.565350120205,-4.03149735817008E-14,
2995.21260089066));
#3799=CARTESIAN_POINT('Origin',(-754.060924072255,0.,2995.21260089066));
#3800=CARTESIAN_POINT('Origin',(-754.060924072255,0.,2995.52899009027));
#3801=CARTESIAN_POINT('',(-744.70572542462,0.,2995.84537928986));
#3802=CARTESIAN_POINT('',(-744.635537772377,-1.15427691628729E-15,2995.52899009027));
#3803=CARTESIAN_POINT('Origin',(-754.060924072255,0.,2995.84537928986));
#3804=CARTESIAN_POINT('Origin',(-754.060924072255,0.,2996.12960721329));
#3805=CARTESIAN_POINT('',(-744.831012931873,0.,2996.41383513672));
#3806=CARTESIAN_POINT('',(-744.768369178244,-1.13800976068513E-15,2996.12960721329));
#3807=CARTESIAN_POINT('Origin',(-754.060924072255,0.,2996.41383513672));
#3808=CARTESIAN_POINT('Ctrl Pts',(-744.831012931872,-3.81639164714898E-14,
2996.41383513672));
#3809=CARTESIAN_POINT('Ctrl Pts',(-744.831012931872,1.20802996031532,2996.41383513672));
#3810=CARTESIAN_POINT('Ctrl Pts',(-745.311597130416,3.62408988094607,2996.41383513672));
#3811=CARTESIAN_POINT('Ctrl Pts',(-747.36447914228,6.69644492997475,2996.41383513672));
#3812=CARTESIAN_POINT('Ctrl Pts',(-750.436834191309,8.74932694183927,2996.41383513672));
#3813=CARTESIAN_POINT('Ctrl Pts',(-754.060924072255,9.47020323965501,2996.41383513672));
#3814=CARTESIAN_POINT('Ctrl Pts',(-757.685013953201,8.74932694183945,2996.41383513672));
#3815=CARTESIAN_POINT('Ctrl Pts',(-760.75736900223,6.6964449299751,2996.41383513672));
#3816=CARTESIAN_POINT('Ctrl Pts',(-762.810251014094,3.62408988094652,2996.41383513672));
#3817=CARTESIAN_POINT('Ctrl Pts',(-763.53112731191,4.44150593268959E-13,
2996.41383513672));
#3818=CARTESIAN_POINT('Ctrl Pts',(-762.810251014094,-3.62408988094567,2996.41383513672));
#3819=CARTESIAN_POINT('Ctrl Pts',(-760.75736900223,-6.69644492997435,2996.41383513672));
#3820=CARTESIAN_POINT('Ctrl Pts',(-757.685013953201,-8.74932694183886,2996.41383513672));
#3821=CARTESIAN_POINT('Ctrl Pts',(-754.060924072255,-9.47020323965462,2996.41383513672));
#3822=CARTESIAN_POINT('Ctrl Pts',(-750.43683419131,-8.74932694183906,2996.41383513672));
#3823=CARTESIAN_POINT('Ctrl Pts',(-747.36447914228,-6.6964449299747,2996.41383513672));
#3824=CARTESIAN_POINT('Ctrl Pts',(-745.311597130417,-3.6240898809461,2996.41383513672));
#3825=CARTESIAN_POINT('Ctrl Pts',(-744.831012931872,-1.20802996031539,2996.41383513672));
#3826=CARTESIAN_POINT('Ctrl Pts',(-744.831012931872,-1.09634523681734E-14,
2996.41383513672));
#3827=CARTESIAN_POINT('Ctrl Pts',(-745.678414800891,-3.60803142103433E-14,
3000.26299290167));
#3828=CARTESIAN_POINT('Ctrl Pts',(-745.678414800891,1.09712024183274,3000.26299290167));
#3829=CARTESIAN_POINT('Ctrl Pts',(-746.114876370097,3.2913607254983,3000.26299290167));
#3830=CARTESIAN_POINT('Ctrl Pts',(-747.979282455458,6.08164161679879,3000.26299290167));
#3831=CARTESIAN_POINT('Ctrl Pts',(-750.769563346759,7.94604770216025,3000.26299290167));
#3832=CARTESIAN_POINT('Ctrl Pts',(-754.060924072257,8.60074005596959,3000.26299290167));
#3833=CARTESIAN_POINT('Ctrl Pts',(-757.352284797755,7.94604770216033,3000.26299290167));
#3834=CARTESIAN_POINT('Ctrl Pts',(-760.142565689056,6.08164161679897,3000.26299290167));
#3835=CARTESIAN_POINT('Ctrl Pts',(-762.006971774417,3.29136072549852,3000.26299290167));
#3836=CARTESIAN_POINT('Ctrl Pts',(-762.661664128227,2.00701676809528E-13,
3000.26299290167));
#3837=CARTESIAN_POINT('Ctrl Pts',(-762.006971774417,-3.29136072549814,3000.26299290167));
#3838=CARTESIAN_POINT('Ctrl Pts',(-760.142565689056,-6.08164161679864,3000.26299290167));
#3839=CARTESIAN_POINT('Ctrl Pts',(-757.352284797756,-7.94604770216009,3000.26299290167));
#3840=CARTESIAN_POINT('Ctrl Pts',(-754.060924072257,-8.60074005596943,3000.26299290167));
#3841=CARTESIAN_POINT('Ctrl Pts',(-750.769563346759,-7.94604770216018,3000.26299290167));
#3842=CARTESIAN_POINT('Ctrl Pts',(-747.979282455458,-6.08164161679881,3000.26299290167));
#3843=CARTESIAN_POINT('Ctrl Pts',(-746.114876370096,-3.29136072549834,3000.26299290167));
#3844=CARTESIAN_POINT('Ctrl Pts',(-745.67841480089,-1.0971202418328,3000.26299290167));
#3845=CARTESIAN_POINT('Ctrl Pts',(-745.678414800891,-1.13801728204027E-14,
3000.26299290167));
#3846=CARTESIAN_POINT('Ctrl Pts',(-746.549801388882,-3.33710505047684E-14,
3003.99582946727));
#3847=CARTESIAN_POINT('Ctrl Pts',(-746.549801388882,0.983071353462231,3003.99582946726));
#3848=CARTESIAN_POINT('Ctrl Pts',(-746.940891489323,2.94921406038676,3003.99582946726));
#3849=CARTESIAN_POINT('Ctrl Pts',(-748.611487057478,5.44943701477172,3003.99582946728));
#3850=CARTESIAN_POINT('Ctrl Pts',(-751.111710011863,7.1200325829272,3003.99582946726));
#3851=CARTESIAN_POINT('Ctrl Pts',(-754.06092407225,7.70666773358812,3003.99582946728));
#3852=CARTESIAN_POINT('Ctrl Pts',(-757.010138132637,7.1200325829272,3003.99582946726));
#3853=CARTESIAN_POINT('Ctrl Pts',(-759.510361087021,5.4494370147717,3003.99582946728));
#3854=CARTESIAN_POINT('Ctrl Pts',(-761.180956655177,2.94921406038676,3003.99582946726));
#3855=CARTESIAN_POINT('Ctrl Pts',(-761.767591805838,-3.51395616150042E-14,
3003.99582946726));
#3856=CARTESIAN_POINT('Ctrl Pts',(-761.180956655177,-2.94921406038683,3003.99582946726));
#3857=CARTESIAN_POINT('Ctrl Pts',(-759.510361087022,-5.44943701477178,3003.99582946726));
#3858=CARTESIAN_POINT('Ctrl Pts',(-757.010138132637,-7.12003258292727,3003.99582946728));
#3859=CARTESIAN_POINT('Ctrl Pts',(-754.06092407225,-7.70666773358819,3003.99582946726));
#3860=CARTESIAN_POINT('Ctrl Pts',(-751.111710011863,-7.12003258292727,3003.99582946728));
#3861=CARTESIAN_POINT('Ctrl Pts',(-748.611487057477,-5.44943701477178,3003.99582946726));
#3862=CARTESIAN_POINT('Ctrl Pts',(-746.940891489324,-2.94921406038682,3003.99582946728));
#3863=CARTESIAN_POINT('Ctrl Pts',(-746.549801388882,-0.983071353462292,
3003.99582946727));
#3864=CARTESIAN_POINT('Ctrl Pts',(-746.549801388882,-1.11017138899337E-14,
3003.99582946727));
#3865=CARTESIAN_POINT('Ctrl Pts',(-747.459255323173,-2.88532223823424E-14,
3007.63012552163));
#3866=CARTESIAN_POINT('Ctrl Pts',(-747.459255323173,0.864040131663083,3007.63012552163));
#3867=CARTESIAN_POINT('Ctrl Pts',(-747.802991859374,2.59212039498931,3007.63012552163));
#3868=CARTESIAN_POINT('Ctrl Pts',(-749.27131011479,4.78961395747139,3007.63012552163));
#3869=CARTESIAN_POINT('Ctrl Pts',(-751.468803677271,6.25793221288708,3007.63012552163));
#3870=CARTESIAN_POINT('Ctrl Pts',(-754.060924072261,6.77353701718745,3007.63012552163));
#3871=CARTESIAN_POINT('Ctrl Pts',(-756.65304446725,6.25793221288698,3007.63012552163));
#3872=CARTESIAN_POINT('Ctrl Pts',(-758.850538029733,4.78961395747122,3007.63012552163));
#3873=CARTESIAN_POINT('Ctrl Pts',(-760.318856285148,2.59212039498908,3007.63012552163));
#3874=CARTESIAN_POINT('Ctrl Pts',(-760.834461089449,-2.65098026480896E-13,
3007.63012552163));
#3875=CARTESIAN_POINT('Ctrl Pts',(-760.318856285148,-2.5921203949896,3007.63012552163));
#3876=CARTESIAN_POINT('Ctrl Pts',(-758.850538029732,-4.78961395747168,3007.63012552163));
#3877=CARTESIAN_POINT('Ctrl Pts',(-756.65304446725,-6.25793221288737,3007.63012552163));
#3878=CARTESIAN_POINT('Ctrl Pts',(-754.060924072261,-6.77353701718775,3007.63012552163));
#3879=CARTESIAN_POINT('Ctrl Pts',(-751.468803677271,-6.25793221288728,3007.63012552163));
#3880=CARTESIAN_POINT('Ctrl Pts',(-749.271310114789,-4.78961395747151,3007.63012552163));
#3881=CARTESIAN_POINT('Ctrl Pts',(-747.802991859374,-2.59212039498937,3007.63012552163));
#3882=CARTESIAN_POINT('Ctrl Pts',(-747.459255323173,-0.864040131663135,
3007.63012552163));
#3883=CARTESIAN_POINT('Ctrl Pts',(-747.459255323173,-9.36266777108109E-15,
3007.63012552163));
#3884=CARTESIAN_POINT('Ctrl Pts',(-744.831012931872,-3.81639164714898E-14,
2996.41383513672));
#3885=CARTESIAN_POINT('Ctrl Pts',(-745.677628205726,-3.60822483003216E-14,
3000.2594199465));
#3886=CARTESIAN_POINT('Ctrl Pts',(-746.548183691907,-3.33760796778048E-14,
3003.98889940548));
#3887=CARTESIAN_POINT('Ctrl Pts',(-747.456722837816,-2.88657986402798E-14,
3007.62000473328));
#3888=CARTESIAN_POINT('',(-217.604073137587,-9.9475983006414E-13,754.06092407226));
#3889=UNCERTAINTY_MEASURE_WITH_UNIT(LENGTH_MEASURE(0.01),#3895,
'DISTANCE_ACCURACY_VALUE',
'Maximum model space distance between geometric entities at asserted c
onnectivities');
#3890=UNCERTAINTY_MEASURE_WITH_UNIT(LENGTH_MEASURE(0.01),#3895,
'DISTANCE_ACCURACY_VALUE',
'Maximum model space distance between geometric entities at asserted c
onnectivities');
#3891=UNCERTAINTY_MEASURE_WITH_UNIT(LENGTH_MEASURE(0.01),#3895,
'DISTANCE_ACCURACY_VALUE',
'Maximum model space distance between geometric entities at asserted c
onnectivities');
#3892=(
GEOMETRIC_REPRESENTATION_CONTEXT(3)
GLOBAL_UNCERTAINTY_ASSIGNED_CONTEXT((#3889))
GLOBAL_UNIT_ASSIGNED_CONTEXT((#3895,#3897,#3898))
REPRESENTATION_CONTEXT('','3D')
);
#3893=(
GEOMETRIC_REPRESENTATION_CONTEXT(3)
GLOBAL_UNCERTAINTY_ASSIGNED_CONTEXT((#3890))
GLOBAL_UNIT_ASSIGNED_CONTEXT((#3895,#3897,#3898))
REPRESENTATION_CONTEXT('','3D')
);
#3894=(
GEOMETRIC_REPRESENTATION_CONTEXT(3)
GLOBAL_UNCERTAINTY_ASSIGNED_CONTEXT((#3891))
GLOBAL_UNIT_ASSIGNED_CONTEXT((#3895,#3897,#3898))
REPRESENTATION_CONTEXT('','3D')
);
#3895=(
LENGTH_UNIT()
NAMED_UNIT(*)
SI_UNIT(.MILLI.,.METRE.)
);
#3896=(
LENGTH_UNIT()
NAMED_UNIT(*)
SI_UNIT($,.METRE.)
);
#3897=(
NAMED_UNIT(*)
PLANE_ANGLE_UNIT()
SI_UNIT($,.RADIAN.)
);
#3898=(
NAMED_UNIT(*)
SI_UNIT($,.STERADIAN.)
SOLID_ANGLE_UNIT()
);
#3899=SHAPE_DEFINITION_REPRESENTATION(#3901,#3904);
#3900=SHAPE_DEFINITION_REPRESENTATION(#3902,#3905);
#3901=PRODUCT_DEFINITION_SHAPE('',$,#3907);
#3902=PRODUCT_DEFINITION_SHAPE('',$,#3908);
#3903=PRODUCT_DEFINITION_SHAPE($,$,#14);
#3904=SHAPE_REPRESENTATION('',(#767,#827),#3892);
#3905=SHAPE_REPRESENTATION('',(#768),#3893);
#3906=PRODUCT_DEFINITION_CONTEXT('part definition',#3914,'design');
#3907=PRODUCT_DEFINITION('Assembly 1','Rocket v2',#3909,#3906);
#3908=PRODUCT_DEFINITION('nosecone v8','Rocket',#3910,#3906);
#3909=PRODUCT_DEFINITION_FORMATION('',$,#3916);
#3910=PRODUCT_DEFINITION_FORMATION('',$,#3917);
#3911=PRODUCT_RELATED_PRODUCT_CATEGORY('Rocket v2','Rocket v2',(#3916));
#3912=PRODUCT_RELATED_PRODUCT_CATEGORY('Rocket','Rocket',(#3917));
#3913=APPLICATION_PROTOCOL_DEFINITION('international standard',
'automotive_design',2009,#3914);
#3914=APPLICATION_CONTEXT(
'Core Data for Automotive Mechanical Design Process');
#3915=PRODUCT_CONTEXT('part definition',#3914,'mechanical');
#3916=PRODUCT('Assembly 1','Rocket v2','STEP AP242 Edition 2',(#3915));
#3917=PRODUCT('nosecone v8','Rocket','nosecone v8',(#3915));
#3918=PRESENTATION_STYLE_ASSIGNMENT((#3920));
#3919=PRESENTATION_STYLE_ASSIGNMENT((#3921));
#3920=SURFACE_STYLE_USAGE(.BOTH.,#3922);
#3921=SURFACE_STYLE_USAGE(.BOTH.,#3923);
#3922=SURFACE_SIDE_STYLE('',(#3924));
#3923=SURFACE_SIDE_STYLE('',(#3925));
#3924=SURFACE_STYLE_FILL_AREA(#3926);
#3925=SURFACE_STYLE_FILL_AREA(#3927);
#3926=FILL_AREA_STYLE('Acero - Satinado',(#3928));
#3927=FILL_AREA_STYLE('Opaque(160,160,160)',(#3929));
#3928=FILL_AREA_STYLE_COLOUR('Acero - Satinado',#3930);
#3929=FILL_AREA_STYLE_COLOUR('Opaque(160,160,160)',#3931);
#3930=COLOUR_RGB('Acero - Satinado',0.627450980392157,0.627450980392157,
0.627450980392157);
#3931=COLOUR_RGB('Opaque(160,160,160)',0.627450980392157,0.627450980392157,
0.627450980392157);
ENDSEC;
END-ISO-10303-21;
