"Time_Iter","Outer_Iter","Inner_Iter",    "rms[Rho]"    ,    "rms[RhoU]"   ,    "rms[RhoV]"   ,    "rms[RhoE]"   ,     "rms[k]"     ,     "rms[w]"     
          0,           0,           0,     -0.3347859115,       2.525529224,      -12.78635898,       5.593532204,        6.41263012,       10.25083868
          0,           0,           1,     -0.3207077092,       2.809249137,       2.551657011,       5.631399199,       5.850163365,        9.69143789
          0,           0,           2,     -0.3547749802,       2.780243042,       2.488793156,       5.594073193,       5.297807944,       9.142847187
          0,           0,           3,     -0.3511969193,        2.74550501,        2.40627217,       5.596444465,       4.757360175,       8.606936451
          0,           0,           4,     -0.3384359501,       2.700339662,       2.334881539,       5.613361177,       4.230373692,        8.08530916
          0,           0,           5,     -0.3650894325,       2.645299281,       2.313335349,       5.588547782,       3.718150757,       7.579279855
          0,           0,           6,     -0.4013261063,       2.607059189,       2.287347151,       5.550774693,       3.222338526,       7.090363479
          0,           0,           7,     -0.4371000341,        2.56196733,       2.243841263,       5.514969325,       2.742519103,       6.618386844
          0,           0,           8,     -0.5083509731,       2.482663863,       2.172843059,       5.441415525,       2.282156489,       6.166262998
          0,           0,           9,     -0.6220812323,       2.365550155,       2.068792268,       5.324963963,       1.861229204,       5.746649494
          0,           0,          10,     -0.7682917345,       2.217092237,       1.930239251,       5.174610226,       1.572665092,       5.406074392
          0,           0,          11,     -0.8450248438,       2.136460712,       1.857754658,       5.091716507,       1.569323064,       5.307646461
          0,           0,          12,     -0.9260933772,       2.050363184,       1.774141134,       5.002499815,       1.680316807,       5.306590547
          0,           0,          13,     -0.9832687025,       1.987483294,       1.719821211,       4.941277511,         1.8358919,       5.277887725
          0,           0,          14,      -1.018793756,       1.949184207,       1.684205195,       4.902292331,       1.981558244,       5.240504064
          0,           0,          15,      -1.054261548,        1.91042784,       1.633938033,       4.863234473,       2.169746889,       5.272395749
          0,           0,          16,      -1.073292753,       1.889410486,       1.586030302,       4.841442247,       2.354162584,       5.344602249
          0,           0,          17,      -1.107982266,        1.84812016,       1.548540325,       4.804954042,       2.547525367,       5.344759817
          0,           0,          18,      -1.150049098,       1.800318953,       1.507806265,       4.758907173,       2.540859446,       5.309615194
          0,           0,          19,       -1.21999904,       1.726990629,       1.488987884,       4.685896314,       2.521873624,       5.356874947
          0,           0,          20,      -1.269345798,       1.682842874,       1.464971257,       4.644213327,       2.523616388,        5.30490705
          0,           0,          21,      -1.318419436,       1.635670242,       1.414100242,       4.591340745,        2.52797917,       5.305423101
          0,           0,          22,        -1.3615155,       1.595391302,       1.367722151,       4.548609367,       2.512119835,       5.324889798
          0,           0,          23,      -1.393089587,       1.577445496,       1.332089869,       4.524939974,       2.521535596,       5.328031724
          0,           0,          24,      -1.440264019,        1.53911088,       1.272292304,       4.471605717,       2.492335632,       5.311009046
          0,           0,          25,       -1.49027662,       1.501391512,       1.228307606,       4.417573609,       2.456217092,       5.347996099
          0,           0,          26,      -1.526243453,       1.474356434,       1.181007873,       4.385188766,       2.483392376,       5.331329508
          0,           0,          27,      -1.615665412,       1.398757485,       1.079589212,       4.293979517,       2.463598733,       5.332921901
          0,           0,          28,      -1.657545226,       1.366970021,       1.046833325,       4.271980794,       2.489674155,       5.298164585
          0,           0,          29,      -1.719355761,       1.283336407,       1.010503368,       4.211724913,       2.490217428,       5.297895051
          0,           0,          30,      -1.733920467,       1.308003158,       1.054896718,       4.193836909,       2.527904563,       5.318066753
          0,           0,          31,      -1.641004553,       1.411231607,       1.117746344,       4.284940879,       2.538970538,       5.322936525
          0,           0,          32,      -1.664054418,       1.378667406,       1.078052825,       4.257766117,       2.579742445,        5.32297945
          0,           0,          33,      -1.623955633,       1.403993302,       1.089127763,       4.294992904,       2.618490954,       5.355830764
          0,           0,          34,       -1.52586286,       1.489872277,       1.153799202,       4.397098776,       2.574426027,       5.336433967
          0,           0,          35,      -1.572891904,       1.431652329,       1.130815175,       4.350155213,        2.56661205,       5.336249404
          0,           0,          36,      -1.588654558,       1.419996227,       1.126256691,        4.32896605,       2.547610561,        5.31457096
          0,           0,          37,      -1.611265184,        1.40518525,       1.124614346,       4.311461603,        2.53576447,        5.32552525
          0,           0,          38,      -1.661178395,       1.362463038,       1.117069849,       4.258397735,       2.530277833,       5.347703698
          0,           0,          39,      -1.647340674,       1.377125191,       1.111543912,       4.269125727,       2.524531627,       5.330208435
          0,           0,          40,      -1.724025015,       1.310536829,       1.066902307,       4.196170598,       2.518496201,       5.279551866
          0,           0,          41,      -1.724073642,       1.316367183,       1.055239127,       4.199810707,       2.514793181,       5.319475088
          0,           0,          42,      -1.699144066,       1.337731883,       1.071635394,       4.227427134,       2.505440323,       5.317647383
          0,           0,          43,      -1.746777824,       1.304193664,       1.045377523,       4.179750316,       2.500136887,       5.316800502
          0,           0,          44,      -1.749564293,       1.302482679,       1.047534227,       4.174397671,       2.496411007,       5.331608395
          0,           0,          45,      -1.728286055,       1.324875653,       1.074756755,       4.196633219,       2.472106623,       5.335696384
          0,           0,          46,      -1.767232398,       1.287006033,       1.051291742,       4.165856696,       2.464976068,       5.306796145
          0,           0,          47,      -1.775160813,       1.277344727,       1.050743637,       4.163532864,       2.463816878,       5.340580168
          0,           0,          48,      -1.748986541,       1.301491372,       1.062361109,       4.181774156,        2.43037979,       5.330903114
          0,           0,          49,      -1.773734988,       1.286156644,       1.045262688,       4.156706471,       2.427164242,       5.330270936
          0,           0,          50,      -1.765340085,       1.300259787,       1.045592093,       4.161156719,       2.409621695,       5.342070999
          0,           0,          51,      -1.758085191,       1.308312577,       1.050757863,       4.162092403,       2.394629271,       5.355661304
          0,           0,          52,      -1.766746482,       1.299371427,       1.045475771,       4.169282246,       2.398236856,       5.350433148
          0,           0,          53,      -1.763515214,       1.293672433,       1.048351858,       4.179376456,       2.346388446,       5.347267086
          0,           0,          54,      -1.831598701,       1.236602912,       1.021339206,       4.102987067,       2.342451183,       5.279956354
          0,           0,          55,      -1.831421408,       1.242593614,       1.036505816,       4.097432171,       2.353256517,       5.299967553
          0,           0,          56,      -1.770997966,       1.296557189,       1.042078882,       4.155935963,       2.288747242,       5.337220693
          0,           0,          57,      -1.810536336,       1.261666954,       1.017463884,       4.118739514,       2.281854447,       5.350573744
          0,           0,          58,      -1.832985305,       1.241767438,       1.018218384,        4.09857822,       2.233408747,       5.317377841
          0,           0,          59,      -1.831753162,       1.248568524,       1.031856485,       4.104355823,       2.224776104,       5.322077512
          0,           0,          60,      -1.794879679,       1.278733266,       1.033245738,       4.133936172,       2.125383087,       5.351526485
          0,           0,          61,      -1.819341422,       1.258855346,       1.010756789,       4.104179094,        2.11826061,       5.357407183
          0,           0,          62,      -1.841813176,       1.238402684,       1.015466479,       4.106464955,       2.049179359,       5.321777717
          0,           0,          63,      -1.876854096,       1.201631777,      0.9963049918,       4.078253659,       2.049457873,       5.317473761
          0,           0,          64,      -1.903915863,       1.182990956,        0.99850868,       4.036264855,       2.051776249,       5.305572631
          0,           0,          65,      -1.877476473,       1.202272226,       1.024606415,       4.071976322,       2.068027995,       5.328122727
          0,           0,          66,      -1.823402425,       1.238280137,       1.024931869,       4.113188368,       1.980290395,       5.344815682
          0,           0,          67,      -1.837219923,       1.232431024,       1.008132632,       4.083694896,       1.996123385,       5.343016966
          0,           0,          68,       -1.85629768,       1.220483755,       1.011034275,       4.079742911,       1.890054132,       5.314181047
          0,           0,          69,      -1.892297636,       1.188394987,       0.988099736,       4.051780066,       1.918285386,       5.308443341
          0,           0,          70,      -1.908636831,       1.177589416,      0.9967591183,       4.030957396,       1.972195995,       5.297745738
          0,           0,          71,      -1.881133718,       1.199635801,       1.024323976,        4.05712118,       1.889299227,       5.304499955
          0,           0,          72,      -1.880234066,       1.195329705,       1.008081364,       4.062891566,       1.926082533,       5.306317252
          0,           0,          73,      -1.884625269,       1.193598771,       1.001749903,        4.06609171,        1.96522859,       5.326909093
          0,           0,          74,      -1.878484718,       1.202826352,       1.007905929,       4.070846715,       1.844682343,       5.315640526
          0,           0,          75,      -1.891841883,       1.190584799,       1.001386326,        4.05699473,       1.875156236,       5.318950713
          0,           0,          76,      -1.895902045,       1.187937358,       1.004652096,       4.050207741,       1.912530376,       5.320713605
          0,           0,          77,      -1.882151165,       1.196482135,       1.020848265,       4.061648472,       1.799651244,       5.329939858
          0,           0,          78,      -1.872918435,       1.207596243,       1.015933836,       4.063930917,       1.841472985,       5.344659873
          0,           0,          79,      -1.866060333,       1.215090928,       1.020077888,       4.078979581,       1.893380123,       5.373518816
          0,           0,          80,      -1.833419506,       1.234692198,       1.028308089,       4.099938636,       1.789497649,        5.37490446
          0,           0,          81,      -1.845370297,        1.22006338,       1.024713316,       4.078415673,       1.842290507,       5.388134817
          0,           0,          82,      -1.859062102,       1.214245635,       1.026924781,       4.089639243,        1.74572721,       5.347134243
          0,           0,          83,      -1.879252188,       1.204510556,       1.008371802,       4.075613816,       1.790860065,       5.339949381
          0,           0,          84,       -1.87447506,       1.210536567,       1.013617052,       4.065914837,       1.853569179,       5.355912923
          0,           0,          85,      -1.843302665,       1.233439577,        1.03918163,       4.102703504,       1.900181134,       5.386409978
          0,           0,          86,      -1.804677042,       1.253496128,       1.036778147,       4.130083366,       1.801778987,       5.392484537
          0,           0,          87,      -1.829221343,        1.22926537,       1.022754638,       4.097718452,       1.857112473,       5.398495439
          0,           0,          88,      -1.857795235,       1.211968917,       1.028051827,       4.085450567,       1.751506478,       5.338999354
          0,           0,          89,      -1.877624079,       1.205722463,       1.011875572,       4.068079813,       1.806239634,       5.333166932
          0,           0,          90,      -1.858341172,       1.223014298,       1.016806283,       4.080943208,       1.885943575,       5.363178493
          0,           0,          91,      -1.832505297,       1.245889221,       1.036204954,       4.103318034,        1.80341922,       5.372798045
          0,           0,          92,      -1.849220949,        1.22313358,       1.020115857,       4.103454752,        1.86721815,       5.352695662
          0,           0,          93,      -1.873455907,       1.193415145,       1.019440952,       4.089612426,       1.883209853,       5.377805597
          0,           0,          94,      -1.897592918,       1.181515691,       1.019595226,       4.049036083,       1.961411616,        5.34599796
          0,           0,          95,      -1.858752758,       1.215955734,         1.0469693,       4.086373453,       1.862358492,       5.344730895
          0,           0,          96,      -1.820257768,       1.245925548,        1.03105294,       4.112675591,       1.938447586,       5.378349875
          0,           0,          97,      -1.814100474,       1.257189133,       1.026337325,       4.111104418,       1.854702755,       5.382752781
          0,           0,          98,       -1.85964807,       1.213163797,       1.012123257,       4.089793957,       1.924356295,       5.330730679
          0,           0,          99,      -1.884224941,       1.180773875,       1.018114405,       4.073118495,       2.010443941,       5.368862506
          0,           0,         100,      -1.877703491,       1.192917888,       1.028306676,       4.064352244,       1.911355341,       5.338416996
          0,           0,         101,       -1.86025722,       1.218450506,       1.028890667,       4.086502602,       1.835892863,       5.290048021
          0,           0,         102,      -1.865427904,       1.208485528,      0.9968765561,       4.070528585,       1.869110174,       5.274776415
          0,           0,         103,      -1.858180262,        1.22156801,      0.9995785064,       4.070442076,       1.927906611,       5.321306761
          0,           0,         104,      -1.820575127,       1.255458229,       1.008388181,       4.126292877,       2.006036615,       5.368409932
          0,           0,         105,      -1.812516382,       1.258537853,       1.030738182,       4.138126941,       1.911545094,       5.377420243
          0,           0,         106,      -1.861975507,       1.207780676,       1.014400944,       4.077523828,       1.955019386,       5.326828002
          0,           0,         107,      -1.870855294,       1.183148588,       1.025420314,       4.062162332,         2.0459898,       5.364297916
          0,           0,         108,      -1.858070801,       1.204059463,       1.032098857,       4.073722081,       1.949309711,       5.341908918
          0,           0,         109,       -1.85147234,       1.226830979,       1.023426974,        4.09098099,       2.022440029,       5.334256129
          0,           0,         110,       -1.80406686,       1.260960408,       1.030338414,       4.124284841,       2.121710819,       5.379909923
          0,           0,         111,      -1.780681786,       1.277219716,       1.050824678,       4.139622183,        2.01707221,        5.39497342
          0,           0,         112,      -1.817808046,       1.236949988,       1.035855125,       4.121937601,       2.085399784,       5.357679957
          0,           0,         113,      -1.844874133,        1.19844757,        1.03668851,       4.107254864,       1.987804687,       5.357410883
          0,           0,         114,       -1.89715261,       1.164073435,       1.023357542,       4.043081752,       1.903299533,       5.216349913
          0,           0,         115,      -1.891021563,       1.189471171,      0.9932574273,       4.036029828,       1.947941536,       5.206674499
          0,           0,         116,      -1.834017569,       1.237478438,      0.9911542689,       4.106777742,       2.016685361,       5.315607834
          0,           0,         117,      -1.825144939,       1.239914648,       1.014757762,       4.115906945,       2.093706045,       5.355265716
          0,           0,         118,      -1.820805904,       1.242049456,       1.029352133,       4.113981103,       2.002326191,       5.336816684
          0,           0,         119,      -1.835138654,       1.232327158,       1.012317352,        4.09703239,       1.942780801,       5.273047819
          0,           0,         120,      -1.913824689,       1.149377228,      0.9749125141,       4.025580496,       1.897173929,       5.059320322
          0,           0,         121,      -2.001226658,       1.062201236,      0.8755566483,       3.931637666,       1.923929614,       5.038253217
          0,           0,         122,      -2.031844997,       1.057995781,      0.9092169375,       3.886030731,       1.959763971,       5.042651433
          0,           0,         123,      -1.979660433,          1.095424,      0.9808978495,       3.947189441,       2.009155747,       5.142021817
          0,           0,         124,      -1.911534267,       1.150040362,      0.9980923393,       4.023832135,       1.952712631,        5.18830743
          0,           0,         125,      -1.939495789,       1.127833126,      0.9549699427,       3.993038935,       1.917053964,       5.040407858
          0,           0,         126,       -2.08420944,      0.9579681039,      0.8965846143,       3.826256705,       1.898841722,       4.616391139
          0,           0,         127,      -2.199572606,      0.8448989822,      0.7560382403,       3.689826607,       1.923095116,        4.47857013
          0,           0,         128,      -2.204139875,      0.8683336134,      0.8093265125,       3.692549679,       1.951608427,       4.476835493
          0,           0,         129,      -2.178338169,      0.9294177138,      0.8397673441,       3.724193614,       1.985743659,       4.599831627
          0,           0,         130,      -2.219621492,      0.8456463644,      0.8583859841,       3.681592278,       1.957368704,        4.54158618
          0,           0,         131,       -2.20040392,      0.8707554586,      0.8236464238,       3.675959847,       1.986137633,       4.517393988
          0,           0,         132,      -2.183426473,       0.917611948,      0.8662843121,       3.691535409,       2.022007069,       4.654030821
          0,           0,         133,      -2.119073287,      0.9954979977,      0.9287870859,       3.780424389,       1.991383038,       4.639777989
          0,           0,         134,      -2.168554794,      0.8853744782,      0.8734265126,       3.723062767,        1.98003897,        4.44146985
          0,           0,         135,      -2.218706798,      0.8584480009,      0.7310315929,       3.634883716,       2.004279378,       4.232849023
          0,           0,         136,      -2.282169672,       0.647256283,      0.7962638277,       3.574898154,       2.033478437,       4.314393577
          0,           0,         137,      -2.204200713,       0.867490502,      0.8534512684,       3.667512802,       2.066692269,       4.440603849
          0,           0,         138,       -2.13753297,      0.9602983764,      0.8693836745,       3.749058326,       2.106932204,       4.598014158
          0,           0,         139,      -2.127477982,      0.9726990927,      0.8915419155,       3.763379102,       2.068172281,       4.645128222
          0,           0,         140,       -2.15446583,      0.9021538034,      0.8696598954,       3.730445276,       2.052857905,       4.498214752
          0,           0,         141,      -2.176115661,      0.8735172884,      0.7982218163,       3.700427896,       2.049884095,         4.0580898
          0,           0,         142,      -2.219751466,      0.7899380507,      0.6252148774,       3.630851627,        2.07048886,       3.857550133
          0,           0,         143,      -2.254165463,      0.6596023287,      0.7035415399,       3.599688336,       2.094753915,       3.918571605
          0,           0,         144,      -2.253379428,      0.6740435672,      0.7651663215,       3.596971651,       2.123743035,       4.260062226
          0,           0,         145,      -2.242036521,       0.694631879,       0.831063467,       3.619074763,       2.157752588,       4.371772198
          0,           0,         146,      -2.199094103,      0.8258908406,      0.8804356274,       3.670210604,       2.197158613,       4.428916145
          0,           0,         147,      -2.140242712,      0.9116087445,      0.8981035597,       3.736011514,       2.160652329,       4.405956451
          0,           0,         148,      -2.150058418,      0.9116027907,      0.8327124499,       3.711787554,       2.146892228,       4.249130526
          0,           0,         149,      -2.195459573,      0.7327934597,      0.7175036306,       3.654684517,        2.14494449,       3.921568256
          0,           0,         150,      -2.170701981,      0.8245719269,      0.6524950727,       3.680978565,       2.165239804,       4.050922603
          0,           0,         151,      -2.158440278,      0.8612597917,      0.7083687595,       3.697156927,       2.188615856,       3.911648471
          0,           0,         152,      -2.149256919,      0.8856425621,      0.8030043824,       3.697148911,       2.216182457,       4.274454162
          0,           0,         153,      -2.138224755,      0.9169257371,      0.8772300545,       3.724658414,       2.204932977,       4.111023816
          0,           0,         154,      -2.160961322,      0.8136656913,      0.7066450643,       3.695886591,       2.202960701,       3.721030144
          0,           0,         155,      -2.161702279,      0.8158789568,      0.7052274594,       3.687113486,       2.220229095,       3.879031916
          0,           0,         156,      -2.170400077,      0.7557100629,      0.7303143034,       3.684976332,       2.238089714,       4.054719499
          0,           0,         157,      -2.147204325,      0.8484047858,      0.8057754832,       3.704652776,       2.260052713,       4.235966447
          0,           0,         158,      -2.127861547,      0.8975258883,      0.8661953261,       3.725627959,       2.249032061,       3.858643917
          0,           0,         159,      -2.134539978,      0.8540677019,       0.727120004,       3.715782192,       2.247207423,       3.682517195
          0,           0,         160,      -2.150467044,      0.7926604701,      0.7196976268,       3.701125671,       2.261869525,       3.378392321
          0,           0,         161,      -2.138271853,      0.8153646155,      0.7285981036,       3.711076423,       2.278946672,       3.991948088
          0,           0,         162,      -2.137228004,      0.8197050124,       0.785177621,       3.715372159,       2.275876506,       3.664070757
          0,           0,         163,      -2.121967562,      0.8698095363,      0.7177888182,       3.728422123,        2.28275469,       3.624660367
          0,           0,         164,      -2.119787177,      0.8474637781,      0.6522618683,       3.728774107,       2.291665903,       3.575613793
          0,           0,         165,      -2.128609055,       0.808598859,      0.7349107573,       3.720524605,       2.300353647,       3.603669103
          0,           0,         166,      -2.123415679,      0.8170275348,      0.7152602951,       3.725534105,       2.308687897,       3.532587631
          0,           0,         167,      -2.118821235,      0.8202516361,       0.680832667,       3.730555784,       2.316696232,       3.610237748
          0,           0,         168,       -2.11199249,      0.8415296374,      0.6907407267,       3.741672627,       2.324413738,       3.539322316
          0,           0,         169,      -2.105080084,      0.8496528951,       0.710434885,       3.746697291,       2.331881366,       3.518655791
          0,           0,         170,      -2.102256714,      0.8512030911,      0.7079987978,       3.749094331,       2.339110966,       3.423356293
          0,           0,         171,      -2.097104747,      0.8537530046,      0.7003391825,       3.755832673,       2.346142412,       3.387294304
          0,           0,         172,      -2.093614619,      0.8554064458,      0.7115706141,       3.758207639,       2.353009875,       3.468699572
          0,           0,         173,      -2.088043945,      0.8600981983,      0.7228557489,       3.763465535,       2.359736965,       3.470715712
          0,           0,         174,       -2.08423172,      0.8638980186,      0.7211947845,       3.768941122,       2.366338871,        3.47588023
          0,           0,         175,      -2.076738317,      0.8691878747,      0.7194309087,       3.777378598,       2.372834275,       3.480264809
          0,           0,         176,      -2.074212423,      0.8737199279,      0.7277176204,        3.77752173,       2.379249306,       3.487521545
          0,           0,         177,       -2.06996193,      0.8750684362,      0.7353749306,        3.78331579,       2.385602778,       3.465344127
          0,           0,         178,      -2.065388351,      0.8795345308,      0.7349920133,       3.786632504,       2.391902729,        3.34939268
          0,           0,         179,      -2.059785127,      0.8862432736,       0.734411088,       3.792381954,       2.398158574,       3.360684621
          0,           0,         180,      -2.054451503,      0.8981628663,      0.7421264836,       3.798211208,       2.404394486,       3.364772115
          0,           0,         181,      -2.048917102,      0.9040385042,      0.7470908945,       3.805890689,       2.410549467,       3.431002636
          0,           0,         182,      -2.047951138,      0.8905455105,      0.7483872008,       3.803916913,       2.416651524,       3.292483514
          0,           0,         183,      -2.045015715,      0.8901026038,      0.7510163265,       3.804885598,       2.422753684,        3.06998313
          0,           0,         184,       -2.03977711,      0.8994003376,      0.7566034323,       3.812436231,        2.42887259,       3.293136566
          0,           0,         185,      -2.034874233,      0.9058632234,      0.7587315758,        3.81739583,       2.435022738,       3.212046433
          0,           0,         186,      -2.029129355,      0.9214100266,      0.7614722531,       3.822930403,       2.441209013,       3.394255987
          0,           0,         187,      -2.023481948,      0.9271225539,      0.7653427666,       3.831042611,       2.447434443,       3.362402678
          0,           0,         188,      -2.022525925,      0.9220910173,       0.769219196,       3.829357855,        2.45369972,       3.303692424
          0,           0,         189,      -2.018681657,      0.9237133549,      0.7737061516,       3.833167303,       2.460030126,       3.224499974
          0,           0,         190,      -2.012565303,      0.9389663976,      0.7762916246,       3.839875651,       2.466377742,       3.349974966
          0,           0,         191,      -2.007302407,      0.9451520141,      0.7782253833,       3.846931936,       2.472737177,       3.382353434
          0,           0,         192,      -2.005301772,      0.9414391131,      0.7838158603,        3.84724067,       2.479077032,        3.27553991
          0,           0,         193,      -2.001682982,      0.9438558314,      0.7888812338,       3.850325792,       2.485354586,       3.282548164
          0,           0,         194,      -1.995170772,      0.9576064039,      0.7917699848,       3.859152296,       2.491584823,       3.353066097
          0,           0,         195,        -1.9901479,      0.9633735234,      0.7926168306,       3.863655627,       2.497750801,       3.407269079
          0,           0,         196,      -1.987761955,      0.9558268529,      0.7994915096,       3.864474041,       2.503838773,       3.282148863
          0,           0,         197,      -1.983639119,       0.956665915,      0.8061733074,       3.869223815,       2.509842876,       3.170613808
          0,           0,         198,        -1.9779125,      0.9665521274,       0.808732397,       3.874683838,       2.515753102,       3.282380093
          0,           0,         199,      -1.972549575,       0.972699906,      0.8099363477,       3.880364225,       2.521593682,       3.283931227
          0,           0,         200,      -1.966619978,      0.9842957792,       0.817359756,       3.888015279,       2.527383472,       3.377040064
          0,           0,         201,      -1.961178072,      0.9898798361,       0.823194239,       3.893242173,       2.533139678,       3.415578376
          0,           0,         202,      -1.959329362,      0.9831859832,      0.8257496878,       3.892962499,       2.538865742,       3.310401291
          0,           0,         203,      -1.955202518,      0.9842497598,      0.8301315365,       3.897452388,       2.544557332,       3.121812151
          0,           0,         204,       -1.95029888,      0.9912676106,      0.8358379746,       3.901617871,        2.55022084,       3.253280751
          0,           0,         205,      -1.943930829,      0.9971725044,      0.8403829534,       3.909481409,       2.555862197,       3.243692074
          0,           0,         206,      -1.939309898,       1.008214658,      0.8439692242,       3.913878059,       2.561515926,       3.366218106
          0,           0,         207,      -1.934107193,       1.014233013,      0.8479766548,       3.920436836,       2.567156727,       3.376258947
          0,           0,         208,      -1.930401371,        1.01390888,      0.8534422274,       3.922618996,       2.572776206,       3.319901886
          0,           0,         209,      -1.925952232,       1.017269428,      0.8578811162,       3.926343038,       2.578379539,       3.276227163
          0,           0,         210,      -1.919935944,       1.027818612,      0.8622422811,       3.934090054,       2.583967028,       3.366357395
          0,           0,         211,      -1.914224444,       1.033881855,      0.8656606955,       3.939936683,        2.58954539,       3.454135553
          0,           0,         212,      -1.911405226,       1.028034535,      0.8717297636,       3.941444499,       2.595125363,       3.361491286
          0,           0,         213,      -1.907377297,        1.02936768,      0.8774039116,       3.945263788,       2.600684808,       3.131732646
          0,           0,         214,      -1.902203379,       1.033866725,      0.8812613166,       3.950104727,       2.606219604,         3.1865369
          0,           0,         215,      -1.897289161,       1.038032823,      0.8837430961,       3.954959558,       2.611710611,       3.188856984
          0,           0,         216,      -1.892263934,       1.042317661,      0.8901499487,       3.960909582,       2.617165711,       3.199723336
          0,           0,         217,      -1.887085695,       1.046700909,      0.8959494045,       3.965718202,       2.622302883,        3.18803638
          0,           0,         218,      -1.882397013,        1.05108187,      0.8995577052,       3.969982875,       2.626822895,       3.190842505
          0,           0,         219,      -1.877435152,       1.055458062,       0.902796442,       3.975586781,       2.631392933,       3.146523027
          0,           0,         220,      -1.872156408,       1.060168164,      0.9089104731,       3.980585971,       2.635995635,       3.200443509
          0,           0,         221,      -1.867187901,       1.065145354,       0.913754226,        3.98512017,       2.640648667,       3.204488005
          0,           0,         222,      -1.861739942,       1.071510028,      0.9181938266,       3.990790581,       2.645339853,       3.259730459
          0,           0,         223,      -1.856098229,       1.077732814,      0.9219826233,       3.997477873,        2.65005991,       3.318741893
          0,           0,         224,      -1.850480558,       1.086237014,      0.9276994857,       4.002618223,       2.654806061,       3.353748183
          0,           0,         225,      -1.844242204,       1.094449544,      0.9324775521,       4.010069329,       2.659576607,       3.532975532
          0,           0,         226,      -1.840882227,       1.090261964,      0.9371780778,       4.012863551,       2.664353654,       3.453346274
          0,           0,         227,       -1.83701827,       1.092620121,      0.9422555849,       4.016616858,       2.669166274,       3.141935839
          0,           0,         228,      -1.832491406,       1.096276401,      0.9469210339,       4.021761657,       2.674015063,       3.321007106
          0,           0,         229,      -1.826032513,       1.107967787,      0.9508217958,       4.028510842,       2.678905841,       3.437421588
          0,           0,         230,      -1.821141437,       1.112064948,        0.95619646,       4.033075562,       2.683827666,       3.218741585
          0,           0,         231,      -1.816565426,       1.111238959,      0.9621522042,       4.038224997,       2.688779496,       3.183780579
          0,           0,         232,      -1.812425021,        1.11384281,      0.9666432669,       4.041349876,       2.693744019,       3.285253103
          0,           0,         233,      -1.806855497,       1.121271063,      0.9707305633,        4.04713156,       2.698745757,       3.270439861
          0,           0,         234,      -1.801629243,       1.126466748,      0.9764211015,       4.053265481,       2.703778927,       3.182895782
          0,           0,         235,      -1.795981812,       1.134814329,      0.9816194514,       4.058683255,       2.708827095,       3.281888887
          0,           0,         236,       -1.79015557,       1.142693508,      0.9863869403,       4.064328455,       2.713878521,       3.447575914
          0,           0,         237,       -1.78648978,       1.140109966,      0.9907469532,       4.067521365,       2.718924254,       3.473024353
          0,           0,         238,      -1.781298487,       1.143561043,      0.9973387899,        4.07256185,       2.723975643,       3.368318147
          0,           0,         239,      -1.775911063,       1.147350456,       1.003047395,       4.078369418,       2.729039961,        3.34631717
          0,           0,         240,      -1.770313348,       1.156947365,       1.007461965,       4.084222811,       2.734110835,       3.463194105
          0,           0,         241,      -1.764863069,       1.161441847,       1.011830904,       4.089710394,        2.73918254,       3.422115936
          0,           0,         242,      -1.759760886,       1.166187817,       1.017852955,       4.094245985,       2.744274436,       3.402161934
          0,           0,         243,       -1.75470808,       1.169773513,       1.023453783,       4.099487944,       2.749350436,       3.342472794
          0,           0,         244,      -1.749051409,       1.175871503,       1.028201747,       4.105068236,       2.754417731,       3.389356006
          0,           0,         245,      -1.743801853,        1.18064368,       1.032553961,        4.11022168,       2.759471354,       3.383009278
          0,           0,         246,      -1.738675648,       1.184757374,        1.03853935,       4.115044457,       2.764491251,       3.379688673
          0,           0,         247,      -1.733464351,        1.18877337,       1.044007667,        4.12006126,       2.769387694,        3.38478705
          0,           0,         248,      -1.728135582,       1.193893539,       1.048816446,       4.125639627,       2.774231319,       3.396687864
          0,           0,         249,      -1.723047804,        1.19748069,       1.053511988,       4.130232559,       2.779080983,       3.399299405
          0,           0,         250,      -1.717732148,       1.202313799,       1.059494016,       4.135460384,       2.783918343,       3.357420266
          0,           0,         251,      -1.712309676,       1.207530911,       1.064720075,       4.141289748,       2.788739484,       3.411812845
          0,           0,         252,      -1.706751445,        1.21421005,       1.069754355,       4.146706299,       2.793542748,       3.434671663
          0,           0,         253,      -1.701050896,       1.221217362,        1.07448185,       4.152385037,       2.798319621,       3.533623357
          0,           0,         254,      -1.696874385,       1.220333389,       1.080508444,       4.156071094,       2.803087578,       3.451799612
          0,           0,         255,      -1.691798226,       1.223985655,       1.086277381,       4.160528587,       2.807831651,       3.176125426
          0,           0,         256,      -1.686781467,       1.227921669,       1.091066299,       4.165300717,       2.812557842,       3.362536617
          0,           0,         257,      -1.680556718,       1.237827579,       1.095519818,       4.171867435,       2.817259024,       3.524729491
          0,           0,         258,      -1.675453743,       1.241617887,       1.101568586,       4.176612828,       2.821881041,       3.246875681
          0,           0,         259,      -1.670826913,       1.242626862,        1.10736639,       4.180817247,        2.82644269,       3.221023936
          0,           0,         260,      -1.665869378,       1.245893595,       1.112467688,       4.186081724,       2.830949769,       3.294149885
          0,           0,         261,      -1.659988059,       1.253715894,       1.117270368,       4.191891164,       2.835422364,        3.35903659
          0,           0,         262,      -1.654180922,       1.261226482,       1.123172616,        4.19802834,        2.83985304,       3.502689466
          0,           0,         263,      -1.649711823,       1.260831284,       1.128622464,       4.201890525,       2.844250463,       3.564606425
          0,           0,         264,      -1.644662654,       1.263508304,       1.134086235,       4.206942515,       2.848648647,         3.4475682
          0,           0,         265,       -1.63952376,        1.26690004,       1.139487466,       4.212046771,       2.853045308,       3.431158735
          0,           0,         266,      -1.633945332,       1.272653712,       1.145140465,       4.217561678,       2.857377222,        3.46863231
          0,           0,         267,      -1.628571845,       1.276813004,       1.150468316,        4.22300604,       2.861646709,       3.487658235
          0,           0,         268,      -1.622729692,       1.284298234,       1.156384369,       4.229307549,       2.865854917,       3.530489331
          0,           0,         269,      -1.617296509,       1.288392345,       1.162072022,       4.234147355,       2.870033563,       3.506529276
          0,           0,         270,      -1.612454851,       1.289161933,       1.167723059,       4.238732004,       2.874032999,       3.419831816
          0,           0,         271,      -1.607270145,       1.292007306,       1.173555344,       4.244337942,       2.877608185,       3.291522478
          0,           0,         272,      -1.601568616,       1.296722685,       1.179249046,       4.249932796,       2.881141533,       3.363995628
          0,           0,         273,       -1.59565445,       1.301473372,       1.184783382,       4.256030167,       2.884635637,       3.361579775
          0,           0,         274,      -1.589479057,       1.307340043,       1.190814568,       4.262572117,       2.888114933,       3.427810196
          0,           0,         275,      -1.583175549,        1.31244874,       1.196514174,       4.268895155,       2.891586491,       3.485076166
          0,           0,         276,       -1.57725694,        1.31568962,       1.202251427,       4.274642947,        2.89505278,       3.434355526
          0,           0,         277,      -1.571069242,       1.320133445,       1.208051214,       4.281022326,       2.898481365,        3.41604841
          0,           0,         278,       -1.56450259,       1.325916784,       1.214125734,       4.287723102,       2.901860006,       3.445153703
          0,           0,         279,       -1.55814651,       1.330796633,       1.219798328,       4.294074115,       2.905251555,       3.489300685
          0,           0,         280,       -1.55238629,       1.333553423,       1.225639721,       4.299608505,       2.908705854,       3.420678278
          0,           0,         281,      -1.546339123,       1.337659593,       1.231610886,       4.305391573,       2.912207345,       3.368540035
          0,           0,         282,      -1.540218865,       1.343345331,       1.237258436,       4.311582475,       2.915701701,       3.438220884
          0,           0,         283,      -1.534346043,       1.347783083,       1.242563487,       4.317443864,       2.919163499,       3.449261968
          0,           0,         284,      -1.528673537,       1.351146205,       1.248619072,       4.323102086,       2.922622431,       3.409730464
          0,           0,         285,      -1.522956118,       1.355053364,       1.254663575,       4.328690492,       2.926072358,       3.392066828
          0,           0,         286,      -1.516999872,       1.360386839,       1.260440362,       4.334743298,       2.929474165,       3.449926411
          0,           0,         287,      -1.511288607,       1.364554629,       1.266006343,       4.340635334,       2.932853455,       3.458093991
          0,           0,         288,      -1.505933278,       1.367110847,       1.272169609,       4.345717789,       2.936197999,       3.400951129
          0,           0,         289,      -1.500623648,       1.370594261,       1.278162977,       4.350825378,       2.939504387,       3.365835693
          0,           0,         290,      -1.495121491,       1.375680047,       1.283763175,       4.356507296,       2.942773706,       3.450812186
          0,           0,         291,      -1.489893216,       1.379533977,       1.289037734,       4.361619173,       2.946004967,       3.446027463
          0,           0,         292,      -1.484779769,       1.382497914,       1.295060947,       4.366528425,        2.94919454,       3.414517321
          0,           0,         293,      -1.479579704,       1.385912506,       1.300988216,       4.371776893,       2.952336432,        3.39826512
          0,           0,         294,      -1.474246217,       1.390528408,       1.306474828,       4.377044067,       2.955414836,       3.458208383
          0,           0,         295,      -1.469026058,       1.394176811,       1.311818516,       4.382200657,       2.958425399,       3.468502762
          0,           0,         296,       -1.46421494,       1.395971882,        1.31783076,       4.386954214,       2.961352466,       3.408620327
          0,           0,         297,      -1.459464111,       1.398698849,       1.323783533,       4.391483167,       2.964204281,       3.354865742
          0,           0,         298,      -1.454575007,        1.40262418,       1.329306338,       4.396462815,       2.967001855,       3.417949223
          0,           0,         299,      -1.449759403,       1.405738809,       1.334661403,       4.401212555,       2.969746368,       3.405437234
          0,           0,         300,      -1.444926535,       1.409458717,       1.340594402,       4.406058705,       2.972446738,        3.42611771
          0,           0,         301,       -1.44030192,       1.412294188,       1.346208451,       4.410775062,       2.975096933,       3.458382685
          0,           0,         302,      -1.435378397,       1.415760405,       1.351583936,       4.415709856,       2.977720428,         3.4437162
          0,           0,         303,      -1.430421728,       1.419029188,       1.356710956,       4.420724983,       2.980316385,       3.466800442
          0,           0,         304,      -1.425543546,       1.422322552,       1.361891726,       4.425806597,       2.982872062,       3.448679659
          0,           0,         305,       -1.42069825,       1.425620642,       1.366753843,       4.430678107,       2.985379603,       3.454659822
          0,           0,         306,      -1.415852666,       1.429060157,       1.371432804,       4.435604633,       2.987823789,       3.462049631
          0,           0,         307,      -1.411048027,       1.432411606,       1.376030602,       4.440593902,        2.99022609,       3.445190098
          0,           0,         308,      -1.406294712,       1.435847904,       1.380932577,       4.445389976,       2.992558563,       3.473208238
          0,           0,         309,      -1.401519314,       1.439194992,       1.385557523,       4.450250606,        2.99483604,       3.455960367
          0,           0,         310,      -1.396685279,        1.44268162,       1.390076166,       4.455276962,          2.997075,       3.472278708
          0,           0,         311,       -1.39197952,       1.445985447,       1.394428106,       4.459980153,       2.999277414,       3.462153998
          0,           0,         312,      -1.387330243,        1.44938889,       1.398881386,       4.464663364,       3.001447837,       3.470015095
          0,           0,         313,       -1.38287732,       1.452438121,       1.403198267,         4.4692188,       3.003594044,       3.468170063
          0,           0,         314,      -1.378511758,       1.455583012,        1.40748263,       4.473567609,       3.005709951,       3.459224347
          0,           0,         315,      -1.374137653,       1.458659863,       1.411869643,       4.477953117,       3.007804212,       3.470487903
          0,           0,         316,      -1.369946721,        1.46174109,       1.416404864,       4.482200749,       3.009869821,       3.459031319
          0,           0,         317,      -1.365961266,       1.464521251,       1.420853427,       4.486075243,       3.011934344,       3.474577952
          0,           0,         318,      -1.362039421,       1.467349776,       1.425289369,       4.489921501,       3.014009741,       3.458214092
          0,           0,         319,      -1.358434694,       1.469509597,       1.429549902,       4.493337852,       3.016080679,       3.471926343
          0,           0,         320,       -1.35485317,       1.471984807,       1.433885023,         4.4967838,       3.018134033,       3.460233595
          0,           0,         321,      -1.350959684,       1.474715301,       1.438224248,       4.500492722,       3.020180297,        3.47098749
          0,           0,         322,      -1.346646872,       1.478148202,       1.442403907,       4.504724999,       3.022220064,       3.464655937
          0,           0,         323,      -1.342041669,       1.481724872,       1.446609487,       4.509387613,        3.02425384,       3.469605291
          0,           0,         324,      -1.337248615,        1.48552014,        1.45102833,        4.51414415,       3.026277529,       3.470460857
          0,           0,         325,      -1.332244926,       1.489330272,       1.455564792,       4.519157906,       3.028288884,       3.470473841
          0,           0,         326,      -1.327005221,       1.493448066,       1.460312203,        4.52451978,       3.030282739,       3.475120324
          0,           0,         327,      -1.321710139,       1.497565731,       1.465193168,       4.529766458,       3.032240191,       3.470800743
          0,           0,         328,      -1.316319817,       1.501842889,       1.470297578,       4.535178968,       3.034190137,       3.478189165
          0,           0,         329,       -1.31078498,       1.506112774,       1.475384506,       4.540818958,       3.036189539,       3.472571424
          0,           0,         330,      -1.305219698,       1.510339454,        1.48060046,       4.546351493,       3.038206374,       3.480175306
          0,           0,         331,      -1.299486218,       1.514500253,       1.485959021,       4.552136698,       3.040232006,       3.475526878
          0,           0,         332,      -1.293620462,       1.518810508,       1.491476217,       4.557999457,       3.042255037,       3.482686861
          0,           0,         333,      -1.287643509,       1.523067074,       1.497119527,       4.563982459,       3.044263295,       3.479945439
          0,           0,         334,      -1.281728822,       1.527245425,       1.502910242,       4.569960707,       3.046251834,       3.483966118
          0,           0,         335,       -1.27627642,       1.530701825,       1.508598243,       4.575299648,       3.048202626,       3.482668137
          0,           0,         336,      -1.270898646,        1.53404498,       1.514585118,       4.580584773,       3.050004048,       3.483760238
          0,           0,         337,      -1.265563292,       1.537074566,       1.520738729,       4.585889363,       3.051802073,       3.485293231
          0,           0,         338,      -1.260058052,       1.540359002,       1.526868673,       4.591325885,       3.053590137,       3.486571982
          0,           0,         339,      -1.254285191,       1.543947242,       1.533014147,         4.5970869,       3.055367849,       3.491504733
          0,           0,         340,       -1.24820955,        1.54818768,       1.539092112,       4.603235229,       3.057132871,       3.492622158
          0,           0,         341,      -1.242455901,       1.551930654,       1.544763713,       4.608868381,       3.058902561,       3.497899792
          0,           0,         342,      -1.236868808,       1.555502152,       1.550509056,       4.614401418,       3.063752145,       3.581103846
          0,           0,         343,      -1.231985186,       1.558812549,       1.555463968,        4.61910448,       3.069072214,       3.801407716
          0,           0,         344,      -1.227013141,       1.563392707,       1.559577039,       4.624286968,       3.075264545,       3.941268411
          0,           0,         345,      -1.219712835,       1.572192273,       1.567389422,       4.633272802,       3.082659067,        4.19197264
          0,           0,         346,      -1.209941986,       1.582513926,       1.580029726,       4.646318288,       3.091320415,       4.366312316
          0,           0,         347,       -1.20364077,       1.583874422,       1.598795449,       4.655570035,       3.101289481,       4.526911739
          0,           0,         348,      -1.179568181,       1.609785827,        1.62787437,       4.686320121,       3.115699788,       4.699384643
          0,           0,         349,       -1.13708257,       1.656952041,       1.675672799,         4.7361748,       3.141932986,       4.781456433
          0,           0,         350,      -1.056356256,       1.738990312,        1.75759017,       4.828140032,       3.188603781,       4.786833134
          0,           0,         351,     -0.9920931494,       1.781999836,       1.844487459,       4.903729961,       3.261776752,       4.643046123
          0,           0,         352,     -0.8648809015,       1.891097632,       1.988389185,       5.042621672,       3.170939196,       4.682904246
          0,           0,         353,     -0.9451766395,       1.788866046,       1.899621157,       4.946705086,       3.225513179,         4.8132474
          0,           0,         354,     -0.9361342193,        1.80752276,       1.909348239,       4.960193433,       3.215029709,        4.87706875
          0,           0,         355,     -0.9243805384,       1.814964507,       1.927189373,       4.974243584,       3.112352593,       4.888576217
          0,           0,         356,     -0.9505805678,       1.787982649,       1.888917005,        4.93771701,       3.152292634,       4.930858798
          0,           0,         357,     -0.9446033289,       1.796341394,       1.898858233,       4.945908854,       3.198870422,       5.055277769
          0,           0,         358,     -0.8537846024,       1.886349955,       2.002870944,        5.04959082,       3.093807334,       5.123636169
          0,           0,         359,     -0.9193873904,       1.812193004,       1.930381702,       4.970926374,        3.13957394,       5.240172481
          0,           0,         360,     -0.8945690065,       1.849842564,       1.960674699,       5.003384562,        3.18802516,       5.283029089
          0,           0,         361,     -0.7832216676,       1.964575242,       2.088457784,       5.129923745,       3.077480734,       5.309253075
          0,           0,         362,     -0.7698796877,       1.985741315,       2.091581541,       5.141301618,       3.117087177,       5.300102586
          0,           0,         363,     -0.7605516242,          1.989759,        2.10607002,       5.151539026,        3.16266677,       5.301788044
          0,           0,         364,      -0.664281303,       2.083607303,       2.218705057,       5.258273732,       3.048795959,       5.311996832
          0,           0,         365,     -0.6895742237,       2.063609162,       2.178851977,       5.225542218,         3.0795299,       5.312225392
          0,           0,         366,     -0.6653652727,       2.080247716,       2.204333926,       5.250743899,       3.119003679,       5.343180309
          0,           0,         367,     -0.6181682222,       2.143669288,       2.251641474,       5.304327665,        2.99541608,       5.332711608
          0,           0,         368,     -0.6268849712,       2.133409831,       2.245903734,       5.294164623,       3.017193057,       5.332708473
          0,           0,         369,     -0.6301399338,       2.118768314,       2.244120247,       5.289565492,       2.974237283,       5.323186575
          0,           0,         370,      -0.622212607,       2.147225166,       2.241003044,       5.297742467,       2.935158379,       5.337329145
          0,           0,         371,     -0.5628769997,       2.194508664,       2.311183911,       5.361645828,       2.958217537,       5.357145713
          0,           0,         372,     -0.5689915403,       2.180539168,       2.307540507,       5.352039487,        2.81271894,       5.358434302
          0,           0,         373,     -0.6589618104,       2.084972701,       2.203919963,       5.253935804,       2.807392548,        5.32209468
          0,           0,         374,     -0.6861628392,       2.076616463,       2.176362601,       5.229124028,       2.729970392,       5.344207335
          0,           0,         375,      -0.625932719,       2.151803306,       2.243858467,       5.295688924,       2.660735832,         5.3388938
          0,           0,         376,     -0.6334907637,        2.13483827,       2.237946889,       5.285841747,       2.641475865,       5.360337191
          0,           0,         377,     -0.6603153982,       2.100393642,       2.206468717,       5.256014426,       2.469915191,       5.360566742
          0,           0,         378,     -0.8409564744,       1.926525971,       2.011301137,       5.066551472,       2.454064645,       5.360655347
          0,           0,         379,     -0.8673007852,        1.93948475,       1.973610939,       5.043681058,       2.404785984,       5.350942334
          0,           0,         380,     -0.8889767441,       1.910987537,       1.967423525,       5.026309888,       2.407556565,       5.360631998
          0,           0,         381,      -0.996815095,       1.802079853,       1.855444971,       4.914741594,       2.441076387,       5.344263908
          0,           0,         382,      -1.198803839,       1.602423193,       1.658538123,        4.71412341,       2.385918919,       5.333630408
          0,           0,         383,      -1.501441107,       1.386424584,       1.328905706,        4.40084136,       2.466265539,       5.302415703
          0,           0,         384,      -1.622245817,       1.327641699,       1.228521368,        4.28054827,       2.408394896,       5.302386232
          0,           0,         385,        -1.6448485,       1.316534431,       1.161976482,       4.244824144,       2.470493782,       5.264905034
          0,           0,         386,      -1.596696607,       1.358297203,       1.214617199,       4.295314334,       2.543280486,       5.305146152
          0,           0,         387,      -1.427826069,       1.530953021,       1.371892076,       4.462690241,        2.47152364,       5.298116102
          0,           0,         388,      -1.450159156,       1.482137828,       1.323691954,       4.433661347,       2.535139261,        5.29447765
          0,           0,         389,       -1.45213943,       1.483029134,       1.390869794,       4.435951832,       2.544369968,       5.295486834
          0,           0,         390,      -1.279719686,       1.670722372,        1.46339222,       4.606938994,       2.555056124,       5.307775036
          0,           0,         391,      -1.222512125,       1.725583067,       1.484491588,       4.657815178,       2.628569905,       5.315760437
          0,           0,         392,      -1.129998709,       1.835513541,       1.627916935,       4.753797356,       2.533375363,       5.313034044
          0,           0,         393,      -1.159378742,       1.779686185,       1.553115836,         4.7185815,       2.591432098,       5.290508643
          0,           0,         394,      -1.175767805,       1.779229743,       1.572361975,       4.700813586,       2.585911297,       5.322356989
          0,           0,         395,      -1.115326804,       1.845111984,       1.624574432,       4.762988151,       2.494614159,       5.298041403
          0,           0,         396,      -1.170944853,       1.733426316,       1.528365567,       4.703098083,       2.540034651,       5.285998356
          0,           0,         397,      -1.243175102,       1.650028982,       1.553159466,       4.619909603,       2.589276701,       5.288069364
          0,           0,         398,      -1.068236976,       1.877437029,       1.667235463,       4.811155878,       2.485386432,       5.296689357
          0,           0,         399,      -1.108384937,       1.810016216,       1.581336281,       4.758092891,       2.535019346,       5.291038369
          0,           0,         400,      -1.138766514,       1.770953715,       1.606229611,       4.724009898,       2.587085583,       5.326204568
          0,           0,         401,      -1.024292486,       1.935311666,       1.727103312,       4.847330707,       2.471668455,       5.317868574
          0,           0,         402,      -1.010005002,       1.936495762,       1.648992329,       4.852673253,       2.522592357,       5.315395659
          0,           0,         403,      -1.084553889,       1.847423008,       1.656750376,       4.777371998,       2.575919536,       5.318489581
          0,           0,         404,     -0.9534915703,        2.01501959,       1.751189941,       4.920389314,        2.45088854,       5.324601443
          0,           0,         405,      -1.062002456,       1.865258913,       1.658766576,       4.801355199,       2.501537073,       5.317643827
          0,           0,         406,      -1.053177211,       1.876977454,       1.668680749,       4.810511264,       2.478809916,       5.340273606
          0,           0,         407,      -1.062998482,       1.887854288,       1.649469944,        4.80706931,       2.537244128,       5.343351494
          0,           0,         408,     -0.9800319111,       1.967434545,       1.752515017,       4.894233555,       2.400393768,       5.345074479
          0,           0,         409,      -1.031582861,       1.919700629,       1.666396082,       4.832715869,       2.447929786,       5.310908366
          0,           0,         410,      -1.004316264,       1.947160932,       1.688153807,       4.865391884,       2.316937512,       5.308839993
          0,           0,         411,      -1.094811418,       1.842144429,       1.592549638,        4.76117032,        2.23828009,       5.222896758
          0,           0,         412,      -1.192905962,       1.693677234,       1.480622981,       4.647590292,       2.195060868,       5.088552218
          0,           0,         413,      -1.264583544,       1.583753186,       1.401984623,       4.558539408,       2.173573521,       4.679794454
          0,           0,         414,      -1.310306891,       1.512705412,       1.351570471,        4.49940175,       2.165511028,       4.293722389
          0,           0,         415,      -1.335811991,       1.469558433,        1.32462002,       4.467412391,       2.164255431,       3.788772418
          0,           0,         416,      -1.354195886,       1.442177617,       1.314380516,       4.446620347,       2.167312668,       3.840011376
          0,           0,         417,      -1.371085581,       1.417220949,        1.30159967,       4.428194629,       2.169847202,        3.82812569
          0,           0,         418,      -1.386594376,       1.396084753,       1.291059327,       4.411462204,        2.17209239,       3.792640236
          0,           0,         419,      -1.400055307,       1.378588018,       1.283036858,       4.397804158,       2.173840965,        3.82192851
          0,           0,         420,       -1.41200937,       1.361429119,       1.276022508,       4.386190776,       2.175319625,       3.769972211
          0,           0,         421,      -1.422006484,       1.349573826,       1.268480353,        4.37749969,       2.176484512,       3.633178848
          0,           0,         422,      -1.430357659,       1.340584755,       1.261892858,        4.37102386,       2.177436883,        3.55569029
          0,           0,         423,      -1.436741045,       1.334445479,       1.257243648,       4.366875395,       2.178430152,       3.433604687
          0,           0,         424,      -1.441048394,       1.331363828,       1.254118673,       4.365112298,        2.17927331,       3.469066108
          0,           0,         425,       -1.44504397,       1.328927186,       1.250674504,       4.363251519,       2.180176255,       3.424509914
          0,           0,         426,      -1.448024004,       1.326352866,        1.24783433,       4.362088329,       2.181046293,       3.446909076
          0,           0,         427,      -1.450444855,       1.324476209,       1.245820221,       4.361191044,       2.181945946,       3.362570547
          0,           0,         428,      -1.452912094,       1.322720245,       1.243898823,       4.359589016,       2.183115767,       3.365852448
          0,           0,         429,       -1.45379947,       1.324006061,       1.242100776,       4.359702069,       2.184295919,       3.394651169
          0,           0,         430,      -1.454123924,       1.325341287,       1.240612321,       4.360041319,       2.185640576,       3.405154134
          0,           0,         431,      -1.455054983,       1.324724679,        1.23948578,       4.359364396,       2.187042979,       3.416091247
          0,           0,         432,      -1.456206929,       1.324753739,       1.238185784,       4.358212037,        2.18852468,       3.308750762
          0,           0,         433,      -1.457700837,        1.32483363,       1.236205027,       4.356417223,       2.190308065,       3.425769081
          0,           0,         434,      -1.459020946,       1.324470552,       1.234401421,       4.354788375,       2.192068791,       3.354037452
          0,           0,         435,      -1.460088279,       1.324188022,       1.232741068,       4.353408948,       2.193967128,       3.448941383
          0,           0,         436,      -1.460891958,       1.323961699,       1.231100038,       4.352339433,       2.195865406,       3.358371532
          0,           0,         437,      -1.461235398,       1.324943074,       1.228862391,       4.351800981,       2.197776663,       3.322381672
          0,           0,         438,       -1.46209591,       1.324686454,       1.226421797,       4.350653575,       2.202533185,       3.312932174
          0,           0,         439,      -1.459041463,       1.330300827,       1.233051846,       4.355084151,       2.206199362,       3.413657339
          0,           0,         440,      -1.457756804,       1.332486758,        1.23618708,       4.357232788,       2.209796849,       3.253298314
          0,           0,         441,      -1.459059077,       1.331563088,       1.237746043,       4.356160082,       2.213210807,       3.216404058
          0,           0,         442,      -1.459852962,       1.332736994,       1.237880671,       4.355349776,       2.216484663,       3.154360479
          0,           0,         443,      -1.461020133,       1.333500432,       1.237018472,       4.354164114,       2.220011755,       3.319822648
          0,           0,         444,      -1.462235201,       1.333300831,       1.235777283,       4.353094794,       2.223264695,       3.224338207
          0,           0,         445,      -1.463100735,       1.333479034,       1.233528622,       4.352604419,       2.226476301,       3.249774205
          0,           0,         446,      -1.464017548,       1.333835472,       1.230903725,       4.351961717,       2.229534036,       3.253071242
          0,           0,         447,      -1.466122833,       1.332209958,       1.228090856,       4.349743608,        2.23548615,       3.424667923
          0,           0,         448,      -1.476881327,       1.320898088,        1.21911631,       4.337598454,       2.241683323,       3.682599202
          0,           0,         449,       -1.49661002,        1.30610946,       1.201133315,       4.317173724,       2.247594658,       3.806979505
          0,           0,         450,      -1.523118725,       1.290912004,       1.186464805,       4.292122118,       2.253000263,       4.190430699
          0,           0,         451,      -1.555652241,       1.274862775,       1.174575634,       4.266615207,       2.256522769,       4.327727727
          0,           0,         452,      -1.589157901,       1.251551072,       1.174828519,       4.244358426,       2.256892247,       4.519691351
          0,           0,         453,      -1.597047215,       1.262224732,       1.194257883,        4.25406204,       2.254388822,       4.680795661
          0,           0,         454,      -1.559202545,       1.336602204,       1.230818464,       4.306617913,       2.248583351,       4.751095261
          0,           0,         455,      -1.495928702,       1.435807553,       1.284647848,       4.380260322,       2.241469764,        4.78039586
          0,           0,         456,       -1.42963137,       1.514201678,         1.3489422,       4.455123859,       2.242649075,       4.679377036
          0,           0,         457,      -1.340630971,       1.622162921,       1.421950958,       4.547462782,       2.085236802,       4.685044249
          0,           0,         458,      -1.378717081,       1.563856424,       1.323507114,       4.503532597,       1.986508877,       4.682759094
          0,           0,         459,      -1.560549761,       1.331193029,       1.166290734,       4.302805866,       1.995488373,       4.753694313
          0,           0,         460,      -1.656832372,        1.27054988,       1.141324502,       4.210465512,       1.994982979,       4.890110487
          0,           0,         461,      -1.634420872,       1.305408522,       1.191781952,       4.248507291,         2.0083783,       4.930398505
          0,           0,         462,      -1.558577345,        1.39585288,       1.265261214,        4.33307496,       1.961429291,       4.991138499
          0,           0,         463,      -1.502368375,       1.456044222,         1.2612684,       4.387353627,       1.988389712,       5.092321261
          0,           0,         464,      -1.512475665,       1.457262797,       1.268962253,       4.379810051,       1.828035888,       5.186345128
          0,           0,         465,      -1.589041253,       1.371957542,       1.189825183,       4.310664108,       1.864338492,       5.311433922
          0,           0,         466,      -1.732849872,       1.233626953,       1.150682657,        4.17822238,       1.873891636,       5.334529345
          0,           0,         467,      -1.694426499,       1.295551779,       1.184048569,       4.216513081,       1.741851912,       5.321516348
          0,           0,         468,       -1.71492639,       1.269884652,       1.120548641,       4.199592403,         1.7457968,        5.32943051
          0,           0,         469,      -1.806663149,       1.189357183,       1.098917196,        4.11351291,       1.702336581,       5.350021464
          0,           0,         470,      -1.797039646,       1.211474306,       1.089044886,       4.111146019,       1.627448452,       5.335870212
          0,           0,         471,      -1.874349054,       1.156730518,        1.05215524,       4.044169463,       1.597412492,       5.291686484
          0,           0,         472,      -1.908539008,       1.145100687,       1.039458043,       4.027334225,       1.608406908,       5.326727988
          0,           0,         473,      -1.889052563,       1.152849776,       1.059592271,       4.045788615,       1.610097736,       5.343377095
          0,           0,         474,      -1.893698097,       1.148967028,        1.06120343,       4.042350499,       1.590311994,       5.335875774
          0,           0,         475,      -1.941102551,       1.121030554,       1.038416655,       3.989025876,       1.588638887,       5.300177101
          0,           0,         476,      -1.942906106,       1.119175686,       1.033085085,       4.005442048,       1.662366252,        5.33242294
          0,           0,         477,      -1.911037551,       1.138072793,       1.046116006,       4.018671312,        1.64154612,       5.340022001
          0,           0,         478,      -1.927828548,        1.13218368,       1.032980304,       3.987447445,       1.697149099,       5.342201836
          0,           0,         479,      -1.940007567,       1.120573332,       1.041226538,       3.997307307,       1.645707818,       5.313740176
          0,           0,         480,      -1.970025339,       1.094113789,       1.008483194,       3.976482704,       1.689238293,       5.303647781
          0,           0,         481,      -1.980984804,       1.086771099,       1.024857384,       3.955295415,       1.750309291,       5.302772679
          0,           0,         482,      -1.942555525,       1.120941686,       1.048809758,       3.995212145,       1.701053827,       5.311615933
          0,           0,         483,      -1.945563601,        1.11831959,       1.034236466,       3.992845301,       1.755362901,       5.300018407
          0,           0,         484,      -1.939092428,       1.125231127,       1.030278549,       4.003778429,       1.695396211,       5.288031166
          0,           0,         485,      -1.971771717,       1.100676323,       1.013629871,       3.960545621,       1.626752909,        5.16034778
          0,           0,         486,      -2.026484195,       1.029222382,      0.9540445638,       3.902397533,       1.577420312,       5.026067175
          0,           0,         487,      -2.159249936,      0.9432743483,      0.8776995651,       3.761556014,       1.529920781,       4.618292939
          0,           0,         488,      -2.323278016,      0.7900946285,      0.6624409704,       3.567261989,       1.545215975,       4.414775344
          0,           0,         489,      -2.333093514,      0.8177548961,      0.5971483245,       3.548576534,       1.565253101,        4.36621867
          0,           0,         490,      -2.304665898,      0.8593140642,      0.6477119534,       3.585524962,        1.58838251,       4.505172278
          0,           0,         491,      -2.301128632,      0.8612239979,      0.7914540593,       3.599146031,       1.615814656,       4.670622205
          0,           0,         492,      -2.308597793,       0.780271859,      0.8967476256,       3.625603229,       1.657969382,       4.886776589
          0,           0,         493,      -2.140882857,      0.9847555945,       0.934605115,       3.801897105,       1.715702699,       5.007692031
          0,           0,         494,      -2.028049521,       1.062560974,       1.002434884,       3.909159892,       1.791059115,       5.131954081
          0,           0,         495,      -1.928944157,       1.084090261,       1.025939297,        3.99616621,       1.736145298,       5.233354332
          0,           0,         496,      -1.948265429,       1.098054631,      0.9732753761,        3.96167565,       1.791821541,        5.23406263
          0,           0,         497,       -1.94653675,       1.083221849,      0.9828261123,       3.994774367,       1.855322955,       5.283286833
          0,           0,         498,      -1.900876967,        1.08558078,       1.035624336,       4.037680234,        1.78247264,       5.294473055
          0,           0,         499,      -1.906414906,       1.128358075,       1.026313334,       4.023873554,       1.827156164,       5.279968037
          0,           0,         500,      -1.893544555,       1.147107365,       1.054133656,       4.044599968,       1.891050614,       5.321868183
          0,           0,         501,      -1.828062187,       1.191257273,       1.082711216,       4.098985446,       1.808801484,       5.330940536
          0,           0,         502,      -1.842511219,       1.198999243,       1.051617651,       4.075602974,       1.850757317,       5.321124921
          0,           0,         503,      -1.873091085,       1.141122016,       1.058052785,       4.065612999,        1.83791383,       5.302070585
          0,           0,         504,      -1.851969688,       1.164471528,       1.045116866,       4.083232233,        1.75818398,       5.289411692
          0,           0,         505,      -1.918003462,       1.089845476,       1.004095956,       4.005281294,       1.786607979,       5.238006393
          0,           0,         506,      -1.886791658,       1.130881474,       1.022547642,       4.027285705,        1.83143361,       5.281279813
          0,           0,         507,      -1.810326191,       1.204172087,       1.053906046,       4.116873718,       1.752283865,       5.298203911
          0,           0,         508,      -1.851568797,       1.166704319,      0.9985374297,       4.081212206,       1.793225794,        5.29614524
          0,           0,         509,      -1.878702284,       1.132614823,       1.013960601,       4.044083192,       1.827160986,       5.286971731
          0,           0,         510,       -1.81111599,       1.156745504,        1.07567574,       4.115147079,       1.745457379,       5.306483663
          0,           0,         511,       -1.82291135,        1.18201447,       1.048100769,       4.101402122,       1.785254814,       5.309281377
          0,           0,         512,      -1.836697795,       1.186957139,        1.06310475,       4.081505083,       1.703467901,       5.296184055
          0,           0,         513,      -1.894747745,       1.106688711,       1.034412342,       4.034656806,       1.618934748,       5.156584387
          0,           0,         514,      -1.965489746,       1.081039187,      0.9212410448,       3.965687728,       1.560771579,       5.023930121
          0,           0,         515,      -2.118175266,      0.9084512303,      0.8650783533,       3.793052816,        1.50332643,       4.621637683
          0,           0,         516,      -2.260610848,      0.7563335359,      0.7553521899,       3.629193366,       1.488974979,       4.153654872
          0,           0,         517,      -2.346849716,      0.6000017945,      0.5528510795,       3.487729695,       1.496311999,       3.880071407
          0,           0,         518,      -2.379685901,      0.5384081905,      0.6567225897,       3.469366052,       1.504328929,       3.959182374
          0,           0,         519,      -2.314183851,      0.7812306298,      0.6975049889,       3.548714675,        1.51164854,       4.109229512
          0,           0,         520,       -2.24509843,      0.8804380392,       0.778651695,       3.624456989,       1.519294174,       4.377006613
          0,           0,         521,      -2.271111963,      0.8613074021,      0.8208450137,       3.597138934,       1.488236887,       4.331369444
          0,           0,         522,      -2.339761977,       0.740721736,      0.7627179913,       3.531958511,       1.473259972,       3.981600866
          0,           0,         523,      -2.361982915,      0.6989513972,       0.672701574,       3.506119126,       1.479155257,       3.793023054
          0,           0,         524,      -2.409540663,      0.6383614533,      0.7496417201,       3.424947651,       1.486807756,       4.135070933
          0,           0,         525,      -2.355647867,      0.7652324853,      0.8186530405,       3.533344782,       1.494882109,       4.263392338
          0,           0,         526,      -2.305520965,       0.799332921,      0.8300720047,       3.618667515,       1.469854938,       4.263882516
          0,           0,         527,      -2.346495114,      0.7950313431,       0.706201388,        3.56310561,       1.457858557,       3.998478302
          0,           0,         528,      -2.454653365,      0.4909258308,      0.5055745443,       3.410930021,       1.455521844,       3.793501202
          0,           0,         529,      -2.449963684,      0.4278507786,      0.6055894201,       3.399346587,       1.460836791,       3.868913799
          0,           0,         530,      -2.375898806,      0.7016330504,      0.5988505725,       3.496223683,       1.466997648,       4.115620254
          0,           0,         531,       -2.38360169,      0.7208670791,      0.6716589309,       3.503000006,       1.472622902,       4.042818914
          0,           0,         532,       -2.35534936,      0.7659265296,      0.7135179072,       3.505089686,       1.479435245,       4.131191979
          0,           0,         533,      -2.378272543,      0.7282925506,      0.7830934942,       3.499984031,       1.458867686,       4.115169313
          0,           0,         534,      -2.425203882,      0.5964993625,      0.6992712583,       3.435917436,       1.449994446,       3.737544845
          0,           0,         535,       -2.44923276,      0.5637648534,      0.4780701676,       3.397790945,       1.455045151,       3.734953458
          0,           0,         536,      -2.474072088,      0.4900115717,      0.6356889253,       3.401284662,       1.460701349,       3.770793978
          0,           0,         537,      -2.452939991,      0.5949783431,      0.6932928912,        3.44261212,       1.467810397,       4.157705389
          0,           0,         538,       -2.34899158,       0.815330016,      0.7792671272,       3.570483796,       1.476577667,       4.373010984
          0,           0,         539,      -2.325860718,      0.8382273248,      0.8544315052,       3.559077973,       1.447805465,       4.111975435
          0,           0,         540,      -2.422405869,      0.6247375065,      0.7013213611,       3.414527024,       1.436095027,       3.698721134
          0,           0,         541,      -2.481532437,       0.390192894,      0.3492074515,       3.390643919,       1.442327788,       3.672064247
          0,           0,         542,      -2.495625242,       0.402439521,      0.4242786721,       3.381913782,       1.449355315,       3.857421554
          0,           0,         543,      -2.413479022,      0.6705038184,      0.6525890161,       3.496140862,       1.458105303,        4.20261695
          0,           0,         544,      -2.356800639,      0.7719334825,      0.7780371641,       3.544533575,       1.435615465,       3.982266357
          0,           0,         545,      -2.390140567,      0.6915106906,       0.753396153,       3.469453664,       1.427065074,       3.845022872
          0,           0,         546,      -2.499368529,       0.407388267,      0.6137908922,       3.371846498,       1.433185666,       3.941837248
          0,           0,         547,      -2.399443307,      0.6986378558,      0.6352967115,       3.472896915,        1.43944742,       3.927104869
          0,           0,         548,      -2.365849346,      0.7769805095,      0.7157915401,       3.517317746,        1.44694964,       4.122800143
          0,           0,         549,      -2.353254133,      0.8002180431,      0.7883352016,        3.51124633,       1.456269045,       4.363560493
          0,           0,         550,      -2.295295755,      0.8654480123,      0.8601175097,       3.605166804,       1.426701174,       4.232009118
          0,           0,         551,      -2.367999508,      0.7361605856,      0.6716890216,       3.509790707,       1.413321769,       3.883787164
          0,           0,         552,      -2.415320716,      0.6817404916,      0.4545356775,       3.429071934,       1.419536861,       3.895545648
          0,           0,         553,      -2.523574333,      0.3283155682,      0.5771393767,       3.357597726,       1.426815769,       4.069938133
          0,           0,         554,        -2.4134024,      0.7089190858,      0.7364823331,       3.457048644,       1.435291079,       4.318562946
          0,           0,         555,      -2.355623229,      0.7953136385,      0.8371716077,          3.507741,       1.446109112,       4.497381808
          0,           0,         556,      -2.306228268,      0.8650614632,      0.8603926632,       3.572479081,       1.458669857,       4.600670792
          0,           0,         557,      -2.213231939,      0.9689733474,      0.9081333038,       3.684974585,       1.475638717,       4.678611391
          0,           0,         558,      -2.241035503,      0.8807333924,      0.9204040799,       3.682752501,       1.492469309,       4.639096439
          0,           0,         559,      -2.200627641,      0.9475251304,      0.9027715554,       3.740701873,        1.52634973,       4.713421758
          0,           0,         560,      -2.205194196,      0.8548183626,       0.916433328,       3.734264847,       1.421955139,        4.77300434
          0,           0,         561,      -2.255234006,      0.7922374352,      0.9092470591,       3.670279047,       1.349674646,       4.683092748
          0,           0,         562,      -2.257173418,       0.895283309,      0.8865251286,       3.607096471,        1.29671931,       4.407175873
          0,           0,         563,      -2.328905819,      0.7824692169,       0.815299509,       3.527752668,       1.313733177,       4.465069294
          0,           0,         564,      -2.352157454,      0.8275126806,      0.8492068682,       3.552031233,       1.340123342,       4.693724039
          0,           0,         565,      -2.284340324,      0.8956739468,      0.9068058684,       3.602132795,       1.352006118,        4.73830497
          0,           0,         566,      -2.245775741,      0.9354223762,      0.9258860418,       3.704613787,       1.378843444,       4.838353098
          0,           0,         567,      -2.200423286,      0.9435258455,      0.9571738822,       3.743558866,        1.30562873,       4.839872389
          0,           0,         568,      -2.194563886,      0.9144324258,      0.9410960449,        3.70388712,       1.250164956,       4.754208705
          0,           0,         569,      -2.196216344,      0.9254034346,      0.8800510655,        3.70345621,       1.196342963,       4.559055117
          0,           0,         570,      -2.364523755,      0.7207976137,      0.7220914704,       3.540344456,       1.160309855,       4.088136898
          0,           0,         571,      -2.534401586,      0.4553431234,      0.5372415104,       3.344860208,       1.166702538,       3.925808176
          0,           0,         572,      -2.419379986,        0.71390053,      0.6970825208,       3.440237603,       1.178061001,       4.150963048
          0,           0,         573,      -2.373894911,      0.8050620211,      0.7699712197,       3.491782719,       1.189695013,       4.312570881
          0,           0,         574,      -2.350736347,      0.8333448541,      0.8154559567,       3.521279428,       1.204011223,       4.463492629
          0,           0,         575,      -2.292606487,      0.9038105851,      0.8741002693,       3.610881092,       1.160447467,       4.368492774
          0,           0,         576,      -2.405110964,      0.7140597668,      0.7967534072,       3.501043043,       1.134630991,       4.125656621
          0,           0,         577,        -2.4485419,      0.7007667476,      0.6556873128,       3.450231184,       1.141409536,       4.135956796
          0,           0,         578,      -2.608065092,       0.270642834,      0.7495128315,       3.276826723,       1.150272651,       4.183496893
          0,           0,         579,      -2.409955167,       0.763002617,      0.8161586734,       3.511406544,       1.163188407,        4.32152425
          0,           0,         580,       -2.31674008,      0.8534023624,      0.8288849734,       3.629749612,       1.181828091,        4.46372323
          0,           0,         581,      -2.304294873,      0.8974162077,      0.8405094703,       3.647515812,       1.137599535,       4.449374069
          0,           0,         582,      -2.422794276,       0.728454893,      0.8009908583,       3.454684373,       1.101205355,       4.145402771
          0,           0,         583,      -2.393055175,      0.7821423269,      0.7117304165,        3.47974978,       1.108880351,       4.051192656
          0,           0,         584,      -2.412631475,      0.7811453184,      0.7780295359,       3.437650569,       1.130164261,       4.351559003
          0,           0,         585,      -2.359823754,      0.8416603548,      0.8481871267,       3.551262115,       1.146963088,       4.445059707
          0,           0,         586,      -2.360829713,      0.7973655222,      0.8595781938,       3.591294238,       1.101190409,       4.353120045
          0,           0,         587,      -2.381011474,      0.8358463993,      0.7460866036,       3.566479965,       1.073482066,       4.138566456
          0,           0,         588,      -2.555108408,       0.467231787,      0.5465409947,       3.332679271,       1.062550337,       3.918682124
          0,           0,         589,      -2.555059698,      0.3989407011,      0.5763481049,       3.306355211,       1.064301273,       3.948239583
          0,           0,         590,      -2.525878284,      0.5230956415,      0.4905983476,        3.33533755,       1.067467147,       3.994724239
          0,           0,         591,      -2.608413977,      0.3440850196,      0.4481266281,       3.263329379,        1.06837054,       3.897994828
          0,           0,         592,      -2.517280769,      0.6112039655,      0.4531501351,       3.371179262,       1.070702148,       3.906115147
          0,           0,         593,      -2.528079555,      0.5556733984,      0.4481038391,       3.340591416,       1.071782089,       3.802162821
          0,           0,         594,      -2.600388242,      0.3696258442,       0.439933408,       3.244549143,       1.076750228,        3.81466043
          0,           0,         595,      -2.629737956,      0.2669022562,      0.5885891169,       3.236878633,       1.083166809,       3.949625934
          0,           0,         596,      -2.638061763,      0.2456677314,      0.6337513299,       3.237875097,       1.090587236,       4.053429848
          0,           0,         597,      -2.559055798,      0.5861163204,      0.7421454175,       3.361210067,       1.105892906,       4.291925732
          0,           0,         598,      -2.467938657,      0.7277128137,      0.8188994348,       3.431263545,        1.12979916,       4.480644983
          0,           0,         599,      -2.375549724,      0.8407997127,      0.8385665626,       3.494461673,       1.148674342,       4.559679755
          0,           0,         600,      -2.263513083,      0.9456627649,      0.8930016148,       3.639363402,       1.084032341,       4.433315277
          0,           0,         601,      -2.384219858,      0.7637598371,      0.8267209799,       3.545541496,       1.044260955,       4.225388535
          0,           0,         602,      -2.423282205,      0.7813643096,      0.6795838398,       3.511426732,       1.051423681,       4.171568092
          0,           0,         603,      -2.628776844,      0.3637424836,      0.7582613657,        3.31063355,       1.064438357,       4.239049004
          0,           0,         604,      -2.395136791,      0.7999371131,      0.8262907697,       3.537694748,       1.078681953,       4.334209342
          0,           0,         605,      -2.279272743,      0.9040402536,      0.8392337131,        3.64659503,       1.102785393,       4.484344936
          0,           0,         606,      -2.298406257,      0.9069651476,      0.8453048924,       3.601309523,        1.04501581,       4.483776933
          0,           0,         607,      -2.398405576,      0.7883945765,      0.8123676974,       3.478809357,      0.9903606323,       4.265423554
          0,           0,         608,      -2.404003792,      0.7809251895,      0.7410682481,        3.47465049,       1.001087149,       4.242547194
          0,           0,         609,      -2.382518596,      0.8359192653,      0.7985157534,       3.505737639,       1.034789859,       4.448745339
          0,           0,         610,       -2.32004459,      0.8872885246,      0.8660391775,       3.596369275,       1.058131678,       4.534008516
          0,           0,         611,      -2.341863017,      0.8245306538,      0.8788350437,       3.612237705,      0.9841508309,       4.417748165
          0,           0,         612,      -2.380484785,      0.8496657366,      0.7779834453,       3.582113125,       1.000113832,       4.444468314
          0,           0,         613,      -2.457191788,       0.731814303,      0.8100600468,       3.477663514,       1.046062277,       4.600244035
          0,           0,         614,      -2.511975119,      0.6704840618,      0.8743914407,       3.385041079,      0.9751515674,       4.526647372
          0,           0,         615,      -2.371169944,      0.8286187507,      0.8443331686,       3.499612404,       0.875398928,       4.071889366
          0,           0,         616,      -2.479789887,      0.6873873375,      0.7286952845,        3.41413029,      0.8524551573,       3.857088239
          0,           0,         617,        -2.5325864,      0.6349921705,      0.4628804132,       3.345563987,      0.8457813361,       3.592802772
          0,           0,         618,      -2.694863108,      0.3831125558,      0.5822454549,       3.175496727,      0.8489044363,       3.467564575
          0,           0,         619,      -2.730320728,      0.1922518369,      0.4878057074,       3.158035843,      0.8523375887,       3.498561692
          0,           0,         620,      -2.709860928,      0.2699975127,      0.4203633227,       3.132179107,      0.8549215116,       3.453344712
          0,           0,         621,      -2.745005092,      0.1609983713,      0.4418399202,       3.120108047,       0.861678175,        3.56439752
          0,           0,         622,      -2.611045204,       0.542338549,       0.594798689,       3.301318875,      0.8707826227,       3.799106688
          0,           0,         623,      -2.529197958,      0.6567951502,      0.6309457275,       3.352783447,      0.8579886913,       3.552748107
          0,           0,         624,      -2.608408729,      0.5236829677,      0.4220939616,       3.217305709,      0.8593113421,       3.664366776
          0,           0,         625,      -2.719803185,      0.2498868177,      0.5700833014,       3.175240742,       0.860080964,       3.464008035
          0,           0,         626,      -2.719430081,      0.2343421202,      0.4864356634,       3.143932512,      0.8623202368,       3.533742718
          0,           0,         627,      -2.755280374,      0.1483412917,      0.4163340229,        3.11589508,      0.8670284954,       3.139227786
          0,           0,         628,      -2.629582072,      0.5309200261,      0.4940100611,       3.287312001,      0.8757581055,       3.758800566
          0,           0,         629,      -2.521144808,      0.6670158812,      0.6343887782,       3.412498338,      0.8663813346,       3.812395331
          0,           0,         630,      -2.637741407,      0.4931410662,      0.4991860612,       3.205667581,      0.8649147746,       3.652946102
          0,           0,         631,      -2.747498096,      0.1938062902,      0.3452516538,       3.176922918,       0.865814705,       3.487872157
          0,           0,         632,      -2.740367248,      0.1997436878,        0.42268138,       3.124306854,      0.8676709669,       3.479493149
          0,           0,         633,       -2.76767161,      0.1493035905,       0.506825096,       3.114954455,      0.8690546844,       3.293706709
          0,           0,         634,      -2.695597998,      0.3770283374,      0.4615894758,       3.232360113,      0.8755292895,       3.510026367
          0,           0,         635,      -2.648254946,      0.4837985583,      0.5737422683,       3.297660366,      0.8724795251,        3.55422083
          0,           0,         636,      -2.739843078,      0.2412538182,      0.4783187646,       3.152653114,      0.8742485376,       3.403290145
          0,           0,         637,      -2.778102009,     0.09944768676,      0.3682656916,       3.077849444,      0.8759485738,       2.960329614
          0,           0,         638,      -2.766406065,     0.08885759193,      0.4332876741,        3.15744398,      0.8824605416,       3.320650889
          0,           0,         639,      -2.704525006,      0.3993580532,      0.5966718729,       3.211941711,       0.891895818,       3.788392024
          0,           0,         640,       -2.64375328,      0.5120558465,      0.6301859957,       3.271112669,      0.8796416555,       3.403452903
          0,           0,         641,      -2.709214344,      0.3543605287,       0.404600516,         3.1420301,      0.8816735941,          3.532933
          0,           0,         642,      -2.781864471,     0.06581917395,      0.5599269357,       3.134392205,      0.8839173939,        3.27893018
          0,           0,         643,      -2.802625801,     0.01130935775,      0.4770042148,       3.068517677,      0.8870686955,       3.438520076
          0,           0,         644,      -2.798821832,     0.05667189619,      0.4339062435,       3.058868035,      0.8893856294,       3.219530531
          0,           0,         645,      -2.797621434,     0.07557805219,      0.4473281704,       3.121936363,      0.8965597938,       3.452670061
          0,           0,         646,      -2.713985306,      0.3859435315,      0.5844030358,       3.212118757,      0.8933628326,       3.374054384
          0,           0,         647,      -2.639632791,      0.5626830709,      0.4775179655,       3.270142544,      0.8958258104,        3.42473297
          0,           0,         648,      -2.715108718,      0.3990369523,      0.3711591019,       3.142087968,      0.8985522534,       3.572492655
          0,           0,         649,      -2.761317295,      0.2031992503,       0.432831529,       3.131826523,      0.9002218874,       3.430421153
          0,           0,         650,      -2.780948685,      0.1284452538,      0.4909805134,       3.065435073,      0.9067642855,        3.61331139
          0,           0,         651,      -2.799694253,      0.1091899541,      0.5235314088,       3.065678924,      0.9139412299,       3.735519862
          0,           0,         652,      -2.809150368,     0.05589132374,      0.6458010343,       3.114165814,      0.9034823442,       3.573895493
          0,           0,         653,      -2.809760015,      0.1439880869,      0.5141212918,       3.061704325,       0.904185067,       3.442612726
          0,           0,         654,      -2.792018862,      0.2014386503,      0.3325228873,        3.13170917,      0.9061515074,       3.181949054
          0,           0,         655,      -2.752549796,       0.341659369,      0.3668815899,       3.173564564,      0.9128591743,       3.553052562
          0,           0,         656,      -2.653717689,      0.5022588468,       0.589333532,        3.27731407,      0.9210578901,       3.804770274
          0,           0,         657,      -2.519937204,      0.6955274714,      0.6179244894,       3.425259599,      0.9117017681,       3.764392108
          0,           0,         658,      -2.634277386,      0.5165258517,      0.3489639616,       3.262647521,        0.91071284,       3.403747325
          0,           0,         659,      -2.809718938,      0.2324652234,      0.5627558194,       3.065591301,      0.9166331482,       3.518413762
          0,           0,         660,      -2.652563585,      0.5054290482,       0.569168215,       3.285036317,      0.9239984601,       3.759187026
          0,           0,         661,      -2.587819713,      0.6034150634,      0.6567726958,       3.385260777,      0.9332884864,       3.974775229
          0,           0,         662,      -2.473428783,       0.744467585,      0.7119699614,       3.489952658,      0.9181562345,       3.968100437
          0,           0,         663,       -2.62372341,      0.5710224545,      0.4442081486,       3.261927281,      0.9079272817,       3.326003666
          0,           0,         664,      -2.755542943,      0.2326788434,       0.577286459,        3.12173565,      0.9101261138,       3.441712183
          0,           0,         665,       -2.82302035,      0.1270558037,      0.4796282083,       3.042444165,      0.9157550565,        3.61458952
          0,           0,         666,      -2.680492971,      0.4981663516,      0.5888434508,       3.191159909,      0.9220099897,       3.793744263
          0,           0,         667,      -2.557272345,      0.6540091906,       0.643541328,       3.327448808,       0.929255391,       3.931992487
          0,           0,         668,      -2.513146167,      0.7160152014,      0.7452408901,       3.349188664,       0.909953274,       3.715045904
          0,           0,         669,      -2.807433061,      0.1542867296,      0.6091238916,       3.069740028,      0.9034205043,       3.204110912
          0,           0,         670,       -2.76106249,      0.3273359818,      0.3594585864,       3.152830321,      0.9093362451,       3.666860209
          0,           0,         671,      -2.771276822,      0.3682310009,      0.5953409715,       3.204217497,      0.9054446014,       3.601069997
          0,           0,         672,      -2.698089708,      0.4956064226,      0.4977560265,       3.237844115,      0.9063921025,       3.584233271
          0,           0,         673,      -2.715862319,      0.4936262283,      0.4811818585,       3.239525048,      0.9071804108,       3.507589077
          0,           0,         674,      -2.799479828,      0.2958253602,       0.448717121,       3.114890951,      0.9079829306,       3.469694815
          0,           0,         675,       -2.82032751,      0.2634840546,      0.4024866729,       3.054912406,       0.911653573,        3.45550045
          0,           0,         676,      -2.814626795,      0.2957680659,      0.4876483568,       3.111200306,      0.9155459267,        3.62378691
          0,           0,         677,      -2.575400528,      0.6650081873,      0.6392350089,       3.305082927,      0.9045030641,       3.451456367
          0,           0,         678,      -2.583326746,      0.5801698312,      0.5098336573,       3.284008351,      0.9046643545,       3.548070102
          0,           0,         679,      -2.867394693,      0.2152991992,      0.3305747758,       3.057587272,      0.9056363271,       3.583683242
          0,           0,         680,      -2.826199949,       0.290047239,      0.4080661362,       3.076324808,      0.9056614491,       3.509047023
          0,           0,         681,      -2.838971725,      0.2349224133,      0.5065050929,        3.09786817,      0.9096264434,       3.657157799
          0,           0,         682,       -2.64175249,      0.5904927099,      0.5262177757,       3.299635728,      0.9131336476,        3.78633061
          0,           0,         683,      -2.516686798,      0.7102044263,      0.6390991482,       3.402284043,      0.9028234088,       3.840621732
          0,           0,         684,      -2.682400254,      0.5141547259,      0.5002973052,       3.159600947,      0.8997715032,       3.677453641
          0,           0,         685,      -2.862019831,      0.2098482976,      0.3342141611,       3.061481794,       0.898687823,       3.467419265
          0,           0,         686,      -2.809691459,      0.2375629795,       0.348916606,       3.109916064,      0.9029368886,       3.709457788
          0,           0,         687,      -2.844986267,      0.2388319889,      0.5887226768,       3.109168303,      0.8964265208,       3.489880562
          0,           0,         688,      -2.703916686,      0.5145500977,      0.4615639432,       3.232059835,      0.8968485536,       3.622888672
          0,           0,         689,      -2.711239826,      0.4881113398,      0.4844088714,       3.216916326,      0.8962548475,        3.51654425
          0,           0,         690,      -2.800011066,      0.3214772437,      0.4542176301,       3.124729515,      0.8957564229,        3.43275799
          0,           0,         691,      -2.881268892,      0.1905607254,      0.3933579503,       3.096439622,      0.8952822322,       3.372435833
          0,           0,         692,        -2.8099012,        0.36997766,      0.4217197384,       3.143164187,      0.8947437326,       3.306108273
          0,           0,         693,      -2.760195213,      0.4139095858,      0.4461766185,       3.182540006,      0.8946288668,       3.467888074
          0,           0,         694,      -2.813593442,        0.34467979,      0.4335343583,       3.160641148,      0.8938954125,       3.259820872
          0,           0,         695,      -2.820441254,      0.3239213695,       0.399243781,        3.13398528,      0.8936844312,       3.381907463
          0,           0,         696,      -2.802760022,      0.3716961734,      0.4255316383,        3.14468871,      0.8930134929,       3.255160776
          0,           0,         697,      -2.791511757,      0.3720260101,       0.434438489,       3.187992309,      0.8923929377,       3.394538401
          0,           0,         698,      -2.809599543,      0.3480184091,      0.4252249941,       3.145845695,       0.891387987,       3.275998646
          0,           0,         699,        -2.8005848,      0.3274320397,      0.4134653394,       3.167795773,      0.8905349931,       3.318412178
          0,           0,         700,      -2.758318767,      0.3806097894,      0.4318726521,       3.202218175,      0.8927844728,       3.477043833
          0,           0,         701,      -2.693545346,       0.496003945,      0.5788510673,       3.275872515,      0.8954893441,       3.770406623
          0,           0,         702,      -2.578460364,      0.6460648388,      0.6232712136,       3.396731768,       0.882125264,       3.709244135
          0,           0,         703,      -2.696429759,       0.497021258,       0.379540145,        3.19783906,      0.8784705185,       3.232165886
          0,           0,         704,      -2.823864887,      0.2052696308,      0.5716806206,       3.108417112,       0.878052334,       3.202060349
          0,           0,         705,      -2.827996786,       0.198627371,      0.4852109277,       3.149933861,      0.8811428043,       3.555926713
          0,           0,         706,      -2.855387355,      0.1818905399,      0.5857706394,       3.124535167,      0.8827929334,        3.67297427
          0,           0,         707,      -2.618038355,      0.6205696162,      0.6354269713,       3.334412109,      0.8711112864,        3.70819892
          0,           0,         708,      -2.659933586,      0.5394372912,      0.3914369862,       3.223562661,      0.8678369388,       3.223940204
          0,           0,         709,      -2.879843956,      0.2518299829,      0.5685676344,       3.049623536,      0.8680059651,       3.356177352
          0,           0,         710,      -2.799389631,      0.1954479483,       0.484888219,       3.179036359,      0.8712275566,       3.564605265
          0,           0,         711,      -2.887270811,      0.1626895762,      0.5818003104,       3.078403018,      0.8734099885,       3.665019572
          0,           0,         712,      -2.636479416,      0.6053801217,       0.631063703,        3.33252102,      0.8627686736,       3.680138142
          0,           0,         713,      -2.661385867,       0.537968326,      0.3918648227,       3.228049669,      0.8600524164,       3.218999947
          0,           0,         714,      -2.881764089,      0.2618514197,      0.5697304652,       2.983196423,      0.8606084393,       3.349538007
          0,           0,         715,      -2.915912587,      0.1536993497,      0.4800295283,       3.087592333,      0.8609857655,       3.353039269
          0,           0,         716,      -2.961753051,     0.03618123903,      0.4047872198,       2.983576326,      0.8610196083,       3.090396751
          0,           0,         717,      -2.854469326,      0.3235913281,      0.4324287055,       3.073349235,      0.8619911052,       3.406641373
          0,           0,         718,      -2.867750921,      0.2686582231,      0.4465149348,       3.122797275,      0.8621197525,       3.251454619
          0,           0,         719,      -2.835927982,      0.3543679506,      0.4275868094,       3.132700224,      0.8627180928,       3.294477905
          0,           0,         720,      -2.815970034,      0.3503619332,       0.401958624,       3.128585121,       0.863486147,        3.34852448
          0,           0,         721,      -2.815860743,      0.3885647254,      0.4193866719,       3.167633952,      0.8641398784,       3.284112102
          0,           0,         722,      -2.769196706,      0.4165393247,      0.4345157047,       3.179531966,      0.8655671929,       3.408160009
          0,           0,         723,      -2.836013055,      0.3470650882,       0.419552791,       3.110514722,      0.8667848806,       3.378634238
          0,           0,         724,      -2.838846519,      0.2824965768,      0.4086208385,       3.111652622,       0.867893712,       3.357648435
          0,           0,         725,      -2.866900445,      0.2808913779,      0.4224887818,       3.130534681,      0.8690113422,       3.304950456
          0,           0,         726,      -2.834643812,      0.3305717236,      0.4295962886,       3.131656615,      0.8703900427,       3.324937312
          0,           0,         727,      -2.781509659,      0.4284593037,      0.4214850878,       3.177609128,      0.8719543061,       3.359405075
          0,           0,         728,      -2.734429573,      0.4816290474,      0.4074597951,       3.237219759,       0.873975905,       3.517444184
          0,           0,         729,      -2.880901325,       0.216009338,      0.4232465116,       3.070335013,      0.8755041009,       3.405861223
          0,           0,         730,      -2.919983067,      0.1446053707,      0.4360999865,       2.931918457,       0.876915435,       2.996814561
          0,           0,         731,      -2.952648655,      0.1156031543,      0.4248903142,        2.99104644,      0.8789492143,       3.116691712
          0,           0,         732,       -2.79380982,      0.3979798515,      0.4057279114,       3.187412367,      0.8812754775,       3.343211102
          0,           0,         733,      -2.803544931,      0.3904210332,       0.420357457,       3.161767502,      0.8829843844,       2.914001667
          0,           0,         734,      -2.836314213,        0.33256468,      0.4318319215,       3.117067743,      0.8853880846,       3.076387938
          0,           0,         735,      -2.866041842,      0.2801261199,      0.4224184398,       3.135525982,      0.8878122085,       3.132181605
          0,           0,         736,      -2.790385829,      0.4209945882,      0.4047222616,       3.173133747,      0.8902153354,       3.196478423
          0,           0,         737,      -2.781372707,      0.4254504275,      0.4174412147,       3.159324716,      0.8925626306,       3.153104481
          0,           0,         738,      -2.930812055,      0.1369899924,      0.4253621726,       3.027125959,      0.8949402595,       3.106008116
          0,           0,         739,      -3.030166262,     -0.1369789292,      0.4193952993,       2.977258411,      0.8976067292,       3.163336439
          0,           0,         740,      -2.999377673,     0.02506531241,      0.4031761608,       2.956237878,      0.9001451286,       3.046087952
          0,           0,         741,      -2.969328814,     0.06081049516,       0.416272724,       2.974533565,      0.9027678906,       3.063831566
          0,           0,         742,      -2.886443823,      0.2829804775,      0.4212267563,       3.108354074,      0.9054646011,       3.223614325
          0,           0,         743,      -2.874732368,      0.2989242021,      0.4145932846,       3.098430398,      0.9079202598,       3.063135854
          0,           0,         744,      -2.832460781,      0.3572173228,      0.4056209561,       3.129948297,       0.910204915,       3.055826262
          0,           0,         745,      -2.817463515,       0.379363273,      0.4171876008,       3.168869328,      0.9122455319,       3.082486091
          0,           0,         746,      -2.839126899,       0.363715427,      0.4270436938,       3.131909681,      0.9142498018,       3.007140063
          0,           0,         747,      -2.829206402,       0.354865869,      0.4222259264,       3.159517115,      0.9163604988,       3.123094429
          0,           0,         748,      -2.835672809,      0.3710768495,      0.4071638432,       3.136124404,      0.9183516852,       2.999854226
          0,           0,         749,      -2.827133042,       0.378231797,      0.4177926198,       3.137631955,      0.9203153278,       3.063882877
          0,           0,         750,       -2.82399489,      0.3723598915,      0.4255999548,       3.175431657,      0.9222630591,       3.057024912
          0,           0,         751,      -2.838794428,      0.3665688784,      0.4202989653,       3.134014462,      0.9241957611,       3.053310962
          0,           0,         752,      -2.833848086,      0.3777030141,      0.4084754438,       3.128810725,      0.9261370448,       3.085028811
          0,           0,         753,      -2.824734022,      0.3749874071,      0.4193100217,       3.177251504,      0.9280477503,       3.034357748
          0,           0,         754,        -2.8355744,      0.3741721767,      0.4222908221,        3.14015635,      0.9299820368,       3.088903411
          0,           0,         755,      -2.849248419,      0.3625030252,      0.4191048155,       3.116495434,      0.9319221484,       3.041636097
          0,           0,         756,      -2.820537383,      0.3848530678,      0.4112963736,       3.178943299,      0.9338535749,       3.104600539
          0,           0,         757,      -2.834779939,      0.3791206132,      0.4184234065,       3.140597438,       0.935725179,       3.062315633
          0,           0,         758,      -2.841418254,      0.3679053893,      0.4206485672,       3.118688104,      0.9378387306,        3.10544201
          0,           0,         759,      -2.823252866,      0.3425698845,      0.4215793034,       3.182254187,      0.9398458995,       3.119601901
          0,           0,         760,      -2.782488607,      0.3890766474,      0.4167061186,       3.206883624,      0.9417801471,       3.127103709
          0,           0,         761,      -2.818637954,      0.3875874155,      0.4193146707,       3.152867436,      0.9436399264,       3.085687099
          0,           0,         762,      -2.845513861,      0.3641583555,      0.4198609541,       3.160814246,      0.9455576142,       3.091548222
          0,           0,         763,      -2.876357251,      0.3303588665,      0.4182124573,       3.112274705,      0.9474982271,       3.124634859
          0,           0,         764,      -2.827460803,      0.3861156136,      0.4116809347,       3.141886905,      0.9494853892,       3.109171795
          0,           0,         765,      -2.815751089,       0.389491511,      0.4192180441,       3.180832858,      0.9513631844,       3.052506396
          0,           0,         766,      -2.781480506,      0.3660214404,      0.4261807615,       3.210491575,      0.9532768229,       3.069533517
          0,           0,         767,      -2.822756656,      0.3278130884,      0.4231559875,       3.162128929,      0.9551998961,       3.103535301
          0,           0,         768,      -2.837796046,      0.3794504124,      0.4111165937,       3.168589537,      0.9571161779,       3.098413699
          0,           0,         769,      -2.798045353,      0.3867345957,      0.4210875349,       3.183258042,      0.9590493471,       3.060009206
          0,           0,         770,      -2.829007568,      0.3693973246,       0.420696991,       3.143156811,      0.9609609601,        3.07440331
          0,           0,         771,      -2.838052808,      0.3514947826,      0.4205854112,       3.174276621,      0.9628824938,       3.071543705
          0,           0,         772,      -2.843683506,      0.3852417706,      0.4107453041,        3.13960077,      0.9648482903,       3.086741356
          0,           0,         773,       -2.83926078,      0.3866801321,      0.4173701443,       3.120384124,       0.966973337,       3.026068415
          0,           0,         774,      -2.873029442,      0.3468545933,      0.4149463308,       3.130233234,      0.9690506342,       3.165360714
          0,           0,         775,      -2.832668269,      0.2949546445,      0.4220052346,       3.168771524,      0.9710217608,       3.165776327
          0,           0,         776,      -2.810963349,      0.3618244907,      0.4174434884,        3.17542397,      0.9729439967,       3.079780039
          0,           0,         777,      -2.869545244,      0.3483203416,      0.4180377034,       3.146362034,      0.9749469822,       3.127589514
          0,           0,         778,      -2.848068369,      0.3845837096,       0.416454969,       3.131508806,      0.9769284625,        3.11464971
          0,           0,         779,      -2.840363555,      0.3865342965,      0.4163883064,       3.123610575,      0.9789067135,        3.07921511
          0,           0,         780,      -2.865830626,      0.3617194066,      0.4134002948,       3.147851435,      0.9809083292,        3.07703359
          0,           0,         781,      -2.889099628,      0.3376478632,      0.4183002544,       3.106556841,      0.9829051956,       3.061304583
          0,           0,         782,      -2.856588703,      0.3812720078,      0.4143205018,       3.117018719,      0.9849135147,       3.088185067
          0,           0,         783,      -2.850542365,      0.3854404531,      0.4163008117,       3.152459912,      0.9870408461,       3.009309129
          0,           0,         784,      -2.881197032,       0.347590696,      0.4107496032,       3.104673201,      0.9892183537,       3.153160801
          0,           0,         785,      -2.927175117,      0.2954469765,      0.4147260012,       3.057339287,      0.9911646584,       3.151922927
          0,           0,         786,      -2.882435949,      0.3563839129,      0.4152826007,       3.130051341,      0.9930593579,       3.081919228
          0,           0,         787,      -2.882559076,      0.3499023686,      0.4170059464,       3.107332906,      0.9949687832,       3.097616137
          0,           0,         788,      -2.858744475,      0.3847567582,      0.4126523777,       3.122001512,      0.9968410002,       3.076559812
          0,           0,         789,      -2.852429865,      0.3865283382,      0.4164251444,       3.151286266,      0.9986816815,       3.038123182
          0,           0,         790,      -2.875688308,       0.359731114,      0.4151098002,       3.108373525,        1.00051168,        3.06462139
          0,           0,         791,      -2.904759955,      0.3293219979,      0.4169345903,       3.080287187,       1.002343332,       3.087910774
          0,           0,         792,      -2.865140058,      0.3782506784,      0.4118175506,       3.148871989,       1.004089309,       3.098898863
          0,           0,         793,      -2.858294634,      0.3831973079,      0.4161094627,       3.120628073,       1.005766554,       3.056805958
          0,           0,         794,      -2.875484677,      0.3615571422,      0.4157007644,       3.097963082,       1.007540591,       3.099534889
          0,           0,         795,      -2.903253978,      0.3304723229,      0.4154872488,       3.125921825,       1.009167142,       3.115965579
          0,           0,         796,      -2.869749662,      0.3741570924,      0.4111985673,       3.121152866,       1.010707245,       3.102667154
          0,           0,         797,      -2.862522155,      0.3787686023,      0.4165761636,       3.108649842,       1.012203675,       3.066940311
          0,           0,         798,       -2.86810243,      0.3718194737,      0.4161666147,       3.146536586,       1.013565783,       3.058445145
          0,           0,         799,      -2.881020555,      0.3597634028,      0.4166067009,       3.113206123,       1.014836631,       3.062909319
          0,           0,         800,       -2.86476538,      0.3794623132,      0.4111935081,       3.106609326,       1.016118325,       3.071413978
          0,           0,         801,      -2.870723788,      0.3713340575,      0.4146099952,       3.108593311,       1.017311532,       3.068661751
          0,           0,         802,      -2.879441746,      0.3592629724,      0.4124976072,       3.137662971,        1.01832929,       3.068889894
          0,           0,         803,       -2.89460192,      0.3456112515,      0.4156487366,        3.10255245,       1.019228718,       3.094401813
          0,           0,         804,      -2.859922911,      0.3870107258,      0.4137569543,       3.122852387,       1.020021464,       3.087367814
          0,           0,         805,      -2.856927549,      0.3869952542,      0.4165371119,       3.152730973,       1.020639531,        3.05570364
          0,           0,         806,      -2.887773732,      0.3490835206,      0.4133492352,        3.10277539,       1.021175003,       3.203268702
          0,           0,         807,      -2.952961281,      0.2713450413,      0.4161841874,       3.061340575,       1.021526752,       3.210307312
          0,           0,         808,      -2.914211378,      0.3260015453,      0.4108386996,       3.075822294,       1.021661929,       3.025166938
          0,           0,         809,      -2.907185894,      0.3281966887,      0.4148332829,       3.072578611,       1.021767316,       3.174125179
          0,           0,         810,      -2.841817151,      0.4105205006,      0.4159402856,       3.167830626,       1.021705321,       3.234836682
          0,           0,         811,      -2.833685366,      0.4135064408,      0.4159980369,       3.141147839,       1.021390163,       3.100497942
          0,           0,         812,      -2.983214975,      0.2161651503,      0.4109410333,       3.003034316,       1.021007445,       2.948498529
          0,           0,         813,      -3.020982121,      0.1333780336,      0.4178347312,       3.050513817,       1.020595883,       3.125527653
          0,           0,         814,      -2.839305284,      0.3626990577,      0.4157815192,       3.155400448,       1.020033774,       3.235142151
          0,           0,         815,      -2.788433954,      0.3866618414,      0.4211183878,       3.225996694,       1.019120699,       2.982370172
          0,           0,         816,       -2.88351542,       0.318765172,       0.413673536,       3.116466956,       1.018102482,       3.113194603
          0,           0,         817,      -2.943114775,       0.273828776,      0.4156640721,       3.057655397,       1.016964234,       3.153116936
          0,           0,         818,      -2.841655003,      0.3899922515,      0.4094147024,       3.177589153,       1.015589099,       3.163461543
          0,           0,         819,      -2.832832713,      0.4077886581,      0.4147503985,       3.143167594,       1.013954894,       3.082229507
          0,           0,         820,      -2.946529082,      0.2624972238,      0.4194784472,        3.04133385,       1.012151463,       2.938802088
          0,           0,         821,      -2.942156927,      0.2238425124,      0.4214078891,       3.109125556,       1.010252921,       3.132657657
          0,           0,         822,      -2.805827661,      0.4140169466,      0.4125003231,       3.186185104,       1.008144594,       3.195469348
          0,           0,         823,      -2.711478884,      0.5147754213,      0.4226607645,       3.263061398,        1.00606344,       3.410870414
          0,           0,         824,      -2.900056274,      0.2950684982,       0.413149404,       3.102914394,       1.003612142,       3.467132564
          0,           0,         825,      -2.931075928,      0.1972907482,      0.4223510149,       3.030504762,       1.000592598,       3.343216315
          0,           0,         826,      -3.079924948,     0.03033452862,      0.4200140061,       2.886676537,      0.9976352972,       3.387761942
          0,           0,         827,      -2.875708955,      0.3591303034,      0.4190765703,       3.135118471,      0.9945050467,        3.44115653
          0,           0,         828,      -2.988240035,      0.2313351696,      0.4091214829,       3.042484368,      0.9909757084,       3.357757005
          0,           0,         829,       -2.82786855,      0.3625493463,       0.422973869,       3.164838378,      0.9875066847,       3.427959956
          0,           0,         830,       -2.84191892,      0.3386081539,      0.4231397047,       3.179165517,      0.9836791903,       3.432985099
          0,           0,         831,      -2.836998819,      0.4235397517,      0.4139930511,       3.154456414,      0.9797176137,        3.45931228
          0,           0,         832,       -2.77019674,      0.4348901866,       0.410136311,       3.198519976,      0.9754436754,       3.428614527
          0,           0,         833,      -3.009275016,       0.158162262,      0.4182245722,       3.050846059,       0.970887582,       3.321207839
          0,           0,         834,       -3.15165322,     -0.0632315624,      0.4239834216,       2.885872225,      0.9661243803,       3.089484512
          0,           0,         835,      -3.026619343,      0.1424024875,       0.419322017,       2.984464553,      0.9614617007,       3.280655656
          0,           0,         836,      -2.982849391,      0.2268598664,      0.4024811594,       3.073248289,      0.9564683257,       3.216200675
          0,           0,         837,        -2.8436733,      0.3814347699,      0.4191310178,       3.150354139,      0.9515889751,       3.395311807
          0,           0,         838,      -2.816284608,       0.423885684,      0.4200996264,       3.156930603,      0.9464408195,       3.483721605
          0,           0,         839,      -3.015857392,      0.1431138481,      0.4141380023,       2.987787267,      0.9407829181,       3.403787043
          0,           0,         840,      -3.212753671,     -0.2399048813,      0.4135492209,       2.802402797,      0.9348648135,       3.211315338
          0,           0,         841,      -3.138917493,   -0.006472722765,      0.4208055497,       2.948617341,      0.9290769964,       3.223878361
          0,           0,         842,      -3.116388141,     0.04970281297,      0.4105235408,       2.898425057,      0.9231251677,       3.217307525
          0,           0,         843,      -2.968433311,      0.2788832411,      0.4137770421,       3.028970707,      0.9171595651,       3.271028281
          0,           0,         844,      -2.944377493,       0.289472886,      0.4116873846,       3.112513313,      0.9110236633,       3.317991484
          0,           0,         845,      -2.891591402,      0.3536101672,      0.4175778401,       3.116708644,      0.9046214933,       3.268135703
          0,           0,         846,      -2.888029945,      0.3570621227,      0.4121004264,       3.088162226,      0.8983346513,       3.360177067
          0,           0,         847,       -2.87406719,      0.3613840561,      0.4156300316,       3.112268729,      0.8917112612,       3.246379045
          0,           0,         848,      -2.898994145,       0.344347565,      0.4129575892,       3.130477357,      0.8853178246,       3.340751182
          0,           0,         849,      -2.894699619,      0.3476517861,      0.4165244902,        3.11114571,      0.8786878864,       3.265120425
          0,           0,         850,      -2.945465185,      0.2891337434,      0.4127141617,       3.055566239,      0.8721559652,       3.285538699
          0,           0,         851,      -2.929714792,      0.3102560489,      0.4159671173,       3.110918763,      0.8656107114,       3.269861281
          0,           0,         852,      -2.908071368,       0.324534781,      0.4128024405,       3.102871619,      0.8592636956,       3.322033322
          0,           0,         853,      -2.859524826,      0.4001099925,      0.4153798699,       3.124411649,      0.8529978341,        3.37427835
          0,           0,         854,       -2.84151241,      0.4094833834,      0.4099099166,       3.169245008,      0.8467165097,       3.366022669
          0,           0,         855,      -2.965893421,      0.2381195095,      0.4149507782,       3.059609955,      0.8404837708,         3.2969309
          0,           0,         856,        -3.0454112,      0.1699402266,      0.4179383766,       3.027677313,      0.8344227611,       3.104136896
          0,           0,         857,      -2.890138528,      0.3704351319,      0.4160221797,       3.102405158,      0.8291200596,       3.381572256
          0,           0,         858,      -2.854623945,      0.3953370519,      0.4037969025,       3.135413601,      0.8235292135,       3.336940225
          0,           0,         859,      -2.949397816,      0.2650823424,      0.4163856513,       3.098815777,      0.8182610254,       3.324949993
          0,           0,         860,      -3.030281233,      0.2068031736,      0.4223874525,       3.006171669,      0.8131156331,       3.211096039
          0,           0,         861,      -2.861398838,      0.4019517824,      0.4178131119,        3.11770374,      0.8088625222,       3.374893874
          0,           0,         862,      -2.832234011,      0.4232927942,      0.4003442013,       3.179910825,      0.8047337959,       3.411276703
          0,           0,         863,      -3.036292698,      0.1484638272,      0.4159415944,       2.997705811,      0.8005354836,       3.309510952
          0,           0,         864,      -3.271609751,     -0.2639321044,      0.4300386653,       2.779348546,      0.7967228784,       3.133359494
          0,           0,         865,      -3.154875566,    0.002615077758,      0.4208107273,       2.944919326,      0.7936467054,       3.179334198
          0,           0,         866,       -3.14531167,     0.04031695229,      0.3981581557,       2.893981796,      0.7909878283,       3.227011795
          0,           0,         867,      -2.975426124,      0.2790994838,      0.4166793127,       3.009120288,      0.7889731715,       3.266483667
          0,           0,         868,      -2.977186264,      0.2662418227,      0.4225879353,       3.021351426,      0.7870230986,       3.283963143
          0,           0,         869,      -2.921666365,      0.3355989238,      0.4152098042,       3.084722557,      0.7854003477,       3.255050333
          0,           0,         870,      -2.966534819,      0.2754869616,       0.405912801,       3.084590284,       0.784393617,       3.322371671
          0,           0,         871,      -2.949015448,      0.3042772016,      0.4190935207,       3.060672454,       0.783512914,       3.292688571
          0,           0,         872,      -2.904466079,       0.337901215,      0.4184866893,        3.08134996,      0.7834369527,       3.412783263
          0,           0,         873,      -2.859036972,      0.4120405384,       0.413272465,       3.160738747,      0.7832724244,       3.401372418
          0,           0,         874,      -2.818898361,       0.434296289,      0.4037089405,       3.161481662,      0.7835958538,        3.43753295
          0,           0,         875,      -3.070716038,       0.118819235,      0.4170053304,       2.948472089,      0.7838858569,       3.304126663
          0,           0,         876,      -3.283797543,      -0.318773806,      0.4222038572,       2.895714782,      0.7843676296,       2.951675768
          0,           0,         877,      -3.238007018,     -0.1261498252,      0.4160087781,       2.787839215,      0.7857340017,        3.20023978
          0,           0,         878,      -3.235183063,     -0.1128754539,      0.3997878704,       2.869986327,      0.7868608858,        3.01545979
          0,           0,         879,      -3.073186905,       0.152765162,      0.4151805465,       2.883221595,      0.7887549439,       3.312495011
          0,           0,         880,      -3.021569148,      0.2186007593,      0.4190063368,       2.909211097,      0.7904442682,       3.194253428
          0,           0,         881,      -2.872533302,      0.3973887779,      0.4132807901,       3.084152727,      0.7922264181,       3.380468893
          0,           0,         882,      -2.732954879,      0.5473851617,      0.4024734852,       3.188354231,      0.7950886891,       3.595199672
          0,           0,         883,      -2.874869307,      0.3621914655,      0.4207328923,       3.029876415,      0.7965134214,       3.564878705
          0,           0,         884,      -3.053482385,      0.1284780045,      0.4314826087,       3.035488291,       0.796966439,       3.250525089
          0,           0,         885,        -3.1563587,    -0.03820477472,      0.4205560677,       2.877632568,      0.7991086625,       3.377798676
          0,           0,         886,       -2.95431447,      0.2679723104,      0.4009156799,       3.006992316,      0.8011585105,        3.43263423
          0,           0,         887,       -2.99746164,      0.2383028994,       0.419306835,       3.074599869,      0.8027739607,       3.371448963
          0,           0,         888,      -2.777837258,      0.4905962571,      0.4284807658,       3.197751394,      0.8053575546,       3.486395355
          0,           0,         889,        -2.7799943,      0.4657819033,       0.415254843,        3.11530941,      0.8064303322,       3.274898242
          0,           0,         890,      -2.933703877,       0.271943167,      0.4092300874,       2.968658905,      0.8080660124,       3.141720134
          0,           0,         891,      -2.968149025,      0.1700278423,      0.4231590307,       2.995898021,      0.8100038486,       3.201029359
          0,           0,         892,      -2.807039785,      0.3822287051,      0.4258071678,       3.162469916,      0.8117247991,       3.148760296
          0,           0,         893,      -2.804193387,      0.4254840406,      0.4154837565,       3.195881981,      0.8134327827,       3.227839066
          0,           0,         894,      -2.990448838,      0.2201113133,      0.4094146612,       3.012541335,      0.8152765849,       3.166687296
          0,           0,         895,      -2.996165361,      0.1590261062,      0.4179583928,        3.01556532,      0.8171154107,       3.224881205
          0,           0,         896,       -2.90797342,      0.3490136488,      0.4138227967,       3.123664252,      0.8186586895,       3.234698366
          0,           0,         897,      -2.842635782,      0.3880209911,      0.4141018768,       3.152517288,      0.8200893633,       3.143811989
          0,           0,         898,      -2.820557857,      0.3442262866,      0.4195482326,       3.172426828,      0.8220552602,        3.36227382
          0,           0,         899,      -2.870669287,       0.264308414,      0.4221841412,       3.161498508,       0.823303233,       3.310709128
          0,           0,         900,      -2.922547861,       0.308219749,      0.4097494556,       3.088944096,      0.8243855143,       3.127178253
          0,           0,         901,      -2.859382723,       0.336912941,      0.4167951252,       3.131046261,       0.825801119,       3.172038956
          0,           0,         902,      -2.807659878,      0.4338093159,      0.4186954021,       3.200662354,      0.8272013282,       3.273945716
          0,           0,         903,       -2.72083372,       0.560824749,      0.4172198211,       3.249734475,      0.8288284889,       3.419323936
          0,           0,         904,      -2.924436956,       0.345775487,      0.4006714251,       3.040378572,      0.8307009022,       3.495534625
          0,           0,         905,      -3.053154712,       0.105538116,      0.4208577711,        2.94140732,        0.83169561,       3.369353413
          0,           0,         906,       -3.07318112,     0.01458588134,      0.4277357829,       2.846547813,      0.8331585174,       3.371574013
          0,           0,         907,      -3.008497864,    -0.01149085224,      0.4223948724,       3.034806808,      0.8348775121,        3.45922861
          0,           0,         908,      -2.968404946,     -0.1019085413,      0.4064395315,       3.054428888,      0.8361044101,       3.414982068
          0,           0,         909,      -3.167097712,     -0.1004250361,      0.4161470159,       2.823947676,      0.8376965057,       3.380592063
          0,           0,         910,      -3.211386948,     -0.1515795761,      0.4218531844,        2.91937341,      0.8385439732,       3.173512827
          0,           0,         911,      -3.145968806,     0.02456954934,       0.416237334,       2.877239103,      0.8400030227,        3.24910163
          0,           0,         912,      -3.071254501,      0.1209515012,      0.4069462953,       2.885431189,      0.8413500566,       3.141528619
          0,           0,         913,      -2.960100886,      0.3060902859,      0.4176482628,       3.081030356,      0.8428559021,       3.313837498
          0,           0,         914,      -2.861539657,       0.381228225,      0.4173770783,       3.132886556,      0.8444155567,        3.40016081
          0,           0,         915,        -2.9195435,      0.3409311455,      0.4132628884,       3.072310753,      0.8456750514,       3.364612826
          0,           0,         916,       -2.92210079,      0.3175177966,       0.409472647,       3.109293269,      0.8472110368,       3.437818687
          0,           0,         917,      -2.941297329,      0.3178661786,       0.417958186,       3.071825588,      0.8482299375,       3.306692782
          0,           0,         918,      -2.903186659,      0.3428727013,      0.4141753934,       3.077933791,      0.8498483252,       3.401659409
          0,           0,         919,      -2.888214412,      0.3792578875,      0.4123981957,       3.108106186,      0.8509944426,       3.267734898
          0,           0,         920,      -2.855504992,      0.3953940382,      0.4085253383,       3.160002334,      0.8527291913,       3.395243694
          0,           0,         921,      -2.921020141,      0.3302543048,      0.4159800437,       3.084588683,      0.8540860686,       3.286333646
          0,           0,         922,       -2.97192658,      0.2812734717,      0.4158392889,       3.034710684,      0.8555616691,        3.26644741
          0,           0,         923,      -2.909899156,      0.3489398917,      0.4145533135,        3.09340974,      0.8571863244,       3.302258388
          0,           0,         924,      -2.947106545,      0.3081617823,      0.4074869436,       3.111124116,      0.8587236121,       3.266215697
          0,           0,         925,      -2.918917519,      0.3344536278,      0.4167950747,       3.083433517,      0.8603651267,       3.278834019
          0,           0,         926,      -2.948265392,      0.3055787975,      0.4160357897,       3.054509429,      0.8620051724,       3.274297306
          0,           0,         927,        -2.8894471,      0.3685457755,      0.4144385391,       3.136797543,      0.8637819663,       3.334830607
          0,           0,         928,       -2.89327839,      0.3623113529,      0.4071230189,       3.118455293,       0.865435626,       3.316247045
          0,           0,         929,      -2.892564269,      0.3623788778,      0.4169995674,       3.100616898,      0.8674723859,       3.344786653
          0,           0,         930,       -2.92204335,      0.3327304514,      0.4135749621,       3.119199181,      0.8689737142,       3.270119661
          0,           0,         931,      -2.894073543,      0.3612868932,       0.413383973,       3.111542097,      0.8708443577,       3.350386565
          0,           0,         932,      -2.908126195,       0.348628383,      0.4100706173,       3.086357305,      0.8724715078,       3.284567544
          0,           0,         933,      -2.884791296,       0.370563821,       0.418283381,       3.140640712,      0.8743405306,        3.35018793
          0,           0,         934,      -2.893217255,       0.363989772,      0.4134021252,       3.108540374,      0.8760163329,       3.302119153
          0,           0,         935,      -2.884679166,      0.3701627592,      0.4138636232,       3.104520206,      0.8779061232,        3.33005715
          0,           0,         936,      -2.898818954,      0.3574817531,      0.4117667847,       3.131526555,      0.8796107466,       3.309410168
          0,           0,         937,      -2.881391926,      0.3735080632,      0.4176333187,       3.120862342,      0.8813898483,       3.323892616
          0,           0,         938,      -2.892449538,      0.3635747298,      0.4126749904,       3.104781551,      0.8833940226,       3.327088838
          0,           0,         939,      -2.884986302,      0.3683371709,      0.4133380975,       3.141379126,      0.8850763197,       3.302684508
          0,           0,         940,      -2.897710768,      0.3578197683,      0.4128299083,       3.104106458,      0.8868800948,       3.330899435
          0,           0,         941,      -2.880496843,       0.372877301,       0.417498741,       3.109076189,       0.888633912,       3.298986221
          0,           0,         942,      -2.893315691,      0.3586043658,      0.4121257155,       3.138628427,      0.8902953361,       3.329994727
          0,           0,         943,      -2.857069253,      0.3718246542,      0.4169818881,       3.141446366,      0.8918762196,       3.289595487
          0,           0,         944,      -2.843968827,      0.3569736141,       0.417567906,       3.148842219,      0.8935709154,       3.324474636
          0,           0,         945,      -2.797197714,      0.3746688211,      0.4241178912,       3.226718548,      0.8951001772,       3.291238071
          0,           0,         946,      -2.867445656,      0.3548439085,       0.413204389,       3.137872518,      0.8965714829,       3.317975436
          0,           0,         947,      -2.873646002,      0.3685399462,      0.4160449478,       3.145314837,      0.8979887844,       3.297530572
          0,           0,         948,      -2.859859209,      0.3556173911,      0.4156161326,       3.138785707,      0.8993914941,       3.310229833
          0,           0,         949,      -2.875682886,      0.3676823565,      0.4161907584,       3.108895647,      0.9007200005,       3.303470565
          0,           0,         950,      -2.885815045,      0.3548935394,      0.4125913441,        3.14210881,      0.9020147051,        3.30035876
          0,           0,         951,       -2.82779827,      0.3690609113,      0.4200821271,       3.174193697,      0.9033000065,       3.310512257
          0,           0,         952,      -2.829909431,       0.358516388,      0.4176234214,       3.162928242,      0.9044834744,        3.29766422
          0,           0,         953,      -2.800130764,      0.3719770678,      0.4231871225,       3.223582998,      0.9056969531,       3.315739182
          0,           0,         954,      -2.845741958,      0.3593714453,      0.4148110876,       3.158055537,      0.9066976366,       3.297870748
          0,           0,         955,      -2.805344823,      0.3716313451,      0.4217255296,       3.187448019,      0.9077200502,       3.317586246
          0,           0,         956,      -2.825648062,      0.3612081873,      0.4174488667,        3.19689832,      0.9085156973,       3.299190118
          0,           0,         957,      -2.857266964,      0.3702008112,      0.4174454337,       3.143447843,      0.9093456002,       3.310982999
          0,           0,         958,      -2.878028514,      0.3587887853,       0.413011351,       3.108416735,      0.9101042548,       3.303787479
          0,           0,         959,      -2.863935589,      0.3699629093,      0.4175542548,       3.156251416,      0.9108262069,         3.3106566
          0,           0,         960,      -2.831919056,      0.3605723937,      0.4175453149,       3.168447359,       0.911509007,       3.311241076
          0,           0,         961,       -2.85927275,      0.3709328438,      0.4169457746,       3.126071934,      0.9120554335,       3.315604257
          0,           0,         962,      -2.877855949,      0.3584219458,      0.4132950112,       3.144202957,      0.9125916701,       3.321395826
          0,           0,         963,       -2.86900908,      0.3700602247,       0.416821451,       3.128663928,      0.9130407632,        3.31946666
          0,           0,         964,      -2.880879035,      0.3581742109,      0.4131062902,       3.110059831,      0.9134325783,        3.32656574
          0,           0,         965,      -2.865744826,      0.3700814156,      0.4167531786,       3.152775453,      0.9137245908,       3.319220372
          0,           0,         966,      -2.865593459,        0.35820223,      0.4138722949,        3.12789231,      0.9139594257,       3.323676569
          0,           0,         967,      -2.856435135,      0.3710785277,      0.4176188174,       3.125785873,      0.9141396823,       3.313207496
          0,           0,         968,      -2.878349422,      0.3580733981,      0.4134159912,       3.142683067,      0.9142680444,       3.314203689
          0,           0,         969,      -2.839208428,      0.3710192988,      0.4189771345,       3.153158696,      0.9143907923,        3.30726648
          0,           0,         970,      -2.869492951,      0.3582690336,      0.4133964517,       3.111007155,      0.9144532033,        3.31175667
          0,           0,         971,      -2.864098721,       0.369976592,      0.4167556312,       3.153785107,      0.9144124457,       3.312801075
          0,           0,         972,      -2.865656312,      0.3585392468,      0.4141755141,       3.130523487,      0.9143727388,       3.315616252
          0,           0,         973,      -2.859780489,      0.3699501678,      0.4170529709,       3.120227164,      0.9143982202,       3.315654575
          0,           0,         974,      -2.878969998,      0.3515942052,      0.4106749082,       3.140562012,      0.9141545848,       3.310370467
          0,           0,         975,       -2.86165752,      0.3651759637,      0.4164604727,       3.131682537,      0.9139417806,       3.313298173
          0,           0,         976,      -2.875756842,      0.3510667431,      0.4157531354,        3.10906555,      0.9136377105,       3.312843479
          0,           0,         977,      -2.837243341,      0.3740005476,      0.4194233278,       3.177948013,      0.9133627039,       3.319983694
          0,           0,         978,      -2.862902011,       0.366673475,      0.4113361933,       3.125287729,      0.9129876492,       3.322464517
          0,           0,         979,       -2.86482517,      0.3662990465,      0.4167221418,       3.142240671,      0.9125803615,        3.31304656
          0,           0,         980,      -2.875360119,       0.349338784,      0.4160813507,       3.113874564,      0.9121568812,       3.306005601
          0,           0,         981,      -2.856819411,      0.3723521391,      0.4171129115,       3.118353401,      0.9116962597,        3.31653725
          0,           0,         982,      -2.864003375,      0.3656134352,      0.4114692718,       3.149572941,       0.911192745,       3.311871359
          0,           0,         983,      -2.856955346,       0.367749763,      0.4175830947,        3.13393705,      0.9106743449,       3.306345594
          0,           0,         984,      -2.872102552,      0.3518556946,      0.4159970204,       3.105841596,      0.9101021804,       3.298935659
          0,           0,         985,      -2.857381266,      0.3729117067,      0.4171967774,       3.152212262,      0.9095381657,       3.308247357
          0,           0,         986,      -2.860960179,       0.365409315,      0.4116883536,       3.127867415,      0.9089456738,       3.306921109
          0,           0,         987,      -2.857328898,      0.3686686877,       0.417554871,       3.124488923,      0.9083154392,       3.301203934
          0,           0,         988,      -2.871344293,      0.3531310632,      0.4163126604,       3.145559027,      0.9076870552,       3.300786546
          0,           0,         989,      -2.855718398,      0.3734035978,      0.4169213964,       3.127437598,      0.9070545865,        3.30802008
          0,           0,         990,      -2.861012787,      0.3655424431,      0.4116367447,        3.11623686,       0.906411245,       3.311962433
          0,           0,         991,      -2.856016751,      0.3696814011,      0.4180662605,       3.157698191,      0.9057480448,       3.303832151
          0,           0,         992,      -2.869884546,      0.3540762689,      0.4158915443,       3.114455723,       0.905098482,       3.305296487
          0,           0,         993,      -2.854076847,      0.3730187112,      0.4167759677,       3.115181724,      0.9046152824,       3.307922286
          0,           0,         994,      -2.864036633,      0.3583237586,      0.4095294426,       3.148480746,      0.9039370471,       3.310500703
          0,           0,         995,      -2.858600958,      0.3649668325,      0.4173191628,       3.128504267,      0.9033007019,       3.306355968
          0,           0,         996,      -2.873153386,      0.3473072206,      0.4178890614,       3.101385767,      0.9026955582,       3.310655856
          0,           0,         997,       -2.85114378,      0.3744027042,      0.4177401743,       3.156073181,      0.9021177935,       3.317729478
          0,           0,         998,      -2.854113098,       0.368959467,      0.4103672308,       3.127961048,      0.9015680465,       3.325503162
          0,           0,         999,       -2.85443346,      0.3674497948,      0.4181242725,       3.152877388,      0.9010181191,       3.313043753
          0,           0,        1000,      -2.869203958,      0.3500524163,      0.4178465629,       3.116449714,      0.9005184462,       3.310718464
          0,           0,        1001,      -2.850876117,      0.3732995578,      0.4170744914,       3.118112168,      0.9000724055,       3.318489638
          0,           0,        1002,      -2.854504112,       0.366739357,      0.4109133385,       3.146618079,      0.8996472817,       3.313174566
          0,           0,        1003,      -2.852799431,       0.368658237,      0.4182690568,       3.122756651,      0.8992657621,       3.307261725
          0,           0,        1004,       -2.86559154,      0.3530112724,       0.417287076,       3.104854489,      0.8989306932,       3.300737966
          0,           0,        1005,      -2.849157949,      0.3732623311,      0.4172646145,       3.153100851,      0.8986722811,       3.312521698
          0,           0,        1006,      -2.855304334,      0.3653117622,      0.4111715016,       3.119896862,      0.8984468769,       3.311832249
          0,           0,        1007,      -2.850875728,      0.3694489068,      0.4184401221,       3.123370681,      0.8982727353,       3.309976652
          0,           0,        1008,      -2.862882275,      0.3545960555,      0.4173949684,       3.150361043,      0.8981512781,       3.306401223
          0,           0,        1009,      -2.848335378,      0.3736575348,      0.4170931654,       3.134064653,      0.8980968996,       3.309906564
          0,           0,        1010,      -2.854477583,      0.3650731463,      0.4116440555,        3.11007655,      0.8980951467,        3.30919151
          0,           0,        1011,      -2.847711948,      0.3701282557,      0.4190306948,       3.158838067,      0.8981533159,       3.301236836
          0,           0,        1012,      -2.837162394,       0.356107488,      0.4190341036,       3.152350705,      0.8983084615,       3.301743335
          0,           0,        1013,      -2.823701164,      0.3745217241,      0.4193570782,       3.150536036,      0.8986579623,        3.30250162
          0,           0,        1014,      -2.849377349,      0.3587110928,      0.4101790752,       3.154594071,       0.898816804,       3.303243219
          0,           0,        1015,      -2.830723236,      0.3662788951,      0.4200867831,       3.153057278,      0.8991135811,        3.29776184
          0,           0,        1016,      -2.844672928,      0.3492927866,      0.4199635207,        3.13649067,      0.8994174127,       3.300955233
          0,           0,        1017,      -2.836187333,      0.3748872524,      0.4187769788,       3.173363594,       0.899801918,       3.305849192
          0,           0,        1018,       -2.84650824,      0.3690201349,       0.411028262,       3.134697784,      0.9002478004,       3.312609016
          0,           0,        1019,       -2.84688195,      0.3678118557,      0.4189298717,       3.154624366,      0.9007788576,       3.298680515
          0,           0,        1020,      -2.807368189,      0.3529615593,      0.4234493348,       3.185309783,      0.9014069482,        3.29694634
          0,           0,        1021,      -2.773548224,      0.3788705526,      0.4243952951,       3.213840107,      0.9020333994,       3.308025491
          0,           0,        1022,      -2.833351325,      0.3678869941,      0.4125100212,       3.173777715,      0.9026429372,       3.307052805
          0,           0,        1023,      -2.785689825,      0.3728198513,      0.4249181646,       3.199163289,      0.9033301819,       3.304628165
          0,           0,        1024,      -2.826481292,      0.3565368103,      0.4201664436,       3.149651577,      0.9039404645,       3.296568738
          0,           0,        1025,      -2.825609053,      0.3754599009,      0.4191155242,       3.179519864,      0.9046503015,       3.305791929
          0,           0,        1026,      -2.809952449,      0.3683335123,      0.4153427877,       3.176380172,      0.9053586664,       3.303298673
          0,           0,        1027,      -2.842298265,      0.3701745501,      0.4193552318,       3.127656868,      0.9061026984,        3.30404596
          0,           0,        1028,      -2.853222052,      0.3551241634,      0.4181735125,       3.157868854,      0.9068624539,       3.306083673
          0,           0,        1029,       -2.82404327,      0.3750411724,      0.4191090819,       3.158469556,       0.907619164,       3.316763083
          0,           0,        1030,      -2.835142074,      0.3667366673,      0.4133709289,       3.136187719,      0.9083614502,       3.321779221
          0,           0,        1031,      -2.819180245,      0.3715735486,      0.4217233971,        3.18638189,      0.9091060691,        3.31810672
          0,           0,        1032,      -2.835658734,      0.3562460268,      0.4192317694,       3.153734431,      0.9098683386,       3.319924891
          0,           0,        1033,      -2.808608166,       0.375812543,      0.4210407803,        3.19654724,      0.9105524413,       3.322170164
          0,           0,        1034,      -2.828856224,      0.3667380507,      0.4141912511,       3.153961303,      0.9111699835,       3.323325627
          0,           0,        1035,      -2.828323214,      0.3719332494,      0.4201774735,       3.143326923,      0.9119342368,       3.311026957
          0,           0,        1036,      -2.820703755,      0.3519559007,      0.4173576735,       3.189139387,      0.9124396467,        3.30318662
          0,           0,        1037,      -2.839058538,       0.368340168,      0.4176837034,       3.145705095,      0.9129371971,       3.302718238
          0,           0,        1038,      -2.847436452,      0.3563361282,      0.4159137931,       3.125249297,      0.9133964416,       3.308167628
          0,           0,        1039,      -2.814420238,      0.3755496525,      0.4221758098,       3.188283769,      0.9137684691,       3.310613381
          0,           0,        1040,      -2.825337254,      0.3687026794,      0.4158779694,       3.156655269,      0.9140101216,       3.317369152
          0,           0,        1041,      -2.830779896,      0.3700427982,      0.4183312504,         3.1465514,      0.9141772971,        3.30795119
          0,           0,        1042,      -2.852437766,      0.3541198346,      0.4163396259,       3.161109165,      0.9142616293,       3.303153068
          0,           0,        1043,      -2.844478516,      0.3734218733,      0.4188351109,       3.137374527,       0.914255019,        3.31225394
          0,           0,        1044,      -2.840280058,      0.3659877792,       0.414322915,       3.130039187,      0.9141098856,       3.308453521
          0,           0,        1045,      -2.845566412,      0.3698706001,      0.4181062558,       3.160758192,      0.9138551311,       3.306965445
          0,           0,        1046,      -2.835959719,      0.3559449412,      0.4181193685,         3.1549264,      0.9134921252,       3.301797667
          0,           0,        1047,      -2.829641375,        0.37380489,      0.4199937288,       3.175839895,      0.9131301218,       3.309623128
          0,           0,        1048,      -2.836691647,      0.3601266861,      0.4121404044,       3.148267412,      0.9124007231,        3.30374474
          0,           0,        1049,      -2.839617927,      0.3656792533,      0.4179719688,       3.131938561,      0.9115668135,       3.299592013
          0,           0,        1050,      -2.861751534,      0.3478756095,      0.4185482824,       3.143805474,      0.9105794436,       3.299003557
          0,           0,        1051,      -2.829090663,      0.3755684691,       0.419646403,       3.148460811,      0.9094419829,       3.305277903
          0,           0,        1052,      -2.848785796,      0.3694957244,      0.4109889257,        3.12241846,      0.9081317236,       3.312312913
          0,           0,        1053,      -2.830743735,      0.3682829662,      0.4198418906,       3.181596823,      0.9066399944,        3.29626658
          0,           0,        1054,      -2.863747385,      0.3494798198,      0.4180629924,       3.123446734,      0.9049584388,        3.29657239
          0,           0,        1055,      -2.845067574,      0.3734259401,      0.4179785245,       3.129376049,      0.9031210081,       3.306023536
          0,           0,        1056,      -2.842342843,      0.3670843314,      0.4122957942,       3.166491127,      0.9010992665,       3.307659153
          0,           0,        1057,      -2.851361248,      0.3685377347,      0.4182143082,       3.134036565,       0.898860798,       3.302742361
          0,           0,        1058,      -2.867268361,      0.3527037142,      0.4172147758,       3.109192636,      0.8964396482,       3.299874447
          0,           0,        1059,      -2.841374363,      0.3736938335,      0.4182791486,        3.16719902,      0.8938532353,        3.30816564
          0,           0,        1060,      -2.853209293,       0.365396831,      0.4115725009,       3.132690982,      0.8910373773,       3.305869584
          0,           0,        1061,      -2.854402571,      0.3689052344,      0.4180122873,       3.119099072,      0.8881295857,       3.300903521
          0,           0,        1062,      -2.863468982,      0.3478746527,      0.4149498856,       3.150079715,      0.8849280714,       3.296940817
          0,           0,        1063,      -2.851785891,      0.3675535176,      0.4166314894,       3.133880602,       0.881539698,       3.305781155
          0,           0,        1064,      -2.866257639,      0.3560405899,      0.4136365889,       3.107251719,      0.8779646561,       3.313113588
          0,           0,        1065,      -2.846263613,      0.3737053042,      0.4192955494,       3.164891352,      0.8742049413,       3.315932466
          0,           0,        1066,        -2.8545797,      0.3654051831,      0.4144551929,       3.130051104,      0.8702648768,       3.323762892
          0,           0,        1067,      -2.856337704,      0.3685262038,      0.4165710159,       3.146954268,      0.8661409825,       3.315120925
          0,           0,        1068,       -2.86708204,      0.3535033268,      0.4143973695,       3.121461926,      0.8618631307,       3.314074879
          0,           0,        1069,      -2.852045894,      0.3726625647,       0.418121117,       3.128781806,      0.8575028539,       3.318663719
          0,           0,        1070,      -2.865174469,      0.3584741088,      0.4109128965,       3.148217038,      0.8528423818,       3.310971443
          0,           0,        1071,      -2.861512844,      0.3637216455,      0.4161712452,        3.12027944,      0.8480502921,       3.304925808
          0,           0,        1072,      -2.877774813,      0.3452599259,       0.416633302,       3.096491032,      0.8431339302,       3.302244386
          0,           0,        1073,      -2.855196265,      0.3733857283,      0.4182477361,       3.157123296,      0.8381265002,       3.313775381
          0,           0,        1074,       -2.85891066,       0.368254404,      0.4108978189,       3.126301244,      0.8330039517,       3.319674667
          0,           0,        1075,      -2.860412754,      0.3663989971,       0.416616069,       3.114039412,      0.8277484877,       3.305668858
          0,           0,        1076,        -2.8757884,      0.3485668347,      0.4170636662,       3.141883809,      0.8224413035,       3.303060249
          0,           0,        1077,      -2.858298458,      0.3719476624,      0.4173334985,        3.12987452,       0.817098014,       3.310373865
          0,           0,        1078,      -2.863373567,      0.3651230712,      0.4105807084,       3.115162408,      0.8116959091,       3.308401483
          0,           0,        1079,      -2.860980495,      0.3671753774,        0.41751892,       3.151981534,      0.8062637099,       3.301376928
          0,           0,        1080,      -2.876735503,      0.3509832335,      0.4164515728,       3.111536214,      0.8008395588,        3.29754269
          0,           0,        1081,      -2.860317191,      0.3713548056,      0.4165575057,       3.109823563,      0.7955029005,       3.306506072
          0,           0,        1082,      -2.866001414,      0.3631949035,      0.4110329694,       3.145411502,      0.7901458462,       3.306597761
          0,           0,        1083,      -2.861303557,      0.3679721551,      0.4177241192,       3.125603471,      0.7848608391,       3.302772479
          0,           0,        1084,      -2.856939944,      0.3537359913,      0.4175076727,       3.124892584,      0.7797173925,       3.301071527
          0,           0,        1085,      -2.832739699,      0.3726242724,      0.4191998518,       3.181234501,      0.7746642071,       3.304870602
          0,           0,        1086,      -2.858201355,      0.3626563576,      0.4117184728,       3.133219363,      0.7696626929,       3.306028603
          0,           0,        1087,       -2.84387174,      0.3689510688,      0.4191210456,       3.135619202,      0.7650442868,       3.299657667
          0,           0,        1088,      -2.854412618,      0.3489166532,      0.4146843797,       3.165147385,      0.7602722132,       3.297663195
          0,           0,        1089,      -2.850964821,      0.3658239274,      0.4167339686,       3.139244832,      0.7557924193,       3.301864671
          0,           0,        1090,      -2.871358549,      0.3537136446,       0.414054771,       3.107471189,      0.7515230565,        3.30936554
          0,           0,        1091,      -2.811622436,      0.3749247172,      0.4225102178,        3.20198627,      0.7475161962,       3.312327906
          0,           0,        1092,      -2.838899673,      0.3673088294,      0.4153882315,       3.155408141,      0.7436915009,       3.318790513
          0,           0,        1093,      -2.863258089,      0.3670645349,      0.4163160106,        3.15211464,       0.740229446,       3.304291054
          0,           0,        1094,      -2.875479714,      0.3443292898,      0.4122216007,       3.120351288,      0.7368239382,       3.297658374
          0,           0,        1095,      -2.854640535,      0.3656396466,      0.4174376539,       3.123809062,      0.7336947666,       3.309692732
          0,           0,        1096,      -2.876196226,      0.3544851632,        0.41493156,       3.144594177,      0.7307706652,        3.31607208
          0,           0,        1097,      -2.859682958,      0.3714014628,      0.4175103893,       3.133806788,      0.7280710784,       3.321614245
          0,           0,        1098,      -2.869873727,      0.3628301506,      0.4121922108,       3.108637518,      0.7256196236,        3.32613044
          0,           0,        1099,      -2.858809302,      0.3677551612,      0.4174260041,       3.157752509,      0.7233745134,       3.324361827
          0,           0,        1100,      -2.873150795,       0.353338406,      0.4150038231,       3.123585297,       0.721337832,       3.320285919
          0,           0,        1101,      -2.861049672,      0.3706066083,      0.4171220082,       3.125423268,      0.7195439615,       3.328265709
          0,           0,        1102,      -2.870741721,      0.3618739501,      0.4125843139,       3.148056164,      0.7178917732,       3.321568478
          0,           0,        1103,      -2.866015886,      0.3681327397,      0.4169327664,       3.122813622,      0.7164327409,       3.317784875
          0,           0,        1104,      -2.880854595,      0.3540151896,      0.4144470215,       3.100941288,      0.7151160046,       3.308662178
          0,           0,        1105,      -2.866619023,      0.3707828779,      0.4168962212,       3.150463363,      0.7139772852,       3.312302726
          0,           0,        1106,      -2.875957015,      0.3612151192,       0.411991203,       3.112217606,      0.7129349801,       3.313301871
          0,           0,        1107,      -2.869659414,       0.367990811,      0.4165204293,       3.108839384,      0.7121721803,       3.308619708
          0,           0,        1108,      -2.887443048,      0.3475492007,      0.4117624488,       3.138698119,      0.7111911272,       3.308091673
          0,           0,        1109,      -2.873352672,      0.3649717447,      0.4156612511,       3.121529425,      0.7103318885,       3.308889624
          0,           0,        1110,      -2.884443603,      0.3526623488,      0.4139429292,       3.095604107,      0.7095333959,       3.314624236
          0,           0,        1111,      -2.867991465,       0.371902089,      0.4172342533,       3.151611096,      0.7087335252,       3.311072201
          0,           0,        1112,      -2.874235667,       0.364138336,      0.4118805037,       3.117996994,      0.7079999097,       3.318158193
          0,           0,        1113,      -2.872626396,      0.3654501685,      0.4160467686,        3.13979028,      0.7074054584,       3.302428253
          0,           0,        1114,      -2.894296383,      0.3422187181,      0.4115209843,       3.106204716,      0.7066156232,       3.297439439
          0,           0,        1115,      -2.875559013,       0.364044305,      0.4157277369,       3.113458025,      0.7059077976,       3.304340568
          0,           0,        1116,      -2.884667387,      0.3532819291,      0.4140384887,       3.140195077,      0.7051087086,        3.30630584
          0,           0,        1117,      -2.871967457,      0.3700416779,      0.4169195378,       3.117941925,      0.7042937527,       3.306085634
          0,           0,        1118,      -2.878693308,      0.3614516568,      0.4119191948,       3.101322326,      0.7034550555,        3.30709558
          0,           0,        1119,      -2.873945292,      0.3665661348,      0.4160517062,       3.148704025,      0.7025649108,       3.302919801
          0,           0,        1120,      -2.887954655,      0.3525378116,      0.4137306956,       3.111564483,      0.7016275548,       3.297008593
          0,           0,        1121,      -2.873331681,      0.3692302271,      0.4164319794,        3.11042103,       0.700708847,       3.307938525
          0,           0,        1122,      -2.880517587,       0.360275534,      0.4121068476,       3.142075944,       0.699683621,       3.302269593
          0,           0,        1123,      -2.875256722,      0.3669269079,      0.4160335152,       3.121971429,      0.6986428109,       3.305024529
          0,           0,        1124,      -2.888263238,      0.3532859567,      0.4136629448,       3.100441587,      0.6975264091,       3.299897864
          0,           0,        1125,      -2.872875178,      0.3700326676,      0.4165652705,       3.147502122,       0.696409084,       3.307496366
          0,           0,        1126,      -2.882211165,      0.3607885057,      0.4116579561,       3.112023908,      0.6952152225,       3.306402882
          0,           0,        1127,      -2.875304129,      0.3679543692,      0.4160204189,         3.1109809,      0.6941492655,       3.298607284
          0,           0,        1128,      -2.893859717,      0.3474999188,      0.4112298258,       3.136736161,      0.6927847661,       3.295136936
          0,           0,        1129,      -2.879455959,      0.3643096129,      0.4153541684,       3.111522004,      0.6914640389,       3.297038623
          0,           0,        1130,      -2.889971733,      0.3519213757,      0.4140098868,       3.125632608,      0.6901460338,       3.307469275
          0,           0,        1131,      -2.873842967,      0.3714509409,      0.4165529486,       3.118539405,      0.6887673999,       3.309479373
          0,           0,        1132,      -2.878885044,      0.3640226236,      0.4113783699,       3.107198158,      0.6874090979,       3.321333983
          0,           0,        1133,      -2.875935722,      0.3652955618,      0.4161835783,       3.150912204,      0.6859671095,       3.309671306
          0,           0,        1134,      -2.851177029,      0.3499902422,      0.4176383752,       3.151507293,      0.6846719669,       3.311023953
          0,           0,        1135,      -2.827638546,      0.3725978492,      0.4205180593,       3.159751319,      0.6833858014,       3.319601577
          0,           0,        1136,      -2.789554864,      0.3682300623,      0.4203762147,       3.230906411,      0.6822277027,       3.319337262
          0,           0,        1137,      -2.846028566,      0.3677749218,      0.4177944448,       3.152844051,      0.6804853355,       3.313272539
          0,           0,        1138,      -2.871735635,      0.3514675321,      0.4152808749,         3.1165658,      0.6789123465,       3.305972859
          0,           0,        1139,      -2.830200343,      0.3715556711,      0.4197496841,       3.185179976,      0.6774034487,       3.312162495
          0,           0,        1140,      -2.869274989,      0.3620961256,      0.4120228052,       3.119862274,      0.6758879938,       3.309804104
          0,           0,        1141,      -2.868437477,      0.3668317783,      0.4168047108,       3.110939642,      0.6744852043,       3.307760792
          0,           0,        1142,       -2.85241003,      0.3532515386,      0.4175124429,       3.172862964,      0.6731608944,        3.30592432
          0,           0,        1143,      -2.801976761,      0.3731116709,      0.4221393701,       3.199506267,      0.6718166092,       3.312299524
          0,           0,        1144,      -2.865792978,      0.3617950395,      0.4117823809,       3.119138422,       0.670382657,       3.312329821
          0,           0,        1145,      -2.788006558,      0.3723812747,      0.4237711695,       3.231278881,      0.6690162374,        3.30596774
          0,           0,        1146,      -2.872539026,      0.3532348523,      0.4153152956,       3.130214495,      0.6676494919,       3.303523553
          0,           0,        1147,      -2.870418972,        0.36980417,      0.4163626595,        3.10938693,      0.6666003958,       3.302658946
          0,           0,        1148,      -2.883998575,      0.3539548164,      0.4089774371,       3.139724967,      0.6653506007,       3.300002745
          0,           0,        1149,      -2.847978604,      0.3628447871,      0.4179251312,       3.154075709,      0.6641394723,       3.295165938
          0,           0,        1150,      -2.894250845,      0.3455222716,      0.4163707928,       3.101605413,      0.6630632369,       3.298066289
          0,           0,        1151,      -2.866068573,      0.3717188121,      0.4171987812,       3.158355652,      0.6619639265,       3.303813457
          0,           0,        1152,      -2.869573364,      0.3662241109,      0.4099011413,         3.1267484,      0.6609596186,       3.310593418
          0,           0,        1153,      -2.857805859,      0.3635567217,      0.4180977121,       3.137952708,      0.6601389305,       3.293495896
          0,           0,        1154,      -2.899926516,      0.3376392819,      0.4133466497,       3.096618692,      0.6590588512,       3.287258051
          0,           0,        1155,      -2.875800357,      0.3639700982,      0.4150145093,       3.112924061,      0.6581702422,       3.297926259
          0,           0,        1156,      -2.886905309,      0.3536452297,      0.4120766487,       3.142767961,      0.6573252832,       3.304056874
          0,           0,        1157,        -2.8783813,       0.368969981,      0.4170188174,       3.113458888,      0.6565164592,       3.305703364
          0,           0,        1158,      -2.883453702,      0.3602389424,      0.4131106954,        3.09850661,      0.6557447429,       3.311040482
          0,           0,        1159,      -2.857090661,      0.3684568879,      0.4165480353,         3.1639926,      0.6548717952,       3.310766408
          0,           0,        1160,      -2.886935043,      0.3558654438,      0.4121519507,       3.114612737,       0.654114344,       3.304413211
          0,           0,        1161,      -2.874779803,      0.3692496467,      0.4165961584,       3.110912965,      0.6536213097,       3.311338968
          0,           0,        1162,      -2.874365562,      0.3534131084,      0.4115100333,       3.150561242,       0.652938144,        3.29953529
          0,           0,        1163,      -2.880358072,       0.362622482,      0.4146734216,       3.120443546,      0.6523146203,       3.308729499
          0,           0,        1164,      -2.891913886,      0.3481172241,      0.4150170907,       3.134563908,      0.6516941568,       3.309271945
          0,           0,        1165,      -2.876089235,      0.3721818117,      0.4167590448,       3.120506094,      0.6510742572,       3.323533387
          0,           0,        1166,      -2.879094209,      0.3667516045,       0.410168055,       3.103620336,      0.6505062538,       3.330363466
          0,           0,        1167,      -2.880981899,      0.3633273134,       0.415736075,       3.138682081,      0.6498396407,       3.317779746
          0,           0,        1168,      -2.901886387,      0.3429793428,      0.4148906252,       3.101959566,      0.6492929831,        3.31827552
          0,           0,        1169,      -2.877370113,      0.3705257541,      0.4161289219,        3.11624847,      0.6487898788,       3.325263416
          0,           0,        1170,      -2.881369494,      0.3646250177,      0.4101665391,       3.144028267,      0.6482930418,       3.328941909
          0,           0,        1171,      -2.881171175,       0.365721881,      0.4157276793,       3.111151899,      0.6477058935,       3.311311888
          0,           0,        1172,       -2.89803335,      0.3480888943,      0.4147330385,       3.087853901,      0.6472018971,        3.30838852
          0,           0,        1173,      -2.877686128,      0.3701114406,      0.4159338667,       3.144972081,      0.6467418385,       3.311962552
          0,           0,        1174,      -2.884927092,      0.3620624753,      0.4098093369,       3.113164024,      0.6462875897,       3.316313973
          0,           0,        1175,      -2.881017487,      0.3657838782,      0.4158440328,       3.104020905,      0.6460069411,       3.310658836
          0,           0,        1176,      -2.901044209,      0.3438002763,      0.4121487037,       3.133710637,      0.6454198295,       3.306798223
          0,           0,        1177,      -2.883811077,      0.3638156345,      0.4147383433,       3.114378039,      0.6449487326,       3.312249705
          0,           0,        1178,      -2.893862028,      0.3521310905,      0.4124414174,       3.126660748,      0.6444471625,       3.312726572
          0,           0,        1179,      -2.878650959,      0.3702042931,      0.4166750744,       3.119010851,       0.643931204,       3.312110371
          0,           0,        1180,      -2.884753804,      0.3620285458,      0.4121289188,       3.109838959,      0.6434252032,       3.315028648
          0,           0,        1181,      -2.881316337,      0.3655622504,      0.4153039082,       3.146007504,      0.6428577007,       3.307512997
          0,           0,        1182,      -2.896426086,      0.3505086251,      0.4127371052,       3.102424017,      0.6422926563,       3.303360867
          0,           0,        1183,      -2.880020246,      0.3690391776,      0.4162185841,       3.104368851,      0.6417793646,       3.312370595
          0,           0,        1184,      -2.886578549,      0.3607473845,      0.4118999855,       3.135244756,      0.6411863624,       3.307632387
          0,           0,        1185,       -2.88240363,      0.3659650245,      0.4151469761,       3.108944666,      0.6405842679,       3.304222319
          0,           0,        1186,       -2.89646558,      0.3513942274,      0.4128285298,       3.090806483,      0.6399497618,       3.297371428
          0,           0,        1187,      -2.879536414,      0.3691929802,      0.4163792753,       3.147637266,      0.6393632663,       3.304411707
          0,           0,        1188,      -2.888582193,      0.3600429032,      0.4114093275,       3.112790451,      0.6387236986,        3.30357709
          0,           0,        1189,      -2.882464768,      0.3662600103,      0.4153029718,       3.103393254,      0.6382439669,       3.296698731
          0,           0,        1190,      -2.901610279,      0.3454691966,      0.4106534047,       3.131305178,      0.6374637909,       3.292982849
          0,           0,        1191,      -2.885506662,      0.3635696768,      0.4151899148,       3.114155482,       0.636765942,        3.29623868
          0,           0,        1192,      -2.896818473,      0.3514201232,      0.4133247849,       3.087883964,      0.6360609805,       3.301518151
          0,           0,        1193,      -2.879328511,       0.370434187,      0.4162347825,       3.146306493,      0.6353061754,       3.301003095
          0,           0,        1194,      -2.886297527,      0.3626301112,      0.4110716921,       3.114346876,      0.6345792692,       3.310246851
          0,           0,        1195,      -2.884301687,      0.3647149523,      0.4152453139,       3.102080136,      0.6339223019,       3.296518337
          0,           0,        1196,      -2.904993561,      0.3422573446,      0.4110770017,       3.129383744,      0.6329983095,       3.292005946
          0,           0,        1197,      -2.886458545,      0.3637570834,      0.4152079421,       3.116561372,      0.6321723081,       3.297947278
          0,           0,        1198,      -2.896576346,      0.3522944243,       0.413004476,       3.098229199,      0.6313068665,        3.29960448
          0,           0,        1199,      -2.881127025,      0.3692630431,      0.4163779081,        3.14577823,      0.6304211132,       3.301430146
          0,           0,        1200,      -2.889050552,      0.3604899617,      0.4114818153,       3.109142862,      0.6295315622,       3.306774016
          0,           0,        1201,      -2.883309802,       0.365899267,      0.4155666468,       3.141817504,      0.6285963208,       3.307040232
          0,           0,        1202,      -2.896981209,      0.3520470784,      0.4132345693,       3.111971437,      0.6276309977,       3.305716002
          0,           0,        1203,      -2.881583019,      0.3685390717,      0.4158107282,       3.106918661,      0.6267209964,        3.31797701
          0,           0,        1204,      -2.887653214,      0.3594895428,      0.4116784131,       3.136857364,      0.6257910479,       3.314244651
          0,           0,        1205,      -2.859450691,      0.3669073767,      0.4172986089,         3.1425916,      0.6248711398,       3.316434778
          0,           0,        1206,      -2.864994077,      0.3543803107,      0.4156160979,       3.130207176,      0.6238123196,       3.310227507
          0,           0,        1207,      -2.870853009,      0.3696072989,      0.4165672467,       3.150915015,      0.6226919193,       3.314735671
          0,           0,        1208,       -2.84768259,      0.3611813726,      0.4146788965,       3.153334105,      0.6217118476,       3.310927391
          0,           0,        1209,      -2.852656644,      0.3687934227,      0.4172757023,       3.140743161,      0.6203820516,       3.303909046
          0,           0,        1210,      -2.872668256,      0.3543145094,      0.4150066727,       3.159980562,      0.6191797204,       3.303919498
          0,           0,        1211,      -2.874246367,      0.3693704433,      0.4162452976,       3.127876151,      0.6180171503,       3.304753242
          0,           0,        1212,      -2.858177778,      0.3599851848,      0.4134122646,       3.123606702,      0.6169473936,       3.310664064
          0,           0,        1213,      -2.834976897,         0.3692741,      0.4191936043,       3.149926342,      0.6156532428,       3.304044984
          0,           0,        1214,      -2.768794362,      0.3607018594,      0.4247393129,       3.233515862,      0.6149125971,       3.307604009
          0,           0,        1215,      -2.813009098,      0.3725271343,      0.4216449951,       3.210613253,      0.6135661886,       3.306011985
          0,           0,        1216,      -2.851157646,      0.3604150143,      0.4136389945,        3.14988411,      0.6120138855,       3.308648592
          0,           0,        1217,      -2.850140414,      0.3681737498,       0.418134091,       3.144669986,      0.6105923706,       3.302448291
          0,           0,        1218,      -2.881568526,      0.3538258684,      0.4145833118,       3.153819966,      0.6092371812,       3.302515534
          0,           0,        1219,      -2.877584062,      0.3683035588,      0.4159459237,       3.123944241,       0.607828434,       3.303738135
          0,           0,        1220,      -2.884520787,      0.3579871879,      0.4122400111,        3.13730676,      0.6064860516,       3.304262789
          0,           0,        1221,      -2.879231379,      0.3667774887,      0.4164489496,       3.118322676,      0.6050970487,       3.302657929
          0,           0,        1222,      -2.892311086,      0.3538094056,      0.4132390557,        3.09707869,      0.6036725764,       3.300770214
          0,           0,        1223,      -2.880645396,      0.3681677136,      0.4158632468,       3.140223785,      0.6022388815,        3.30363215
          0,           0,        1224,      -2.891584083,      0.3575245953,       0.411433722,       3.105050486,      0.6007402218,       3.302332489
          0,           0,        1225,      -2.882836179,       0.366627387,      0.4158532322,       3.111687715,      0.5992205116,       3.303030869
          0,           0,        1226,      -2.894336205,      0.3539085885,      0.4132499411,       3.140014065,      0.5976616714,       3.302148401
          0,           0,        1227,      -2.882384243,      0.3680840087,      0.4153661809,       3.112944956,      0.5961113565,       3.306849956
          0,           0,        1228,      -2.891911654,      0.3579929956,       0.411234074,       3.095158076,      0.5945233745,        3.30692498
          0,           0,        1229,      -2.882614291,      0.3676401883,      0.4160309813,       3.146442476,      0.5929163579,       3.305343717
          0,           0,        1230,      -2.896171626,      0.3547803751,      0.4127064852,       3.109667605,      0.5912950059,       3.302086585
          0,           0,        1231,      -2.883658671,      0.3684111098,      0.4151102441,       3.104305939,      0.5898794333,       3.301107626
          0,           0,        1232,      -2.898196805,      0.3512308304,      0.4089193426,       3.134941896,      0.5881716556,        3.30003618
          0,           0,        1233,      -2.888585592,      0.3619859281,      0.4151206126,        3.11616728,      0.5865543637,        3.30373986
          0,           0,        1234,      -2.902921913,      0.3467670517,      0.4149688886,       3.118089092,      0.5849542151,       3.310839502
          0,           0,        1235,      -2.882420699,      0.3708261712,      0.4156572957,       3.114281563,      0.5833650718,       3.319619097
          0,           0,        1236,      -2.886438076,      0.3645722398,      0.4091790678,       3.099385395,       0.581774996,       3.327930574
          0,           0,        1237,      -2.886932086,      0.3633510699,      0.4157585422,       3.143472076,       0.580055826,       3.317336794
          0,           0,        1238,      -2.905836681,      0.3452026332,      0.4147221309,       3.103945967,      0.5784430438,       3.315256222
          0,           0,        1239,      -2.884020276,      0.3694490295,      0.4149180115,       3.103720596,      0.5768881987,       3.324178839
          0,           0,        1240,      -2.888019652,      0.3632532851,      0.4094383103,        3.13682536,      0.5751882267,       3.320341392
          0,           0,        1241,      -2.887048957,      0.3649623092,      0.4160446879,       3.115321881,      0.5734613528,       3.310290215
          0,           0,        1242,      -2.902947928,      0.3484691148,      0.4146455937,       3.130465056,      0.5717466644,       3.301245601
          0,           0,        1243,      -2.884583788,      0.3693372278,      0.4148130885,        3.11559011,      0.5701606892,       3.310766093
          0,           0,        1244,      -2.891204024,      0.3613637135,      0.4092419706,       3.098231418,      0.5685233486,       3.311677586
          0,           0,        1245,      -2.886820517,      0.3650970872,      0.4162684897,       3.144659633,      0.5668717883,       3.309752247
          0,           0,        1246,       -2.90358726,      0.3494020507,      0.4141467691,       3.104440546,      0.5652797722,       3.308388937
          0,           0,        1247,      -2.885424894,      0.3692623554,      0.4142856311,       3.103546597,      0.5637169767,       3.313846234
          0,           0,        1248,      -2.892500267,      0.3609910564,      0.4097922309,       3.134974087,      0.5620618634,       3.314238117
          0,           0,        1249,      -2.888798116,       0.365395897,      0.4162365929,       3.113650253,      0.5603595532,       3.306154751
          0,           0,        1250,      -2.904210571,      0.3500008227,      0.4135978374,       3.090734793,      0.5587083921,       3.305229565
          0,           0,        1251,      -2.886590276,       0.368726122,      0.4146744666,       3.140142836,       0.557088243,       3.308770143
          0,           0,        1252,      -2.895442447,      0.3595736593,      0.4098328137,        3.10419344,      0.5554687112,       3.311790091
          0,           0,        1253,      -2.888121528,      0.3652919018,      0.4160136958,       3.111146132,      0.5540376753,       3.303047046
          0,           0,        1254,      -2.866490574,      0.3454773585,      0.4142627971,        3.17061866,      0.5525005934,       3.298650542
          0,           0,        1255,      -2.848094329,      0.3649893756,      0.4176938737,        3.15448787,      0.5510826243,       3.300452832
          0,           0,        1256,      -2.804094701,      0.3564712565,      0.4216989524,       3.217729173,      0.5501420613,       3.304263575
          0,           0,        1257,      -2.852592807,      0.3712452114,      0.4183805609,       3.155717834,      0.5480259592,       3.304363713
          0,           0,        1258,      -2.870584119,         0.3623541,      0.4123994034,       3.129177742,      0.5462640789,       3.309522277
          0,           0,        1259,      -2.841622567,      0.3654959748,      0.4182743622,       3.184874096,      0.5443778748,       3.299544504
          0,           0,        1260,      -2.892549453,      0.3486660367,      0.4139118188,       3.115995649,      0.5425567541,       3.295864316
          0,           0,        1261,      -2.876943882,      0.3687390389,      0.4168380505,       3.115974571,      0.5410217582,       3.307081736
          0,           0,        1262,      -2.868920813,      0.3617731197,      0.4130515216,       3.162653932,      0.5394017371,        3.30493183
          0,           0,        1263,      -2.851287546,      0.3663666575,        0.41774994,       3.156907909,      0.5376927115,       3.303208073
          0,           0,        1264,      -2.890258038,      0.3504278763,      0.4139450088,       3.107626018,      0.5359098827,       3.297168126
          0,           0,        1265,      -2.880000889,      0.3694323428,      0.4158936106,       3.148791421,      0.5342971386,       3.306043721
          0,           0,        1266,      -2.827460603,      0.3637218129,      0.4155262563,       3.180769272,      0.5326505959,       3.304870552
          0,           0,        1267,      -2.878759164,      0.3653457411,      0.4162110985,       3.121059794,      0.5311603197,       3.300664895
          0,           0,        1268,      -2.908623708,      0.3432568461,      0.4110244708,       3.137653467,      0.5295089102,       3.299059893
          0,           0,        1269,      -2.856430753,      0.3641622668,      0.4169610446,        3.15251419,      0.5279220992,       3.307407405
          0,           0,        1270,      -2.903014686,       0.352051662,      0.4127809988,       3.125742434,      0.5263447918,       3.315876916
          0,           0,        1271,      -2.870671391,      0.3700433272,      0.4173398661,       3.134181637,      0.5248372197,       3.315834721
          0,           0,        1272,      -2.854457543,      0.3625281864,       0.414052933,       3.148669347,      0.5235570857,       3.324049608
          0,           0,        1273,      -2.881190663,      0.3644852595,      0.4155675235,       3.152539359,      0.5217144732,       3.313453324
          0,           0,        1274,      -2.905126038,      0.3479242663,      0.4128811751,       3.100841779,       0.520147292,       3.311496741
          0,           0,        1275,      -2.890824381,      0.3682155616,      0.4153060301,       3.098066741,      0.5187595979,       3.316892631
          0,           0,        1276,      -2.896061665,      0.3603583123,      0.4106030032,        3.13122269,       0.517199077,       3.312676592
          0,           0,        1277,      -2.894882099,       0.364266455,      0.4146835435,       3.111530918,      0.5156848398,       3.306134837
          0,           0,        1278,      -2.907188927,      0.3489410356,      0.4128585572,       3.100102935,      0.5141612603,       3.301975258
          0,           0,        1279,      -2.859190112,      0.3688963864,      0.4176012841,       3.172899233,      0.5125804232,       3.311764868
          0,           0,        1280,      -2.866964365,      0.3612658648,      0.4126455618,       3.136356685,      0.5112545025,       3.312089392
          0,           0,        1281,      -2.891501177,      0.3648359109,      0.4147529515,       3.097634766,      0.5098933777,       3.306382033
          0,           0,        1282,      -2.903478634,      0.3436404277,      0.4109895762,       3.131111404,      0.5085208656,        3.29972324
          0,           0,        1283,      -2.872172627,      0.3628541707,      0.4159503993,       3.133128882,      0.5075639046,       3.303215971
          0,           0,        1284,      -2.885266105,      0.3519471195,      0.4137467631,        3.11943717,      0.5060743697,       3.306895211
          0,           0,        1285,      -2.878268364,      0.3693049489,      0.4166401199,       3.156698815,      0.5048464958,       3.306854396
          0,           0,        1286,      -2.891996314,      0.3609615271,      0.4109525749,       3.109606972,      0.5036868536,       3.313712198
          0,           0,        1287,      -2.896330281,      0.3631092398,      0.4145293635,        3.13186266,       0.502480066,       3.303166699
          0,           0,        1288,      -2.874625169,      0.3480216033,      0.4150199485,       3.140351203,      0.5010970826,       3.301394116
          0,           0,        1289,      -2.867610386,      0.3693073246,      0.4171881698,        3.13522203,      0.5000905637,       3.309701481
          0,           0,        1290,      -2.893327602,      0.3601593009,      0.4108641569,       3.143966154,      0.4990665008,       3.309513299
          0,           0,        1291,      -2.878880924,      0.3637415724,      0.4158057804,        3.13142455,      0.4982192197,       3.303181446
          0,           0,        1292,      -2.888620655,      0.3488668614,      0.4140876122,       3.110002365,      0.4970634705,       3.298199558
          0,           0,        1293,      -2.879941935,       0.368136292,      0.4162364369,       3.152659797,      0.4963238677,       3.306964966
          0,           0,        1294,      -2.896246475,      0.3593184554,      0.4104096571,       3.112503423,      0.4954562875,       3.306748718
          0,           0,        1295,      -2.889360964,      0.3643168317,      0.4150289648,       3.106779312,      0.4945802928,       3.301831234
          0,           0,        1296,      -2.910531706,      0.3489186197,      0.4132380424,       3.135135376,      0.4937310395,       3.301154326
          0,           0,        1297,      -2.876013783,      0.3687963466,      0.4160490191,       3.132635143,      0.4930239471,       3.306067499
          0,           0,        1298,      -2.902771483,      0.3592212703,      0.4096541961,       3.083939071,      0.4923914038,        3.30654358
          0,           0,        1299,      -2.889545133,      0.3648432714,      0.4152331783,       3.100405419,      0.4916531376,       3.298462869
          0,           0,        1300,      -2.912874156,      0.3492290239,      0.4127015222,       3.096488068,      0.4910116177,       3.300297269
          0,           0,        1301,      -2.868758091,      0.3681968327,      0.4168099776,       3.164085582,      0.4905981344,       3.307983848
          0,           0,        1302,      -2.900035438,        0.35823659,      0.4101097428,        3.11175367,      0.4900941256,       3.315565525
          0,           0,        1303,      -2.892679109,      0.3646365595,      0.4151988357,       3.108621231,      0.4895561983,        3.31460499
          0,           0,        1304,      -2.909486807,      0.3499750999,      0.4130961349,       3.130949013,      0.4890714908,       3.317533862
          0,           0,        1305,      -2.898682418,      0.3668231365,      0.4142865474,       3.108452548,      0.4886611439,       3.322815348
          0,           0,        1306,      -2.907280692,      0.3571501828,      0.4095352195,       3.078380035,      0.4882246876,       3.324589373
          0,           0,        1307,      -2.898714188,      0.3644491277,      0.4147394944,       3.099278356,      0.4877749197,       3.320487237
          0,           0,        1308,      -2.912267974,      0.3506789151,      0.4127320145,        3.13023135,      0.4873248979,       3.316518526
          0,           0,        1309,      -2.898457816,      0.3670472848,      0.4142104774,       3.107513442,      0.4869329352,       3.315583698
          0,           0,        1310,      -2.907474067,      0.3571040182,      0.4097058149,       3.093478761,      0.4865276713,       3.310993104
          0,           0,        1311,      -2.898972821,      0.3645856707,      0.4152349006,       3.141824389,      0.4861410535,       3.306746158
          0,           0,        1312,      -2.913642246,      0.3507496393,      0.4123102704,       3.100410879,      0.4858377326,       3.306139697
          0,           0,        1313,      -2.890053851,      0.3668638241,      0.4147957927,       3.100686781,      0.4858983224,       3.309566388
          0,           0,        1314,       -2.89637913,      0.3508730621,      0.4088428512,       3.144002813,      0.4856584989,       3.306789452
          0,           0,        1315,      -2.895056611,      0.3601470978,      0.4150100661,       3.118221326,      0.4852302244,       3.304553475
          0,           0,        1316,      -2.914194203,      0.3438080645,      0.4145253613,       3.087224356,      0.4848065846,       3.304031054
          0,           0,        1317,      -2.891413241,      0.3691387464,      0.4152535265,       3.140511626,       0.484481284,       3.308844822
          0,           0,        1318,       -2.89416361,      0.3632062008,      0.4084382925,       3.114909709,      0.4841273475,       3.314004798
          0,           0,        1319,      -2.893730289,      0.3614167168,      0.4152284807,       3.109948391,      0.4838393699,       3.299615537
          0,           0,        1320,      -2.922040441,       0.336406904,      0.4120886077,       3.131511406,      0.4833964321,       3.293504045
          0,           0,        1321,       -2.86037685,      0.3629761734,      0.4171644065,       3.151259752,      0.4833828267,       3.302875902
          0,           0,        1322,      -2.872566477,      0.3531946684,      0.4133960621,       3.156907411,      0.4829762457,       3.305700699
          0,           0,        1323,      -2.884152011,      0.3669795665,      0.4165463044,        3.12477998,       0.482737878,       3.304731185
          0,           0,        1324,      -2.835256914,      0.3608269326,      0.4172220834,       3.170991059,      0.4826333452,       3.307103297
          0,           0,        1325,      -2.867769689,      0.3663484831,      0.4160954455,       3.168398695,      0.4819389155,       3.304713871
          0,           0,        1326,      -2.898863612,      0.3524118654,      0.4118276078,       3.108689887,      0.4815156041,       3.300269206
          0,           0,        1327,      -2.859995056,      0.3680694152,      0.4177635276,       3.134799296,      0.4811264418,       3.310298441
          0,           0,        1328,      -2.873421823,      0.3576197062,      0.4139237638,       3.161856679,      0.4807592607,       3.304766578
          0,           0,        1329,      -2.870678156,      0.3658316492,      0.4161178554,       3.139443142,      0.4803973647,       3.308460469
          0,           0,        1330,      -2.882096805,      0.3543812348,      0.4130630662,       3.117489735,      0.4795505722,       3.304167921
          0,           0,        1331,      -2.879110617,      0.3678146288,      0.4165056841,       3.153190252,      0.4790902707,       3.310833759
          0,           0,        1332,      -2.897900803,      0.3572493421,      0.4116584475,       3.115787348,      0.4785297423,       3.310450458
          0,           0,        1333,      -2.898862851,      0.3659394031,      0.4142047864,       3.102827369,      0.4780172142,       3.302986291
          0,           0,        1334,      -2.918601455,      0.3460653785,      0.4089663518,       3.128718512,      0.4772623464,       3.300394924
          0,           0,        1335,      -2.902791882,      0.3615136889,      0.4143406611,       3.106655067,      0.4765554874,       3.299187141
          0,           0,        1336,      -2.914692292,      0.3481711508,      0.4131216306,       3.076072353,      0.4759906758,       3.308889742
          0,           0,        1337,      -2.871027314,      0.3700329421,      0.4166219777,       3.131554733,      0.4753987101,       3.309561631
          0,           0,        1338,      -2.897897135,       0.362209513,      0.4095620055,       3.108913162,      0.4746359904,        3.32185771
          0,           0,        1339,      -2.892426249,      0.3628799067,      0.4149909081,       3.104643851,      0.4737176056,       3.310011559
          0,           0,        1340,      -2.920771334,      0.3451164176,      0.4128639809,       3.084245446,      0.4729506033,       3.313172051
          0,           0,        1341,      -2.879536236,       0.368314113,      0.4157157616,        3.11931588,      0.4724710258,       3.320906571
          0,           0,        1342,      -2.900020616,      0.3546503161,       0.407141735,       3.132011159,      0.4713605745,       3.318090026
          0,           0,        1343,      -2.900613908,      0.3585858662,      0.4142787308,       3.114632584,      0.4703339251,       3.313379203
          0,           0,        1344,      -2.897264012,      0.3402766356,      0.4169981671,       3.113530465,      0.4694039622,        3.30712359
          0,           0,        1345,       -2.89276158,        0.36896333,      0.4153432336,        3.14217216,      0.4683559542,       3.316982023
          0,           0,        1346,      -2.895609764,      0.3641815433,      0.4073642685,       3.109991327,      0.4672879839,       3.320052532
          0,           0,        1347,      -2.880464393,      0.3622404108,      0.4160878087,       3.125416484,      0.4662363212,       3.310663064
          0,           0,        1348,      -2.915356579,      0.3435930949,      0.4155023461,       3.132553621,      0.4648780549,       3.307308772
          0,           0,        1349,      -2.894512852,      0.3682106361,       0.414860175,       3.110500455,      0.4637785649,       3.318566279
          0,           0,        1350,      -2.880892469,        0.36254737,      0.4088841991,       3.145397876,      0.4625964184,       3.314508357
          0,           0,        1351,      -2.895597136,      0.3624538653,      0.4153226722,       3.118867388,      0.4611683099,       3.307467092
          0,           0,        1352,      -2.915339102,      0.3448338225,      0.4149246642,       3.095988726,      0.4597945563,       3.298973862
          0,           0,        1353,      -2.876703211,      0.3687987486,      0.4158826145,       3.159046038,      0.4586726624,       3.307908935
          0,           0,        1354,        -2.8989908,      0.3606619761,      0.4081041364,       3.112021842,      0.4572854287,       3.306598734
          0,           0,        1355,      -2.897181446,      0.3632437771,      0.4153321171,       3.099182913,      0.4558916849,       3.300681157
          0,           0,        1356,      -2.896059586,      0.3476072814,      0.4158762715,       3.147250941,      0.4545986046,       3.300198067
          0,           0,        1357,      -2.893040275,      0.3678209944,      0.4143610746,        3.11657462,      0.4532702756,       3.306498761
          0,           0,        1358,      -2.902222768,      0.3593093003,      0.4082519416,       3.096945963,      0.4519532723,       3.310859817
          0,           0,        1359,      -2.880089177,       0.364288455,       0.416929275,        3.15255738,      0.4505229087,       3.303910182
          0,           0,        1360,      -2.911809256,      0.3480430866,      0.4141455417,       3.105022487,      0.4491160429,       3.305406981
          0,           0,        1361,      -2.894898696,      0.3673283982,      0.4140509291,       3.105957553,      0.4478893509,       3.305674069
          0,           0,        1362,       -2.89078165,      0.3526989439,      0.4074874498,       3.150404218,      0.4464139938,        3.30531572
          0,           0,        1363,      -2.900287226,        0.35915118,      0.4151348467,        3.11342308,      0.4448885677,        3.29966818
          0,           0,        1364,      -2.919394422,       0.341249715,      0.4160050011,       3.118118403,      0.4434921513,       3.303417815
          0,           0,        1365,      -2.878839597,      0.3698886589,      0.4155609386,       3.127219169,      0.4421125773,       3.308846114
          0,           0,        1366,      -2.896455942,      0.3637936956,      0.4071101947,       3.098791668,      0.4407120768,       3.313591369
          0,           0,        1367,      -2.898875052,      0.3621765551,      0.4157562337,       3.141479642,      0.4390772701,        3.29826887
          0,           0,        1368,      -2.900078207,      0.3447826618,      0.4163934604,       3.118720106,      0.4376179664,       3.296988107
          0,           0,        1369,      -2.894472514,      0.3673163347,      0.4141780835,       3.102695937,      0.4363439548,       3.310893991
          0,           0,        1370,      -2.900850108,      0.3602607296,      0.4079672577,       3.136973912,      0.4349463706,       3.313936713
          0,           0,        1371,      -2.882142929,      0.3636001788,      0.4168671008,       3.132365764,      0.4335540037,       3.316689986
          0,           0,        1372,      -2.913310448,      0.3471386094,      0.4147438371,       3.096776541,       0.432093878,       3.314146376
          0,           0,        1373,      -2.894635109,      0.3672948635,      0.4144026582,       3.143666775,      0.4308505382,       3.325831658
          0,           0,        1374,       -2.88712772,       0.359600817,      0.4092127461,       3.120856785,      0.4294281205,       3.324188999
          0,           0,        1375,      -2.896009349,      0.3639596449,      0.4157636581,       3.106840121,      0.4281405411,       3.319888938
          0,           0,        1376,      -2.918965372,      0.3421730777,      0.4116590692,       3.130966747,       0.426558386,        3.31012606
          0,           0,        1377,      -2.883418472,      0.3628772834,      0.4143536152,       3.123033523,       0.425169766,       3.310035139
          0,           0,        1378,      -2.909413414,      0.3504782247,      0.4111283479,        3.10854868,      0.4237712437,       3.309759237
          0,           0,        1379,      -2.893551247,      0.3682683647,      0.4162231776,       3.118012931,      0.4223908819,       3.307582548
          0,           0,        1380,       -2.88597524,      0.3607687224,      0.4125948324,       3.149137676,      0.4211752342,       3.315697575
          0,           0,        1381,      -2.889253284,      0.3636053175,       0.414434344,       3.121124867,      0.4198251713,       3.306019538
          0,           0,        1382,      -2.849659613,      0.3499070147,      0.4165481103,       3.152064343,      0.4194251853,       3.306642712
          0,           0,        1383,      -2.810054526,      0.3723107227,      0.4233079448,       3.218503922,      0.4184250585,        3.31376686
          0,           0,        1384,      -2.884645779,      0.3599893564,      0.4116260844,       3.126885186,      0.4165571056,          3.312096
          0,           0,        1385,      -2.887310971,      0.3644829627,      0.4144698908,        3.11016098,      0.4149949758,       3.306533033
          0,           0,        1386,      -2.885435295,       0.349777054,       0.413830924,       3.154050229,      0.4133167868,        3.30215698
          0,           0,        1387,      -2.889111494,      0.3672667709,      0.4158043964,       3.120202935,      0.4119897512,       3.309965832
          0,           0,        1388,      -2.895912167,      0.3580013946,      0.4108499387,       3.103263324,      0.4105270517,       3.309527982
          0,           0,        1389,      -2.895249984,      0.3641268726,       0.414900127,       3.145391548,      0.4091999664,       3.304965037
          0,           0,        1390,      -2.852328603,      0.3517432761,      0.4168771295,       3.162122157,      0.4082034951,       3.302539491
          0,           0,        1391,      -2.833706662,      0.3700483232,      0.4196542423,       3.167201379,       0.407157561,       3.302567577
          0,           0,        1392,       -2.81027255,      0.3562924479,      0.4160001432,       3.218588507,      0.4066595413,       3.299748971
          0,           0,        1393,      -2.864884296,      0.3610618208,      0.4164318783,       3.149086351,      0.4046517519,       3.293169283
          0,           0,        1394,      -2.887201271,      0.3436688634,       0.416205851,        3.11303359,      0.4028556836,       3.295252479
          0,           0,        1395,      -2.876939215,       0.369476024,      0.4165777858,       3.150839955,      0.4015069428,       3.300505759
          0,           0,        1396,      -2.894851849,      0.3631029557,      0.4085957318,       3.112343303,      0.4001804057,        3.30779244
          0,           0,        1397,      -2.889658831,      0.3620554604,      0.4154285004,       3.108503118,      0.3984918361,       3.293195074
          0,           0,        1398,      -2.913291053,      0.3437960604,      0.4153394302,       3.132616539,      0.3972133492,       3.291842288
          0,           0,        1399,      -2.894405931,      0.3675323383,       0.415248572,       3.117182249,      0.3960521585,       3.302781357
          0,           0,        1400,      -2.901230209,      0.3607464608,       0.408338953,       3.094459319,      0.3946711698,       3.302718148
          0,           0,        1401,      -2.899457228,      0.3632156119,       0.415479363,       3.137651154,      0.3931615007,       3.299692927
          0,           0,        1402,      -2.918758261,      0.3470845993,      0.4142580397,       3.101158816,      0.3915281156,       3.294243106
          0,           0,        1403,      -2.899378446,      0.3675466222,      0.4141839559,       3.103324399,      0.3900336469,       3.304596476
          0,           0,        1404,      -2.905701238,      0.3591892667,       0.408682471,       3.133947152,      0.3883003057,       3.303707465
          0,           0,        1405,      -2.901262595,      0.3632017265,      0.4151789513,       3.106288886,       0.386555939,       3.303749978
          0,           0,        1406,       -2.91741084,      0.3479021218,      0.4135992694,       3.091309008,      0.3847950555,       3.304259575
          0,           0,        1407,      -2.898729341,      0.3674857503,      0.4143130756,        3.14095393,      0.3831595119,       3.313126309
          0,           0,        1408,      -2.908243392,      0.3586238223,      0.4085581053,       3.098622344,      0.3814107331,       3.316075299
          0,           0,        1409,        -2.9018598,      0.3638554387,       0.415242669,       3.128149178,      0.3796271073,        3.31003873
          0,           0,        1410,      -2.924483629,      0.3421428992,      0.4103877646,       3.090165664,      0.3777055455,       3.307178155
          0,           0,        1411,      -2.903637539,      0.3616234241,       0.412907584,       3.097434361,      0.3758382162,       3.309492828
          0,           0,        1412,       -2.91399878,       0.350105406,      0.4115885085,       3.131342414,      0.3739225053,       3.313882603
          0,           0,        1413,      -2.898274994,      0.3685475383,       0.415902776,        3.10646732,      0.3718277448,       3.310503002
          0,           0,        1414,      -2.904964175,      0.3604690823,        0.41044901,       3.087635373,       0.369812356,       3.314241462
          0,           0,        1415,      -2.902194358,      0.3627731854,      0.4136380106,       3.137249073,      0.3674675095,       3.301362711
          0,           0,        1416,      -2.920420233,      0.3463442597,      0.4117305314,       3.098691982,      0.3652703417,       3.300108225
          0,           0,        1417,      -2.900572009,       0.366894952,      0.4151454712,       3.096147715,      0.3632393619,       3.310960675
          0,           0,        1418,      -2.906803908,      0.3589216591,      0.4102259559,       3.128720407,      0.3609479215,       3.309974592
          0,           0,        1419,      -2.903248581,      0.3631687341,      0.4137662927,       3.109020491,      0.3585627222,       3.306473938
          0,           0,        1420,      -2.919499904,      0.3478061024,      0.4119917886,       3.090556163,      0.3561119696,       3.300284144
          0,           0,        1421,      -2.900250058,      0.3668789749,       0.414921106,       3.142670457,      0.3538245338,       3.308028988
          0,           0,        1422,      -2.909142433,      0.3583010413,      0.4097621297,        3.10337187,      0.3513173814,       3.304945416
          0,           0,        1423,      -2.902985673,      0.3633795127,      0.4145143481,       3.129484006,      0.3488298687,       3.298114772
          0,           0,        1424,      -2.926182039,      0.3417593926,      0.4094471221,       3.095147116,      0.3461820352,       3.291878169
          0,           0,        1425,      -2.906402867,      0.3612710451,      0.4134507432,       3.103893492,      0.3437426774,         3.2978205
          0,           0,        1426,      -2.917258343,      0.3499991531,      0.4121989929,       3.128520349,      0.3412930916,       3.303268032
          0,           0,        1427,       -2.90121481,      0.3680176113,      0.4146552145,       3.105867756,      0.3385983324,        3.30295105
          0,           0,        1428,      -2.907252542,      0.3604699656,      0.4097631243,       3.088720719,      0.3360119097,       3.309922889
          0,           0,        1429,       -2.90490033,        0.36196688,      0.4144616193,       3.130891356,      0.3330151815,       3.298496874
          0,           0,        1430,      -2.922695727,      0.3452080658,      0.4120980457,       3.093182873,      0.3302268457,       3.297586163
          0,           0,        1431,      -2.889985192,      0.3673679423,      0.4153678604,       3.117067339,      0.3277280976,       3.308185088
          0,           0,        1432,       -2.88549422,      0.3605261183,      0.4116917661,       3.154516521,      0.3252068518,       3.309701249
          0,           0,        1433,      -2.881333494,        0.36449451,      0.4160549702,       3.125807707,      0.3222094831,       3.305143824
          0,           0,        1434,      -2.909056488,      0.3482456046,      0.4129364507,       3.090077171,      0.3195287722,       3.300988833
          0,           0,        1435,      -2.852267247,      0.3702869147,      0.4183993653,        3.18123012,      0.3168931031,       3.307263619
          0,           0,        1436,      -2.878377968,      0.3602850455,      0.4111870882,       3.135393148,      0.3130280265,       3.305287755
          0,           0,        1437,      -2.900425092,      0.3637850057,      0.4145796586,       3.097785635,      0.3097460115,       3.301040457
          0,           0,        1438,       -2.90979233,      0.3486240753,       0.413347333,       3.135716881,        0.30649955,       3.303648708
          0,           0,        1439,      -2.893663875,      0.3675631663,      0.4149455202,        3.11833947,      0.3035555556,       3.314270363
          0,           0,        1440,      -2.891666303,      0.3589497956,      0.4104907783,       3.107642355,      0.3006788983,       3.320517649
          0,           0,        1441,      -2.834305292,      0.3666411311,      0.4195888612,       3.195134032,      0.2975667604,       3.318002355
          0,           0,        1442,      -2.908299522,      0.3501164056,      0.4130730165,       3.111051557,      0.2944595118,       3.320044577
          0,           0,        1443,      -2.805683778,      0.3722559562,      0.4222567607,       3.221266797,      0.2920445849,       3.322424018
          0,           0,        1444,      -2.882427843,      0.3520557205,      0.4084342104,       3.132172754,      0.2883442457,       3.319922106
          0,           0,        1445,      -2.838139611,      0.3628134116,      0.4182462329,       3.162639558,      0.2854772864,       3.313447511
          0,           0,        1446,      -2.906109806,      0.3442978697,      0.4157830263,       3.139223853,      0.2817587284,         3.3111734
          0,           0,        1447,      -2.873420123,      0.3705242074,      0.4169886229,       3.139000259,      0.2779738863,       3.312199944
          0,           0,        1448,      -2.882840577,      0.3645100525,      0.4089881026,       3.114953058,      0.2749699346,        3.31607525
          0,           0,        1449,      -2.832981372,      0.3641699106,      0.4195293358,       3.200221989,      0.2712380101,       3.303019269
          0,           0,        1450,      -2.869039464,      0.3436501384,      0.4179895986,       3.147860412,      0.2680558626,       3.302807287
          0,           0,        1451,       -2.87146512,      0.3678094888,      0.4164355193,       3.128264133,      0.2653981369,       3.315524092
          0,           0,        1452,      -2.878002547,      0.3632553041,       0.409481813,       3.159300627,      0.2613215916,       3.314821966
          0,           0,        1453,      -2.884824376,      0.3633871846,      0.4159519552,       3.127961843,      0.2582355982,       3.308912145
          0,           0,        1454,      -2.911780352,      0.3399387378,      0.4121201405,       3.087461973,      0.2551766325,       3.296994889
          0,           0,        1455,      -2.902230024,      0.3576316147,      0.4120689684,       3.098329091,      0.2521471713,       3.304628366
          0,           0,        1456,      -2.874800836,      0.3529061821,      0.4134548905,       3.140678268,      0.2487953143,       3.308806139
          0,           0,        1457,      -2.842900669,      0.3690796083,      0.4217555142,       3.174181148,       0.246662383,       3.310695646
          0,           0,        1458,      -2.854228977,      0.3606397963,      0.4151598235,       3.153400526,      0.2427957853,       3.309199701
          0,           0,        1459,      -2.890597806,      0.3644647524,      0.4136079039,       3.140758514,      0.2392132201,       3.303998033
          0,           0,        1460,      -2.905018189,      0.3500685576,      0.4119299467,       3.106517275,      0.2357359659,       3.300441361
          0,           0,        1461,      -2.893766341,      0.3664702282,      0.4160430596,        3.10401942,      0.2328438982,       3.305523137
          0,           0,        1462,      -2.831653189,      0.3585212764,      0.4170601085,       3.201693152,      0.2300355712,       3.303544696
          0,           0,        1463,      -2.898415098,      0.3645311475,      0.4136804287,       3.115453998,      0.2255061082,       3.299307121
          0,           0,        1464,      -2.910445427,      0.3507443493,      0.4121401292,       3.093079922,      0.2223642658,       3.300404259
          0,           0,        1465,      -2.852163319,      0.3682026616,      0.4194808409,       3.181667236,      0.2206646933,       3.303422648
          0,           0,        1466,      -2.903247807,       0.356455492,      0.4108010978,       3.112830635,      0.2174982095,       3.305689054
          0,           0,        1467,      -2.847474202,      0.3658535117,      0.4192466529,        3.15887152,      0.2171422931,       3.301535823
          0,           0,        1468,      -2.900664091,      0.3522349893,      0.4129081158,       3.143343297,      0.2129735849,        3.30294256
          0,           0,        1469,      -2.889872193,      0.3669390081,      0.4159290009,       3.121057866,      0.2106372401,       3.304143079
          0,           0,        1470,      -2.901277453,      0.3565568902,      0.4104658263,       3.134120109,      0.2069296956,       3.303817921
          0,           0,        1471,       -2.89840177,      0.3646500683,       0.414372766,       3.116423884,      0.2034222711,        3.29859497
          0,           0,        1472,      -2.798861333,      0.3536525812,       0.420822466,       3.208796281,      0.2006706163,       3.299923398
          0,           0,        1473,      -2.853697611,      0.3675080153,      0.4180699609,       3.180944873,      0.1974183707,       3.303428707
          0,           0,        1474,      -2.897754181,      0.3565157329,       0.410830939,       3.113861276,      0.1949411653,       3.307192832
          0,           0,        1475,      -2.849229684,      0.3662577155,      0.4179835612,       3.152571581,      0.1923717371,       3.308673104
          0,           0,        1476,      -2.907330421,      0.3516529019,      0.4124962879,       3.140174741,      0.1898133613,       3.310305906
          0,           0,        1477,      -2.878480111,      0.3660334532,      0.4161367344,       3.135271459,      0.1881680761,       3.314791271
          0,           0,        1478,      -2.910273247,      0.3554317772,      0.4101034341,       3.091023812,      0.1861366199,         3.3156141
          0,           0,        1479,       -2.89244664,      0.3647362624,      0.4154430435,       3.145398686,      0.1838424991,        3.31468888
          0,           0,        1480,      -2.916774739,      0.3517582028,      0.4116707358,       3.100746507,      0.1817275718,       3.312324487
          0,           0,        1481,      -2.901950433,      0.3660414732,      0.4141828681,       3.105164936,      0.1797664544,        3.31244797
          0,           0,        1482,      -2.913815645,      0.3551465133,      0.4103642373,       3.131571194,      0.1776640423,         3.3098763
          0,           0,        1483,      -2.906548863,      0.3642734096,      0.4143082054,       3.104811062,      0.1756013501,        3.30862144
          0,           0,        1484,      -2.918210049,      0.3514016549,      0.4115304595,       3.120823163,      0.1737688153,       3.308080409
          0,           0,        1485,      -2.909862693,      0.3617200493,       0.412377846,       3.102967273,      0.1718101152,       3.310755205
          0,           0,        1486,      -2.914856159,      0.3556067469,      0.4103159872,       3.095522893,       0.169985233,       3.315155962
          0,           0,        1487,       -2.90262457,      0.3630980968,        0.41585101,       3.140955499,      0.1679838555,       3.312426748
          0,           0,        1488,      -2.915438246,      0.3483431254,      0.4109643762,       3.097554383,      0.1657875823,       3.306267148
          0,           0,        1489,      -2.879433463,      0.3663478283,      0.4149833981,        3.11922203,      0.1643016343,       3.309379675
          0,           0,        1490,      -2.907989779,      0.3562750596,       0.410765128,       3.129497754,      0.1620623356,        3.30957479
          0,           0,        1491,      -2.887795985,      0.3636798779,      0.4158710101,       3.117154096,      0.1601140683,       3.301879494
          0,           0,        1492,      -2.881660506,      0.3497029008,      0.4139608126,       3.125451491,      0.1592171919,       3.302725381
          0,           0,        1493,      -2.896123615,      0.3670481681,      0.4146904654,        3.14999838,      0.1565793271,       3.304218297
          0,           0,        1494,      -2.912401711,      0.3564104732,      0.4104086137,       3.105249814,       0.154750673,       3.307241998
          0,           0,        1495,      -2.891104584,      0.3634913085,      0.4150138617,       3.107304057,      0.1524796029,        3.30089922
          0,           0,        1496,      -2.919893195,      0.3492429856,      0.4113033963,       3.122771866,      0.1506251927,       3.300110813
          0,           0,        1497,      -2.905468289,      0.3655839979,      0.4140138863,       3.107663545,      0.1487918353,       3.304348891
          0,           0,        1498,      -2.916285213,      0.3557128302,      0.4100570997,       3.096283505,      0.1469412828,       3.304177529
          0,           0,        1499,      -2.785319094,      0.3671322401,      0.4246293452,       3.245313464,      0.1464953071,       3.302389969
          0,           0,        1500,      -2.910624388,      0.3512828706,      0.4115169586,        3.10347422,      0.1438705885,       3.299852207
          0,           0,        1501,      -2.897996061,      0.3666002532,       0.414346651,       3.132737448,      0.1429441576,       3.306574913
          0,           0,        1502,      -2.910605955,      0.3567261086,      0.4101011943,       3.102255146,      0.1417386958,       3.306299238
          0,           0,        1503,      -2.901934993,       0.364903523,      0.4141083987,       3.106295775,      0.1402624988,       3.304861555
          0,           0,        1504,      -2.907958752,       0.351705331,      0.4122411597,       3.140835967,      0.1388716028,       3.301773032
          0,           0,        1505,      -2.899682366,      0.3661584588,      0.4147976385,       3.110701817,      0.1378194814,       3.306562779
          0,           0,        1506,      -2.910691172,      0.3558427312,      0.4101621047,       3.095051901,      0.1360128253,       3.309568147
          0,           0,        1507,      -2.904415005,      0.3640518453,       0.414512951,       3.142746404,      0.1342157209,       3.311749663
          0,           0,        1508,      -2.919691775,      0.3505534159,      0.4114127169,       3.099605779,      0.1321143999,       3.315160173
          0,           0,        1509,      -2.894141957,      0.3662905705,      0.4147727973,       3.106616439,      0.1296090792,       3.320599496
          0,           0,        1510,      -2.911675242,      0.3559229698,      0.4105449206,       3.133070517,       0.127340841,       3.323893207
          0,           0,        1511,      -2.899890929,      0.3642173187,      0.4147863036,        3.11560234,      0.1254861456,       3.321467435
          0,           0,        1512,       -2.92050209,      0.3504546823,      0.4112101703,       3.083670768,      0.1234682546,       3.321884541
          0,           0,        1513,      -2.902125073,      0.3661843317,      0.4142627531,       3.141205104,      0.1217531255,       3.321642827
          0,           0,        1514,      -2.914093509,      0.3562592541,      0.4099879643,       3.101198262,      0.1194428954,       3.319207983
          0,           0,        1515,      -2.906307506,      0.3641580184,      0.4144876214,       3.126827203,      0.1169962177,       3.307963052
          0,           0,        1516,       -2.92771295,       0.343888012,      0.4085053052,       3.094121312,      0.1143768897,        3.30051209
          0,           0,        1517,      -2.911470606,      0.3605074583,      0.4127835002,       3.099612068,      0.1123957326,       3.303036901
          0,           0,        1518,      -2.923279531,      0.3481773932,      0.4123763603,       3.124190037,      0.1105577687,       3.308857456
          0,           0,        1519,      -2.904146581,      0.3681000309,      0.4147429387,       3.105156286,      0.1087657413,       3.313327178
          0,           0,        1520,      -2.909930212,      0.3610851013,      0.4088431501,       3.088174521,      0.1072460582,       3.319984426
          0,           0,        1521,      -2.906667263,      0.3610890225,      0.4140841801,       3.131332469,      0.1049136331,       3.309251168
          0,           0,        1522,      -2.929258717,      0.3431479735,       0.412368316,       3.089258672,      0.1028441946,       3.305479637
          0,           0,        1523,      -2.883140511,      0.3673173104,      0.4160053486,        3.12592684,      0.1033537414,       3.316956309
          0,           0,        1524,      -2.902210332,      0.3604665963,      0.4095507797,       3.142096994,      0.1007954614,         3.3171712
          0,           0,        1525,      -2.901790045,      0.3622277635,      0.4143979287,       3.110031452,     0.09885209914,       3.313114077
          0,           0,        1526,      -2.926276012,      0.3453842985,      0.4124095979,       3.080949072,     0.09636241377,       3.308731802
          0,           0,        1527,      -2.863016346,      0.3682506457,      0.4174113367,       3.175121972,     0.09601659688,         3.3173656
          0,           0,        1528,      -2.903539088,      0.3590251888,      0.4091421823,       3.114137496,     0.09243541819,        3.31477101
          0,           0,        1529,      -2.910258255,      0.3623787507,      0.4140202274,       3.091830026,     0.08979136661,        3.30555673
          0,           0,        1530,      -2.920754231,      0.3405148468,      0.4107516521,       3.130067995,     0.08808757527,       3.297102036
          0,           0,        1531,      -2.903818132,      0.3612298937,      0.4136838081,       3.113036265,      0.0857171302,       3.300871942
          0,           0,        1532,      -2.919517689,      0.3497632935,      0.4113172209,       3.121010074,     0.08343150648,        3.30425203
          0,           0,        1533,       -2.89629469,       0.367546572,      0.4153639624,       3.114876605,     0.08163400368,       3.302394219
          0,           0,        1534,      -2.909302159,      0.3587284577,      0.4102940356,       3.093295954,     0.07938479527,       3.309034866
          0,           0,        1535,      -2.910575819,      0.3624904186,       0.413667138,       3.134158229,      0.0764569628,       3.300561057
          0,           0,        1536,       -2.92431411,      0.3474423089,      0.4114156603,       3.098287025,     0.07440701998,       3.300709021
          0,           0,        1537,      -2.906526614,      0.3664869787,      0.4144476521,       3.095160156,     0.07246248906,        3.31015214
          0,           0,        1538,      -2.916323878,      0.3579495184,      0.4099437703,       3.130157932,     0.06993794024,       3.308273214
          0,           0,        1539,      -2.910925239,      0.3631020103,      0.4136698406,       3.104644571,     0.06741480953,       3.304810836
          0,           0,        1540,      -2.927385814,       0.348027486,      0.4112582065,       3.079006719,     0.06460565911,       3.300997303
          0,           0,        1541,      -2.907893913,      0.3660842384,      0.4145056434,       3.134954533,      0.0628934463,       3.310514158
          0,           0,        1542,       -2.91836884,      0.3569732723,      0.4095000788,       3.101586984,     0.06052532353,       3.312786722
          0,           0,        1543,      -2.911108499,      0.3633896346,      0.4137347953,       3.098062248,     0.05789819164,       3.309403497
          0,           0,        1544,      -2.932902871,      0.3422625116,      0.4090237899,       3.121072912,     0.05512806771,       3.306853694
          0,           0,        1545,       -2.91478347,       0.360498325,      0.4133014923,       3.099524179,     0.05284695006,       3.311377735
          0,           0,        1546,      -2.926206251,      0.3484077312,      0.4118621313,       3.118242527,      0.0506854778,        3.31719048
          0,           0,        1547,      -2.908033105,       0.367612753,      0.4144373725,       3.111403198,     0.04794082872,        3.31639819
          0,           0,        1548,      -2.914296736,      0.3599726481,      0.4092159345,       3.090291413,     0.04567209177,        3.32160806
          0,           0,        1549,      -2.912135179,      0.3617693617,      0.4138322734,       3.128926347,     0.04179133124,       3.306755019
          0,           0,        1550,      -2.931047915,      0.3448900973,      0.4118360825,       3.092286718,     0.03867355913,       3.302144857
          0,           0,        1551,      -2.909426092,       0.366173161,      0.4140928667,       3.100461772,     0.03656558613,       3.310372643
          0,           0,        1552,      -2.915917137,      0.3583710512,      0.4092908987,       3.129914059,     0.03391155069,       3.311303045
          0,           0,        1553,      -2.912843348,      0.3620300907,      0.4137761825,       3.097275193,     0.03100786799,       3.309062245
          0,           0,        1554,      -2.929885493,      0.3462947352,      0.4117623841,       3.074495355,     0.02800176449,       3.305435524
          0,           0,        1555,      -2.908801783,      0.3660517166,      0.4142210543,       3.136979389,     0.02599171164,       3.313703886
          0,           0,        1556,      -2.918431984,      0.3573998039,       0.408902788,       3.101175353,     0.02312144238,       3.311082148
          0,           0,        1557,      -2.912881352,      0.3624848914,      0.4137434798,       3.085995572,     0.01999030627,       3.305266789
          0,           0,        1558,      -2.928308643,      0.3473604595,      0.4121559748,       3.122932333,     0.01708989969,       3.301447026
          0,           0,        1559,      -2.910457937,      0.3659433261,      0.4137402184,       3.106725917,     0.01493970641,       3.306248616
          0,           0,        1560,      -2.919554226,          0.356791,      0.4086245065,       3.077563803,     0.01260200118,       3.307720972
          0,           0,        1561,      -2.911740936,      0.3626679139,      0.4140139201,        3.12673324,    0.009653318517,       3.302369332
          0,           0,        1562,      -2.928722709,      0.3480092562,      0.4118752674,       3.095278306,    0.007230449359,       3.302510303
          0,           0,        1563,      -2.910656151,      0.3655751856,      0.4138194762,       3.099603502,    0.005047760132,       3.303318442
          0,           0,        1564,      -2.926059411,      0.3496478646,      0.4064292271,       3.123942014,    0.002431359504,       3.301655905
          0,           0,        1565,      -2.917649777,      0.3579463675,      0.4133606249,       3.097687779,  -0.0004091199526,       3.296746026
          0,           0,        1566,       -2.93625181,      0.3405708223,      0.4139762929,        3.08177624,   -0.002510398892,       3.299371402
          0,           0,        1567,      -2.909307887,      0.3674042337,      0.4144347654,       3.138483788,   -0.004277142813,       3.305636109
          0,           0,        1568,      -2.914145126,      0.3615934956,      0.4069342697,       3.097276746,   -0.005851180518,       3.313108624
          0,           0,        1569,      -2.914571692,      0.3604955939,      0.4140889994,       3.121900284,   -0.009275740615,        3.30061944
          0,           0,        1570,      -2.934667571,      0.3426743593,       0.413758526,       3.089264579,    -0.01168801933,       3.299229668
          0,           0,        1571,      -2.910022614,      0.3674748701,      0.4137159114,        3.09990948,    -0.01291448683,       3.309146657
          0,           0,        1572,      -2.915482142,      0.3606334836,      0.4073079583,       3.128348493,     -0.0153817518,        3.30606649
          0,           0,        1573,      -2.914579553,      0.3615924819,      0.4142391578,       3.099606998,    -0.01791504319,       3.301318888
          0,           0,        1574,      -2.933014538,      0.3445434687,      0.4133718567,       3.074854424,    -0.02022355621,       3.298401065
          0,           0,        1575,      -2.909903266,      0.3665156432,      0.4137117332,        3.13245311,    -0.02041969527,       3.315635723
          0,           0,        1576,      -2.917560566,        0.35879331,      0.4074066337,       3.099572089,    -0.02192650153,       3.319597866
          0,           0,        1577,      -2.913039934,       0.362158002,      0.4143905139,       3.097902401,    -0.02362844542,       3.321372581
          0,           0,        1578,       -2.92975872,      0.3462899278,      0.4134290302,       3.122171691,    -0.02552360569,       3.321279348
          0,           0,        1579,      -2.909933469,      0.3666472306,      0.4132519061,       3.102127017,    -0.02661418397,       3.328271835
          0,           0,        1580,      -2.917287076,      0.3583636656,      0.4076442643,       3.090619426,    -0.02843797093,       3.328801311
          0,           0,        1581,      -2.911152303,      0.3630583654,      0.4148938475,       3.136693436,    -0.03142978154,       3.319626452
          0,           0,        1582,      -2.929608795,      0.3474613142,      0.4127182443,       3.086881322,    -0.03390108407,       3.314974999
          0,           0,        1583,      -2.909087575,      0.3668412936,      0.4133529405,       3.126034807,    -0.03615436042,       3.310834592
          0,           0,        1584,      -2.924983254,      0.3511839661,      0.4053273899,       3.099278809,    -0.03847579513,       3.308327803
          0,           0,        1585,       -2.91705409,      0.3579794431,       0.413885006,       3.095524532,    -0.04107280024,       3.302711121
          0,           0,        1586,      -2.936628963,      0.3396361517,      0.4149558895,       3.120809022,    -0.04239644429,       3.308149979
          0,           0,        1587,      -2.910085509,      0.3674581943,      0.4136665204,        3.10638691,     -0.0435880895,       3.314778764
          0,           0,        1588,      -2.913537358,      0.3618272417,      0.4062042205,       3.087277985,    -0.04466267233,       3.322008064
          0,           0,        1589,      -2.914447289,      0.3604937706,      0.4146130917,        3.12540696,    -0.04840596835,       3.306621184
          0,           0,        1590,      -2.935373914,      0.3423165658,      0.4141129964,       3.078153609,    -0.05077205151,       3.302815133
          0,           0,        1591,      -2.911360952,      0.3658759751,      0.4132646396,        3.09598735,    -0.05171638185,        3.31060762
          0,           0,        1592,      -2.916706078,      0.3587935694,      0.4071670857,       3.135703615,    -0.05385723537,       3.308324217
          0,           0,        1593,      -2.914786457,      0.3612735415,      0.4147036684,       3.103451943,    -0.05593882393,       3.306094324
          0,           0,        1594,      -2.932613478,      0.3453327501,      0.4135451964,       3.070706615,    -0.05815965097,       3.302552462
          0,           0,        1595,      -2.910423131,      0.3659229627,      0.4133842226,       3.131630686,      -0.059170024,       3.309404927
          0,           0,        1596,      -2.919424642,      0.3575144662,       0.407322787,       3.101327274,    -0.06148890674,       3.305350072
          0,           0,        1597,      -2.913990776,      0.3620509287,      0.4146110291,       3.091485051,    -0.06375440737,       3.300451133
          0,           0,        1598,       -2.93708455,      0.3402477624,      0.4105404852,       3.119659655,    -0.06661965618,       3.292629691
          0,           0,        1599,      -2.916783812,      0.3604203656,       0.412383812,       3.101086808,    -0.06793966499,       3.297650982
          0,           0,        1600,       -2.92894683,       0.348706504,      0.4099446892,       3.077938603,    -0.06928881336,       3.302034845
          0,           0,        1601,       -2.90989846,      0.3668692288,      0.4154162526,         3.1336196,    -0.07124787466,       3.301975232
          0,           0,        1602,       -2.91847663,       0.358558537,      0.4104338994,       3.101749793,    -0.07218340143,       3.309667827
          0,           0,        1603,       -2.91516755,       0.361791444,      0.4126669392,       3.088262858,    -0.07556381706,        3.29721359
          0,           0,        1604,      -2.938181434,      0.3396888894,      0.4081159246,       3.116779321,     -0.0779665075,       3.294583931
          0,           0,        1605,      -2.917630084,      0.3603876282,       0.414150161,       3.101396461,    -0.07890994923,       3.302724721
          0,           0,        1606,       -2.92943138,      0.3488834069,      0.4119928149,       3.078375314,    -0.08055000206,       3.305011287
          0,           0,        1607,      -2.910950282,      0.3667102713,      0.4138872015,       3.133378309,     -0.0824407747,       3.305356699
          0,           0,        1608,      -2.919557593,      0.3579190386,      0.4089690576,       3.100567942,    -0.08375094803,        3.30969443
          0,           0,        1609,      -2.914794304,      0.3621123033,      0.4139942219,       3.090677611,    -0.08598678118,       3.305654964
          0,           0,        1610,      -2.936931016,      0.3409438653,      0.4092806732,       3.119106472,    -0.08844388518,       3.301939727
          0,           0,        1611,      -2.917599079,      0.3600487746,       0.412981662,       3.100257297,    -0.08857978988,       3.314102521
          0,           0,        1612,      -2.929593198,      0.3482585697,      0.4111152139,       3.077735637,    -0.09004487879,       3.316428849
          0,           0,        1613,      -2.910188084,      0.3667553863,      0.4148100815,        3.13029407,    -0.09094542826,       3.322584258
          0,           0,        1614,      -2.917919101,      0.3588188093,      0.4095671311,       3.099089507,    -0.09229008027,       3.325593395
          0,           0,        1615,      -2.913617905,       0.362032346,      0.4135108173,       3.130290525,    -0.09526539907,        3.31704812
          0,           0,        1616,      -2.938556877,      0.3399033194,      0.4086373653,       3.086062438,    -0.09855871922,       3.307747855
          0,           0,        1617,      -2.916253938,      0.3604988071,      0.4133019317,       3.093256073,    -0.09981575624,       3.311813755
          0,           0,        1618,       -2.92738313,      0.3493977186,      0.4118465801,       3.128204092,     -0.1018562202,       3.310420241
          0,           0,        1619,      -2.910741089,      0.3668935908,      0.4143947045,       3.105512832,     -0.1037520739,       3.309917533
          0,           0,        1620,      -2.918185718,      0.3584236962,      0.4092027919,       3.083829683,     -0.1046605608,       3.315310938
          0,           0,        1621,         -2.913401,      0.3623084939,      0.4137067108,       3.130411143,     -0.1073819325,       3.308644844
          0,           0,        1622,      -2.931317888,      0.3468438012,      0.4115844932,        3.09163698,     -0.1091766183,       3.307807383
          0,           0,        1623,      -2.911556849,      0.3659582937,      0.4139899875,        3.09353869,      -0.109894417,       3.313464162
          0,           0,        1624,      -2.919429647,      0.3570922406,      0.4093820056,       3.126052355,      -0.111751012,       3.311524923
          0,           0,        1625,      -2.913921419,      0.3626658771,      0.4136947069,       3.103277053,     -0.1140070509,       3.306726648
          0,           0,        1626,      -2.930771662,      0.3476479206,      0.4115353758,       3.080074212,     -0.1159807192,       3.303340037
          0,           0,        1627,      -2.910872817,      0.3656441372,      0.4141663735,       3.134153697,     -0.1166020484,       3.308383811
          0,           0,        1628,      -2.921513141,      0.3561112472,      0.4091252736,       3.099853915,     -0.1177904087,       3.309473795
          0,           0,        1629,      -2.913970785,      0.3628258531,       0.413732252,       3.090742871,     -0.1201656124,       3.302321545
          0,           0,        1630,       -2.93575507,      0.3418355475,      0.4090674714,       3.120762156,     -0.1221447945,       3.298693501
          0,           0,        1631,      -2.917842795,      0.3597266597,      0.4127777087,       3.102512412,     -0.1233396016,       3.300063158
          0,           0,        1632,      -2.930052558,      0.3474948553,      0.4114879037,       3.113195802,     -0.1239458171,       3.304710349
          0,           0,        1633,      -2.911134006,      0.3670685351,      0.4141542293,       3.104637006,     -0.1254409763,       3.304789947
          0,           0,        1634,      -2.916756241,      0.3599390492,      0.4092017681,       3.093912503,     -0.1257629498,       3.311852927
          0,           0,        1635,      -2.916218003,      0.3599741618,      0.4139059365,        3.13152441,     -0.1293331376,       3.299460882
          0,           0,        1636,      -2.936923102,      0.3421013137,      0.4116332901,       3.084339955,     -0.1312309131,       3.297573961
          0,           0,        1637,      -2.912743561,      0.3658226691,      0.4138415301,       3.089849591,     -0.1307778702,       3.309648599
          0,           0,        1638,      -2.918072542,      0.3591466481,      0.4090443642,       3.123021905,     -0.1322609321,       3.310352307
          0,           0,        1639,      -2.915378414,      0.3622290975,      0.4136476048,       3.099569217,     -0.1349128226,       3.304284099
          0,           0,        1640,      -2.933305069,      0.3459309933,      0.4117597451,       3.086143682,     -0.1376363325,       3.297795564
          0,           0,        1641,      -2.911820941,      0.3662053861,      0.4141010157,       3.135493682,     -0.1376205113,       3.307180558
          0,           0,        1642,      -2.920769676,      0.3576463451,      0.4086350209,       3.092434545,     -0.1389844696,       3.308327809
          0,           0,        1643,      -2.915004427,      0.3622820342,      0.4136703787,       3.090572278,     -0.1406383844,       3.307082799
          0,           0,        1644,      -2.937892645,      0.3404784181,      0.4093585893,       3.120356746,     -0.1425857029,        3.30551357
          0,           0,        1645,      -2.917613034,      0.3604631968,       0.412981529,       3.101032272,     -0.1424854443,       3.315329615
          0,           0,        1646,      -2.928828255,      0.3488011667,       0.411140479,       3.113744688,     -0.1428970908,       3.321967132
          0,           0,        1647,        -2.9112214,      0.3668173732,      0.4144017609,       3.101916842,     -0.1442867076,       3.324103704
          0,           0,        1648,      -2.917970077,      0.3586286904,      0.4094717034,       3.084624585,     -0.1449407451,       3.330213738
          0,           0,        1649,      -2.913638975,      0.3621284533,      0.4135651202,       3.131361566,     -0.1488804417,        3.32031581
          0,           0,        1650,      -2.931258207,      0.3466014821,      0.4112899324,       3.096550455,     -0.1519527579,       3.315526803
          0,           0,        1651,      -2.911287555,      0.3661257261,      0.4141187697,       3.097598782,     -0.1534855964,       3.318841442
          0,           0,        1652,      -2.918649959,      0.3576507623,      0.4096003831,        3.12784567,     -0.1567279146,       3.313893452
          0,           0,        1653,      -2.914291608,      0.3623558189,      0.4135249088,       3.100201553,     -0.1598342071,       3.309802796
          0,           0,        1654,      -2.931072002,      0.3470959946,      0.4113049697,        3.07728623,     -0.1628633067,         3.3063291
          0,           0,        1655,      -2.910866927,      0.3658587319,      0.4142252145,       3.132880986,     -0.1636314746,       3.314378866
          0,           0,        1656,      -2.920589489,      0.3567858026,      0.4091422301,       3.099754717,     -0.1660593829,       3.314068843
          0,           0,        1657,      -2.914041223,      0.3627544754,      0.4136291972,       3.096198803,     -0.1698741034,       3.306615566
          0,           0,        1658,      -2.936678716,      0.3413135868,      0.4089667732,       3.118260496,     -0.1735381305,       3.300598545
          0,           0,        1659,      -2.917974309,      0.3600445939,      0.4130223842,       3.097109751,     -0.1755600411,       3.302598813
          0,           0,        1660,       -2.93080461,      0.3477990766,      0.4111671991,       3.071737884,     -0.1767866287,       3.307761951
          0,           0,        1661,      -2.911745893,      0.3668173246,      0.4141521954,       3.099509217,     -0.1792905288,       3.307009064
          0,           0,        1662,      -2.917301402,      0.3588788673,      0.4096607547,        3.12835507,     -0.1800936993,       3.313903712
          0,           0,        1663,      -2.916124233,       0.361106023,      0.4133935105,       3.100779425,     -0.1850552745,       3.301318925
          0,           0,        1664,      -2.934105089,      0.3446763142,      0.4113238683,       3.078289931,     -0.1879201787,        3.29873186
          0,           0,        1665,      -2.911713477,      0.3659207399,      0.4142269221,       3.133493925,     -0.1884892421,       3.306596246
          0,           0,        1666,      -2.919478913,      0.3581636284,       0.409003869,       3.100716042,     -0.1911170308,       3.305027729
          0,           0,        1667,      -2.915124546,       0.361402524,      0.4139871867,       3.129884732,     -0.1947257952,       3.298367939
          0,           0,        1668,      -2.941007884,      0.3384499675,      0.4089480375,       3.086014108,     -0.1990615818,       3.289007637
          0,           0,        1669,      -2.918181096,      0.3598145127,      0.4126898902,       3.085617405,     -0.1991486296,       3.298896279
          0,           0,        1670,      -2.928829928,      0.3487587025,      0.4113823059,       3.123563002,     -0.2005840443,       3.301884378
          0,           0,        1671,      -2.912420117,      0.3662547382,      0.4144316425,       3.107780871,     -0.2024329748,       3.303167827
          0,           0,        1672,      -2.919236383,      0.3582133991,      0.4093560352,       3.085445406,     -0.2032164512,       3.308404328
          0,           0,        1673,      -2.914568585,      0.3621038577,      0.4136650228,       3.130997428,      -0.207099941,       3.300047893
          0,           0,        1674,      -2.932585964,      0.3467276954,      0.4113606802,       3.093811497,      -0.209891588,       3.296118112
          0,           0,        1675,      -2.912648427,      0.3658282194,      0.4140775459,       3.096462543,     -0.2098637971,       3.303338991
          0,           0,        1676,      -2.920119473,      0.3572019718,      0.4095083677,       3.126955685,     -0.2116181878,        3.30246201
          0,           0,        1677,      -2.915261978,      0.3622704936,      0.4135558115,       3.101276349,     -0.2131211785,       3.302095793
          0,           0,        1678,      -2.931691123,      0.3473416222,      0.4113737406,       3.079458214,     -0.2144186093,       3.302213612
          0,           0,        1679,      -2.911399409,      0.3660229829,       0.414197717,       3.135282692,     -0.2131524005,       3.312412759
          0,           0,        1680,      -2.921643037,      0.3567105125,      0.4090594677,       3.093515903,     -0.2136129874,       3.315227698
          0,           0,        1681,      -2.914477785,      0.3627694454,      0.4135815727,       3.088382977,     -0.2157685259,       3.310964162
          0,           0,        1682,      -2.936647423,      0.3415022239,      0.4089782536,       3.120823861,     -0.2175960252,       3.308548167
          0,           0,        1683,       -2.91794798,      0.3601557395,      0.4127821045,       3.101639682,     -0.2181434984,       3.311272113
          0,           0,        1684,      -2.930609446,       0.348326983,      0.4110505777,       3.065307987,     -0.2183874433,       3.314722498
          0,           0,        1685,      -2.911245251,      0.3674038525,      0.4139951727,        3.10121454,     -0.2206436851,       3.311157701
          0,           0,        1686,      -2.917671597,      0.3600164251,      0.4092087439,       3.095932862,     -0.2207859699,       3.315319169
          0,           0,        1687,      -2.916846424,      0.3606040868,       0.413491772,       3.095428145,     -0.2252612159,       3.302683466
          0,           0,        1688,      -2.934810163,      0.3432056588,      0.4119606402,       3.121806743,     -0.2265651674,       3.302249897
          0,           0,        1689,       -2.91296851,       0.366011033,      0.4138641473,       3.097281596,     -0.2244682371,       3.314235248
          0,           0,        1690,       -2.91904539,      0.3586084928,      0.4087213084,        3.08781722,     -0.2251690383,       3.315535125
          0,           0,        1691,      -2.914756257,      0.3615446158,      0.4140437695,       3.136517624,     -0.2274578017,       3.310746469
          0,           0,        1692,      -2.933863837,      0.3452663373,      0.4118002269,       3.090715445,     -0.2296209366,        3.30637269
          0,           0,        1693,      -2.912050877,      0.3658382366,      0.4138853751,       3.124806727,      -0.228776368,       3.312462327
          0,           0,        1694,      -2.927479825,      0.3509292085,      0.4058504407,       3.090256741,     -0.2313155338,       3.306119555
          0,           0,        1695,      -2.923760782,      0.3535657091,      0.4114633418,       3.085945646,     -0.2341572616,       3.298741363
          0,           0,        1696,      -2.944374846,      0.3346855926,      0.4118493444,       3.117544441,     -0.2354690177,       3.297506666
          0,           0,        1697,      -2.916659133,      0.3619972143,      0.4143051813,       3.103483029,     -0.2343597301,       3.305300525
          0,           0,        1698,      -2.924128306,      0.3537115349,      0.4084028165,       3.083332401,       -0.23400951,       3.309892092
          0,           0,        1699,      -2.913089601,      0.3646035657,      0.4139880937,       3.127475368,     -0.2372138674,       3.301884193
          0,           0,        1700,      -2.924597701,       0.353595695,      0.4119160402,       3.087244861,      -0.236852166,       3.306957772
          0,           0,        1701,       -2.91417782,      0.3635584707,      0.4135233504,       3.095969499,     -0.2387284923,       3.303849695
          0,           0,        1702,      -2.926209392,      0.3516093455,      0.4091491638,       3.129867932,     -0.2402602081,       3.302513211
          0,           0,        1703,      -2.914261606,      0.3640797157,      0.4141415381,       3.100984065,     -0.2394873037,       3.309171774
          0,           0,        1704,      -2.925640532,      0.3531073866,      0.4112623561,       3.076116091,     -0.2413133497,       3.306714657
          0,           0,        1705,      -2.912680603,      0.3641044385,      0.4136357373,       3.132730695,     -0.2411026595,       3.311381822
          0,           0,        1706,      -2.927280415,      0.3520552226,      0.4093354179,       3.097268564,     -0.2432963062,       3.307634927
          0,           0,        1707,      -2.912900299,      0.3654600288,      0.4140559912,       3.090513636,      -0.243756565,       3.309407264
          0,           0,        1708,      -2.931379209,      0.3476037342,      0.4084324365,       3.115791861,     -0.2470144447,       3.301771117
          0,           0,        1709,       -2.91897369,      0.3594070706,      0.4125875346,       3.093556147,     -0.2484025305,       3.300357363
          0,           0,        1710,      -2.934641633,      0.3439775799,      0.4121613162,       3.116391564,     -0.2476409321,       3.305623316
          0,           0,        1711,       -2.91125358,      0.3677548169,      0.4146463509,       3.112078607,      -0.246049384,       3.313740355
          0,           0,        1712,      -2.916048736,      0.3613387553,      0.4084782431,       3.086774706,     -0.2429670876,       3.326069393
          0,           0,        1713,      -2.915691231,      0.3606963997,      0.4134583719,       3.127965464,     -0.2471113305,       3.314709394
          0,           0,        1714,      -2.936808683,       0.342194084,      0.4123159221,       3.092748648,       -0.24722986,       3.316770982
          0,           0,        1715,      -2.912067374,      0.3661665864,      0.4141151097,       3.099526088,     -0.2448194097,       3.326718117
          0,           0,        1716,      -2.917420792,      0.3592838172,      0.4085917808,       3.128757315,     -0.2451708726,        3.32801795
          0,           0,        1717,      -2.915141132,       0.361977767,      0.4135752835,       3.099480029,     -0.2485712723,        3.31961876
          0,           0,        1718,      -2.932664953,      0.3458468722,      0.4123257637,       3.085095914,     -0.2518370073,       3.311744476
          0,           0,        1719,      -2.911103168,      0.3664434697,      0.4141362621,       3.137805361,     -0.2515589392,       3.315261638
          0,           0,        1720,      -2.920170803,      0.3579190229,      0.4081839458,       3.093032989,     -0.2536240233,       3.310919258
          0,           0,        1721,      -2.914876113,      0.3622297781,      0.4137081237,       3.086281324,     -0.2554336781,       3.306466639
          0,           0,        1722,       -2.93763401,      0.3402297462,      0.4097317343,       3.120720246,     -0.2571652426,       3.302740486
          0,           0,        1723,      -2.917782245,      0.3601545931,      0.4128736657,       3.102660947,     -0.2549847843,       3.311656402
          0,           0,        1724,      -2.929770827,      0.3485858209,      0.4104485206,       3.073376068,     -0.2538682232,       3.316357016
          0,           0,        1725,      -2.910540827,      0.3668398697,       0.414779746,       3.131977475,     -0.2543156543,        3.31609943
          0,           0,        1726,      -2.918622563,      0.3586426935,      0.4099125202,       3.100561795,     -0.2534265609,          3.319624
          0,           0,        1727,      -2.915351503,      0.3616360876,      0.4130755191,       3.096428116,     -0.2571844416,       3.307889043
          0,           0,        1728,      -2.931854296,      0.3459201022,      0.4112866569,       3.121349993,     -0.2581448684,       3.305006085
          0,           0,        1729,      -2.912787711,      0.3656347374,      0.4142760629,       3.101606043,     -0.2557307909,       3.312763399
          0,           0,        1730,      -2.919717683,      0.3574358229,      0.4096173476,       3.124396483,     -0.2561189636,       3.311320624
          0,           0,        1731,      -2.914898701,      0.3621497998,      0.4135034005,       3.107623313,     -0.2575122062,       3.306522714
          0,           0,        1732,      -2.931782684,      0.3468153721,      0.4111878316,       3.078054738,     -0.2589873619,       3.301394017
          0,           0,        1733,      -2.911753512,      0.3657564792,       0.414260258,       3.131663984,     -0.2571964417,       3.307232248
          0,           0,        1734,      -2.921219483,      0.3566337667,      0.4092559324,       3.099275541,     -0.2575187272,       3.305984724
          0,           0,        1735,      -2.914481869,      0.3625477503,      0.4134642379,       3.090726578,     -0.2593066116,       3.300097236
          0,           0,        1736,      -2.930334575,      0.3476454766,       0.411671446,       3.124835119,     -0.2595588031,       3.299242972
          0,           0,        1737,      -2.912850557,      0.3655261835,       0.413837854,       3.105825247,     -0.2585372696,       3.302869978
          0,           0,        1738,      -2.922092364,      0.3560286337,      0.4089360471,       3.083490991,     -0.2577395325,       3.305555897
          0,           0,        1739,      -2.913858318,      0.3627321786,      0.4140780991,       3.132444924,     -0.2594637357,       3.299893214
          0,           0,        1740,      -2.930990986,      0.3483399967,      0.4114428406,       3.094963309,     -0.2589657324,       3.301502549
          0,           0,        1741,      -2.912877298,      0.3658592708,      0.4135508862,        3.09643618,      -0.258776169,       3.301504063
          0,           0,        1742,      -2.928749381,      0.3496403023,      0.4065885958,       3.125501729,     -0.2596559706,        3.29849529
          0,           0,        1743,       -2.92039327,       0.358070964,      0.4132582273,       3.098289018,     -0.2610417054,       3.293255374
          0,           0,        1744,      -2.938484373,      0.3407226608,      0.4137934617,       3.107779507,     -0.2597652021,       3.296572647
          0,           0,        1745,      -2.912539222,      0.3671326845,      0.4139277281,       3.101211911,     -0.2565850734,       3.306279956
          0,           0,        1746,      -2.915991425,      0.3614276753,      0.4068976362,       3.085447633,     -0.2533581593,       3.315864294
          0,           0,        1747,      -2.916163788,      0.3602660587,      0.4141275089,       3.132024626,     -0.2558071914,       3.306775265
          0,           0,        1748,      -2.937322268,      0.3420634895,      0.4134894114,       3.091951012,     -0.2556597148,       3.306526533
          0,           0,        1749,      -2.913008312,      0.3658651301,      0.4134376754,       3.090906453,     -0.2513991136,       3.319524002
          0,           0,        1750,       -2.91784359,      0.3590554048,      0.4074820415,       3.127007854,        -0.2515806,       3.318598035
          0,           0,        1751,      -2.915956259,      0.3613284016,      0.4142645139,       3.106315708,     -0.2524529785,       3.315467388
          0,           0,        1752,      -2.933754458,      0.3453134711,       0.413148668,       3.084657352,     -0.2549691525,       3.307247895
          0,           0,        1753,      -2.911665834,      0.3662259222,      0.4136571977,       3.134992182,     -0.2529354953,       3.314048913
          0,           0,        1754,      -2.920581424,      0.3578899241,      0.4074643538,       3.095299996,     -0.2544345312,       3.309233705
          0,           0,        1755,      -2.915400994,      0.3617892371,      0.4142765637,       3.092369666,     -0.2558159624,       3.304171721
          0,           0,        1756,      -2.939129469,      0.3395341095,      0.4103418913,       3.121078406,      -0.257209389,       3.299297608
          0,           0,        1757,      -2.918428313,      0.3600817793,      0.4122234221,       3.095018621,     -0.2551903245,       3.306064996
          0,           0,        1758,      -2.930200679,      0.3488046593,      0.4099145694,       3.069996383,      -0.253372635,       3.311442235
          0,           0,        1759,      -2.911039438,       0.366623531,      0.4148626726,       3.134629911,     -0.2539366562,       3.309554513
          0,           0,        1760,      -2.919233586,       0.358747818,      0.4102751585,       3.102141408,     -0.2523218606,       3.314467757
          0,           0,        1761,        -2.9164718,       0.361162706,      0.4129757247,       3.089399809,     -0.2569129463,       3.298193437
          0,           0,        1762,      -2.940592235,        0.33822871,       0.408185443,       3.117037804,      -0.258791043,       3.291518719
          0,           0,        1763,       -2.91873591,      0.3596974133,      0.4138411376,       3.102616251,     -0.2565310595,        3.29888795
          0,           0,        1764,      -2.930752646,      0.3482800155,      0.4118101133,       3.075361716,     -0.2549901117,       3.303491264
          0,           0,        1765,      -2.912762394,       0.365850219,      0.4136093026,       3.091178998,     -0.2546851046,       3.304316973
          0,           0,        1766,      -2.919988784,      0.3571142434,       0.409096272,       3.123146477,      -0.253414468,       3.308665957
          0,           0,        1767,      -2.915446424,      0.3621680578,      0.4139649618,        3.10461296,     -0.2548526709,       3.303910665
          0,           0,        1768,      -2.931238417,      0.3478607319,       0.411558308,       3.081093613,     -0.2562422353,       3.299941218
          0,           0,        1769,      -2.912542421,      0.3654310022,      0.4137124711,       3.129202984,     -0.2540151669,       3.308328925
          0,           0,        1770,      -2.922179759,      0.3564277223,      0.4088978429,       3.096424681,      -0.255616377,       3.304325648
          0,           0,        1771,      -2.915530027,      0.3621156551,      0.4140266436,       3.096898736,     -0.2564354926,       3.302674467
          0,           0,        1772,       -2.93842102,      0.3409083887,       0.409134308,         3.1224016,     -0.2595498717,       3.293974598
          0,           0,        1773,      -2.918757167,      0.3601892837,      0.4128101644,       3.101284793,     -0.2577179343,       3.302444275
          0,           0,        1774,      -2.930402306,         0.3489012,      0.4113822807,       3.112388956,     -0.2573957704,        3.30544762
          0,           0,        1775,      -2.911794652,      0.3677124213,       0.414517575,       3.105196229,     -0.2583730804,       3.304709628
          0,           0,        1776,      -2.919007835,      0.3595374641,      0.4093115316,       3.096991915,     -0.2575682203,       3.309534496
          0,           0,        1777,      -2.916207881,      0.3615211009,      0.4134866387,       3.131628172,     -0.2616484159,       3.298245543
          0,           0,        1778,      -2.934970383,      0.3450143316,      0.4114374348,       3.084641052,     -0.2610660716,         3.3025789
          0,           0,        1779,      -2.912948335,      0.3660208207,      0.4139956058,       3.090915829,     -0.2580043223,       3.314816208
          0,           0,        1780,      -2.919531643,      0.3580521501,      0.4092942268,       3.130725374,     -0.2568830436,       3.320932473
          0,           0,        1781,      -2.915603835,        0.36215623,      0.4135184999,       3.102952094,       -0.25844008,       3.318996343
          0,           0,        1782,      -2.932567947,       0.346454697,      0.4115305717,       3.076769702,     -0.2593855741,       3.319417255
          0,           0,        1783,      -2.911364907,      0.3658223086,      0.4141683981,       3.135888244,     -0.2582312188,       3.326637459
          0,           0,        1784,      -2.920936772,      0.3569687128,      0.4088779105,       3.099659618,     -0.2597062988,       3.326311865
          0,           0,        1785,      -2.914454698,      0.3629104828,      0.4135425997,       3.087379822,     -0.2640715269,       3.317534694
          0,           0,        1786,      -2.936708382,      0.3415380655,      0.4091325592,       3.117070975,     -0.2689738959,       3.307805528
          0,           0,        1787,      -2.917975488,      0.3601792439,      0.4130326232,       3.104610505,     -0.2710870098,       3.306904134
          0,           0,        1788,      -2.930713598,      0.3478219985,      0.4110683734,        3.08218021,     -0.2721745716,       3.308813107
          0,           0,        1789,      -2.910981382,      0.3667958842,      0.4145933916,       3.133264575,     -0.2734534627,        3.31034375
          0,           0,        1790,      -2.918803791,      0.3588830795,      0.4093874905,       3.096849486,     -0.2727224818,       3.317623035
          0,           0,        1791,      -2.916249549,       0.361096906,      0.4131736404,       3.089100902,     -0.2775209651,       3.308408974
          0,           0,        1792,      -2.933065998,       0.345031994,      0.4116744921,        3.12138045,     -0.2803574307,       3.305157983
          0,           0,        1793,      -2.912993386,      0.3658052604,      0.4141307229,       3.102546235,     -0.2792796879,       3.312959251
          0,           0,        1794,      -2.920134112,      0.3578831359,      0.4088995026,       3.084994444,     -0.2819479123,       3.309633438
          0,           0,        1795,      -2.914512311,      0.3618704859,      0.4138459743,       3.134487579,     -0.2846179998,       3.305866964
          0,           0,        1796,      -2.932948381,      0.3462174244,      0.4116311519,       3.092870896,     -0.2872245968,       3.302038991
          0,           0,        1797,      -2.912383274,      0.3657523827,       0.413681415,       3.090763482,      -0.285590376,       3.309942724
          0,           0,        1798,      -2.926738705,      0.3507474137,      0.4063366903,       3.124828533,     -0.2883098911,       3.305519339
          0,           0,        1799,      -2.919753636,      0.3575438001,      0.4131625427,       3.099230559,     -0.2911242778,        3.30073875
          0,           0,        1800,      -2.939760525,         0.3394303,      0.4139600318,       3.098712868,     -0.2924911083,       3.299521984
          0,           0,        1801,      -2.911644969,      0.3673876189,      0.4141123471,        3.10515372,     -0.2916156146,       3.304910926
          0,           0,        1802,      -2.915031038,      0.3619496377,      0.4067905863,       3.096518437,     -0.2901649848,       3.311332057
          0,           0,        1803,      -2.916494182,      0.3600019286,      0.4141302423,       3.133608661,     -0.2965789483,       3.295298884
          0,           0,        1804,      -2.938449862,      0.3412787772,      0.4137405693,       3.081701471,     -0.2971574809,       3.295671339
          0,           0,        1805,      -2.913012216,      0.3661672258,      0.4134749087,       3.089196462,     -0.2943322119,       3.305192912
          0,           0,        1806,      -2.918209024,      0.3593244047,       0.407163078,       3.122756828,      -0.294405178,        3.30625122
          0,           0,        1807,      -2.916714518,      0.3612162202,      0.4141253983,       3.093743657,     -0.2965638112,       3.300844913
          0,           0,        1808,       -2.93529905,       0.344879634,      0.4132358798,       3.069972059,     -0.2976186474,       3.298157726
          0,           0,        1809,      -2.912980047,      0.3662929845,      0.4132530408,        3.09885709,     -0.2942071754,       3.307644254
          0,           0,        1810,      -2.920126959,      0.3580054407,      0.4075710377,       3.126784798,     -0.2947687652,       3.305630251
          0,           0,        1811,      -2.916142155,      0.3620175614,        0.41443194,       3.098548458,     -0.2957569151,       3.301971034
          0,           0,        1812,      -2.933580779,      0.3463587038,      0.4128024126,        3.07509069,     -0.2956730465,       3.300820742
          0,           0,        1813,      -2.912332237,      0.3659201536,      0.4133209151,       3.126431687,     -0.2921456721,       3.309338031
          0,           0,        1814,      -2.921888012,      0.3570816819,      0.4075953603,       3.088752939,     -0.2902012759,       3.313253054
          0,           0,        1815,      -2.914978125,      0.3627060059,      0.4143189183,        3.08893109,     -0.2911594135,       3.308915614
          0,           0,        1816,      -2.937777438,      0.3411771734,      0.4100069945,       3.121991321,     -0.2914055647,       3.307130388
          0,           0,        1817,      -2.918412119,      0.3602082357,      0.4123791278,       3.100038919,     -0.2898489321,       3.310758571
          0,           0,        1818,      -2.931090735,      0.3478851024,      0.4103153211,        3.07937423,     -0.2876983961,       3.316017631
          0,           0,        1819,      -2.911226801,      0.3669785856,      0.4151198853,       3.133852928,     -0.2876789099,       3.315982371
          0,           0,        1820,      -2.918740013,      0.3590815513,      0.4100049706,        3.10140506,     -0.2859226548,       3.320918991
          0,           0,        1821,      -2.915672091,      0.3615445124,      0.4130335055,       3.129653505,     -0.2913635556,       3.305824669
          0,           0,        1822,      -2.941351007,      0.3385016369,      0.4081051418,       3.085103606,     -0.2944743721,       3.297848146
          0,           0,        1823,       -2.91876064,      0.3595234576,      0.4134620239,       3.086606947,     -0.2914108186,       3.307177514
          0,           0,        1824,       -2.92937538,      0.3484975285,      0.4119861711,       3.124237483,     -0.2906732822,       3.309885668
          0,           0,        1825,      -2.913030695,      0.3660123845,      0.4140402012,       3.107054476,     -0.2899459848,       3.312710332
          0,           0,        1826,      -2.920285763,      0.3575482613,      0.4088463899,       3.083263245,     -0.2898927891,       3.313782771
          0,           0,        1827,      -2.915067424,      0.3618732526,      0.4139141385,       3.132838237,      -0.291027623,       3.311156268
          0,           0,        1828,      -2.932479813,      0.3470355122,      0.4116602901,       3.091035227,     -0.2951128616,       3.301002685
          0,           0,        1829,      -2.913466174,      0.3653591082,      0.4136494577,       3.088218775,     -0.2926968913,       3.308605665
          0,           0,        1830,      -2.921206856,      0.3565648891,      0.4092233647,       3.125266781,     -0.2947740331,       3.303681217
          0,           0,        1831,      -2.915571394,      0.3622998293,      0.4138470178,       3.104461365,     -0.2952863251,       3.303184225
          0,           0,        1832,      -2.932101934,      0.3476427397,       0.411526762,         3.0776406,     -0.2969129954,       3.299430132
          0,           0,        1833,      -2.912066117,      0.3656683248,      0.4136884011,       3.131151186,     -0.2949032218,       3.306407149
          0,           0,        1834,       -2.92225634,      0.3565501267,      0.4090028305,       3.096702232,     -0.2950790018,       3.307150248
          0,           0,        1835,      -2.915106031,      0.3626505215,       0.414057172,        3.09172491,      -0.298437374,       3.299034338
          0,           0,        1836,      -2.938057835,      0.3413768261,      0.4089454415,       3.112604011,     -0.3000940407,       3.296063116
          0,           0,        1837,      -2.918805349,      0.3601215118,      0.4123842153,       3.092080257,     -0.3003550638,         3.2973389
          0,           0,        1838,      -2.931251129,      0.3481144062,      0.4110880602,       3.076967832,     -0.2978053981,       3.305853716
          0,           0,        1839,      -2.911327748,      0.3670833059,      0.4145528756,       3.136658439,      -0.298735766,       3.305270799
          0,           0,        1840,      -2.918833541,      0.3595294832,      0.4092491709,       3.099753836,     -0.2952892258,       3.316154131
          0,           0,        1841,      -2.917428774,      0.3607294244,      0.4132373842,       3.082946917,     -0.3002412178,       3.303759261
          0,           0,        1842,      -2.942299558,      0.3374016169,      0.4089375554,       3.112327385,     -0.3020887515,       3.300499676
          0,           0,        1843,      -2.919166115,      0.3603867886,      0.4133607969,       3.099348362,     -0.3000411682,       3.307296394
          0,           0,        1844,      -2.930656495,      0.3488755825,      0.4109993771,       3.077967055,      -0.299468551,       3.309464086
          0,           0,        1845,      -2.912754982,      0.3657297846,      0.4143270644,       3.133769371,     -0.2991168323,       3.310706642
          0,           0,        1846,      -2.921869773,      0.3566144591,      0.4095472536,       3.098208342,     -0.2968812535,       3.316676946
          0,           0,        1847,      -2.914606944,       0.362960636,      0.4136375836,       3.124414007,     -0.2960275435,       3.318339876
          0,           0,        1848,      -2.929306318,      0.3493380697,      0.4111608217,       3.095679949,     -0.2964038268,       3.317103472
          0,           0,        1849,      -2.912543668,      0.3654705304,      0.4137222856,       3.101337549,     -0.2915047463,        3.32905694
          0,           0,        1850,      -2.921164045,      0.3562278136,      0.4096182154,       3.127462507,     -0.2929381453,       3.324969344
          0,           0,        1851,      -2.913935255,      0.3632724479,      0.4139541711,       3.098282792,     -0.2915412675,       3.327999901
          0,           0,        1852,      -2.928807077,      0.3496633119,      0.4109975378,        3.07687606,     -0.2941581286,       3.320642626
          0,           0,        1853,      -2.910564621,      0.3662874879,      0.4138357733,       3.135730174,     -0.2925620495,       3.324317352
          0,           0,        1854,       -2.92198527,      0.3563119926,      0.4094050522,       3.098699414,     -0.2944015985,       3.318622278
          0,           0,        1855,      -2.913128387,      0.3638302505,      0.4137947896,       3.090351621,     -0.2966992071,       3.311562866
          0,           0,        1856,       -2.92759467,      0.3497882748,       0.411497004,        3.12423077,     -0.2960430841,       3.311569727
          0,           0,        1857,      -2.912000693,      0.3657663422,      0.4135995102,       3.107762512,     -0.2948047546,       3.313072512
          0,           0,        1858,      -2.922382619,      0.3554520845,      0.4093013448,       3.086987687,     -0.2915968828,       3.319236275
          0,           0,        1859,      -2.912763145,      0.3635200865,      0.4142548108,       3.132675512,     -0.2929821384,       3.312986285
          0,           0,        1860,      -2.929075443,      0.3495330832,      0.4111000813,       3.091122275,      -0.290763326,       3.316028207
          0,           0,        1861,      -2.912713608,      0.3653292327,       0.413472408,       3.102232786,     -0.2905697184,       3.313424576
          0,           0,        1862,      -2.923442577,      0.3547716323,      0.4093780422,       3.090785959,       -0.28908057,       3.313611697
          0,           0,        1863,      -2.917830519,      0.3595704492,      0.4125035822,       3.130062746,      -0.290956542,       3.304227716
          0,           0,        1864,      -2.934500302,      0.3444383595,      0.4086734346,       3.095587816,     -0.2901072523,       3.302402681
          0,           0,        1865,      -2.922485588,      0.3552517477,      0.4118394515,       3.085203126,     -0.2884172614,       3.303374109
          0,           0,        1866,      -2.931226874,      0.3468196742,      0.4118532327,       3.117258923,     -0.2867389057,       3.304407997
          0,           0,        1867,      -2.911714836,      0.3665043192,      0.4150096927,       3.106017941,     -0.2837283096,       3.309290001
          0,           0,        1868,      -2.919111909,      0.3582231719,      0.4084949347,       3.092640179,     -0.2828012348,       3.308338549
          0,           0,        1869,      -2.916092492,      0.3602449375,      0.4132617777,       3.132293389,     -0.2844437016,       3.299816374
          0,           0,        1870,      -2.936582401,       0.342660943,      0.4118139311,       3.082304504,     -0.2841448461,       3.297175634
          0,           0,        1871,      -2.913228855,      0.3656134029,      0.4140060064,       3.087106884,     -0.2802573988,       3.305411891
          0,           0,        1872,      -2.918783378,      0.3580577522,      0.4085293431,       3.128329781,     -0.2783771283,       3.307644936
          0,           0,        1873,      -2.916361692,      0.3614211585,      0.4133874426,       3.103477671,      -0.280070614,       3.299044163
          0,           0,        1874,       -2.93326571,      0.3455114009,      0.4121238536,       3.112581661,     -0.2795354412,       3.297046084
          0,           0,        1875,      -2.913539894,      0.3655280837,      0.4137424126,       3.099955969,     -0.2759858301,       3.304072202
          0,           0,        1876,      -2.921625039,       0.356947654,      0.4080335237,       3.079621575,     -0.2748158706,       3.303621748
          0,           0,        1877,      -2.915346261,      0.3622059246,      0.4139155911,       3.125029838,      -0.274312207,       3.300791063
          0,           0,        1878,      -2.932723154,      0.3471705962,      0.4120473819,       3.090174193,      -0.273936401,       3.297314387
          0,           0,        1879,      -2.912918928,      0.3661320542,      0.4135163281,       3.101950614,     -0.2701121477,       3.304581675
          0,           0,        1880,      -2.921522831,      0.3568354893,      0.4086876201,       3.128807359,     -0.2690265861,        3.30297558
          0,           0,        1881,      -2.916037395,      0.3622979561,      0.4139257229,       3.095777002,     -0.2678229619,       3.301666262
          0,           0,        1882,      -2.932124956,      0.3473862478,      0.4117387802,       3.074762527,     -0.2660148506,       3.302247624
          0,           0,        1883,       -2.91190654,      0.3658431518,      0.4137300521,       3.134799435,     -0.2616448753,       3.311405451
          0,           0,        1884,      -2.922278136,      0.3565736093,      0.4085738573,       3.099533152,     -0.2591925218,       3.314643746
          0,           0,        1885,      -2.915369726,      0.3626796426,      0.4138867068,       3.085886355,      -0.259165063,       3.310214133
          0,           0,        1886,      -2.937597387,      0.3413894061,      0.4091786835,       3.114167654,     -0.2587366114,       3.307656411
          0,           0,        1887,      -2.918623608,      0.3599843588,      0.4126914636,       3.100518854,     -0.2567682496,       3.310747362
          0,           0,        1888,      -2.930989449,      0.3479592899,      0.4109636559,       3.083801828,     -0.2547296663,       3.314106917
          0,           0,        1889,      -2.911289476,      0.3669897879,      0.4148418629,       3.136999621,     -0.2544351426,       3.312408056
          0,           0,        1890,       -2.91905307,      0.3591505114,      0.4094603632,       3.099783342,     -0.2528398353,       3.315076389
          0,           0,        1891,      -2.916475639,       0.360906617,      0.4132604235,       3.123460226,     -0.2568147367,       3.298840443
          0,           0,        1892,      -2.942610374,      0.3375916562,      0.4084838015,       3.082589612,     -0.2582092818,       3.291462421
          0,           0,        1893,      -2.919299228,      0.3594977317,      0.4131523166,       3.083883811,     -0.2544241872,       3.301859956
          0,           0,        1894,      -2.929343068,      0.3488821003,      0.4115373842,       3.119900192,     -0.2524729734,        3.30591688
          0,           0,        1895,      -2.913579902,      0.3657366251,      0.4142478039,       3.105638115,     -0.2512309714,       3.307869177
          0,           0,        1896,      -2.921237911,      0.3570752672,       0.409202344,       3.084174732,     -0.2502031607,        3.30939273
          0,           0,        1897,       -2.91545567,      0.3620305094,      0.4136897591,         3.1329858,     -0.2511893245,       3.304010491
          0,           0,        1898,       -2.93226456,      0.3474834474,      0.4113739804,       3.092136919,     -0.2524997684,       3.297979916
          0,           0,        1899,      -2.913766511,      0.3651868748,      0.4138600784,       3.092783576,     -0.2496925918,       3.306252606
          0,           0,        1900,      -2.921738829,      0.3561966712,      0.4094680428,       3.126712216,      -0.250702605,       3.301765755
          0,           0,        1901,       -2.91565322,      0.3624260753,      0.4136855421,        3.10642376,     -0.2505388047,       3.301691049
          0,           0,        1902,      -2.932021936,      0.3480119736,      0.4112765582,       3.074163651,     -0.2515300416,       3.297921954
          0,           0,        1903,      -2.913795832,      0.3654673487,      0.4135762318,       3.083670447,     -0.2497380377,       3.304478395
          0,           0,        1904,      -2.923401449,      0.3560189289,      0.4088978745,       3.079407416,     -0.2497007964,       3.305081364
          0,           0,        1905,      -2.914336743,      0.3628872925,      0.4139563971,       3.109821905,     -0.2515548401,       3.299753676
          0,           0,        1906,      -2.931291654,      0.3484999054,      0.4113759422,       3.089247976,     -0.2514104033,       3.301396052
          0,           0,        1907,      -2.913666255,      0.3654641763,      0.4134360298,       3.087955206,     -0.2513524674,       3.303149118
          0,           0,        1908,      -2.922301974,      0.3555522077,      0.4093574773,       3.114462739,     -0.2499919789,       3.309246591
          0,           0,        1909,      -2.914934647,      0.3629774322,      0.4138614781,       3.103943462,      -0.252019255,       3.304069788
          0,           0,        1910,      -2.930751481,       0.348976493,       0.411212963,       3.075323284,     -0.2511157561,       3.308739295
          0,           0,        1911,       -2.91355816,      0.3657643326,      0.4130821496,       3.086072324,     -0.2512928418,       3.309985789
          0,           0,        1912,      -2.923547427,      0.3559625299,      0.4089775154,       3.075401869,     -0.2514162344,       3.311471832
          0,           0,        1913,       -2.91547385,      0.3631283248,      0.4140088098,       3.087376338,     -0.2539260893,       3.304843572
          0,           0,        1914,      -2.930674316,      0.3488770712,      0.4111270257,       3.084306482,     -0.2541820227,       3.305673117
          0,           0,        1915,      -2.912033108,      0.3650391068,      0.4136934249,       3.130328017,     -0.2526880895,       3.312225378
          0,           0,        1916,      -2.923078297,      0.3551985003,      0.4092083485,       3.096294468,     -0.2516312322,       3.317426485
          0,           0,        1917,      -2.914158609,      0.3632851418,      0.4139662753,       3.098928239,     -0.2517499157,       3.318842259
          0,           0,        1918,      -2.927965992,      0.3496508023,      0.4114246181,       3.125923893,     -0.2521999132,       3.319531393
          0,           0,        1919,      -2.912628492,      0.3655592726,       0.413459208,       3.100872199,      -0.251234562,       3.324822674
          0,           0,        1920,       -2.92279584,      0.3555098407,      0.4090134881,       3.069080612,     -0.2521641016,        3.32435315
          0,           0,        1921,      -2.913204909,      0.3633956362,      0.4139243156,       3.121080255,      -0.253854268,       3.321648324
          0,           0,        1922,      -2.928285118,      0.3496585927,      0.4111988115,       3.096984726,     -0.2562325454,       3.316843781
          0,           0,        1923,      -2.911234938,      0.3659033887,      0.4135008582,       3.101416129,     -0.2568247455,       3.317624932
          0,           0,        1924,      -2.920794079,      0.3560237657,       0.409620879,        3.12806241,     -0.2588784312,       3.313491887
          0,           0,        1925,       -2.91367881,      0.3635071084,      0.4138720969,       3.097624985,     -0.2604790058,       3.310394064
          0,           0,        1926,      -2.928153066,      0.3497043146,       0.410912765,       3.077917962,      -0.260881154,       3.310613719
          0,           0,        1927,       -2.91114162,      0.3655970692,      0.4137886121,       3.135004468,     -0.2594516155,       3.316282597
          0,           0,        1928,      -2.922300037,      0.3553314885,      0.4093955204,       3.099123764,      -0.258986284,        3.31847241
          0,           0,        1929,      -2.913508301,      0.3633474936,      0.4137464326,       3.090832169,     -0.2603457167,       3.314843038
          0,           0,        1930,      -2.927309546,      0.3497133489,      0.4113356013,       3.123087915,     -0.2606835195,       3.313961729
          0,           0,        1931,       -2.91231432,      0.3653960859,      0.4135463704,       3.106455773,     -0.2602865001,       3.315207602
          0,           0,        1932,      -2.922120642,      0.3551027748,      0.4095109494,       3.114215837,     -0.2603040496,       3.314785886
          0,           0,        1933,      -2.913956823,      0.3631469139,      0.4136366491,       3.099378359,     -0.2613803248,       3.310900388
          0,           0,        1934,       -2.92819427,      0.3497763404,      0.4108070766,       3.078129885,     -0.2615359981,       3.309833835
          0,           0,        1935,      -2.911521071,      0.3653647293,       0.413874429,       3.135046277,     -0.2609438249,       3.311239054
          0,           0,        1936,       -2.92274556,      0.3552702231,      0.4094201701,        3.09865824,     -0.2611884744,       3.309988306
          0,           0,        1937,      -2.914361438,      0.3628993883,      0.4137128591,       3.090388025,     -0.2627703239,       3.304435771
          0,           0,        1938,      -2.928661507,      0.3490627295,      0.4112973926,       3.123097424,     -0.2636120459,       3.301233517
          0,           0,        1939,      -2.913269786,      0.3652598308,      0.4135660977,       3.105912551,     -0.2628989001,       3.303075676
          0,           0,        1940,      -2.923205759,      0.3552547349,      0.4093751391,       3.102488198,     -0.2625726131,       3.303567315
          0,           0,        1941,      -2.915121163,      0.3629231904,      0.4138152704,       3.096319413,     -0.2632548083,       3.300676912
          0,           0,        1942,      -2.929677024,      0.3491366166,      0.4110991986,       3.115404594,     -0.2628782948,       3.301187855
          0,           0,        1943,      -2.913615001,      0.3649804013,      0.4135276482,        3.09858714,     -0.2611518439,       3.305929744
          0,           0,        1944,      -2.923386929,      0.3549339619,      0.4091390291,       3.081655175,     -0.2601287824,       3.308370204
          0,           0,        1945,      -2.913707961,      0.3635313792,       0.413943976,       3.133267118,     -0.2603978695,       3.306791336
          0,           0,        1946,      -2.928721467,      0.3506402627,      0.4110177135,        3.09517691,     -0.2608752112,       3.304734456
          0,           0,        1947,      -2.913398445,      0.3652931794,      0.4135127999,       3.090875604,     -0.2606796109,       3.304966257
          0,           0,        1948,      -2.923545572,      0.3545415463,      0.4097320497,       3.126837964,     -0.2613699889,       3.302437277
          0,           0,        1949,      -2.914927137,      0.3634843967,      0.4138175338,       3.105528063,     -0.2619094626,       3.300616348
          0,           0,        1950,       -2.92836808,      0.3504480511,      0.4108441947,       3.085619788,     -0.2614394175,       3.302479738
          0,           0,        1951,      -2.912538608,      0.3650414988,      0.4139094028,       3.133671053,     -0.2599424783,       3.308259643
          0,           0,        1952,      -2.924404947,      0.3544218911,      0.4094688151,       3.093173403,     -0.2591620857,       3.312227112
          0,           0,        1953,      -2.914493545,      0.3636561287,      0.4136991229,       3.087226816,     -0.2596837092,       3.312686802
          0,           0,        1954,      -2.928614353,      0.3505477222,      0.4107372718,       3.077916016,     -0.2599632256,       3.314458679
          0,           0,        1955,      -2.913449348,      0.3648291059,      0.4134307067,       3.091979674,     -0.2602097042,        3.31696425
          0,           0,        1956,      -2.924066749,      0.3540990024,       0.409516738,       3.082171517,     -0.2612412813,       3.317543487
          0,           0,        1957,      -2.914061867,      0.3637375048,      0.4137066306,       3.090290166,      -0.263874368,       3.313711672
          0,           0,        1958,      -2.926038943,      0.3508241883,      0.4111476156,       3.124399638,     -0.2664769241,        3.31028887
          0,           0,        1959,       -2.91293375,      0.3648713707,      0.4135818666,       3.107730561,     -0.2685929309,       3.308563771
          0,           0,        1960,      -2.924288596,      0.3538708092,       0.409453888,       3.082467156,     -0.2702484931,       3.308249037
          0,           0,        1961,      -2.912976749,      0.3634704466,      0.4141675283,       3.131720487,       -0.27206813,        3.30744301
          0,           0,        1962,      -2.927797351,      0.3504927787,      0.4108217959,       3.097911323,     -0.2732182169,       3.308649851
          0,           0,        1963,      -2.912525956,      0.3646746117,      0.4137442704,       3.128275673,     -0.2745138796,       3.309085474
          0,           0,        1964,      -2.930957548,      0.3472920268,      0.4068732622,       3.090487776,      -0.277541746,       3.304793287
          0,           0,        1965,      -2.918672127,      0.3584309706,      0.4128101694,       3.086162316,     -0.2799914656,       3.302247789
          0,           0,        1966,      -2.934433706,      0.3433142245,      0.4131973917,       3.118696265,     -0.2817359369,       3.301694001
          0,           0,        1967,      -2.911411752,      0.3675579293,      0.4143338964,       3.107924574,     -0.2820124622,       3.305634208
          0,           0,        1968,      -2.915458646,      0.3613739771,      0.4073916257,       3.087431316,     -0.2819876385,       3.310237793
          0,           0,        1969,      -2.916465699,        0.35959258,      0.4137312472,       3.128973876,     -0.2880612584,       3.296782241
          0,           0,        1970,       -2.93867303,      0.3406517451,      0.4130737146,       3.090685969,     -0.2907277943,       3.293535049
          0,           0,        1971,       -2.91276008,      0.3660108276,      0.4137889837,       3.096108617,     -0.2880056785,       3.305765861
          0,           0,        1972,      -2.917493146,        0.35969652,      0.4077836643,       3.127746729,     -0.2892643367,       3.306124807
          0,           0,        1973,      -2.916936959,      0.3607211694,      0.4138471914,       3.099297598,     -0.2930836419,       3.298998898
          0,           0,        1974,      -2.935720548,      0.3438247983,      0.4128511692,       3.074254086,     -0.2959671432,       3.294141123
          0,           0,        1975,      -2.912375867,      0.3659312196,      0.4138224354,       3.133480859,     -0.2932244093,       3.304961848
          0,           0,        1976,       -2.92072489,      0.3580871413,      0.4075696166,       3.092318717,     -0.2942386544,       3.304452999
          0,           0,        1977,      -2.916440459,      0.3613940323,      0.4139576978,       3.085912081,     -0.2968734477,       3.298421968
          0,           0,        1978,      -2.940255519,      0.3389266548,       0.410164046,       3.118019516,     -0.2991747653,       3.293091734
          0,           0,        1979,      -2.918484912,       0.360607995,      0.4126600903,       3.101361721,     -0.2971404246,       3.299738837
          0,           0,        1980,      -2.929231031,       0.349765704,      0.4102898597,       3.114768917,     -0.2953329052,       3.304636691
          0,           0,        1981,      -2.912373667,      0.3669830758,      0.4147752994,       3.106779648,     -0.2962882099,       3.301636291
          0,           0,        1982,      -2.920083202,      0.3580964382,      0.4102189703,       3.094178986,     -0.2936443839,       3.307921929
          0,           0,        1983,      -2.915309668,      0.3621769966,      0.4132643533,       3.133641525,     -0.2957393859,       3.300441031
          0,           0,        1984,      -2.932547918,      0.3470373242,      0.4105506988,       3.085716228,     -0.2938283622,       3.304251495
          0,           0,        1985,      -2.912905713,      0.3656570947,       0.414254269,       3.089739745,     -0.2887042129,       3.316622476
          0,           0,        1986,      -2.920591151,      0.3569629609,      0.4100018637,        3.12513152,     -0.2871960879,       3.319141314
          0,           0,        1987,      -2.915122313,      0.3626732784,      0.4132297042,       3.103041206,     -0.2865907034,       3.319272807
          0,           0,        1988,        -2.9310227,      0.3479454726,      0.4107630146,        3.07538347,     -0.2869641607,       3.316942614
          0,           0,        1989,      -2.911516948,       0.365744835,      0.4143827054,       3.134843867,     -0.2841001778,       3.323637217
          0,           0,        1990,      -2.921948493,      0.3564427234,      0.4094605266,       3.098258376,     -0.2845018435,       3.321565437
          0,           0,        1991,      -2.914313784,      0.3633164186,      0.4132780446,       3.088534822,     -0.2873382081,       3.312740993
          0,           0,        1992,      -2.936360504,      0.3423650902,      0.4085563475,       3.116821515,     -0.2902779917,       3.303774207
          0,           0,        1993,      -2.918286255,       0.360078775,      0.4132227088,       3.100427174,     -0.2901359296,       3.303589897
          0,           0,        1994,      -2.930436576,      0.3477150101,       0.411825295,       3.118380174,     -0.2880585752,       3.308507493
          0,           0,        1995,       -2.91183301,      0.3670415603,      0.4140786488,       3.104627119,     -0.2871164763,       3.310547395
          0,           0,        1996,      -2.918247801,      0.3593886506,      0.4088212237,       3.085075285,     -0.2836907319,       3.319564317
          0,           0,        1997,      -2.915852886,       0.360822465,      0.4137617215,       3.132047189,      -0.287464768,       3.308701392
          0,           0,        1998,      -2.935475189,      0.3439599765,       0.411760504,       3.091572746,     -0.2883897991,       3.306385356
          0,           0,        1999,      -2.912810384,        0.36589477,      0.4137290598,       3.091869793,     -0.2859607891,       3.313715528
          0,           0,        2000,      -2.918913556,      0.3582349231,      0.4089983781,       3.126626204,     -0.2869642255,       3.311917128
          0,           0,        2001,      -2.915760004,      0.3616353113,      0.4137296304,       3.103965762,      -0.289200312,       3.306974183
          0,           0,        2002,      -2.933176142,      0.3457096765,      0.4117953538,       3.083744382,     -0.2913994166,       3.302736571
          0,           0,        2003,      -2.911892711,      0.3657710508,      0.4140040856,       3.133485657,     -0.2892402611,       3.311388372
          0,           0,        2004,       -2.92127316,      0.3571584871,      0.4085625247,        3.09244944,     -0.2909655737,       3.309603723
          0,           0,        2005,      -2.915087131,      0.3620999501,      0.4137610299,       3.094924848,     -0.2948111207,       3.302217329
          0,           0,        2006,      -2.938543269,      0.3402451301,      0.4093487188,        3.12164745,     -0.2988954223,       3.294702331
          0,           0,        2007,      -2.918722812,      0.3599769185,      0.4128517997,       3.095468331,     -0.2990979929,       3.298797263
          0,           0,        2008,      -2.930115247,      0.3483658004,      0.4110998394,       3.112323525,     -0.2994325264,       3.302249442
          0,           0,        2009,      -2.912491386,      0.3666514185,      0.4143889455,       3.101839177,     -0.3013605015,       3.301684807
          0,           0,        2010,      -2.919507868,      0.3584793046,      0.4094177318,        3.08720073,     -0.3006854062,       3.307997138
          0,           0,        2011,      -2.915837009,      0.3613890425,      0.4134819892,       3.134006729,     -0.3058517532,       3.298294799
          0,           0,        2012,      -2.934353629,      0.3454622578,      0.4112426163,       3.091240145,     -0.3076928154,       3.297758047
          0,           0,        2013,      -2.913356856,      0.3657305426,      0.4140351237,       3.090533029,     -0.3053692321,       3.307931929
          0,           0,        2014,      -2.920284697,      0.3579070937,      0.4094367447,       3.125552006,     -0.3070469597,       3.307409501
          0,           0,        2015,      -2.915777824,      0.3625048824,      0.4135005364,       3.104123444,     -0.3101027142,       3.303094194
          0,           0,        2016,      -2.932772851,         0.3469966,      0.4114069813,       3.085173674,     -0.3134047256,       3.297960816
          0,           0,        2017,      -2.912332307,       0.365817078,      0.4142622045,       3.135945687,     -0.3112083289,       3.307040329
          0,           0,        2018,      -2.921947567,      0.3568596604,      0.4090410666,       3.097723475,     -0.3116448609,       3.308993322
          0,           0,        2019,      -2.915208152,      0.3626680889,      0.4135233427,       3.087876585,     -0.3141291585,       3.305593561
          0,           0,        2020,      -2.937608157,      0.3413088778,      0.4089900777,       3.121327599,     -0.3161778211,       3.303549734
          0,           0,        2021,      -2.918487557,      0.3602078733,      0.4130854887,        3.10229969,     -0.3150389756,       3.309665119
          0,           0,        2022,      -2.930848828,      0.3481049559,      0.4111218019,       3.078208698,      -0.313155603,       3.316926832
          0,           0,        2023,      -2.911126538,      0.3668669464,      0.4144944944,       3.133288345,     -0.3139446474,       3.317821904
          0,           0,        2024,      -2.918943115,      0.3589460244,       0.409323862,       3.100590797,     -0.3120334112,       3.324834107
          0,           0,        2025,      -2.915451681,      0.3615724477,      0.4135595058,       3.127662913,     -0.3182742222,       3.312110143
          0,           0,        2026,      -2.933966632,      0.3452928667,       0.411477861,       3.089396313,     -0.3212542872,       3.306956064
          0,           0,        2027,      -2.913011639,      0.3658006012,      0.4138917873,       3.091028039,     -0.3200703813,       3.311122657
          0,           0,        2028,      -2.920061153,      0.3576511246,      0.4091898613,       3.120957182,     -0.3211301827,        3.30922846
          0,           0,        2029,      -2.916029278,      0.3618366181,      0.4134871258,       3.094722327,      -0.322065773,        3.30686033
          0,           0,        2030,      -2.932845095,      0.3462705058,      0.4114660133,       3.077578125,     -0.3226456363,        3.30484817
          0,           0,        2031,      -2.912271319,      0.3656018482,       0.414157385,        3.13883572,     -0.3182264354,       3.314541142
          0,           0,        2032,      -2.921964438,      0.3566864703,       0.408887961,       3.097904847,     -0.3178838046,       3.313891897
          0,           0,        2033,      -2.915234187,      0.3623260499,      0.4136512929,       3.091191666,     -0.3192055857,       3.308974122
          0,           0,        2034,      -2.931084956,      0.3473659678,      0.4119340594,       3.122276107,     -0.3198530886,       3.305272768
          0,           0,        2035,      -2.913083648,      0.3655193076,      0.4136633465,       3.105831847,     -0.3178311933,       3.308082566
          0,           0,        2036,      -2.922519043,      0.3561528639,      0.4087103243,       3.082238308,     -0.3167341311,       3.308332193
          0,           0,        2037,      -2.915635085,      0.3624282777,      0.4137447345,       3.085011745,     -0.3183268809,       3.301835534
          0,           0,        2038,      -2.930391699,      0.3478289226,      0.4117756711,       3.118226357,     -0.3174934007,         3.3013043
          0,           0,        2039,      -2.913398686,      0.3652413258,      0.4135639764,       3.104862766,     -0.3163681612,       3.301208463
          0,           0,        2040,      -2.930061748,      0.3490931853,      0.4058771396,       3.077380365,     -0.3167035557,       3.297378893
          0,           0,        2041,      -2.923948636,       0.353778725,      0.4119275628,       3.126570917,       -0.31797147,       3.291456486
          0,           0,        2042,      -2.937704725,      0.3423350624,      0.4141457688,       3.090154784,     -0.3146256744,       3.297480256
          0,           0,        2043,      -2.912050525,      0.3673886147,      0.4146230589,       3.092924581,     -0.3106624615,       3.304968717
          0,           0,        2044,      -2.916327228,       0.360915548,      0.4067300225,       3.128827329,      -0.308381883,       3.308047667
          0,           0,        2045,      -2.918940341,      0.3586509703,      0.4134040215,       3.102981774,     -0.3112945177,       3.297256848
          0,           0,        2046,      -2.941473902,      0.3385676176,      0.4139257275,       3.077595745,     -0.3107938327,       3.295386317
          0,           0,        2047,       -2.91286074,       0.366206285,      0.4141970778,        3.13318861,     -0.3051696388,       3.307241127
          0,           0,        2048,      -2.918952136,      0.3599465515,      0.4064425913,       3.095406368,     -0.3034684441,       3.308735398
          0,           0,        2049,      -2.916922473,      0.3615382756,      0.4137978977,       3.083817478,     -0.3062224671,       3.298229966
          0,           0,        2050,      -2.934569876,      0.3445390162,      0.4140208205,       3.118316139,      -0.305953215,        3.29581152
          0,           0,        2051,      -2.913401383,      0.3658309603,      0.4134609568,       3.107364654,     -0.3008507108,        3.30661558
          0,           0,        2052,      -2.920670034,      0.3578607578,      0.4068044189,       3.091148071,     -0.2984038942,       3.310449958
          0,           0,        2053,      -2.915017764,       0.361831964,      0.4143954934,       3.133060469,     -0.2966126504,       3.312898039
          0,           0,        2054,      -2.933078653,       0.346421837,      0.4133228517,       3.090875275,     -0.2958353573,       3.313056876
          0,           0,        2055,      -2.912779338,       0.365765842,      0.4132253862,       3.091387068,     -0.2919840666,       3.321362173
          0,           0,        2056,      -2.927175799,      0.3505547878,      0.4048040277,       3.124079748,     -0.2928939171,       3.317877373
          0,           0,        2057,      -2.919985854,      0.3574054169,      0.4135015253,        3.10080416,     -0.2932220582,       3.316244542
          0,           0,        2058,      -2.938761008,      0.3400957485,      0.4151392356,       3.109376175,     -0.2934074279,       3.314731555
          0,           0,        2059,      -2.911291675,      0.3680800337,      0.4133993114,       3.101655514,     -0.2921822634,       3.317796385
          0,           0,        2060,       -2.91435968,      0.3629588698,      0.4056271179,       3.084174735,     -0.2916435692,       3.318798068
          0,           0,        2061,      -2.917341405,      0.3591334578,        0.41479085,       3.122062771,     -0.2980420648,       3.300579548
          0,           0,        2062,      -2.940567596,      0.3390010863,      0.4145745765,       3.084975271,     -0.2981731324,       3.299247407
          0,           0,        2063,      -2.912680009,      0.3661018407,      0.4131244466,       3.100027231,     -0.2934641475,       3.311148921
          0,           0,        2064,      -2.917350507,      0.3597784587,      0.4064791984,       3.130932629,      -0.291774324,       3.314678997
          0,           0,        2065,      -2.916676572,      0.3608469019,      0.4147165898,       3.097011317,     -0.2938719517,       3.307700624
          0,           0,        2066,      -2.935507904,      0.3437681572,      0.4138450196,       3.073460803,     -0.2948120044,       3.303937574
          0,           0,        2067,      -2.911434154,      0.3663289554,      0.4132595135,       3.135674864,      -0.291789989,       3.311262698
          0,           0,        2068,       -2.92000727,      0.3583782423,      0.4067548087,       3.100451562,     -0.2921614277,       3.309362706
          0,           0,        2069,      -2.915523639,      0.3618003048,      0.4145746859,       3.087062713,     -0.2935896113,       3.304066575
          0,           0,        2070,      -2.939312835,      0.3394124327,      0.4108398549,       3.115502478,     -0.2956509731,       3.297710903
          0,           0,        2071,      -2.918071413,      0.3604758316,      0.4121773922,       3.100397467,     -0.2932903601,       3.304279004
          0,           0,        2072,      -2.930720881,      0.3487291023,      0.4094922377,       3.073231291,     -0.2921574047,       3.307217339
          0,           0,        2073,      -2.912028371,      0.3663816005,      0.4152460673,       3.125378134,      -0.292294355,       3.307082313
          0,           0,        2074,      -2.920242179,      0.3578585109,      0.4106702274,        3.09636175,     -0.2904020006,       3.312521163
          0,           0,        2075,      -2.915753869,       0.361879665,      0.4125054248,       3.091371036,     -0.2938775356,       3.302998386
          0,           0,        2076,      -2.931820235,      0.3467484528,      0.4105378281,       3.125605305,     -0.2947196493,       3.301269272
          0,           0,        2077,      -2.913470817,      0.3655816291,      0.4149112987,       3.107456313,     -0.2919922834,       3.309237086
          0,           0,        2078,      -2.921535555,      0.3570005016,      0.4097948956,       3.084104024,     -0.2927014408,       3.307489896
          0,           0,        2079,      -2.915146046,      0.3621522063,      0.4131080068,        3.12838816,     -0.2940387612,       3.303773358
          0,           0,        2080,      -2.932974406,      0.3468209931,      0.4108720174,       3.090362608,     -0.2954821684,       3.299525128
          0,           0,        2081,      -2.913145956,      0.3657325186,      0.4142853011,       3.092451242,     -0.2924820344,       3.307661194
          0,           0,        2082,       -2.92115028,      0.3570750115,      0.4097855901,       3.126402185,      -0.292536474,       3.306868196
          0,           0,        2083,      -2.915336106,       0.363153456,      0.4132358845,       3.102596546,     -0.2947639023,       3.299948764
          0,           0,        2084,      -2.932153967,      0.3481942516,      0.4108931589,       3.067828221,     -0.2952020558,       3.297695187
          0,           0,        2085,      -2.912669938,      0.3657583796,      0.4141946018,       3.121264791,     -0.2935183898,       3.301428479
          0,           0,        2086,      -2.922792084,      0.3561814855,      0.4092973341,       3.097348154,     -0.2911477119,       3.306761926
          0,           0,        2087,      -2.915057302,      0.3630652076,      0.4133180367,       3.089621249,     -0.2919343188,       3.302788793
          0,           0,        2088,      -2.936712591,      0.3421162613,      0.4087333138,       3.119230717,     -0.2907600045,       3.304952321
          0,           0,        2089,      -2.918793157,      0.3598889561,       0.413207631,        3.10455111,     -0.2882562688,       3.310813501
          0,           0,        2090,       -2.93215983,      0.3472570951,      0.4113954335,       3.078303078,     -0.2848972485,       3.318643858
          0,           0,        2091,      -2.912219454,      0.3668969314,       0.413971009,       3.093726057,     -0.2836708213,       3.320699566
          0,           0,        2092,      -2.917363069,      0.3595246278,      0.4092566268,       3.124950224,     -0.2812290149,       3.325944272
          0,           0,        2093,       -2.91671538,      0.3609124906,       0.413530332,        3.10520225,     -0.2853090657,       3.312933099
          0,           0,        2094,      -2.935286459,      0.3441724742,      0.4114862407,       3.076687979,     -0.2874795576,       3.304913461
          0,           0,        2095,      -2.912354589,      0.3659419384,       0.414185611,       3.134057381,     -0.2838863171,       3.312502826
          0,           0,        2096,      -2.920272046,      0.3581550485,      0.4087916931,       3.098798333,     -0.2837360871,       3.309942485
          0,           0,        2097,        -2.9161264,      0.3615552685,      0.4134913672,       3.088476133,     -0.2836393342,       3.306146962
          0,           0,        2098,       -2.93996768,      0.3390722157,      0.4092719712,       3.115861096,     -0.2847565765,       3.298945144
          0,           0,        2099,      -2.918832895,      0.3599095664,      0.4130843703,       3.102610377,     -0.2799537853,       3.309118805
          0,           0,        2100,      -2.930250494,      0.3485974687,      0.4109334537,       3.084579093,     -0.2777844033,       3.310958983
          0,           0,        2101,      -2.911704764,      0.3663678168,      0.4146251743,       3.136144904,     -0.2764619912,       3.310623103
          0,           0,        2102,      -2.920489297,      0.3578489046,      0.4096086412,       3.097262295,     -0.2740616162,       3.313256521
          0,           0,        2103,      -2.915366551,       0.361865776,      0.4134757783,       3.123837637,     -0.2758346356,       3.303318956
          0,           0,        2104,      -2.932739367,      0.3465670317,       0.411151235,       3.087691849,      -0.275320765,       3.300338655
          0,           0,        2105,      -2.913004398,      0.3653942613,      0.4139555429,       3.090222927,     -0.2715222896,       3.307461466
          0,           0,        2106,      -2.920750287,      0.3567254218,      0.4095823513,       3.128735887,     -0.2706092278,       3.305684171
          0,           0,        2107,      -2.915695046,       0.362131927,      0.4133102944,       3.105446191,     -0.2702976556,       3.302175882
          0,           0,        2108,      -2.932000217,      0.3474181624,      0.4112354864,       3.078290124,     -0.2701291245,       3.298166103
          0,           0,        2109,      -2.912883005,      0.3652814116,      0.4143335621,       3.128450154,     -0.2668792811,       3.304104604
          0,           0,        2110,      -2.923137334,      0.3557728585,      0.4091261729,       3.093068441,     -0.2654444271,       3.304057382
          0,           0,        2111,      -2.915246255,      0.3626003928,       0.413499744,       3.101011821,     -0.2654222862,       3.299514008
          0,           0,        2112,      -2.930695892,      0.3480930928,      0.4117457296,       3.125947008,     -0.2636675524,       3.300374472
          0,           0,        2113,      -2.914068859,      0.3651824755,      0.4137281334,        3.09762656,     -0.2612699684,       3.303444506
          0,           0,        2114,      -2.923690166,      0.3554984841,      0.4088377985,       3.078133206,     -0.2585710621,       3.307390169
          0,           0,        2115,      -2.914031617,      0.3633841478,      0.4139850628,        3.13330431,     -0.2587162182,       3.302163421
          0,           0,        2116,      -2.930674548,      0.3495071472,      0.4113882764,       3.094435941,     -0.2571628279,       3.302685845
          0,           0,        2117,      -2.913062657,      0.3658302033,      0.4137269064,       3.126193369,     -0.2566213579,       3.299540556
          0,           0,        2118,      -2.930696013,      0.3488815308,      0.4063233023,       3.093869769,     -0.2558260737,       3.297725373
          0,           0,        2119,      -2.920091101,      0.3580032941,       0.412911613,        3.09597499,     -0.2546648235,       3.297438742
          0,           0,        2120,      -2.937271099,      0.3417594745,      0.4138264392,       3.118841745,      -0.251321846,         3.3050554
          0,           0,        2121,      -2.912205461,      0.3676833235,      0.4142233287,       3.100136952,     -0.2470416309,       3.316432557
          0,           0,        2122,      -2.915802948,      0.3618018271,      0.4068565224,        3.08490068,       -0.24355459,       3.325507993
          0,           0,        2123,       -2.91689289,      0.3598317013,       0.413790169,       3.127840327,     -0.2457351254,       3.316462061
          0,           0,        2124,      -2.938639455,      0.3410300499,       0.413477404,       3.088561102,     -0.2458208399,       3.315010952
          0,           0,        2125,       -2.91307417,      0.3659999718,      0.4135987062,       3.090728252,     -0.2419641518,       3.326790177
          0,           0,        2126,      -2.917696524,      0.3596243478,      0.4072888431,        3.12343441,     -0.2428926398,       3.323607761
          0,           0,        2127,      -2.916470203,      0.3613248904,      0.4138821724,       3.091786113,     -0.2450308973,       3.316584669
          0,           0,        2128,       -2.93472213,      0.3447352515,      0.4130969685,       3.073184207,     -0.2481889312,       3.306246439
          0,           0,        2129,      -2.911881102,      0.3660860197,      0.4137095558,        3.13662627,      -0.246132298,       3.313659587
          0,           0,        2130,      -2.920272129,      0.3580255997,      0.4073701867,       3.098369788,     -0.2468057407,       3.311827612
          0,           0,        2131,      -2.915735348,       0.361621212,       0.414137255,       3.088585731,     -0.2479666961,       3.308168357
          0,           0,        2132,      -2.939423952,      0.3392591154,      0.4103900334,       3.120691191,     -0.2496920459,       3.302994642
          0,           0,        2133,      -2.918223218,      0.3603362673,      0.4125594441,       3.101471865,     -0.2485200418,       3.308415206
          0,           0,        2134,      -2.930432896,      0.3489304003,      0.4098144149,       3.066184217,     -0.2478612593,       3.311875529
          0,           0,        2135,      -2.911275115,      0.3667866707,      0.4149123408,       3.127859328,     -0.2496304072,       3.307877713
          0,           0,        2136,      -2.919648826,      0.3580713274,      0.4104502505,       3.106431544,     -0.2484572631,       3.313747462
          0,           0,        2137,      -2.915247864,      0.3621054739,      0.4128164111,       3.096156088,     -0.2523112571,       3.303046261
          0,           0,        2138,      -2.931545073,      0.3468721777,      0.4107981422,       3.120029248,     -0.2533537763,       3.302455681
          0,           0,        2139,      -2.913235507,      0.3655130005,      0.4145292459,       3.102196657,     -0.2520819907,       3.309745594
          0,           0,        2140,      -2.921178489,       0.356756707,      0.4097358656,       3.092019851,     -0.2534769388,       3.308459325
          0,           0,        2141,      -2.914507244,      0.3624751432,      0.4135194079,       3.136344038,     -0.2555563695,       3.305083038
          0,           0,        2142,      -2.932170357,       0.347483901,       0.410927315,       3.086442371,     -0.2579775358,       3.300808512
          0,           0,        2143,      -2.913127274,      0.3654118267,      0.4140220607,       3.091000943,     -0.2569815339,       3.308020401
          0,           0,        2144,      -2.921530718,      0.3560946607,      0.4098083587,       3.131021523,      -0.258326183,       3.307338715
          0,           0,        2145,      -2.915272414,      0.3626958171,       0.413446672,       3.104712005,     -0.2606211699,       3.303604179
          0,           0,        2146,      -2.931075953,      0.3482258686,      0.4109305365,       3.076147478,     -0.2619266508,       3.302902597
          0,           0,        2147,       -2.91217592,      0.3653795733,      0.4142056825,       3.133350417,     -0.2618519308,       3.306598837
          0,           0,        2148,      -2.922955701,      0.3556114705,      0.4093484431,       3.097220524,     -0.2620189851,       3.309104454
          0,           0,        2149,      -2.914365447,      0.3631179716,      0.4137083288,       3.123537233,     -0.2649494058,       3.302284028
          0,           0,        2150,      -2.937052514,      0.3426873666,      0.4083860996,       3.088099896,     -0.2667025536,       3.299399317
          0,           0,        2151,      -2.918397527,      0.3601196555,      0.4127576367,       3.095437891,     -0.2674348576,          3.299856
          0,           0,        2152,      -2.930861166,       0.347630197,      0.4118707589,       3.123077019,     -0.2671746623,       3.302955308
          0,           0,        2153,      -2.912354977,      0.3671059926,      0.4139769478,       3.101847512,     -0.2673189126,       3.304948864
          0,           0,        2154,       -2.91748591,      0.3601854296,      0.4088254249,       3.085888919,     -0.2654139585,       3.313231822
          0,           0,        2155,      -2.916670341,      0.3600326506,      0.4140076017,        3.13433165,     -0.2688411581,       3.304728253
          0,           0,        2156,      -2.937840224,      0.3420678607,      0.4117793638,       3.089262334,     -0.2699838942,          3.303665
          0,           0,        2157,      -2.913211977,      0.3660825737,      0.4136264371,       3.089862655,     -0.2661769901,        3.31752916
          0,           0,        2158,      -2.917984933,      0.3592321469,       0.408862431,       3.127175986,      -0.266485992,       3.318716241
          0,           0,        2159,      -2.916371516,      0.3612967143,      0.4137395953,       3.103639823,     -0.2685399795,       3.314493109
          0,           0,        2160,      -2.935000565,      0.3448291763,      0.4117694352,       3.072244396,     -0.2707904353,       3.309616873
          0,           0,        2161,      -2.912079312,      0.3662727598,      0.4138685124,        3.12685449,     -0.2687318256,       3.317528779
          0,           0,        2162,      -2.920441946,       0.358191149,      0.4084007597,       3.095152357,     -0.2702534182,       3.314327896
          0,           0,        2163,      -2.915742554,      0.3618500327,      0.4137636926,       3.094974817,     -0.2734108353,       3.305460746
          0,           0,        2164,      -2.939446139,       0.339338568,      0.4094714253,       3.122899324,     -0.2755628041,       3.299467785
          0,           0,        2165,       -2.91841202,      0.3601381607,      0.4128864313,       3.100872355,     -0.2733357755,       3.306885949
          0,           0,        2166,      -2.929458435,      0.3487806429,      0.4109184988,       3.112504001,      -0.271399876,       3.312646034
          0,           0,        2167,      -2.912153458,      0.3663554513,      0.4144677488,       3.104918178,     -0.2717969673,       3.311597137
          0,           0,        2168,      -2.919637751,      0.3578693443,      0.4096471082,       3.093947331,     -0.2700130933,       3.316867972
          0,           0,        2169,      -2.915063665,      0.3619026392,      0.4135250313,        3.13446586,     -0.2736360687,       3.305853809
          0,           0,        2170,       -2.93264724,      0.3465624629,      0.4110872774,       3.088365833,     -0.2747863602,       3.302511959
          0,           0,        2171,      -2.912931006,      0.3654254003,      0.4140635859,       3.092626204,     -0.2728614127,       3.308482666
          0,           0,        2172,      -2.920457743,       0.356747292,       0.409713501,       3.131597265,     -0.2737085887,       3.306164964
          0,           0,        2173,      -2.915529761,      0.3622176573,      0.4134693044,       3.103763927,     -0.2748433927,       3.303050602
          0,           0,        2174,      -2.931970734,      0.3473241767,      0.4110815171,         3.0761885,     -0.2764858801,       3.298490778
          0,           0,        2175,      -2.912172828,      0.3654757612,      0.4141928142,       3.133924945,     -0.2745713307,       3.305134049
          0,           0,        2176,      -2.922839872,      0.3560749954,       0.409201458,       3.098425208,     -0.2751259705,       3.304063518
          0,           0,        2177,      -2.915485312,      0.3625543505,      0.4134748117,       3.089065933,     -0.2773950834,       3.297475166
          0,           0,        2178,       -2.93780151,      0.3414357924,      0.4088166679,       3.118160948,     -0.2789362019,       3.293255545
          0,           0,        2179,      -2.919408504,      0.3596491087,      0.4128032347,        3.10072189,     -0.2778942361,       3.297273105
          0,           0,        2180,      -2.931171073,      0.3476419557,      0.4115945297,       3.119060528,      -0.275906732,       3.303571325
          0,           0,        2181,      -2.912674862,      0.3668641308,      0.4140192669,       3.103855047,     -0.2755576011,       3.305006765
          0,           0,        2182,      -2.918603211,      0.3597250156,      0.4088301096,       3.084128833,     -0.2727764275,       3.313635013
          0,           0,        2183,      -2.916058882,      0.3613433886,      0.4135385079,       3.130739227,     -0.2765789748,       3.302565757
          0,           0,        2184,       -2.93504643,      0.3452576328,      0.4116173082,       3.092327242,     -0.2777872812,       3.299662729
          0,           0,        2185,      -2.913243635,      0.3661736802,       0.414008135,       3.092743112,     -0.2756462654,        3.30679702
          0,           0,        2186,      -2.919850289,      0.3581468616,      0.4091172802,       3.128273717,     -0.2761071755,       3.306134474
          0,           0,        2187,      -2.916036758,      0.3621334558,      0.4135603012,       3.104902243,     -0.2766385335,       3.305241359
          0,           0,        2188,      -2.932768681,      0.3466642072,      0.4116617351,        3.08314979,     -0.2765254583,       3.306616441
          0,           0,        2189,      -2.911872142,      0.3661361329,      0.4141259008,       3.134462606,     -0.2724587839,       3.319921918
          0,           0,        2190,      -2.921636411,       0.357123186,      0.4086604587,       3.094635404,     -0.2721062558,       3.322507439
          0,           0,        2191,       -2.91502297,      0.3624477351,       0.413601819,       3.088702948,     -0.2735179213,       3.319900874
          0,           0,        2192,      -2.937767017,      0.3408390304,      0.4092048331,       3.118669667,     -0.2754270913,       3.316622744
          0,           0,        2193,      -2.917906206,      0.3601386232,      0.4130029455,       3.103767202,     -0.2748328765,       3.320797598
          0,           0,        2194,      -2.930693577,      0.3484052428,      0.4109490884,       3.078836028,     -0.2750580318,       3.322384853
          0,           0,        2195,      -2.911744846,       0.367210993,      0.4142072152,         3.0941314,     -0.2774443749,       3.318144094
          0,           0,        2196,      -2.917804388,      0.3591811378,      0.4096399382,       3.121411854,     -0.2780672079,       3.318613419
          0,           0,        2197,      -2.916044747,       0.361416318,      0.4133336777,       3.104894466,     -0.2832495374,        3.30551835
          0,           0,        2198,       -2.93370155,      0.3452797753,      0.4112499978,       3.087859011,     -0.2845083703,       3.303650652
          0,           0,        2199,      -2.912173792,      0.3658288496,       0.414426908,       3.134492295,     -0.2814065087,       3.313945114
          0,           0,        2200,      -2.920482469,      0.3577241941,      0.4090849379,       3.091901103,     -0.2817745864,       3.314091884
          0,           0,        2201,      -2.915261384,      0.3620652625,      0.4133060582,       3.086853367,     -0.2830120796,       3.311590153
          0,           0,        2202,      -2.931418796,       0.346660245,      0.4118163474,        3.12336065,     -0.2850863743,       3.306647477
          0,           0,        2203,      -2.912713597,      0.3658772431,       0.413884515,       3.105951433,     -0.2829538111,       3.313735395
          0,           0,        2204,      -2.920418156,      0.3571205991,      0.4090565362,       3.120206766,     -0.2837710762,       3.312170913
          0,           0,        2205,      -2.914670758,      0.3623880772,      0.4137461986,       3.103589258,     -0.2856896169,       3.307518776
          0,           0,        2206,      -2.931325553,      0.3472689584,      0.4115122675,       3.085320736,     -0.2865453692,       3.305751545
          0,           0,        2207,      -2.911875889,      0.3657837869,      0.4139715238,       3.134576548,     -0.2856852187,       3.309026237
          0,           0,        2208,      -2.921938942,      0.3564454879,      0.4088720959,       3.093478496,     -0.2857480058,       3.309390042
          0,           0,        2209,       -2.91506005,      0.3624753115,      0.4136528976,       3.088376868,     -0.2885782857,       3.301722054
          0,           0,        2210,      -2.930447959,      0.3476631124,      0.4118842628,        3.12465636,      -0.289216423,        3.30011868
          0,           0,        2211,      -2.913478847,      0.3653790625,      0.4135760911,        3.10682354,     -0.2885942639,       3.301963007
          0,           0,        2212,      -2.922889919,      0.3558112305,      0.4086827441,       3.081492377,     -0.2877212123,       3.304174081
          0,           0,        2213,      -2.914706598,      0.3626086775,      0.4141478332,       3.133221687,     -0.2892399068,       3.299079554
          0,           0,        2214,      -2.931557393,      0.3480502664,      0.4114906393,       3.091885559,     -0.2886457561,       3.299831137
          0,           0,        2215,      -2.913910015,      0.3650958592,      0.4132741223,       3.088771748,     -0.2872628046,       3.302125891
          0,           0,        2216,      -2.929475229,      0.3490386196,      0.4063519946,       3.117414831,     -0.2872556785,       3.300825273
          0,           0,        2217,      -2.920521028,      0.3581578901,      0.4132378162,       3.089515896,     -0.2872956625,       3.299153486
          0,           0,        2218,       -2.93792172,       0.341697479,      0.4137536321,       3.106881982,     -0.2864118544,       3.299947252
          0,           0,        2219,      -2.912180393,      0.3678450167,       0.413923677,       3.111006766,     -0.2839761338,       3.305525127
          0,           0,        2220,      -2.916247016,      0.3618450927,      0.4069541661,       3.095190657,     -0.2816779396,        3.31056353
          0,           0,        2221,      -2.917074443,      0.3601530287,      0.4142139937,       3.133814388,      -0.284609239,       3.300135709
          0,           0,        2222,      -2.938024864,      0.3418934474,      0.4135094834,       3.089867451,      -0.283726655,       3.301346065
          0,           0,        2223,      -2.913030109,        0.36633148,      0.4133501449,       3.089784905,     -0.2776732561,       3.317567833
          0,           0,        2224,      -2.918157699,      0.3595781179,      0.4072560805,         3.1230226,     -0.2763512205,       3.320521488
          0,           0,        2225,      -2.916235092,       0.361571609,      0.4142663376,       3.100403728,     -0.2759873491,       3.320798028
          0,           0,        2226,      -2.933856529,      0.3452434034,      0.4130753188,       3.081917883,     -0.2767391728,       3.318239963
          0,           0,        2227,      -2.911728221,      0.3660975959,      0.4134789389,       3.138124045,     -0.2731112845,       3.328295505
          0,           0,        2228,      -2.920536273,      0.3578899576,       0.407468919,       3.095719509,     -0.2741749005,       3.325387545
          0,           0,        2229,      -2.915120979,      0.3622573063,      0.4142781154,       3.088386179,     -0.2769016661,       3.317641229
          0,           0,        2230,      -2.938471577,       0.340139771,      0.4102969761,       3.119469489,     -0.2808350057,       3.306521633
          0,           0,        2231,      -2.917946879,      0.3604488287,      0.4125033262,       3.105512406,     -0.2804466787,        3.30814757
          0,           0,        2232,      -2.930408515,      0.3488104602,      0.4100560692,       3.074207396,     -0.2789498598,       3.312538324
          0,           0,        2233,      -2.912067878,      0.3666462045,      0.4147517033,       3.090848752,     -0.2790889604,       3.312627592
          0,           0,        2234,      -2.918444653,      0.3584218916,      0.4104006089,       3.122762358,      -0.276504418,       3.320498136
          0,           0,        2235,      -2.915486578,      0.3619389652,       0.412898658,       3.104520448,     -0.2804584353,       3.309941926
          0,           0,        2236,       -2.93237875,      0.3464235236,      0.4105799996,       3.082518681,     -0.2815193462,       3.308354919
          0,           0,        2237,      -2.911757522,      0.3658733775,      0.4147877978,       3.132684102,     -0.2801946754,       3.313884669
          0,           0,        2238,      -2.920593179,      0.3574573342,      0.4097073036,       3.099471604,     -0.2820408772,       3.310861706
          0,           0,        2239,      -2.915206602,      0.3624468084,      0.4129946683,       3.085636177,     -0.2848052217,        3.30552083
          0,           0,        2240,      -2.931855893,      0.3472782995,      0.4109243407,       3.081996063,     -0.2871241077,       3.301973863
          0,           0,        2241,      -2.911499601,      0.3656265232,      0.4145688091,       3.135587735,     -0.2857105636,       3.309745571
          0,           0,        2242,      -2.921859274,      0.3563583352,      0.4093093318,       3.092725029,     -0.2869662589,       3.310129193
          0,           0,        2243,      -2.915497114,      0.3625416023,      0.4131672257,       3.077066974,     -0.2899628388,       3.306145855
          0,           0,        2244,      -2.930346141,      0.3479347368,      0.4113008859,       3.110622252,     -0.2919612603,       3.305267272
          0,           0,        2245,      -2.912755205,      0.3654293838,      0.4139843537,       3.107565937,     -0.2927466047,       3.308204205
          0,           0,        2246,      -2.922011348,      0.3558159022,      0.4091400293,       3.094154443,     -0.2941835156,       3.309335598
          0,           0,        2247,      -2.914276121,      0.3627642739,      0.4139277916,       3.132992107,     -0.2985581775,       3.302602576
          0,           0,        2248,      -2.930940041,      0.3482132832,      0.4112614427,       3.087284604,      -0.300370575,       3.303001998
          0,           0,        2249,       -2.91275956,       0.365587462,      0.4136402819,       3.090979633,     -0.3021825119,       3.303352394
          0,           0,        2250,      -2.928314699,      0.3497030202,      0.4065604973,       3.125080487,     -0.3045309811,       3.302570747
          0,           0,        2251,      -2.919892448,      0.3583890171,      0.4130455582,        3.10052141,     -0.3083517552,       3.298160128
          0,           0,        2252,      -2.939003547,      0.3410958839,      0.4134346731,       3.069671159,     -0.3104018064,       3.298520774
          0,           0,        2253,       -2.91148564,       0.367716545,      0.4142916972,       3.134175366,     -0.3107437742,       3.303720725
          0,           0,        2254,      -2.916499437,      0.3615476699,      0.4070624296,       3.099620301,      -0.310324004,       3.310742795
          0,           0,        2255,      -2.917722718,      0.3600369987,       0.413573381,       3.088746519,     -0.3167116756,       3.300160683
          0,           0,        2256,      -2.943566659,      0.3354640475,      0.4109288474,       3.114318459,     -0.3196347514,       3.299396544
          0,           0,        2257,      -2.919306114,      0.3598781797,      0.4129555136,       3.100176028,     -0.3165027788,       3.313833647
          0,           0,        2258,      -2.928790526,      0.3493704466,      0.4097304464,       3.120195763,     -0.3169914061,        3.31913673
          0,           0,        2259,      -2.913482154,      0.3653906168,      0.4146971844,        3.10400365,     -0.3181824685,        3.32288927
          0,           0,        2260,      -2.921564351,      0.3563579944,      0.4108189347,       3.082236862,      -0.320175651,       3.324895751
          0,           0,        2261,      -2.913797882,      0.3632110844,      0.4132351333,       3.133069063,     -0.3241496187,       3.322222506
          0,           0,        2262,      -2.929009909,       0.350002437,       0.409971784,       3.095893405,     -0.3306402872,       3.314292891
          0,           0,        2263,      -2.913056092,      0.3651563358,      0.4142979284,       3.090154027,     -0.3306873979,       3.320397665
          0,           0,        2264,      -2.922609484,       0.355274717,      0.4106538362,       3.127238782,     -0.3377141087,       3.310754978
          0,           0,        2265,      -2.914395479,      0.3633622613,      0.4132176079,       3.102599843,     -0.3396290492,       3.312098144
          0,           0,        2266,      -2.929115217,       0.349965259,      0.4101247076,       3.077603123,     -0.3435775591,       3.308447749
          0,           0,        2267,      -2.911970578,      0.3653269206,      0.4144371442,       3.126734349,     -0.3425991521,       3.315424225
          0,           0,        2268,      -2.923665841,      0.3549836871,      0.4100322738,       3.094120536,     -0.3441949511,       3.316171069
          0,           0,        2269,      -2.913587857,      0.3638325549,      0.4132659987,       3.095937065,     -0.3496388826,       3.308725908
          0,           0,        2270,      -2.934542709,      0.3438614278,      0.4080200638,       3.124227603,     -0.3529935111,       3.305586524
          0,           0,        2271,      -2.918110341,      0.3599421712,      0.4134032186,       3.099137584,     -0.3569185579,       3.301346162
          0,           0,        2272,       -2.93162456,      0.3464993561,      0.4123255535,       3.113131886,     -0.3552905808,       3.308101201
          0,           0,        2273,      -2.911157967,      0.3672671807,       0.413988173,        3.10810308,     -0.3582804544,       3.305360344
          0,           0,        2274,         -2.917442,      0.3597149851,      0.4084562293,       3.093694542,     -0.3548281576,       3.315554702
          0,           0,        2275,      -2.915887822,       0.360724882,      0.4139854798,       3.131557242,     -0.3637886588,       3.300046386
          0,           0,        2276,      -2.935942393,      0.3433134903,      0.4121701927,       3.084930904,     -0.3655742041,       3.299340392
          0,           0,        2277,      -2.913361448,      0.3654654614,      0.4135433374,       3.088468253,     -0.3635901302,       3.305732023
          0,           0,        2278,      -2.919280398,      0.3577506515,      0.4086477146,       3.130057838,     -0.3652112909,       3.304615415
          0,           0,        2279,      -2.916371268,      0.3614770038,      0.4138859815,       3.104273517,     -0.3682554551,       3.299925083
          0,           0,        2280,      -2.933444066,      0.3458556029,      0.4119923743,       3.076474621,     -0.3717056914,       3.294112163
          0,           0,        2281,      -2.912694673,      0.3653434807,      0.4138357624,       3.133155709,      -0.367218643,       3.303837556
          0,           0,        2282,      -2.922201648,      0.3565919061,      0.4084351346,       3.099835762,     -0.3685608468,       3.301254823
          0,           0,        2283,      -2.915913717,      0.3620138438,      0.4139194785,       3.094303796,     -0.3698173474,       3.298006955
          0,           0,        2284,      -2.938514903,      0.3406166766,      0.4094804308,        3.11851735,     -0.3729308856,        3.29080696
          0,           0,        2285,      -2.919120567,       0.359936311,      0.4126963685,       3.097028466,     -0.3687042008,       3.298483296
          0,           0,        2286,      -2.929927134,      0.3485611813,         0.4110573,       3.118402163,     -0.3662252874,       3.301927719
          0,           0,        2287,       -2.91223731,      0.3672584188,      0.4145733845,       3.110443017,     -0.3651586288,       3.302723405
          0,           0,        2288,      -2.919256719,      0.3591530951,      0.4094645956,       3.085262512,     -0.3621185983,       3.307161939
          0,           0,        2289,      -2.916233683,       0.361345406,      0.4132992011,       3.125513875,     -0.3662810816,       3.296676164
          0,           0,        2290,      -2.934924809,      0.3448940288,      0.4111869444,       3.088610311,      -0.365165099,       3.297155587
          0,           0,        2291,      -2.913225235,      0.3658380278,       0.414178313,       3.098803485,     -0.3582213392,       3.309564181
          0,           0,        2292,      -2.919958099,      0.3579835282,      0.4094699107,       3.128481438,     -0.3558468406,       3.312596713
          0,           0,        2293,      -2.916314549,      0.3619991798,      0.4133264013,       3.094660888,     -0.3559482457,       3.310577162
          0,           0,        2294,       -2.93367319,      0.3461753945,      0.4112628076,       3.071918094,     -0.3557260827,       3.309176033
          0,           0,        2295,      -2.912131918,      0.3657278671,      0.4142270015,       3.134277571,     -0.3505380242,       3.317964703
          0,           0,        2296,      -2.922027211,      0.3568696551,      0.4089717202,       3.099128094,     -0.3493883182,       3.318311735
          0,           0,        2297,       -2.91554581,      0.3623440371,       0.413457265,       3.089283612,     -0.3520278583,       3.310518457
          0,           0,        2298,      -2.938398054,      0.3407326849,      0.4090285911,       3.117680276,     -0.3545141793,       3.303140563
          0,           0,        2299,      -2.918973739,      0.3599503224,      0.4131004553,       3.102987264,     -0.3532344372,       3.303615477
          0,           0,        2300,      -2.930718518,      0.3479235181,      0.4114153048,       3.118561516,     -0.3504809855,       3.306669972
          0,           0,        2301,      -2.912580019,      0.3666329485,      0.4142480479,       3.103781185,     -0.3491195912,       3.306906893
          0,           0,        2302,      -2.919413884,      0.3587494449,      0.4091731147,       3.083761063,     -0.3440978169,       3.314951371
          0,           0,        2303,      -2.915893006,      0.3615158337,      0.4135512964,        3.12502157,     -0.3473006851,       3.305292595
          0,           0,        2304,      -2.934176828,      0.3454490028,      0.4113845984,       3.090438457,     -0.3473281544,       3.302894932
          0,           0,        2305,      -2.912907629,      0.3657269912,      0.4139889272,       3.100838547,     -0.3427507128,       3.310569977
          0,           0,        2306,      -2.920087424,      0.3576114736,      0.4093425328,       3.129888138,     -0.3429279869,       3.308218361
          0,           0,        2307,      -2.916107693,      0.3619003485,       0.413504405,       3.095626659,     -0.3435004017,       3.305117315
          0,           0,        2308,      -2.932956409,      0.3465096844,      0.4113536878,       3.073109528,     -0.3446061252,       3.301123125
          0,           0,        2309,      -2.912308908,      0.3656449163,      0.4140078731,       3.127238039,     -0.3397777686,       3.310684873
          0,           0,        2310,      -2.921973404,      0.3568066653,      0.4088459868,       3.093003235,     -0.3395489532,        3.31013324
          0,           0,        2311,       -2.91517765,      0.3623478538,      0.4136758431,       3.098180301,     -0.3419336266,       3.303654447
          0,           0,        2312,      -2.938407546,      0.3408453983,      0.4090930472,       3.121747525,      -0.344409279,        3.29728931
          0,           0,        2313,      -2.919061369,      0.3600423674,      0.4129439683,       3.095986301,     -0.3427505136,        3.30047474
          0,           0,        2314,      -2.930641125,      0.3482795807,      0.4113597226,       3.116083893,     -0.3403200078,       3.304898811
          0,           0,        2315,      -2.912760446,       0.366684078,      0.4143473867,       3.106326955,     -0.3405145041,       3.303632488
          0,           0,        2316,      -2.919603287,      0.3585759004,      0.4092722678,       3.090072104,     -0.3364772643,       3.311634575
          0,           0,        2317,      -2.916362543,      0.3611119662,      0.4136012292,       3.130190742,     -0.3402170419,       3.301975162
          0,           0,        2318,       -2.93499605,      0.3450412035,      0.4114006949,       3.088322012,     -0.3394101504,       3.302781529
          0,           0,        2319,      -2.913205646,      0.3660612647,      0.4137022919,       3.092187498,     -0.3349378072,       3.311895774
          0,           0,        2320,      -2.919654466,      0.3585537103,       0.409279063,       3.126622548,     -0.3354123412,       3.310235084
          0,           0,        2321,       -2.91551242,      0.3626768842,      0.4139508751,       3.104955089,     -0.3380253281,        3.30369816
          0,           0,        2322,      -2.932766461,      0.3469198443,      0.4114581496,       3.084189523,     -0.3400529104,       3.298523602
          0,           0,        2323,      -2.912305248,      0.3657544097,      0.4138110226,       3.132068015,     -0.3354001752,       3.308928322
          0,           0,        2324,      -2.922062054,      0.3568005955,      0.4088910226,       3.093696087,     -0.3336292618,       3.312783055
          0,           0,        2325,       -2.91492311,      0.3627955514,       0.413820031,       3.094202151,     -0.3333327085,       3.313690343
          0,           0,        2326,      -2.930549723,      0.3478862441,      0.4118738927,       3.124836518,     -0.3326289422,       3.315632946
          0,           0,        2327,      -2.913202115,      0.3656461638,      0.4134721643,       3.099135085,     -0.3299078616,       3.322279098
          0,           0,        2328,      -2.921665102,      0.3562319983,      0.4090380374,       3.116615781,     -0.3287578111,        3.32537486
          0,           0,        2329,      -2.914812231,      0.3627253041,      0.4139537495,       3.099673482,     -0.3312907251,       3.320555725
          0,           0,        2330,      -2.930454087,       0.348361219,      0.4113028918,       3.076673051,     -0.3321533123,       3.319311549
          0,           0,        2331,      -2.911950865,      0.3658651935,      0.4136576707,       3.130302198,     -0.3328902655,        3.31832994
          0,           0,        2332,      -2.922584175,      0.3560608437,      0.4090125636,       3.096562142,     -0.3343597239,       3.315471751
          0,           0,        2333,      -2.914565468,       0.363148224,      0.4138201523,       3.089095829,     -0.3378828495,        3.30761552
          0,           0,        2334,      -2.929299563,      0.3489672651,      0.4116359777,       3.121256641,      -0.337914721,        3.30720642
          0,           0,        2335,      -2.913252285,      0.3654885979,      0.4134324996,       3.104469592,     -0.3356632318,       3.311690483
          0,           0,        2336,       -2.92288698,      0.3555574041,      0.4088916927,        3.08063699,     -0.3341138506,       3.314459623
          0,           0,        2337,      -2.913644747,      0.3632464456,      0.4142633356,       3.134922248,     -0.3345752077,       3.312662741
          0,           0,        2338,      -2.929712512,      0.3493626262,      0.4112912488,        3.09308139,     -0.3344269397,       3.312275189
          0,           0,        2339,      -2.913001934,      0.3653438584,      0.4132475695,       3.090717297,     -0.3331402463,       3.314168027
          0,           0,        2340,      -2.928615196,      0.3487764588,      0.4066425181,       3.122740456,     -0.3344258289,       3.310887654
          0,           0,        2341,       -2.91941017,      0.3581238635,      0.4133752294,       3.102751178,     -0.3347104576,       3.309882069
          0,           0,        2342,      -2.936420502,      0.3417441823,       0.413657266,       3.114822541,     -0.3340750918,       3.310866893
          0,           0,        2343,      -2.911579731,      0.3673601269,      0.4138771327,       3.104522018,     -0.3315126729,       3.316546043
          0,           0,        2344,      -2.915663639,      0.3614439997,      0.4070230175,        3.08643761,     -0.3299171553,       3.320013551
          0,           0,        2345,      -2.916629524,       0.359773665,      0.4140944481,       3.126805932,     -0.3362611102,       3.305457655
          0,           0,        2346,      -2.938128776,      0.3412734123,      0.4133299197,       3.089499888,     -0.3384540546,       3.300278929
          0,           0,        2347,      -2.913033083,      0.3660247395,       0.413379413,       3.090559713,     -0.3341066888,       3.309843189
          0,           0,        2348,      -2.917767349,      0.3594697499,      0.4075133095,       3.128841955,     -0.3348825622,       3.307613892
          0,           0,        2349,      -2.916705451,      0.3610353436,      0.4141614086,       3.103478016,     -0.3369950654,       3.301893217
          0,           0,        2350,      -2.935217193,       0.344365634,      0.4129241071,       3.073506409,     -0.3389988847,       3.296202422
          0,           0,        2351,        -2.9120674,      0.3661115159,      0.4135872594,       3.129614939,     -0.3340341914,       3.306699544
          0,           0,        2352,      -2.920437393,      0.3581685408,      0.4074922884,       3.099302124,     -0.3335535195,       3.306549311
          0,           0,        2353,      -2.915622472,      0.3618940373,       0.414228707,       3.094485491,     -0.3350403793,       3.301537964
          0,           0,        2354,      -2.939279648,      0.3398107557,      0.4103171406,       3.122368725,     -0.3367875022,       3.296235676
          0,           0,        2355,      -2.917937966,      0.3609858574,      0.4125762162,        3.10188197,     -0.3345057623,        3.30090388
          0,           0,        2356,      -2.929929272,      0.3492927497,      0.4101304551,       3.092644939,     -0.3323884728,       3.304842093
          0,           0,        2357,       -2.91255829,       0.366560251,      0.4147519877,       3.098204638,     -0.3324546182,       3.304107295
          0,           0,        2358,      -2.919356835,      0.3580266938,      0.4104366212,       3.127636079,     -0.3281698256,       3.313515247
          0,           0,        2359,      -2.915477158,       0.362240989,      0.4129928694,       3.108040097,     -0.3306819579,       3.307344719
          0,           0,        2360,       -2.93180881,      0.3471423795,      0.4104366604,       3.078133906,     -0.3300518326,       3.309113257
          0,           0,        2361,      -2.912457657,      0.3657016956,      0.4146775507,       3.128791655,     -0.3261121485,       3.318357172
          0,           0,        2362,      -2.921588615,      0.3567019645,      0.4097332906,       3.094747408,     -0.3262467246,       3.318492711
          0,           0,        2363,      -2.914920013,      0.3625075949,      0.4130168807,       3.090326085,     -0.3270935288,       3.317102408
          0,           0,        2364,      -2.930653739,      0.3478459816,      0.4111785862,       3.117050803,     -0.3291303494,       3.313208278
          0,           0,        2365,      -2.913059015,      0.3656686237,      0.4140518833,       3.095393026,     -0.3270664239,       3.318819405
          0,           0,        2366,      -2.921968163,      0.3564035942,      0.4092684547,       3.084355892,      -0.328997067,       3.315348218
          0,           0,        2367,      -2.913935314,      0.3629518305,      0.4137813201,       3.136831877,     -0.3324567506,       3.308554744
          0,           0,        2368,      -2.930901626,      0.3483474593,        0.41120195,       3.093575118,     -0.3336214272,       3.306929924
          0,           0,        2369,      -2.913214325,      0.3653891034,      0.4137514411,       3.091119382,     -0.3330028984,       3.309436901
          0,           0,        2370,      -2.928629915,      0.3492220693,      0.4067548207,       3.123080989,     -0.3336014053,       3.309641389
          0,           0,        2371,      -2.919704658,      0.3579330067,      0.4130603959,        3.10159179,     -0.3363407105,       3.305475808
          0,           0,        2372,      -2.938492995,      0.3408308899,      0.4133362401,       3.071067984,     -0.3361967946,       3.308061739
          0,           0,        2373,      -2.911051916,      0.3674259182,       0.414344131,       3.131331762,     -0.3362254935,       3.310986946
          0,           0,        2374,      -2.915816243,       0.361554903,       0.407222119,       3.101379481,     -0.3355328944,       3.315811327
          0,           0,        2375,      -2.917240224,      0.3601391167,      0.4135477381,       3.091285909,     -0.3452816686,       3.297322426
          0,           0,        2376,      -2.943795174,       0.335209141,      0.4107682746,       3.114083671,     -0.3499810302,       3.290968483
          0,           0,        2377,      -2.919357343,       0.359586408,      0.4129927278,       3.099057438,     -0.3479143402,       3.300087965
          0,           0,        2378,        -2.9293299,      0.3489510651,      0.4098123141,       3.120146263,      -0.348109031,       3.304014768
          0,           0,        2379,      -2.914048151,      0.3650764298,      0.4146157181,       3.102652036,     -0.3492358194,       3.305977431
          0,           0,        2380,      -2.922268701,       0.355958338,      0.4107451856,       3.082158523,     -0.3500778414,       3.308590236
          0,           0,        2381,      -2.914972661,      0.3627325637,      0.4132303023,       3.125522907,     -0.3527470481,       3.306871804
          0,           0,        2382,      -2.930070111,      0.3493762115,      0.4099161157,       3.090282511,     -0.3574659332,       3.301153724
          0,           0,        2383,      -2.913332219,      0.3648359365,      0.4142247215,       3.100288727,      -0.354189542,       3.311696697
          0,           0,        2384,      -2.922704627,      0.3554137345,      0.4106160846,       3.128723979,     -0.3591922681,         3.3049235
          0,           0,        2385,      -2.914972492,      0.3630818861,      0.4134636607,       3.097559909,     -0.3598035981,       3.307061832
          0,           0,        2386,      -2.929803492,      0.3495939955,      0.4101987299,       3.080425338,     -0.3642696808,       3.300974709
          0,           0,        2387,      -2.911790988,      0.3658329057,      0.4143500115,       3.136458678,     -0.3625255395,       3.307787247
          0,           0,        2388,      -2.923300702,      0.3560392402,      0.4100918748,       3.096791748,     -0.3642370694,       3.307142502
          0,           0,        2389,       -2.91413242,      0.3642996733,      0.4133588751,       3.086523743,     -0.3701065762,       3.298335339
          0,           0,        2390,      -2.935256482,      0.3437535331,      0.4080493865,       3.120861876,     -0.3723388623,       3.296727093
          0,           0,        2391,      -2.918448854,      0.3600507747,      0.4133395481,       3.102290519,     -0.3734919192,       3.297635858
          0,           0,        2392,       -2.93228133,      0.3468347948,      0.4120579384,       3.075659383,     -0.3681087188,        3.31084368
          0,           0,        2393,      -2.910636125,      0.3675310488,      0.4142707884,        3.13405924,     -0.3687371877,         3.3126463
          0,           0,        2394,      -2.918155966,      0.3598147449,       0.408573644,       3.101747747,     -0.3629783846,       3.326262116
          0,           0,        2395,      -2.916078915,      0.3609305658,      0.4138402466,       3.127815128,     -0.3713960972,       3.312922053
          0,           0,        2396,      -2.942897382,      0.3368880886,      0.4093592858,       3.083560877,     -0.3738263784,       3.311250089
          0,           0,        2397,      -2.919075836,      0.3593977328,      0.4126825402,       3.084545818,     -0.3718117327,       3.317462326
          0,           0,        2398,      -2.929480191,      0.3483405924,      0.4109386689,       3.123015782,     -0.3717140724,       3.319847184
          0,           0,        2399,      -2.913106454,      0.3659971463,      0.4147192255,       3.106718651,      -0.374003756,       3.317611365
          0,           0,        2400,      -2.920565747,      0.3572743133,      0.4097141839,       3.085167296,     -0.3763411985,       3.315075132
          0,           0,        2401,      -2.914581074,      0.3625722956,      0.4132932472,       3.131283363,     -0.3805554064,       3.308232785
          0,           0,        2402,      -2.930940384,      0.3483574091,       0.410947245,        3.09460109,     -0.3845025212,       3.301778733
          0,           0,        2403,      -2.913341951,      0.3650344167,      0.4142495561,       3.095991012,     -0.3773551026,       3.315067787
          0,           0,        2404,      -2.921793963,      0.3558138252,       0.409850021,        3.12684589,     -0.3796767115,       3.310832629
          0,           0,        2405,      -2.914789432,      0.3629539694,      0.4133311641,       3.100215021,     -0.3768701389,       3.315776958
          0,           0,        2406,      -2.929354209,       0.349274194,      0.4110425028,       3.085329187,     -0.3799586102,       3.309835792
          0,           0,        2407,      -2.911525935,      0.3657082015,       0.414336775,       3.136890709,      -0.376203593,       3.316548637
          0,           0,        2408,      -2.922853549,       0.355708354,      0.4093331245,       3.090187229,     -0.3772003776,       3.314212617
          0,           0,        2409,      -2.913446534,      0.3634214972,      0.4136688802,       3.121008393,     -0.3797799192,       3.308902216
          0,           0,        2410,      -2.936484627,      0.3428693798,      0.4082822852,       3.083357698,     -0.3809010771,       3.306268052
          0,           0,        2411,      -2.917631992,      0.3599944856,      0.4129861915,       3.088440259,     -0.3809369687,       3.305873062
          0,           0,        2412,      -2.930993635,      0.3471549944,      0.4119406616,       3.122066583,     -0.3774160819,       3.311443715
          0,           0,        2413,      -2.911856132,      0.3671435835,      0.4141952967,       3.106699133,     -0.3791249527,       3.307485371
          0,           0,        2414,      -2.918118165,       0.359517629,      0.4088807268,       3.091694589,     -0.3743357002,       3.315148978
          0,           0,        2415,       -2.91621137,       0.360786179,      0.4137885443,       3.133188947,     -0.3822341093,       3.298622145
          0,           0,        2416,      -2.936336043,      0.3435244699,      0.4117831635,       3.087254899,     -0.3817418333,       3.297748584
          0,           0,        2417,      -2.913584483,      0.3656481736,      0.4137909323,       3.089178515,     -0.3767745091,       3.304863326
          0,           0,        2418,      -2.919433313,      0.3579577882,      0.4090121827,       3.131431077,     -0.3751386013,       3.305458407
          0,           0,        2419,      -2.916279681,      0.3616148726,      0.4137173258,       3.104379763,     -0.3757744378,       3.301178753
          0,           0,        2420,      -2.933917219,      0.3458349511,      0.4117146806,       3.071535891,     -0.3756529399,        3.29820009
          0,           0,        2421,      -2.912200997,      0.3656632078,      0.4136690858,       3.129262216,     -0.3682604521,       3.309514688
          0,           0,        2422,      -2.921072536,      0.3575402667,      0.4086650938,        3.10040956,     -0.3670274761,       3.308891983
          0,           0,        2423,      -2.915280846,      0.3625434486,      0.4140220084,       3.094959312,     -0.3684747063,       3.302776569
          0,           0,        2424,      -2.938495155,       0.340637515,      0.4092898677,       3.117383526,      -0.371065805,       3.294571977
          0,           0,        2425,      -2.918747802,      0.3601770553,       0.412717248,        3.09855431,     -0.3669672103,       3.300285575
          0,           0,        2426,      -2.930475383,      0.3483489401,      0.4109382134,       3.085228872,     -0.3623773916,       3.306644856
          0,           0,        2427,      -2.911353173,      0.3668958566,      0.4148559225,       3.137844083,     -0.3593488068,       3.310404681
          0,           0,        2428,      -2.919572268,      0.3587483177,       0.409467511,       3.094428442,     -0.3540922496,       3.318623261
          0,           0,        2429,      -2.915565817,      0.3617625026,      0.4132424024,        3.12285268,     -0.3572617709,       3.309569349
          0,           0,        2430,      -2.940403934,      0.3392043912,       0.408487523,       3.092426508,     -0.3581117505,       3.305798128
          0,           0,        2431,      -2.918392791,      0.3599713273,      0.4135134419,       3.094818281,     -0.3528633915,       3.314399724
          0,           0,        2432,      -2.929385738,      0.3487913996,      0.4117300165,       3.125295445,     -0.3509467257,       3.315946785
          0,           0,        2433,      -2.912684782,       0.366469592,      0.4139273995,       3.105808947,     -0.3497639791,       3.316157285
          0,           0,        2434,      -2.920167027,      0.3579569576,      0.4091134606,       3.082444091,      -0.348727427,       3.315984996
          0,           0,        2435,      -2.915117207,      0.3621761534,      0.4139027842,       3.125691617,      -0.350899901,        3.30875528
          0,           0,        2436,      -2.932049634,      0.3472102487,        0.41138827,       3.086283727,     -0.3514561541,       3.304898683
          0,           0,        2437,      -2.912838672,       0.365437694,      0.4137474117,       3.100925236,     -0.3449644097,       3.315886226
          0,           0,        2438,      -2.920869249,      0.3565922539,      0.4094816752,       3.130692969,     -0.3443128174,       3.314670384
          0,           0,        2439,      -2.915026026,      0.3625083359,      0.4138043787,       3.100182388,     -0.3434804056,       3.314060865
          0,           0,        2440,      -2.931167112,      0.3479429038,      0.4113029347,       3.075908327,     -0.3446881154,       3.309229573
          0,           0,        2441,      -2.911385293,       0.365830953,      0.4139891179,         3.1352684,      -0.342224481,        3.31280751
          0,           0,        2442,      -2.922154777,      0.3562765265,      0.4091323873,       3.098761308,     -0.3422936785,       3.310924917
          0,           0,        2443,      -2.914521238,      0.3628384374,      0.4137513653,        3.08977868,     -0.3456124173,         3.3019211
          0,           0,        2444,       -2.93679617,      0.3417152465,      0.4088799298,       3.118274434,     -0.3464201093,       3.298789448
          0,           0,        2445,      -2.918387931,      0.3597903537,      0.4126855363,       3.101900396,     -0.3455152025,       3.299943759
          0,           0,        2446,      -2.931792866,      0.3476184828,      0.4111485723,       3.066225258,     -0.3419782332,       3.306674617
          0,           0,        2447,        -2.9114093,       0.367202805,      0.4141236355,       3.122933457,     -0.3425188819,       3.304879186
          0,           0,        2448,      -2.917925706,       0.359866024,      0.4092202999,        3.10074562,     -0.3393006524,       3.311357068
          0,           0,        2449,      -2.917304694,      0.3600399826,      0.4135069231,        3.09817813,     -0.3454862253,        3.29652756
          0,           0,        2450,       -2.93694176,      0.3423347822,      0.4119324104,       3.120791498,     -0.3461322513,       3.294322363
          0,           0,        2451,      -2.914054852,      0.3656436562,      0.4139469776,       3.100194537,     -0.3407793103,       3.305477695
          0,           0,        2452,      -2.919790335,       0.358496947,      0.4085781724,       3.086731708,      -0.339579389,       3.307268046
          0,           0,        2453,      -2.915636086,      0.3613897732,      0.4139634772,       3.134765866,     -0.3407353373,       3.303605954
          0,           0,        2454,      -2.934676911,      0.3452170108,      0.4118666692,       3.091224169,     -0.3413671355,       3.301355751
          0,           0,        2455,      -2.912818824,      0.3661921708,      0.4135817326,       3.091138387,     -0.3361706338,       3.312493674
          0,           0,        2456,      -2.919599508,      0.3584130207,      0.4088725622,       3.126984796,     -0.3357716835,       3.312929169
          0,           0,        2457,      -2.915524114,      0.3626961713,      0.4138244353,       3.102530356,     -0.3396217268,       3.304425981
          0,           0,        2458,      -2.932924381,      0.3469454514,      0.4116893803,       3.076379307,     -0.3416905058,       3.299697348
          0,           0,        2459,      -2.912015731,      0.3659608459,       0.413832719,       3.134896385,     -0.3382029895,       3.307873765
          0,           0,        2460,      -2.921641559,      0.3570644613,      0.4086288393,        3.09841311,      -0.336042726,       3.312955582
          0,           0,        2461,      -2.914711811,      0.3626357073,      0.4140556563,       3.123776479,     -0.3371577054,       3.310754144
          0,           0,        2462,      -2.938915064,      0.3408600918,      0.4090032316,       3.087709718,     -0.3375579187,       3.310481168
          0,           0,        2463,      -2.918163614,      0.3600251084,      0.4125024934,       3.096210584,     -0.3351514733,       3.316606564
          0,           0,        2464,      -2.929781328,      0.3482771857,       0.411310597,         3.1245576,     -0.3324903214,       3.322864122
          0,           0,        2465,      -2.912113472,      0.3668831294,      0.4147720481,       3.100589513,     -0.3330197674,       3.322391191
          0,           0,        2466,       -2.91863834,      0.3591096127,      0.4092340977,       3.083965941,     -0.3313772569,       3.326351023
          0,           0,        2467,      -2.915297988,      0.3614706594,       0.413182545,       3.133326615,     -0.3380462993,       3.312050131
          0,           0,        2468,      -2.934806619,       0.344842696,      0.4113518402,       3.091644615,     -0.3413267106,        3.30491421
          0,           0,        2469,      -2.913071204,       0.365723508,      0.4142079663,       3.091122253,     -0.3382458716,       3.311380485
          0,           0,        2470,      -2.919423482,      0.3577563489,      0.4093407881,       3.128152839,     -0.3384441555,       3.310300433
          0,           0,        2471,      -2.915634532,      0.3618302223,      0.4133658156,       3.105208715,      -0.338691677,       3.308876255
          0,           0,        2472,      -2.932912795,      0.3463850483,        0.41154594,       3.080710874,     -0.3392164644,       3.306771651
          0,           0,        2473,      -2.911719107,      0.3657888019,      0.4142777406,       3.132332802,     -0.3353792543,       3.314740594
          0,           0,        2474,      -2.921242461,      0.3570794905,      0.4087939122,        3.09507185,     -0.3358850157,       3.312927548
          0,           0,        2475,      -2.914942876,      0.3624659936,      0.4134472083,       3.087906737,      -0.338897792,       3.305393801
          0,           0,        2476,      -2.937615306,      0.3407792758,      0.4091360523,       3.116561814,     -0.3416906768,       3.298575975
          0,           0,        2477,      -2.917963267,      0.3599698541,        0.41309341,       3.102112231,     -0.3398331656,       3.302645296
          0,           0,        2478,       -2.92988417,       0.348068498,      0.4112892411,       3.118958477,     -0.3376674222,       3.307057248
          0,           0,        2479,      -2.911916113,      0.3666517963,      0.4142229341,       3.102945249,     -0.3379771634,       3.306144943
          0,           0,        2480,         -2.919125,      0.3585790431,       0.409232184,       3.083048148,     -0.3352994005,       3.311794818
          0,           0,        2481,      -2.915678601,      0.3612042058,      0.4135361922,       3.130314181,     -0.3404181539,       3.299431967
          0,           0,        2482,       -2.93465057,      0.3449644407,      0.4113220455,       3.091834237,     -0.3413788709,       3.296475904
          0,           0,        2483,      -2.913564332,      0.3653888525,      0.4136534146,       3.091057416,     -0.3373904776,       3.304478583
          0,           0,        2484,      -2.920096983,      0.3575200632,      0.4093530644,       3.126374001,     -0.3373276997,       3.303317898
          0,           0,        2485,      -2.916130281,       0.361868791,      0.4139364408,       3.104355297,     -0.3381050699,       3.299758806
          0,           0,        2486,      -2.932984524,       0.346461933,      0.4113952563,       3.083015271,     -0.3390808245,       3.295487815
          0,           0,        2487,      -2.912612047,      0.3654677188,      0.4138945585,       3.133176593,     -0.3344380346,       3.304284734
          0,           0,        2488,      -2.922433303,      0.3564954159,      0.4089568089,       3.093531959,     -0.3334538122,       3.304289534
          0,           0,        2489,      -2.915145529,      0.3625744832,      0.4138256177,       3.094874866,     -0.3346034648,       3.299052995
          0,           0,        2490,      -2.937686054,      0.3416348742,       0.409005601,       3.122538284,     -0.3358004397,       3.293976396
          0,           0,        2491,      -2.918601901,      0.3606028621,       0.412850165,       3.096067807,     -0.3338357273,       3.296855499
          0,           0,        2492,      -2.931703059,      0.3484301541,      0.4110820749,       3.064835933,      -0.331351921,       3.300631854
          0,           0,        2493,      -2.912681837,      0.3670341126,       0.414150019,       3.088249903,     -0.3304343654,       3.301022455
          0,           0,        2494,      -2.919307575,      0.3590216831,      0.4092190415,       3.095166668,     -0.3256394096,       3.310640054
          0,           0,        2495,      -2.915528536,      0.3614258762,      0.4134734335,       3.128044172,     -0.3279630215,       3.303330466
          0,           0,        2496,       -2.93457199,      0.3450312225,      0.4115521012,       3.092137996,     -0.3263295773,        3.30584872
          0,           0,        2497,      -2.913313592,      0.3657238316,      0.4139495509,       3.089368852,     -0.3206772991,       3.317702641
          0,           0,        2498,      -2.920088433,      0.3576614358,      0.4091554152,       3.124797837,     -0.3193597346,       3.319447763
          0,           0,        2499,        -2.9159308,      0.3617901713,      0.4135521393,       3.102363306,     -0.3196080242,       3.317459537
          0,           0,        2500,      -2.933077661,      0.3464572945,      0.4115344563,       3.077080704,      -0.321101972,        3.31267003
          0,           0,        2501,      -2.912295827,      0.3660726519,      0.4140438398,       3.128506091,     -0.3182564432,       3.318165937
          0,           0,        2502,       -2.92176478,      0.3572004357,      0.4087123479,       3.089664993,     -0.3196176233,       3.313569247
          0,           0,        2503,       -2.91518803,      0.3625542155,      0.4135721744,       3.087432476,     -0.3226211574,       3.304558334
          0,           0,        2504,      -2.938167705,      0.3409094385,      0.4091926875,       3.121916338,     -0.3244670821,       3.298347836
          0,           0,        2505,      -2.918613012,      0.3600295653,      0.4130282069,       3.104066243,     -0.3215491518,       3.304209624
          0,           0,        2506,      -2.931334226,      0.3480630671,      0.4109275656,       3.071410781,     -0.3182431686,       3.310734751
          0,           0,        2507,      -2.912398143,      0.3667239012,      0.4141937266,       3.098322153,     -0.3173085502,       3.312042324
          0,           0,        2508,      -2.917959399,      0.3587601279,      0.4097822803,       3.128416931,     -0.3143514172,       3.318442713
          0,           0,        2509,      -2.916470033,      0.3612803825,      0.4132370193,         3.0967698,     -0.3189267901,        3.30681622
          0,           0,        2510,      -2.934187989,      0.3451753514,      0.4111413834,       3.077974762,     -0.3203750429,       3.303320018
          0,           0,        2511,      -2.912198902,      0.3655972223,      0.4144564005,       3.136856902,     -0.3176243241,       3.310273144
          0,           0,        2512,      -2.920975074,      0.3574227829,      0.4090990937,       3.099938567,     -0.3185875039,        3.30837723
          0,           0,        2513,      -2.916505495,      0.3617247967,      0.4132294624,       3.077852663,     -0.3211337093,       3.302363181
          0,           0,        2514,      -2.940687294,      0.3396351244,      0.4084879828,       3.074336037,     -0.3236873433,       3.296554665
          0,           0,        2515,      -2.917916941,      0.3597490293,      0.4135452548,       3.129548786,     -0.3221553068,       3.301612099
          0,           0,        2516,      -2.931692397,      0.3479479417,       0.411167012,       3.083569767,      -0.321567592,       3.303632825
          0,           0,        2517,       -2.91291607,      0.3663437222,      0.4140009401,       3.093818034,     -0.3219374903,        3.30366439
          0,           0,        2518,      -2.919387724,      0.3581944438,      0.4097247374,       3.131743583,     -0.3201215144,       3.308771933
          0,           0,        2519,      -2.916847236,      0.3614063402,      0.4134806757,       3.103014109,     -0.3237919922,       3.300241653
          0,           0,        2520,      -2.933221671,      0.3459700758,      0.4115036782,       3.113019857,     -0.3244448787,       3.299278756
          0,           0,        2521,      -2.913599937,      0.3656122515,      0.4137318857,       3.100946514,     -0.3207389941,       3.308957437
          0,           0,        2522,      -2.920613531,      0.3577736445,      0.4089653442,       3.081901604,     -0.3207914979,       3.309575115
          0,           0,        2523,      -2.914366225,      0.3628259051,      0.4141116527,       3.132738245,     -0.3221676185,       3.307128829
          0,           0,        2524,      -2.932372205,      0.3476314323,      0.4115312422,       3.092979803,     -0.3245226798,       3.302565002
          0,           0,        2525,      -2.912194909,      0.3667070055,      0.4134522258,       3.090578033,     -0.3225246172,       3.308824954
          0,           0,        2526,       -2.92019466,      0.3576535471,      0.4092451344,       3.124673568,      -0.322260511,       3.310714417
          0,           0,        2527,      -2.914914347,      0.3628343835,      0.4139183983,       3.105693971,     -0.3231939393,       3.309945864
          0,           0,        2528,      -2.931274021,      0.3477447171,      0.4114392839,        3.08352612,     -0.3211477153,       3.316302042
          0,           0,        2529,       -2.91137801,      0.3662237626,      0.4138632075,       3.134148946,     -0.3179647466,       3.325450804
          0,           0,        2530,      -2.921558115,       0.356745311,      0.4089084088,       3.094464933,     -0.3157822232,       3.332094958
          0,           0,        2531,      -2.914555922,      0.3627545755,      0.4137514737,       3.087409254,     -0.3188444088,        3.32677602
          0,           0,        2532,      -2.936726593,       0.341396903,      0.4089162398,       3.116925554,     -0.3207402855,       3.324299606
          0,           0,        2533,      -2.917812199,      0.3599824958,      0.4126197586,       3.102272231,     -0.3212426115,       3.325006955
          0,           0,        2534,      -2.929926936,      0.3482187917,      0.4112004318,       3.083722785,     -0.3213256951,         3.3262741
          0,           0,        2535,      -2.910241645,       0.367413632,      0.4145218352,        3.13899014,     -0.3241285081,       3.321568549
          0,           0,        2536,         -2.917455,      0.3599508916,      0.4092692158,         3.1013065,     -0.3246154033,       3.321765509
          0,           0,        2537,      -2.916044962,      0.3604765512,      0.4136371868,       3.122955377,     -0.3313490997,          3.306864
          0,           0,        2538,      -2.942923853,      0.3365362737,       0.408702759,       3.081370604,     -0.3348423837,       3.299528139
          0,           0,        2539,      -2.917872292,       0.359966853,      0.4129223843,       3.086330791,     -0.3304874677,        3.31037933
          0,           0,        2540,      -2.927424466,      0.3496408254,       0.411403114,       3.125989454,     -0.3293026328,       3.313435301
          0,           0,        2541,      -2.912265131,      0.3660676092,      0.4139303901,       3.106512092,     -0.3294342148,        3.31384379
          0,           0,        2542,      -2.919499031,       0.357652969,      0.4094321668,       3.084755258,     -0.3293681462,        3.31483861
          0,           0,        2543,      -2.913741527,       0.362574812,      0.4140479675,       3.129284369,     -0.3317899171,       3.309971795
          0,           0,        2544,      -2.930144704,      0.3481172437,      0.4112014067,       3.093685952,     -0.3346564127,       3.304368193
          0,           0,        2545,       -2.91205419,      0.3654459311,      0.4137828262,       3.100797219,     -0.3305442581,       3.314630592
          0,           0,        2546,      -2.920607738,      0.3563501243,       0.409704491,       3.132431544,     -0.3325218721,         3.3110835
          0,           0,        2547,      -2.914274568,      0.3628248326,       0.413842215,       3.104706768,      -0.332815365,       3.311388714
          0,           0,        2548,      -2.930659742,      0.3484681957,      0.4110234563,       3.071152498,     -0.3355299117,       3.306040305
          0,           0,        2549,      -2.911638336,      0.3656883881,      0.4138936493,       3.126475989,     -0.3340832874,       3.310334113
          0,           0,        2550,      -2.922431723,      0.3559501282,      0.4092508981,        3.09756558,     -0.3350374248,       3.308717096
          0,           0,        2551,      -2.914260744,       0.363090457,       0.413755109,       3.096800687,     -0.3391227888,       3.299709543
          0,           0,        2552,      -2.936091407,      0.3422238684,      0.4087224448,       3.123578348,     -0.3409425725,       3.295822863
          0,           0,        2553,      -2.918104148,      0.3599170429,      0.4129910143,       3.101015976,     -0.3413104596,       3.295452268
          0,           0,        2554,      -2.931274374,      0.3472448658,      0.4114235666,       3.074114651,     -0.3384102747,       3.302232273
          0,           0,        2555,       -2.91042353,      0.3670913039,      0.4146029913,       3.134751428,     -0.3392261013,       3.300695353
          0,           0,        2556,      -2.917951088,      0.3593868868,      0.4090903143,       3.104318075,     -0.3352882775,       3.310087132
          0,           0,        2557,      -2.915752211,      0.3609616244,      0.4135531235,       3.129436658,     -0.3418422852,       3.295176073
          0,           0,        2558,      -2.942061176,      0.3376560125,      0.4089518593,       3.084671646,     -0.3440698686,       3.291138922
          0,           0,        2559,      -2.918441576,      0.3601267466,      0.4129559923,       3.085151981,     -0.3416604423,       3.298101209
          0,           0,        2560,      -2.928833221,      0.3490251468,      0.4112971441,       3.121738268,     -0.3413500603,       3.300274037
          0,           0,        2561,      -2.913210142,       0.365912488,      0.4142117352,       3.106571437,     -0.3413221711,       3.302112153
          0,           0,        2562,      -2.920406991,      0.3573983542,      0.4094732875,       3.084102498,     -0.3402440316,       3.306626251
          0,           0,        2563,      -2.914939764,      0.3622933567,      0.4137026188,       3.129876951,     -0.3414034586,       3.305957824
          0,           0,        2564,      -2.931571195,      0.3479143203,      0.4111110678,       3.090263236,      -0.343775344,       3.303121841
          0,           0,        2565,      -2.913470228,      0.3653538318,      0.4138246063,       3.089747055,     -0.3387845322,       3.316292674
          0,           0,        2566,       -2.92144434,      0.3563006212,      0.4096393416,       3.129250993,     -0.3410752902,       3.313512488
          0,           0,        2567,      -2.915475858,      0.3625451354,      0.4136315267,       3.103507731,     -0.3406058332,       3.316648607
          0,           0,        2568,      -2.931515132,      0.3482779532,      0.4110204009,       3.072170082,     -0.3436040401,       3.312218776
          0,           0,        2569,      -2.911988145,      0.3657319259,      0.4140708537,       3.131162802,     -0.3417980612,       3.318242292
          0,           0,        2570,      -2.922809749,      0.3562078085,      0.4092827721,       3.100366234,     -0.3439861092,       3.315388482
          0,           0,        2571,       -2.91479136,      0.3631056466,      0.4136604986,       3.095588505,     -0.3494802547,        3.30532823
          0,           0,        2572,      -2.936768512,       0.342098211,      0.4087870738,       3.120163078,     -0.3523772557,        3.30069461
          0,           0,        2573,      -2.918712768,      0.3599528633,      0.4129887292,       3.098041305,     -0.3528775594,       3.301426066
          0,           0,        2574,      -2.930828347,      0.3474393407,      0.4117184322,       3.114795258,     -0.3498058655,        3.30927633
          0,           0,        2575,      -2.911822036,      0.3670666023,      0.4143029208,       3.108310901,     -0.3513857939,       3.307540966
          0,           0,        2576,      -2.918084182,      0.3593122016,      0.4089523574,       3.087575309,     -0.3481404775,       3.315842263
          0,           0,        2577,      -2.916023243,      0.3608266648,       0.413608634,       3.128228052,     -0.3560108342,       3.300662546
          0,           0,        2578,      -2.935553993,      0.3437281095,      0.4117358941,       3.091117879,     -0.3578466849,       3.298476265
          0,           0,        2579,      -2.913319127,      0.3655440102,      0.4138601905,       3.091638758,     -0.3551622241,        3.30550899
          0,           0,        2580,      -2.919729931,      0.3577594381,      0.4089792896,       3.126794484,     -0.3561216752,       3.304761636
          0,           0,        2581,      -2.916417474,      0.3615007676,      0.4136427064,        3.10233277,     -0.3583310893,       3.300897808
          0,           0,        2582,      -2.933793166,      0.3457784793,      0.4116794017,       3.074578897,     -0.3605713084,       3.296757394
          0,           0,        2583,      -2.912605103,      0.3653899725,       0.414040435,       3.135847119,     -0.3558698053,       3.306835996
          0,           0,        2584,      -2.922401277,       0.356597512,      0.4086556646,       3.097770714,     -0.3564217449,       3.305346581
          0,           0,        2585,      -2.916209909,      0.3619665209,      0.4136312365,       3.087411606,     -0.3580129263,       3.300862316
          0,           0,        2586,      -2.938835706,      0.3404326353,      0.4092575031,       3.117338491,      -0.360569631,       3.294074306
          0,           0,        2587,      -2.919339721,      0.3597046974,      0.4129023127,        3.10211351,     -0.3568600998,       3.300361674
          0,           0,        2588,      -2.930885536,      0.3478988349,      0.4112225196,       3.118721438,      -0.353885565,       3.304220482
          0,           0,        2589,      -2.912846549,      0.3665025585,      0.4144263746,       3.105467974,     -0.3520698277,       3.305616843
          0,           0,        2590,      -2.919469053,      0.3587321867,      0.4093487455,       3.085639678,     -0.3475675226,       3.312327213
          0,           0,        2591,      -2.915598122,      0.3617388904,      0.4135213705,       3.133227373,     -0.3507340194,       3.302459732
          0,           0,        2592,      -2.934355949,      0.3459148468,      0.4112892463,       3.092920344,     -0.3508466854,       3.299226124
          0,           0,        2593,      -2.913264414,      0.3663074772,      0.4139556765,       3.089838221,     -0.3463199613,       3.305886864
          0,           0,        2594,      -2.920150276,      0.3580126212,      0.4093670482,        3.12820823,     -0.3453170377,       3.304687247
          0,           0,        2595,      -2.916273048,      0.3619955357,      0.4134688955,       3.103243514,     -0.3441678812,       3.303602877
          0,           0,        2596,      -2.933294882,      0.3465540801,      0.4113339691,       3.076015809,      -0.342062572,       3.304691598
          0,           0,        2597,       -2.91192177,      0.3661256026,      0.4141905476,       3.132862567,     -0.3346780036,       3.317606847
          0,           0,        2598,      -2.921705537,      0.3572692395,      0.4089619326,       3.101395605,     -0.3314948339,       3.321131882
          0,           0,        2599,      -2.915398061,      0.3625198367,       0.413588586,       3.093810987,     -0.3311816949,       3.318076959
          0,           0,        2600,      -2.938223911,      0.3407706609,      0.4090660501,        3.11821586,     -0.3307270604,       3.315607928
          0,           0,        2601,      -2.918513158,      0.3600960488,      0.4130000082,       3.096739312,     -0.3270368204,       3.320572126
          0,           0,        2602,      -2.930400309,      0.3483649357,      0.4110964549,       3.078401927,     -0.3236338841,       3.324650201
          0,           0,        2603,      -2.910919574,      0.3671917806,      0.4145411973,       3.134207975,     -0.3239787128,       3.320757685
          0,           0,        2604,      -2.918951005,      0.3589797202,      0.4093630894,       3.096167271,     -0.3218760247,       3.322314915
          0,           0,        2605,      -2.916071681,      0.3614346126,      0.4131854131,       3.088969145,     -0.3269297734,       3.306737654
          0,           0,        2606,      -2.939621872,      0.3387423457,      0.4088660061,       3.121087883,     -0.3277748887,       3.301429976
          0,           0,        2607,      -2.918522762,      0.3598797194,      0.4134307991,       3.100871794,     -0.3226093189,       3.310685836
          0,           0,        2608,      -2.929539142,      0.3487708629,      0.4111801622,       3.076288108,     -0.3198080925,       3.314429315
          0,           0,        2609,      -2.911054397,      0.3665121312,       0.414315967,       3.135834111,     -0.3181970677,       3.315956699
          0,           0,        2610,       -2.91990431,       0.357960921,      0.4094012705,       3.098664385,      -0.317062835,       3.316790779
          0,           0,        2611,      -2.914488295,      0.3625964882,       0.413686152,       3.122765771,     -0.3191249901,       3.310087999
          0,           0,        2612,      -2.930696426,      0.3478718279,      0.4113941598,       3.092126792,     -0.3209034099,       3.304503503
          0,           0,        2613,      -2.912324798,       0.365485115,       0.413838063,       3.101276517,     -0.3166284566,         3.3138597
          0,           0,        2614,      -2.920989796,      0.3565424121,      0.4094838134,       3.129043765,     -0.3175423204,       3.310840716
          0,           0,        2615,      -2.914907947,      0.3627219152,      0.4137358588,       3.098648725,     -0.3173927585,       3.310589025
          0,           0,        2616,      -2.930643725,      0.3482938861,      0.4112475292,       3.078488908,     -0.3190646019,       3.305830816
          0,           0,        2617,      -2.911907873,      0.3656699649,      0.4140299492,       3.136972994,     -0.3167950293,        3.31097928
          0,           0,        2618,      -2.922760255,      0.3559412154,      0.4091978843,       3.098864587,     -0.3167329759,        3.31038451
          0,           0,        2619,      -2.914593569,      0.3630070822,      0.4137345161,       3.091365793,     -0.3188450202,       3.304538524
          0,           0,        2620,       -2.92951072,      0.3487061784,      0.4117073209,       3.125777142,     -0.3183897421,       3.304734921
          0,           0,        2621,      -2.913051609,      0.3655705833,      0.4136306355,       3.106748411,     -0.3180126471,       3.304870877
          0,           0,        2622,       -2.92323482,      0.3555418915,      0.4089858897,       3.081442408,     -0.3163166982,       3.308028557
          0,           0,        2623,      -2.913809611,      0.3630517131,      0.4138955272,       3.131180107,     -0.3186996582,       3.301039743
          0,           0,        2624,      -2.929986837,      0.3491044097,      0.4113764003,       3.095734305,     -0.3170191273,         3.3043134
          0,           0,        2625,      -2.913245944,      0.3651209816,      0.4136705206,       3.095832223,     -0.3167818988,       3.303802339
          0,           0,        2626,      -2.929455912,      0.3487410144,      0.4066588425,       3.122344949,      -0.316698568,       3.303458358
          0,           0,        2627,       -2.91984494,       0.358632188,      0.4131199515,       3.097854427,     -0.3185031244,       3.298504382
          0,           0,        2628,      -2.937155249,      0.3419305733,      0.4137012229,       3.115497624,     -0.3179683263,       3.299394608
          0,           0,        2629,       -2.91260433,      0.3671144804,      0.4140765698,       3.110468476,     -0.3156743171,       3.304898103
          0,           0,        2630,       -2.91677718,      0.3608850119,      0.4070418944,       3.087759401,     -0.3125436802,       3.312417555
          0,           0,        2631,      -2.917053389,      0.3601542559,      0.4139812491,       3.127881663,     -0.3157949893,       3.303584675
          0,           0,        2632,      -2.937294432,      0.3423042916,      0.4133755114,       3.089840953,     -0.3157751185,       3.303196518
          0,           0,        2633,      -2.913502187,      0.3657996423,      0.4134645299,       3.092392647,     -0.3099226841,       3.316938895
          0,           0,        2634,      -2.918909961,      0.3587980972,      0.4074493685,        3.12510694,     -0.3097622107,       3.316430479
          0,           0,        2635,      -2.916756966,      0.3610894219,      0.4141428348,       3.101028261,     -0.3096279966,       3.315396052
          0,           0,        2636,      -2.934249184,       0.345130679,      0.4130047524,        3.08162788,      -0.311402782,       3.309420544
          0,           0,        2637,        -2.9119522,      0.3662076502,      0.4136437667,       3.134723565,     -0.3071053732,       3.318460484
          0,           0,        2638,      -2.920782545,      0.3580852365,      0.4074643213,       3.091944753,     -0.3083116954,       3.313452498
          0,           0,        2639,      -2.915885729,      0.3619795103,      0.4140803146,       3.082147045,     -0.3102038417,       3.305977748
          0,           0,        2640,       -2.93891586,      0.3397218082,      0.4101498902,       3.117643691,     -0.3117495728,       3.299173372
          0,           0,        2641,      -2.918226071,      0.3603248703,      0.4125331594,         3.1023759,     -0.3080084683,       3.306448204
          0,           0,        2642,      -2.930105788,      0.3487586017,      0.4100522648,       3.078407819,     -0.3042002637,        3.31337109
          0,           0,        2643,      -2.911197364,      0.3665518222,      0.4150867912,       3.133298251,     -0.3034759415,       3.312867071
          0,           0,        2644,      -2.919800682,      0.3580527739,      0.4102180455,       3.101705411,     -0.3001003998,       3.319122161
          0,           0,        2645,       -2.91609769,      0.3618413883,      0.4127268361,       3.085477391,     -0.3047060527,       3.304431024
          0,           0,        2646,      -2.940263225,      0.3397127043,      0.4076722663,       3.075873396,     -0.3065614774,       3.297486576
          0,           0,        2647,      -2.917798565,      0.3596125796,      0.4141775483,       3.127861341,     -0.3042904069,       3.301666378
          0,           0,        2648,       -2.93107808,      0.3477546558,       0.412011324,       3.092651102,     -0.3029800948,       3.303027407
          0,           0,        2649,      -2.913012748,      0.3661148565,      0.4135433047,       3.096945127,     -0.3017009421,       3.304497593
          0,           0,        2650,      -2.919531375,      0.3577701366,        0.40919771,       3.129749888,     -0.2999302091,       3.307332609
          0,           0,        2651,      -2.916414596,      0.3615618763,       0.413985999,       3.103589754,     -0.3012365089,        3.30150567
          0,           0,        2652,        -2.9336351,      0.3463869643,      0.4115944453,        3.06707301,     -0.3021149215,       3.296916891
          0,           0,        2653,      -2.913068827,      0.3653729315,      0.4136613003,       3.122482743,     -0.2977599943,       3.306498245
          0,           0,        2654,      -2.921897731,      0.3566409001,      0.4088264917,       3.094507225,     -0.2979556414,       3.303526471
          0,           0,        2655,      -2.915271205,      0.3621567263,      0.4138521114,       3.088299694,     -0.2972876296,       3.302791306
          0,           0,        2656,      -2.930893577,      0.3474900405,      0.4119599053,       3.119687248,     -0.2976203126,       3.299141339
          0,           0,        2657,      -2.912828867,      0.3656287806,      0.4135792427,       3.106205847,     -0.2940259486,       3.306676455
          0,           0,        2658,      -2.921568628,      0.3566006531,      0.4087373289,       3.083055169,     -0.2925912752,       3.308063794
          0,           0,        2659,      -2.913495269,      0.3633556331,       0.414254992,       3.127410805,     -0.2932754332,       3.303853248
          0,           0,        2660,      -2.930217862,      0.3490102563,      0.4116072005,       3.087564545,       -0.29236939,       3.304101358
          0,           0,        2661,      -2.911915357,      0.3665091374,      0.4134134922,       3.103313176,     -0.2916795199,       3.304043562
          0,           0,        2662,      -2.921463477,      0.3564255822,      0.4092644139,       3.130116833,     -0.2898750897,       3.306945494
          0,           0,        2663,      -2.915073067,      0.3630225719,      0.4139721582,       3.097003555,     -0.2907272234,       3.302277114
          0,           0,        2664,      -2.930811284,      0.3485182262,      0.4112736158,       3.071109299,     -0.2875794127,       3.308954176
          0,           0,        2665,       -2.91191909,      0.3655545432,      0.4136642201,       3.133414862,     -0.2845754956,       3.315264335
          0,           0,        2666,        -2.9231599,      0.3554815831,      0.4090417375,       3.098744604,     -0.2815751029,       3.321510556
          0,           0,        2667,      -2.914951432,      0.3629524437,      0.4138657732,       3.091229387,     -0.2819680958,         3.3179109
          0,           0,        2668,      -2.936046079,      0.3423831232,      0.4088359744,       3.119100354,      -0.282112839,       3.315385631
          0,           0,        2669,      -2.918907006,      0.3594729578,      0.4127606166,        3.10301647,     -0.2803660711,         3.3181635
          0,           0,        2670,        -2.9311864,      0.3470287831,      0.4116404127,       3.117885014,     -0.2792909994,       3.318935481
          0,           0,        2671,      -2.911821414,      0.3672653939,      0.4144310884,       3.104023062,     -0.2786832997,       3.318547646
          0,           0,        2672,      -2.917586915,      0.3599976289,      0.4088715181,       3.085785324,     -0.2781123169,       3.318056225
          0,           0,        2673,      -2.916294401,      0.3606075333,      0.4133999962,       3.125633995,     -0.2817221252,       3.305201565
          0,           0,        2674,      -2.935837087,      0.3434433063,      0.4116946734,       3.090141375,     -0.2823607405,       3.301113799
          0,           0,        2675,      -2.912429906,      0.3658742597,      0.4140760613,       3.099896718,     -0.2767821352,       3.315377885
          0,           0,        2676,      -2.918250001,      0.3587376545,       0.408985919,       3.131353341,     -0.2762578572,       3.315241058
          0,           0,        2677,      -2.915863729,      0.3615092972,      0.4134339671,       3.095146127,     -0.2769118714,       3.312032036
          0,           0,        2678,      -2.933379857,      0.3455072189,      0.4116948272,       3.072856583,     -0.2788377835,       3.305481338
          0,           0,        2679,       -2.91117637,      0.3663981198,       0.414058036,       3.130345432,     -0.2761879112,       3.312942539
          0,           0,        2680,      -2.920071404,      0.3580849706,      0.4085283094,        3.09831301,     -0.2769284099,       3.310533827
          0,           0,        2681,       -2.91493884,      0.3620628066,      0.4136211985,       3.090880097,     -0.2794508499,        3.30283429
          0,           0,        2682,      -2.938970867,      0.3396515517,      0.4093513714,       3.115403756,     -0.2810038713,       3.298462315
          0,           0,        2683,      -2.917921843,      0.3602906255,      0.4129619073,       3.099749648,     -0.2795712144,        3.30370292
          0,           0,        2684,      -2.930233927,      0.3486360008,      0.4107529287,       3.080397283,     -0.2778081276,       3.309538031
          0,           0,        2685,      -2.911366098,      0.3664383582,      0.4146719274,       3.134884079,     -0.2791881354,        3.30658663
          0,           0,        2686,      -2.920214744,      0.3578019943,      0.4097506691,       3.101196332,     -0.2774486552,       3.312804098
          0,           0,        2687,       -2.91619051,      0.3616711521,      0.4130975811,       3.088907343,     -0.2823731504,       3.298971233
          0,           0,        2688,      -2.939285423,      0.3396954033,      0.4085080318,       3.117462252,     -0.2848341896,       3.293217106
          0,           0,        2689,      -2.919236736,      0.3594181866,      0.4135724484,       3.100749642,      -0.283348414,       3.299534222
          0,           0,        2690,      -2.931884615,      0.3475829291,      0.4114504368,       3.066126821,     -0.2835241992,       3.300893448
          0,           0,        2691,      -2.913071863,      0.3661095175,      0.4137171931,       3.097934654,     -0.2832979103,       3.303917836
          0,           0,        2692,      -2.919178746,      0.3579511991,      0.4094669443,       3.129172114,      -0.283328014,       3.306594895
          0,           0,        2693,      -2.916223121,      0.3618368938,      0.4136362122,       3.096527049,     -0.2859582197,       3.301906398
          0,           0,        2694,      -2.932476792,      0.3470712284,      0.4114874358,       3.079188002,     -0.2888813084,       3.297144505
          0,           0,        2695,      -2.912300426,      0.3660264979,      0.4141407676,       3.137793723,     -0.2872794402,        3.30591206
          0,           0,        2696,      -2.921940011,      0.3571813518,      0.4089693254,        3.09831035,     -0.2903481006,       3.301448987
          0,           0,        2697,      -2.915036517,      0.3623939768,      0.4139723301,       3.123288965,     -0.2927504529,       3.298748115
          0,           0,        2698,      -2.939302219,      0.3408804992,      0.4088155791,       3.085037427,     -0.2961617094,       3.293567462
          0,           0,        2699,       -2.91802994,      0.3601819684,       0.412605252,       3.089065933,     -0.2942651864,       3.303949119
          0,           0,        2700,      -2.929866509,      0.3486691549,      0.4115089798,       3.124778332,     -0.2934042747,       3.310710603
          0,           0,        2701,      -2.912125735,      0.3671311113,      0.4147213977,       3.107187363,     -0.2940551988,        3.31341101
          0,           0,        2702,      -2.918965615,      0.3590941394,       0.409185756,       3.086296861,     -0.2921706561,       3.322249222
          0,           0,        2703,      -2.915978897,      0.3612019949,      0.4132272373,        3.12622987,     -0.2975166072,       3.311729825
          0,           0,        2704,       -2.93516646,      0.3445829561,      0.4114611269,        3.08675691,     -0.2990048556,       3.311330647
          0,           0,        2705,      -2.912785938,      0.3660876295,      0.4142520211,       3.101128157,     -0.2982276868,        3.31638329
          0,           0,        2706,      -2.919600584,      0.3581194495,      0.4092520933,       3.130591759,     -0.3000842878,       3.314180818
          0,           0,        2707,      -2.916048198,      0.3619840779,      0.4133509668,        3.09663183,      -0.304177812,       3.305519476
          0,           0,        2708,      -2.933674084,      0.3461367672,      0.4114718366,       3.066332716,     -0.3056927416,       3.303192159
          0,           0,        2709,      -2.911819972,      0.3656291698,      0.4141786137,       3.131967062,      -0.302827282,       3.312025339
          0,           0,        2710,       -2.92165189,      0.3566905712,      0.4088095194,       3.101704746,     -0.3024071236,       3.314008914
          0,           0,        2711,      -2.915245552,      0.3622960489,      0.4134914735,       3.089061362,     -0.3047364939,       3.308298386
          0,           0,        2712,      -2.937890783,      0.3408377914,      0.4091463251,       3.115721384,     -0.3072899075,       3.302120346
          0,           0,        2713,      -2.918661223,      0.3598281192,      0.4129952029,       3.101702905,      -0.306703098,       3.304099195
          0,           0,        2714,      -2.931176635,      0.3476819159,      0.4110102415,       3.084040575,     -0.3061538272,       3.305284252
          0,           0,        2715,      -2.911777181,      0.3666234521,      0.4145959046,       3.136274521,     -0.3065287929,       3.303896517
          0,           0,        2716,      -2.919652914,      0.3586252103,      0.4094216123,       3.096045567,     -0.3041691676,       3.309140756
          0,           0,        2717,      -2.917069865,      0.3609094092,      0.4132464411,       3.103112275,     -0.3080650391,       3.296789543
          0,           0,        2718,       -2.94248364,      0.3380014607,       0.408380711,       3.077189042,     -0.3095524546,       3.290835567
          0,           0,        2719,      -2.919214808,      0.3594519252,      0.4132481122,       3.119053155,     -0.3051956235,       3.300319747
          0,           0,        2720,      -2.930656016,       0.348425752,      0.4113981563,       3.088450331,     -0.3032263975,       3.302531687
          0,           0,        2721,      -2.913050013,      0.3657710239,      0.4137224801,       3.098361688,     -0.3012379011,       3.304910364
          0,           0,        2722,      -2.919875761,      0.3578187623,      0.4096705434,       3.132571952,     -0.2993362798,       3.306843097
          0,           0,        2723,      -2.916909273,      0.3612874421,       0.413907236,        3.10138613,      -0.299768744,       3.302081018
          0,           0,        2724,      -2.933159351,      0.3463177173,      0.4112757538,       3.077676933,      -0.300212556,       3.297461832
          0,           0,        2725,      -2.912672842,      0.3657605951,      0.4139847948,       3.131828209,     -0.2948334779,       3.309031101
          0,           0,        2726,      -2.921504055,      0.3574534103,      0.4091035868,       3.096481632,     -0.2944037966,       3.307216833
          0,           0,        2727,      -2.914695563,      0.3631005649,       0.413795684,       3.099534482,     -0.2944386447,       3.304231319
          0,           0,        2728,      -2.937881408,      0.3417724221,      0.4089644516,       3.122630358,     -0.2966610432,       3.295789616
          0,           0,        2729,      -2.918344278,      0.3609263072,      0.4129138376,       3.094581172,     -0.2944207588,       3.300835707
          0,           0,        2730,      -2.931010998,      0.3486855481,       0.411132883,       3.073443638,     -0.2921889654,         3.3057187
          0,           0,        2731,       -2.91112239,      0.3670405149,      0.4145732145,       3.135631767,     -0.2909230295,       3.308788171
          0,           0,        2732,      -2.919629859,      0.3588480013,      0.4092722416,       3.099737842,     -0.2863680091,       3.321123779
          0,           0,        2733,      -2.915465061,      0.3618702218,      0.4134453009,       3.123773775,      -0.288997633,       3.314433641
          0,           0,        2734,      -2.933800275,      0.3456785587,      0.4114612937,       3.090904513,     -0.2881169283,       3.318012808
          0,           0,        2735,      -2.912604036,      0.3661144463,      0.4138296436,       3.099761443,     -0.2856758357,       3.326071339
          0,           0,        2736,      -2.919530182,      0.3580843591,      0.4092088455,       3.129164272,     -0.2858669656,       3.327688045
          0,           0,        2737,      -2.915367745,      0.3622604766,      0.4138372192,       3.099195251,     -0.2889013657,       3.322330734
          0,           0,        2738,      -2.932648559,      0.3466833911,      0.4114592055,       3.075066951,     -0.2923042499,       3.316634191
          0,           0,        2739,      -2.911555163,      0.3661542844,      0.4138901446,       3.135366544,     -0.2925213113,       3.319967282
          0,           0,        2740,      -2.921475601,       0.357071969,      0.4088923276,       3.099414253,     -0.2957904577,       3.315704503
          0,           0,        2741,      -2.914749919,       0.362628698,      0.4137243569,       3.089367918,     -0.2999492404,       3.309639587
          0,           0,        2742,        -2.9301541,       0.347705846,      0.4119440568,       3.122326663,     -0.3024610901,       3.308472496
          0,           0,        2743,      -2.912618065,      0.3656970897,      0.4135548298,       3.107537615,     -0.3024804195,       3.314579889
          0,           0,        2744,      -2.921579108,      0.3564012296,      0.4087763219,       3.086822997,     -0.3042932627,       3.316585273
          0,           0,        2745,      -2.913478438,      0.3629591844,      0.4142695232,       3.132208235,     -0.3093463841,       3.311194256
          0,           0,        2746,      -2.930480999,      0.3484527183,      0.4115319028,       3.090811841,      -0.313371521,       3.309107457
          0,           0,        2747,      -2.912561165,       0.365583026,      0.4133373336,       3.093406505,     -0.3170971049,       3.308340189
          0,           0,        2748,      -2.928261058,       0.349425396,      0.4064258871,       3.124947871,     -0.3218838231,       3.305600535
          0,           0,        2749,      -2.919844182,      0.3578139709,       0.413354651,       3.094980177,      -0.327139305,       3.302345685
          0,           0,        2750,      -2.937812753,      0.3407935505,      0.4138232957,       3.109434479,     -0.3300829851,       3.304774939
          0,           0,        2751,      -2.911835923,      0.3672225349,       0.413886228,       3.109225419,     -0.3317598109,       3.310530379
          0,           0,        2752,      -2.915845025,      0.3613927513,      0.4069097429,       3.094844395,     -0.3335948424,       3.315697906
          0,           0,        2753,       -2.91692874,      0.3598340826,      0.4141851972,        3.13177372,     -0.3441872621,       3.301172193
          0,           0,        2754,      -2.938153229,      0.3414720504,      0.4135375996,       3.088833233,     -0.3499761284,       3.297765304
          0,           0,        2755,      -2.913405905,      0.3658613801,      0.4133359379,       3.089070746,     -0.3495056037,       3.307787274
          0,           0,        2756,      -2.918420557,      0.3591134764,       0.407320928,       3.129699541,     -0.3543929179,       3.306181352
          0,           0,        2757,      -2.916297763,       0.361434343,      0.4144021415,       3.103327292,     -0.3604590358,       3.301897295
          0,           0,        2758,      -2.934242853,      0.3452910761,      0.4130575989,       3.078107476,     -0.3670185973,        3.29667534
          0,           0,        2759,      -2.912248374,       0.365803069,      0.4134228623,       3.131547775,     -0.3659829847,       3.306958144
          0,           0,        2760,      -2.921309464,      0.3573915059,      0.4074783135,       3.099252089,     -0.3703797357,       3.306063614
          0,           0,        2761,      -2.915633861,      0.3622208633,       0.414373803,       3.091253606,     -0.3760491443,       3.302707364
          0,           0,        2762,      -2.938569287,       0.340667037,       0.410284811,       3.120605711,     -0.3833215843,       3.296380706
          0,           0,        2763,      -2.918408156,      0.3606773951,      0.4124577128,       3.103032143,     -0.3855843478,       3.299966799
          0,           0,        2764,      -2.930984111,      0.3485702455,      0.4100759401,       3.077369786,     -0.3874956056,       3.303337522
          0,           0,        2765,      -2.912011979,      0.3666127704,      0.4151278137,       3.129686148,     -0.3910241029,       3.303686846
          0,           0,        2766,      -2.919990687,      0.3583150022,      0.4101533195,       3.094286873,     -0.3889802258,       3.313206976
          0,           0,        2767,      -2.916020261,       0.361855687,      0.4127558399,       3.099694963,     -0.3977575725,       3.303179854
          0,           0,        2768,      -2.939899678,      0.3394986069,      0.4081875986,        3.12091684,     -0.4016129638,       3.301756212
          0,           0,        2769,      -2.919318985,       0.359661333,      0.4139414493,       3.097802282,     -0.3986347233,       3.311204834
          0,           0,        2770,      -2.930484345,      0.3479916167,      0.4121232281,        3.11731592,     -0.3979632551,       3.315767938
          0,           0,        2771,      -2.912888775,      0.3661233935,      0.4136206499,       3.102891415,     -0.3981970234,       3.318413658
          0,           0,        2772,      -2.920144754,      0.3578788195,      0.4087435744,       3.084452728,     -0.3982390271,       3.320946211
          0,           0,        2773,      -2.914991391,      0.3624209089,      0.4141756223,       3.126177644,     -0.4038257511,       3.313838819
          0,           0,        2774,      -2.932177042,      0.3473094821,      0.4117700147,       3.092652214,     -0.4098581019,       3.305952924
          0,           0,        2775,      -2.912781461,      0.3654916429,      0.4135311721,       3.099607653,     -0.4066773357,       3.312351044
          0,           0,        2776,      -2.921023983,      0.3566810196,      0.4091778058,       3.129465772,     -0.4090652929,       3.309437352
          0,           0,        2777,      -2.915264908,      0.3624856378,      0.4139400143,       3.095952537,     -0.4088704533,       3.310447184
          0,           0,        2778,      -2.931095427,      0.3479573565,      0.4114639893,       3.075355741,     -0.4110385926,       3.307515206
          0,           0,        2779,      -2.911416187,      0.3657562384,      0.4137653241,       3.132333878,     -0.4075436068,       3.313815994
          0,           0,        2780,      -2.922245738,      0.3562751918,      0.4089286766,       3.098846557,     -0.4083101598,       3.313113755
          0,           0,        2781,      -2.914747203,      0.3629226676,      0.4138134247,       3.085193038,     -0.4139698526,       3.304604811
          0,           0,        2782,       -2.93662547,      0.3419009244,      0.4089577268,       3.119397947,     -0.4173945653,        3.29963246
          0,           0,        2783,      -2.918645063,      0.3599171835,      0.4127915643,       3.100701271,     -0.4178410852,       3.299579154
          0,           0,        2784,      -2.931869982,      0.3473711965,      0.4111292519,       3.074803979,     -0.4141174444,       3.305659191
          0,           0,        2785,      -2.911391314,      0.3668782066,      0.4146999224,       3.133065782,      -0.415036731,        3.30438268
          0,           0,        2786,      -2.919105959,      0.3590549844,       0.409246669,       3.102031907,     -0.4097579153,       3.312665586
          0,           0,        2787,      -2.916645127,      0.3606964523,      0.4133985069,       3.128296074,     -0.4187706951,       3.297487485
          0,           0,        2788,      -2.943159368,      0.3371193521,      0.4087386132,       3.084271336,     -0.4217073674,       3.292311132
          0,           0,        2789,       -2.91961963,      0.3593322619,      0.4133264033,       3.083978289,       -0.41667811,       3.299729194
          0,           0,        2790,      -2.930216935,      0.3480939842,      0.4114573018,       3.122961816,     -0.4142812562,       3.302490734
          0,           0,        2791,      -2.914005179,      0.3654040978,      0.4139928148,       3.106155874,      -0.412873405,       3.303686027
          0,           0,        2792,      -2.921415946,      0.3566562755,      0.4093683833,       3.084294229,     -0.4104894519,       3.306540211
          0,           0,        2793,      -2.915009221,      0.3622513104,      0.4138907821,       3.131496259,     -0.4113750897,       3.303839721
          0,           0,        2794,      -2.930990075,      0.3485108195,      0.4112073464,       3.094739577,     -0.4134912019,       3.299586521
          0,           0,        2795,      -2.913179096,      0.3656393968,      0.4137930526,       3.096700957,      -0.406591606,       3.310114975
          0,           0,        2796,       -2.92180918,      0.3566849495,      0.4096777785,       3.127128293,     -0.4104949436,       3.303290952
          0,           0,        2797,       -2.91513396,      0.3635265741,      0.4137093529,       3.100568705,     -0.4101789588,       3.303428956
          0,           0,        2798,      -2.930308845,      0.3493366052,      0.4111458161,       3.084435278,     -0.4131161933,       3.298009216
          0,           0,        2799,      -2.912361153,      0.3656402253,      0.4140470525,       3.137052908,     -0.4063955085,       3.308745678
          0,           0,        2800,      -2.923572809,      0.3557619073,       0.409261582,        3.08991003,     -0.4027965778,       3.314003446
          0,           0,        2801,      -2.914050264,      0.3635676424,      0.4138922826,        3.12123083,     -0.4022735924,       3.314387943
          0,           0,        2802,       -2.93709182,      0.3428466351,      0.4083340428,        3.08374763,     -0.4009012664,       3.316187792
          0,           0,        2803,      -2.918217554,      0.3599659825,       0.412868302,       3.094483058,     -0.3988717723,       3.319292452
          0,           0,        2804,      -2.931250805,      0.3471095716,      0.4119299996,        3.12445067,     -0.3936463454,       3.327069637
          0,           0,        2805,      -2.911925576,      0.3672205278,      0.4142508163,       3.104599298,     -0.3948675379,        3.32488965
          0,           0,        2806,      -2.917918273,      0.3598234393,      0.4087736531,        3.08514314,     -0.3909996161,       3.330755039
          0,           0,        2807,      -2.915643524,         0.3612106,      0.4135842858,       3.128511951,     -0.4020029138,       3.312592828
          0,           0,        2808,       -2.93550435,      0.3438361646,       0.411831348,       3.090637051,     -0.4052154637,       3.307139331
          0,           0,        2809,      -2.913051515,      0.3657154692,      0.4138811074,        3.09213554,     -0.4016981304,       3.312438979
          0,           0,        2810,      -2.919155165,      0.3579620804,      0.4088617309,       3.123053487,     -0.4011915528,       3.312961789
          0,           0,        2811,      -2.915657774,      0.3617177327,      0.4135514307,       3.096123147,     -0.4025975481,       3.310292238
          0,           0,        2812,      -2.933158594,      0.3460056531,      0.4117708936,       3.073618018,     -0.4047299328,       3.306797241
          0,           0,        2813,      -2.911754235,      0.3657033199,       0.413982345,       3.129115944,     -0.3995647363,       3.315553589
          0,           0,        2814,      -2.921154652,      0.3570593008,      0.4085897123,        3.09724877,      -0.401980697,       3.312012024
          0,           0,        2815,      -2.914898032,      0.3623355787,      0.4137562001,       3.097087313,     -0.4059799107,       3.305751847
          0,           0,        2816,      -2.937921751,      0.3407550033,      0.4093672161,       3.121025844,     -0.4112967237,       3.297396781
          0,           0,        2817,      -2.918618482,      0.3599076033,      0.4125858917,       3.095087837,     -0.4080285063,       3.303503912
          0,           0,        2818,      -2.930399758,      0.3484488475,      0.4107481362,       3.074928084,     -0.4061551523,       3.306713946
          0,           0,        2819,      -2.911085098,      0.3669012128,      0.4144819492,       3.136379979,     -0.4057517208,       3.307695599
          0,           0,        2820,      -2.918772604,      0.3593198612,        0.40954528,        3.10102178,     -0.4027939874,       3.312431845
          0,           0,        2821,      -2.917267212,      0.3603277888,       0.413272286,       3.086373433,     -0.4106000017,       3.298768903
          0,           0,        2822,      -2.942345698,      0.3367236423,      0.4087211766,       3.115742527,     -0.4144417129,       3.291805512
          0,           0,        2823,       -2.91920697,      0.3597840836,      0.4134262515,       3.100728713,     -0.4089328115,        3.30033871
          0,           0,        2824,      -2.929216855,      0.3490934104,       0.411599595,        3.12012424,     -0.4060294475,       3.303952662
          0,           0,        2825,      -2.913416938,      0.3656208906,      0.4140788686,       3.104607776,     -0.4065113299,       3.302039999
          0,           0,        2826,      -2.921761461,      0.3564326643,      0.4091840695,       3.082638544,     -0.4036663657,        3.30569825
          0,           0,        2827,       -2.91487872,      0.3626477291,      0.4137897173,       3.125983708,       -0.40558347,       3.301133351
          0,           0,        2828,      -2.930612196,      0.3488794326,      0.4112265623,       3.084502316,     -0.4064015249,        3.29875053
          0,           0,        2829,         -2.913501,      0.3651908609,      0.4133758184,       3.090341019,     -0.4008143603,       3.307275356
          0,           0,        2830,      -2.922000151,      0.3560315415,      0.4095320047,       3.128344306,     -0.4029454482,       3.303082687
          0,           0,        2831,      -2.914746884,      0.3635696668,      0.4141616323,       3.104210668,     -0.4028177008,       3.302802589
          0,           0,        2832,      -2.929825638,      0.3496955404,       0.411097976,       3.079497389,     -0.4057791853,         3.2970892
          0,           0,        2833,      -2.912464058,       0.365226525,       0.413727511,       3.136542185,     -0.4018748808,       3.303340167
          0,           0,        2834,       -2.92413894,      0.3548548974,      0.4093767483,       3.098120915,     -0.3999704321,       3.305817548
          0,           0,        2835,      -2.914489103,      0.3635982972,      0.4139107862,        3.09145131,     -0.4005085428,       3.304015279
          0,           0,        2836,      -2.935279838,      0.3435304179,      0.4085895857,       3.120496862,     -0.3997810693,       3.304387038
          0,           0,        2837,      -2.918927565,      0.3597288021,       0.412812992,       3.103864158,     -0.3980495319,       3.306534232
          0,           0,        2838,      -2.932225587,      0.3464162225,       0.411939729,       3.116859266,     -0.3924393485,       3.314725011
          0,           0,        2839,      -2.912133419,      0.3670986478,      0.4143955826,       3.103042248,      -0.391594054,        3.31500131
          0,           0,        2840,      -2.918077737,        0.35982608,      0.4086678285,       3.085421418,     -0.3861668378,       3.322886304
          0,           0,        2841,      -2.916090846,       0.360961007,      0.4134934692,       3.131066231,     -0.3944185169,       3.307246955
          0,           0,        2842,      -2.936142155,       0.343568678,      0.4119500996,       3.092245939,        -0.3959007,       3.303364551
          0,           0,        2843,      -2.913299009,      0.3656056771,      0.4139116311,       3.092492334,     -0.3912759024,       3.309847424
          0,           0,        2844,      -2.919279756,      0.3579481139,      0.4088261028,       3.126271153,     -0.3903488798,       3.310030978
          0,           0,        2845,      -2.916106838,       0.361519596,      0.4136023382,       3.105020003,     -0.3907437977,       3.307789019
          0,           0,        2846,      -2.933215686,      0.3457889507,      0.4119410335,       3.082090771,      -0.391951811,       3.304472036
          0,           0,        2847,      -2.912183703,      0.3655514838,      0.4140615891,       3.134685318,     -0.3860121426,       3.314001012
          0,           0,        2848,      -2.921598235,      0.3569697942,      0.4084577685,       3.095189368,     -0.3873299098,       3.310933089
          0,           0,        2849,      -2.915381967,      0.3623025834,       0.413686507,       3.088254926,      -0.390482766,       3.304475937
          0,           0,        2850,      -2.938348229,      0.3407784425,      0.4093539518,       3.114710628,     -0.3953069753,       3.295150988
          0,           0,        2851,       -2.91848652,      0.3599456624,      0.4126088872,       3.100558004,     -0.3924902013,       3.299828011
          0,           0,        2852,      -2.930105057,      0.3484033849,      0.4110436537,       3.120365061,     -0.3901878137,       3.303025082
          0,           0,        2853,      -2.912555025,      0.3666410648,      0.4141880627,       3.104009632,     -0.3889061648,       3.304691467
          0,           0,        2854,      -2.918808259,      0.3591144602,      0.4094950283,       3.090681194,     -0.3846406638,       3.311402254
          0,           0,        2855,      -2.916914127,      0.3603134275,      0.4137560141,       3.133473585,     -0.3900014897,       3.300536872
          0,           0,        2856,       -2.93687803,      0.3431823954,      0.4112592956,       3.090781245,     -0.3907296932,       3.298108834
          0,           0,        2857,      -2.913645303,      0.3656297396,      0.4139396897,       3.091750681,     -0.3849018815,       3.307468397
          0,           0,        2858,      -2.919680607,      0.3582190329,      0.4093626428,       3.125917664,      -0.384193917,       3.307412001
          0,           0,        2859,      -2.916555042,       0.361386157,      0.4135554562,       3.102826056,     -0.3869905061,       3.300898536
          0,           0,        2860,      -2.934694253,      0.3451937886,      0.4113621697,       3.076981238,      -0.388054987,       3.297565101
          0,           0,        2861,      -2.912630463,      0.3658072578,      0.4137970712,       3.130223976,     -0.3826221214,       3.306601531
          0,           0,        2862,      -2.921193826,      0.3578381343,      0.4089021114,       3.095889432,     -0.3815443829,       3.307656786
          0,           0,        2863,      -2.915652441,      0.3625639632,      0.4137922618,       3.092251563,     -0.3853898299,       3.299655561
          0,           0,        2864,       -2.93935711,      0.3405082865,      0.4090415294,       3.117415302,     -0.3887708308,       3.292850458
          0,           0,        2865,      -2.918889562,      0.3605351252,      0.4128604735,       3.100471125,     -0.3864989382,       3.296968024
          0,           0,        2866,      -2.930493877,      0.3485450829,      0.4113363316,       3.118804782,     -0.3824696246,       3.303918665
          0,           0,        2867,       -2.91309788,      0.3663912267,      0.4143851674,       3.103531042,     -0.3805417792,        3.30715283
          0,           0,        2868,      -2.920095137,       0.358136556,      0.4092539102,       3.086750252,     -0.3739741737,       3.318799302
          0,           0,        2869,      -2.915473665,      0.3619140683,       0.413537661,       3.134093188,     -0.3759286769,       3.314636904
          0,           0,        2870,      -2.933327075,      0.3464126111,      0.4113400572,       3.093521613,     -0.3751191264,       3.315779283
          0,           0,        2871,      -2.913511849,      0.3653273325,      0.4139176537,       3.089582909,     -0.3693235624,       3.325570837
          0,           0,        2872,      -2.920754934,      0.3568028295,      0.4093684683,       3.128396159,     -0.3697825067,       3.324080425
          0,           0,        2873,      -2.915609679,      0.3623010273,      0.4135152777,       3.102517892,     -0.3703620587,       3.322195008
          0,           0,        2874,      -2.931636437,      0.3477838923,      0.4113015048,        3.07717822,     -0.3739504794,       3.314816125
          0,           0,        2875,       -2.91171773,      0.3660530199,      0.4141441667,       3.133405548,     -0.3717113265,       3.318154187
          0,           0,        2876,      -2.922064379,      0.3567088791,      0.4090339532,       3.100634917,     -0.3743529188,       3.312246226
          0,           0,        2877,      -2.914734098,      0.3628767892,      0.4136413734,       3.095090454,     -0.3773064848,       3.305397705
          0,           0,        2878,      -2.936748871,      0.3417701498,      0.4089926061,        3.11941049,     -0.3785372426,       3.301919311
          0,           0,        2879,        -2.9181971,      0.3601550119,      0.4129729437,       3.098208362,     -0.3750857238,       3.307765385
          0,           0,        2880,      -2.929833592,      0.3480647655,      0.4114854106,       3.115323583,     -0.3711326036,        3.31434831
          0,           0,        2881,      -2.911410693,      0.3671885284,      0.4143350075,       3.108852024,     -0.3710495343,        3.31423418
          0,           0,        2882,      -2.917830365,      0.3593938949,      0.4091447773,       3.088429745,     -0.3677238351,       3.320273757
          0,           0,        2883,      -2.915547049,      0.3610954414,      0.4135555385,       3.127397434,     -0.3748351775,       3.306750118
          0,           0,        2884,       -2.93472318,      0.3441932579,      0.4115368912,       3.090404933,     -0.3760755404,       3.304571844
          0,           0,        2885,      -2.912516635,      0.3657142529,      0.4140189436,       3.101317152,     -0.3716937179,       3.312880687
          0,           0,        2886,      -2.919219195,        0.35795858,      0.4092102244,        3.13106298,     -0.3720638598,       3.312233465
          0,           0,        2887,      -2.915981806,      0.3616731938,      0.4135303465,       3.096742694,      -0.374890728,       3.306687059
          0,           0,        2888,      -2.933432856,      0.3458875526,      0.4115239273,       3.073150275,     -0.3778938152,       3.300673478
          0,           0,        2889,      -2.912003388,      0.3656876734,      0.4140959754,       3.135356267,     -0.3742046784,       3.307337267
          0,           0,        2890,      -2.921643447,      0.3570009726,      0.4087773938,       3.099526314,     -0.3748679721,       3.305325295
          0,           0,        2891,       -2.91561978,      0.3621177445,      0.4135668457,       3.088299636,     -0.3782885825,       3.297595106
          0,           0,        2892,      -2.938522716,       0.340379272,      0.4091728994,       3.117603239,      -0.381006013,       3.291188694
          0,           0,        2893,      -2.918674957,      0.3598926719,      0.4129334402,       3.099889729,     -0.3778160714,       3.296633831
          0,           0,        2894,      -2.930099702,      0.3481939794,      0.4112753194,       3.119441059,     -0.3745966495,       3.301757688
          0,           0,        2895,       -2.91240366,      0.3665708375,      0.4143664564,       3.104850706,     -0.3740298436,       3.302122667
          0,           0,        2896,      -2.919426621,      0.3585337394,      0.4093120702,       3.084281093,     -0.3704440578,       3.308422498
          0,           0,        2897,      -2.915725778,      0.3613656382,      0.4135379623,       3.130007424,     -0.3755373447,       3.297782523
          0,           0,        2898,      -2.934252747,      0.3455547575,      0.4113089449,       3.092755605,     -0.3762009272,       3.296259036
          0,           0,        2899,      -2.913146424,      0.3660848667,      0.4139155153,       3.090511347,     -0.3718674798,       3.304592461
          0,           0,        2900,      -2.920130995,      0.3579995668,       0.409378642,        3.13015883,     -0.3728764096,       3.302539008
          0,           0,        2901,      -2.916455636,      0.3621075222,      0.4135146929,       3.102699055,     -0.3749251642,       3.298284363
          0,           0,        2902,      -2.933632919,      0.3464304527,      0.4113318043,        3.07579366,     -0.3760703167,       3.295647035
          0,           0,        2903,      -2.912718651,        0.36552005,      0.4138900703,         3.1317375,     -0.3700760566,       3.307147886
          0,           0,        2904,      -2.922182799,      0.3569174997,      0.4089912799,        3.09921704,     -0.3680727824,       3.310528681
          0,           0,        2905,      -2.915870323,      0.3621561331,       0.413873647,       3.095667768,     -0.3695463491,       3.306948936
          0,           0,        2906,      -2.939077743,      0.3403392874,      0.4090532066,       3.118853055,     -0.3707407255,       3.303982034
          0,           0,        2907,      -2.919291174,      0.3598617597,      0.4128350447,       3.096773141,     -0.3679182612,       3.309053647
          0,           0,        2908,      -2.930475496,      0.3479904358,      0.4114583358,       3.119958438,        -0.3645571,       3.314721374
          0,           0,        2909,      -2.912645054,      0.3665660938,      0.4144767551,       3.110829577,       -0.36532055,       3.312753373
          0,           0,        2910,      -2.919554271,      0.3584572963,       0.409187369,       3.086902764,     -0.3624541837,       3.317779885
          0,           0,        2911,      -2.915864745,      0.3615658106,      0.4134629766,       3.127595863,     -0.3691517171,       3.304125339
          0,           0,        2912,      -2.933840436,      0.3454893306,      0.4114509014,       3.091161274,     -0.3712345811,       3.299745066
          0,           0,        2913,      -2.913290604,      0.3653996199,      0.4140104807,       3.096426624,     -0.3672716502,       3.307155719
          0,           0,        2914,      -2.920551627,       0.357064915,      0.4092405702,       3.126089907,     -0.3673987167,        3.30664686
          0,           0,        2915,      -2.915858602,      0.3618964463,      0.4135522772,       3.102967564,     -0.3678924657,       3.305369704
          0,           0,        2916,      -2.932491981,      0.3467078698,      0.4115263119,       3.083776099,     -0.3699607795,       3.301148969
          0,           0,        2917,      -2.912444478,      0.3654254693,      0.4141777587,       3.137132046,     -0.3659418042,       3.309111947
          0,           0,        2918,      -2.922519857,      0.3564010266,       0.408935958,       3.098662224,     -0.3671925158,       3.306499647
          0,           0,        2919,      -2.915602814,      0.3624872675,      0.4135867169,        3.08931861,     -0.3704870804,       3.299519818
          0,           0,        2920,      -2.938101803,      0.3412641876,      0.4090302904,       3.119047782,     -0.3737720291,       3.292290483
          0,           0,        2921,      -2.919297794,      0.3597761031,      0.4127431411,       3.100866185,     -0.3714867944,       3.296300571
          0,           0,        2922,      -2.930919719,      0.3480001326,      0.4113203535,       3.113924926,     -0.3682169434,       3.301550027
          0,           0,        2923,      -2.912840915,      0.3667673371,      0.4140290145,       3.101078361,     -0.3666849744,       3.303428403
          0,           0,        2924,      -2.918970563,      0.3593842491,      0.4091123622,       3.081492277,     -0.3619712711,       3.311390947
          0,           0,        2925,      -2.917116557,      0.3600025697,      0.4137744924,       3.129434772,     -0.3667242271,        3.30011776
          0,           0,        2926,       -2.93755406,      0.3425142843,      0.4114955564,        3.09018536,       -0.36706091,       3.297975279
          0,           0,        2927,      -2.913621101,      0.3656418539,      0.4138139428,       3.092467475,     -0.3614001528,       3.307967018
          0,           0,        2928,       -2.91912398,      0.3584201216,      0.4092186207,       3.129165175,     -0.3604399722,       3.308603818
          0,           0,        2929,       -2.91663984,      0.3612797818,       0.413701877,       3.107088562,     -0.3629042421,       3.302396178
          0,           0,        2930,      -2.934663519,      0.3450502015,      0.4116314074,       3.082428396,     -0.3640349092,        3.29924206
          0,           0,        2931,      -2.912322519,      0.3661576581,      0.4141091843,       3.135037831,     -0.3592515507,       3.308635581
          0,           0,        2932,      -2.921160757,      0.3581929889,      0.4086711869,       3.094084864,     -0.3594941713,       3.308012673
          0,           0,        2933,      -2.915741243,      0.3626329514,      0.4136163161,       3.088602438,     -0.3640313644,       3.298622316
          0,           0,        2934,      -2.939573676,      0.3402117959,      0.4092266761,       3.117660616,     -0.3674326754,       3.291697672
          0,           0,        2935,      -2.919231886,      0.3599273579,      0.4126967028,        3.09891866,     -0.3638236297,       3.299724502
          0,           0,        2936,      -2.930858058,      0.3485244672,      0.4108436689,       3.080709854,     -0.3593847747,        3.30898309
          0,           0,        2937,      -2.911570437,      0.3667632529,      0.4144575931,       3.136996609,     -0.3570253072,       3.314381362
          0,           0,        2938,      -2.919544226,      0.3589408997,      0.4095323263,       3.099957279,     -0.3526146067,       3.323767412
          0,           0,        2939,       -2.91662308,      0.3608229927,      0.4136350289,        3.12252929,     -0.3563498573,       3.316975593
          0,           0,        2940,      -2.935366899,      0.3443007916,       0.411242566,       3.085758374,     -0.3572355408,       3.316152614
          0,           0,        2941,      -2.912985727,      0.3656442332,      0.4138372131,       3.090590263,     -0.3528614413,       3.325591009
          0,           0,        2942,      -2.919130222,      0.3582838964,      0.4093841911,       3.129358535,     -0.3542513844,       3.323832585
          0,           0,        2943,      -2.915536227,      0.3621107263,      0.4133156381,       3.103556528,     -0.3589185263,       3.315994479
          0,           0,        2944,      -2.932344417,      0.3467494372,      0.4113731011,       3.076457653,     -0.3642751744,       3.306805626
          0,           0,        2945,      -2.911504916,      0.3660367969,      0.4143644653,       3.132481523,      -0.363052448,       3.310790417
          0,           0,        2946,      -2.920929362,      0.3571874503,      0.4089461375,       3.099692864,      -0.364420614,       3.309482581
          0,           0,        2947,      -2.914403699,      0.3624884211,      0.4135029349,       3.097556463,     -0.3668347489,       3.306310895
          0,           0,        2948,       -2.93055587,      0.3473577626,      0.4119375462,       3.123350035,     -0.3671388251,        3.30739219
          0,           0,        2949,      -2.912553683,      0.3658332043,      0.4137394623,        3.10210747,     -0.3653152491,       3.312928541
          0,           0,        2950,      -2.921486229,      0.3567956914,      0.4087074495,       3.082812488,     -0.3662029064,       3.313188281
          0,           0,        2951,      -2.913777805,      0.3628314706,      0.4140965326,       3.133769977,      -0.371257861,        3.30545541
          0,           0,        2952,      -2.931411554,      0.3478070625,      0.4115870587,       3.087754497,     -0.3720835219,       3.305646389
          0,           0,        2953,      -2.913054603,      0.3654512056,      0.4133952742,       3.088377075,     -0.3726228691,       3.306063908
          0,           0,        2954,      -2.928128999,      0.3494368406,      0.4063107923,       3.125464748,     -0.3738825487,       3.305045615
          0,           0,        2955,      -2.920066775,      0.3576957198,      0.4133022499,       3.101669855,     -0.3766454713,       3.300808583
          0,           0,        2956,      -2.939060001,      0.3402895098,      0.4136067722,       3.069939959,     -0.3760467183,       3.302469267
          0,           0,        2957,      -2.911164733,      0.3671530371,       0.414221658,       3.133874621,     -0.3733113396,       3.308067135
          0,           0,        2958,      -2.916039053,       0.361365099,      0.4069836577,        3.10372027,     -0.3707557299,       3.312889271
          0,           0,        2959,      -2.917652142,      0.3598769012,      0.4137340303,       3.084810406,     -0.3777040354,       3.298903041
          0,           0,        2960,      -2.936417212,      0.3418256003,      0.4138272296,       3.115808735,     -0.3793258486,       3.295118598
          0,           0,        2961,      -2.913341283,      0.3658608321,      0.4135616995,        3.10456478,     -0.3729755191,       3.306453998
          0,           0,        2962,      -2.919006629,      0.3590472903,      0.4068633705,       3.082392239,     -0.3733121896,       3.304900902
          0,           0,        2963,      -2.915632758,      0.3610953954,      0.4144753559,       3.127874627,     -0.3738087626,       3.302741896
          0,           0,        2964,      -2.934652694,      0.3447276705,      0.4133372682,       3.091560895,     -0.3756834998,       3.297974363
          0,           0,        2965,      -2.912767011,      0.3660959911,      0.4131478365,        3.09250302,     -0.3699338132,       3.308067662
          0,           0,        2966,      -2.926153372,      0.3520000952,      0.4048121646,       3.126357868,     -0.3719029199,       3.303404595
          0,           0,        2967,      -2.920504173,       0.357533639,      0.4138368624,       3.100123818,       -0.37309947,       3.300445133
          0,           0,        2968,      -2.941616564,      0.3386480573,      0.4149681415,        3.07044629,     -0.3735617817,       3.298436368
          0,           0,        2969,      -2.911413278,       0.367566607,      0.4138543494,       3.133540776,      -0.369390803,        3.30599503
          0,           0,        2970,      -2.915869388,      0.3622262784,      0.4058015148,       3.103362585,      -0.364695658,       3.314123639
          0,           0,        2971,      -2.917087033,      0.3600407636,      0.4146109966,       3.127647122,      -0.371326974,       3.299645254
          0,           0,        2972,      -2.946071987,      0.3345573206,      0.4117855474,       3.081625157,      -0.371062859,       3.299056036
          0,           0,        2973,      -2.919128558,      0.3599805196,      0.4123397429,       3.084129763,     -0.3660111098,       3.307989029
          0,           0,        2974,      -2.929017712,      0.3492865306,      0.4088590225,       3.123483816,     -0.3611425039,       3.316218902
          0,           0,        2975,      -2.913986366,      0.3653148129,       0.415239622,       3.106813188,     -0.3604041546,       3.316591404
          0,           0,        2976,      -2.922127027,      0.3560988008,      0.4115993956,       3.084430814,     -0.3575962863,       3.321178514
          0,           0,        2977,      -2.913739037,      0.3637393747,      0.4128761697,       3.131358642,     -0.3602630718,       3.315133771
          0,           0,        2978,      -2.928959324,      0.3504340816,      0.4093307865,        3.09574998,     -0.3639388152,       3.307703141
          0,           0,        2979,      -2.913537598,      0.3646296108,      0.4148339167,        3.09687298,     -0.3606707651,       3.313940799
          0,           0,        2980,        -2.9234329,      0.3543264045,      0.4112986954,       3.126877453,     -0.3636567401,       3.308132005
          0,           0,        2981,      -2.914328041,      0.3635462942,      0.4128580595,       3.100845059,     -0.3613962557,       3.313149633
          0,           0,        2982,      -2.928640551,      0.3505149755,      0.4097141214,       3.075191547,     -0.3637632872,       3.309379099
          0,           0,        2983,      -2.912072237,       0.364927241,      0.4148223524,        3.13245234,     -0.3614770702,         3.3154527
          0,           0,        2984,      -2.924476595,      0.3541368604,      0.4105318018,       3.093582288,     -0.3634430554,       3.313272381
          0,           0,        2985,      -2.913831453,      0.3639498297,      0.4129445373,       3.088921734,      -0.368197531,       3.306162785
          0,           0,        2986,      -2.933747785,      0.3444183842,      0.4076815638,       3.121290611,     -0.3717156941,       3.301765914
          0,           0,        2987,      -2.918667284,      0.3594976189,      0.4136435808,       3.102973919,     -0.3752481053,       3.297815953
          0,           0,        2988,      -2.933520887,      0.3455257281,      0.4123282751,       3.074169635,     -0.3735466959,       3.303785211
          0,           0,        2989,      -2.911331439,      0.3671266911,      0.4139801175,       3.131516987,     -0.3760235218,       3.302002083
          0,           0,        2990,      -2.918334597,      0.3597321458,      0.4082484037,       3.098589335,     -0.3721494986,       3.312333352
          0,           0,        2991,      -2.917494758,      0.3603734198,      0.4137640195,        3.09129959,     -0.3824639135,       3.295231373
          0,           0,        2992,      -2.943105494,       0.336320507,      0.4098532378,       3.115386592,     -0.3860655802,       3.291687604
          0,           0,        2993,      -2.920193551,      0.3591653707,      0.4129136599,       3.095848711,     -0.3845161243,       3.297958967
          0,           0,        2994,       -2.93125114,      0.3476956231,       0.410491855,        3.08580615,     -0.3841129756,        3.30198811
          0,           0,        2995,      -2.913335082,      0.3651732802,      0.4148450086,       3.136834519,     -0.3853399018,       3.303122779
          0,           0,        2996,      -2.922377496,      0.3562813234,      0.4100663255,       3.092173267,     -0.3857906849,       3.306046279
          0,           0,        2997,      -2.915370243,      0.3625257556,      0.4132498992,       3.122645101,     -0.3900119872,        3.30176773
          0,           0,        2998,      -2.937214071,      0.3424657423,      0.4079621369,        3.09406409,      -0.397555058,       3.292416843
          0,           0,        2999,      -2.919010496,      0.3596832843,      0.4135698659,       3.095999034,     -0.3932252318,       3.304466928
