NDIME= 2
NELEM= 15889
5 355 366 354 0
5 1272 161 162 1
5 1647 5283 6967 2
5 4340 4155 6559 3
5 5388 4928 7619 4
5 5421 2514 5423 5
5 3017 5554 7120 6
5 5532 5841 5842 7
5 6728 6745 7373 8
5 6303 7766 8425 9
5 6576 1280 6935 10
5 5479 5031 6432 11
5 5019 6318 8006 12
5 4246 5546 5831 13
5 8096 5117 8099 14
5 6483 4932 7536 15
5 5554 3017 6361 16
5 5501 4475 5562 17
5 340 341 5481 18
5 7696 5435 8248 19
5 6233 6576 6935 20
5 3031 5313 6370 21
5 5715 4486 6557 22
5 2310 5479 6432 23
5 3233 5365 5367 24
5 6341 1634 6343 25
5 1773 1775 5462 26
5 5452 1274 5963 27
5 4755 5441 6075 28
5 6253 4727 6257 29
5 4081 4918 7779 30
5 5457 4643 5753 31
5 7305 7326 7568 32
5 2373 2239 6347 33
5 5531 1398 7768 34
5 7264 4649 7515 35
5 6361 3017 7125 36
5 3765 6183 8147 37
5 5441 1817 6075 38
5 4371 5557 5569 39
5 6340 1634 6341 40
5 7389 5264 7464 41
5 3029 3031 6370 42
5 5558 6361 7125 43
5 2100 6398 7102 44
5 4424 5329 5656 45
5 3691 6356 6661 46
5 5554 6718 7120 47
5 2484 5457 5753 48
5 4559 5921 7721 49
5 4664 6255 6447 50
5 5532 4304 5841 51
5 6188 5085 7564 52
5 1779 1781 6087 53
5 2942 2944 6529 54
5 6233 1406 6234 55
5 6346 2373 6347 56
5 1406 6233 6935 57
5 1666 6417 6887 58
5 5333 3600 5334 59
5 1812 1814 7954 60
5 3644 1983 7828 61
5 6417 1666 6691 62
5 3855 7327 7714 63
5 1398 5531 8190 64
5 6006 7389 7464 65
5 7168 7726 7890 66
5 5308 3543 6192 67
5 6398 5296 7102 68
5 1283 6263 6878 69
5 1301 5957 7273 70
5 1613 6748 7051 71
5 5279 4209 5974 72
5 5831 5546 6778 73
5 3351 3029 6370 74
5 6356 3691 7397 75
5 7529 6453 7880 76
5 5554 5555 6718 77
5 5378 5068 8044 78
5 327 1335 5695 79
5 5086 5723 6558 80
5 3735 5492 5493 81
5 7379 5249 7403 82
5 3363 5305 5848 83
5 6263 5290 6878 84
5 5912 6023 8081 85
5 7531 1924 7545 86
5 5701 4630 7172 87
5 6601 7209 7567 88
5 6091 6092 7474 89
5 6061 7819 7925 90
5 2451 2335 5665 91
5 5339 3351 6370 92
5 6789 7699 7815 93
5 1307 6450 6917 94
5 7326 4143 7568 95
5 5283 1647 6968 96
5 4928 6092 7619 97
5 2330 7379 7403 98
5 4213 4300 6469 99
5 7236 7194 8158 100
5 264 265 5663 101
5 5723 4347 6558 102
5 5426 3596 5428 103
5 7766 5720 8425 104
5 5375 7531 7545 105
5 1775 1913 5462 106
5 2239 2241 6347 107
5 3600 5333 5516 108
5 6234 1406 6938 109
5 3543 5308 6193 110
5 6235 6234 6938 111
5 5684 2979 8537 112
5 5579 4872 6038 113
5 6618 2512 6887 114
5 1333 5435 7696 115
5 4246 4020 7753 116
5 5343 5170 5573 117
5 6748 5354 7051 118
5 6092 4928 7474 119
5 2439 5249 7461 120
5 1351 5361 5363 121
5 4893 5340 5355 122
5 2334 2442 5809 123
5 5305 3363 5582 124
5 6481 6483 7536 125
5 5249 2439 7403 126
5 2514 5421 5571 127
5 4468 5579 6038 128
5 6493 4881 7393 129
5 1915 5704 7156 130
5 6360 1405 6931 131
5 1983 5629 7828 132
5 1405 6360 7092 133
5 5704 5702 7156 134
5 6086 7385 7610 135
5 3298 5327 5487 136
5 5682 2979 5684 137
5 5649 5028 5736 138
5 5967 7557 7594 139
5 1924 5374 7575 140
5 2217 2385 6550 141
5 6235 1323 6244 142
5 4713 5275 7302 143
5 5318 3205 7554 144
5 6450 4633 6917 145
5 5489 2524 5491 146
5 1323 6235 6938 147
5 5374 1924 7531 148
5 3986 5328 5391 149
5 6345 2373 6346 150
5 2529 5296 5835 151
5 6183 5158 8147 152
5 5852 5345 7734 153
5 7472 6613 8259 154
5 5921 5277 7721 155
5 4209 5279 8402 156
5 3940 5675 7375 157
5 4727 5458 6257 158
5 5275 4713 7304 159
5 2439 7461 7481 160
5 6691 1666 6993 161
5 4891 4893 5355 162
5 7544 5990 7631 163
5 1634 6340 7066 164
5 5262 1726 8105 165
5 6566 5823 6567 166
5 5458 1630 6257 167
5 3205 5318 7608 168
5 2385 6333 6550 169
5 6023 5053 8081 170
5 5968 5967 7594 171
5 5313 3031 6371 172
5 6613 6612 8259 173
5 6240 6244 6939 174
5 4808 5298 6320 175
5 6524 5918 8443 176
5 7598 8161 8448 177
5 4906 6549 6973 178
5 5327 3298 5486 179
5 5475 4630 5701 180
5 6352 2439 7481 181
5 4031 4510 7179 182
5 5319 3118 5601 183
5 3120 2942 6529 184
5 2529 5835 7783 185
5 3658 3940 7375 186
5 4799 7004 7096 187
5 3205 5356 7669 188
5 5868 4530 5869 189
5 6318 1970 8006 190
5 5108 4254 7762 191
5 6255 4664 6448 192
5 5336 6691 6993 193
5 6417 6618 6887 194
5 3355 5918 6524 195
5 6395 4531 8368 196
5 5356 3205 7608 197
5 4436 8132 8213 198
5 6244 1323 6939 199
5 4528 7297 7975 200
5 5573 5170 6797 201
5 6401 5401 6749 202
5 6340 6342 7066 203
5 4475 5501 5847 204
5 5290 1383 6878 205
5 4826 6196 6197 206
5 1930 6383 7253 207
5 326 327 5695 208
5 7297 6303 7975 209
5 6303 7297 7766 210
5 2394 5778 7679 211
5 5192 5550 5599 212
5 4649 5505 7515 213
5 5546 4246 7753 214
5 5661 1812 7954 215
5 4799 7003 7004 216
5 6354 7639 7641 217
5 4881 6493 7563 218
5 5352 1970 6318 219
5 1383 5290 6758 220
5 6567 5823 8019 221
5 5298 4808 7334 222
5 5443 3569 5445 223
5 4827 5545 6322 224
5 1352 5398 7682 225
5 6320 6319 7987 226
5 4841 6669 6733 227
5 6566 1860 7494 228
5 4842 4841 6733 229
5 5328 3986 5656 230
5 1627 6843 7922 231
5 4880 4881 7563 232
5 6426 5350 8032 233
5 3593 6256 6448 234
5 6774 6898 8561 235
5 1364 340 5481 236
5 5296 2529 7102 237
5 4727 6253 6363 238
5 6538 5689 7378 239
5 4842 6733 6774 240
5 6732 4842 6774 241
5 7544 4880 7563 242
5 6207 7442 7637 243
5 6354 1852 7639 244
5 5545 2161 6322 245
5 1338 264 5663 246
5 6264 6187 6674 247
5 4422 4371 5570 248
5 1405 7092 7309 249
5 5275 5949 8269 250
5 5562 4475 6097 251
5 4182 3986 5391 252
5 5835 5836 7783 253
5 2502 5405 6405 254
5 4799 5248 7003 255
5 4934 5693 7891 256
5 1277 5590 7932 257
5 6401 6749 7897 258
5 5702 3208 7156 259
5 6438 4278 7822 260
5 7327 6807 7714 261
5 4906 5490 6549 262
5 5192 5549 5550 263
5 7092 6110 7309 264
5 5823 6566 7494 265
5 3213 5527 7726 266
5 5701 3208 5702 267
5 6428 5218 8089 268
5 2301 2299 5882 269
5 3735 5493 5666 270
5 4371 5569 5570 271
5 4304 3910 7908 272
5 6190 7434 8115 273
5 1349 5287 7390 274
5 5967 4835 7557 275
5 6240 1407 6241 276
5 3710 5651 7865 277
5 2305 2303 5889 278
5 6843 1627 8070 279
5 7003 5248 7293 280
5 5689 4747 7378 281
5 4278 6438 7843 282
5 4826 6197 7212 283
5 6825 5240 7799 284
5 5287 1349 8035 285
5 1388 5285 7510 286
5 3118 5319 7409 287
5 5851 5852 7734 288
5 1407 6240 6939 289
5 7385 5301 7610 290
5 5285 1388 8112 291
5 2546 2548 6807 292
5 5590 1277 7899 293
5 6629 6540 7736 294
5 6258 3550 6363 295
5 7302 5275 8269 296
5 5435 5477 8248 297
5 6106 6107 7723 298
5 6379 5060 6381 299
5 4481 7419 8124 300
5 1355 5608 5640 301
5 4179 4982 8192 302
5 3686 5573 6797 303
5 4459 5940 6071 304
5 6395 1635 7048 305
5 5405 2502 6404 306
5 5876 5399 6013 307
5 2349 7691 7732 308
5 3336 6256 7717 309
5 6732 6774 8561 310
5 1296 5402 5657 311
5 5589 4740 7453 312
5 6730 7724 8178 313
5 6344 2520 7344 314
5 5668 4436 8213 315
5 5294 2033 6999 316
5 3938 5507 6264 317
5 6256 3336 7700 318
5 4419 6432 7847 319
5 4182 5391 5392 320
5 4880 7544 7631 321
5 6425 6426 8032 322
5 4946 6531 8056 323
5 6381 5060 7253 324
5 5197 6540 6629 325
5 1274 5452 6603 326
5 1394 5774 7644 327
5 7029 7972 8097 328
5 1359 164 5586 329
5 6197 6199 7212 330
5 2394 5606 8105 331
5 7315 5146 7513 332
5 5354 2520 7051 333
5 5941 7528 8287 334
5 1303 6730 8178 335
5 6432 4419 7836 336
5 5329 4424 5902 337
5 4835 5967 8417 338
5 5389 1361 6070 339
5 7691 5207 7732 340
5 2033 5294 7144 341
5 7658 6825 7799 342
5 7475 5143 7493 343
5 6162 5589 7453 344
5 6061 5636 7819 345
5 2979 5682 6932 346
5 7695 6252 7704 347
5 5170 5343 7943 348
5 7798 2372 7807 349
5 6435 7850 7854 350
5 5231 6354 7641 351
5 7726 4893 7890 352
5 6354 5231 7626 353
5 4292 5803 5806 354
5 1970 5352 6838 355
5 6258 6252 7695 356
5 5625 5646 8062 357
5 5495 3564 5497 358
5 2320 7475 7493 359
5 2091 7315 7513 360
5 6727 6694 7957 361
5 5336 6993 7226 362
5 2517 7534 7684 363
5 2908 2730 5624 364
5 7209 4961 7567 365
5 3190 6175 6371 366
5 7710 5625 8062 367
5 4919 4922 6032 368
5 5606 2394 7679 369
5 4891 5355 5652 370
5 6745 1300 7373 371
5 2430 7626 8198 372
5 5408 1310 5411 373
5 1971 6766 8310 374
5 3351 5339 6587 375
5 2235 2237 7559 376
5 6644 5295 6999 377
5 5490 4906 6593 378
5 1306 5521 6906 379
5 6243 6241 6940 380
5 5300 4748 7609 381
5 5791 1356 8272 382
5 5192 4382 5549 383
5 6260 6717 6911 384
5 6241 1407 6940 385
5 7819 3551 7925 386
5 5302 2330 7291 387
5 2916 5626 5867 388
5 4918 6033 7779 389
5 6435 6434 7850 390
5 5406 4340 6559 391
5 1383 6758 7174 392
5 5335 5336 7226 393
5 1391 5962 6594 394
5 5318 2324 7434 395
5 7528 5274 8287 396
5 1781 1956 6087 397
5 5239 1362 6783 398
5 5834 7798 7807 399
5 6383 6381 7253 400
5 7116 5302 7291 401
5 4531 5210 8368 402
5 1456 1454 5783 403
5 1463 1465 6405 404
5 4438 4435 5668 405
5 7534 5456 7684 406
5 1381 5461 6753 407
5 2437 7116 7291 408
5 2916 5867 5868 409
5 4657 6363 7070 410
5 2330 5302 7379 411
5 3355 3356 7873 412
5 4864 5490 6593 413
5 6758 5125 7174 414
5 5103 5262 8105 415
5 5340 4893 7726 416
5 2324 5318 7554 417
5 6579 7611 8214 418
5 5491 2524 5783 419
5 5295 5294 6999 420
5 5262 5103 8275 421
5 1852 7630 7639 422
5 2566 2568 6933 423
5 3233 5367 5665 424
5 3518 2451 5665 425
5 301 302 6120 426
5 7617 1971 8310 427
5 1292 5715 6557 428
5 5682 5681 6932 429
5 5841 4304 7908 430
5 2149 7393 7455 431
5 3208 5701 7172 432
5 3391 7550 7573 433
5 6199 3941 7212 434
5 5885 2394 8105 435
5 6252 3336 7704 436
5 1852 6357 7630 437
5 7912 4500 8051 438
5 2313 2307 5571 439
5 5060 6379 6955 440
5 164 165 5586 441
5 5602 1355 5640 442
5 2149 6493 7393 443
5 5028 5649 7173 444
5 6352 5143 7475 445
5 3336 6252 7700 446
5 5452 4817 6603 447
5 5378 8044 8304 448
5 5579 6188 7564 449
5 6006 4809 7432 450
5 5968 4822 7543 451
5 1346 5562 6097 452
5 2520 6344 8057 453
5 1350 220 6762 454
5 7432 4809 7487 455
5 5301 3889 7610 456
5 7626 5231 8198 457
5 1361 5389 6071 458
5 6016 7432 7487 459
5 7194 5360 8158 460
5 5526 2286 6088 461
5 5574 3481 5576 462
5 5069 7252 7998 463
5 7550 5453 7573 464
5 2520 5354 7344 465
5 6528 3120 6529 466
5 5143 6352 7481 467
5 341 1310 5481 468
5 5596 4305 5597 469
5 5352 5146 6838 470
5 4382 5442 5549 471
5 4238 5455 5690 472
5 5963 1274 6594 473
5 6342 2517 7066 474
5 6200 6181 8575 475
5 1971 5303 7611 476
5 1347 7179 8001 477
5 7021 7886 8142 478
5 4986 4985 7665 479
5 5957 4972 7273 480
5 5687 5684 8537 481
5 4542 5834 6857 482
5 6448 4660 7134 483
5 5867 4530 5868 484
5 5303 1971 7617 485
5 4444 6207 7637 486
5 6379 3716 6955 487
5 3149 4251 5613 488
5 5233 5095 7949 489
5 2517 6342 7534 490
5 4809 6006 7464 491
5 3566 5901 6714 492
5 4982 6200 8575 493
5 6774 1304 6898 494
5 5651 6188 7865 495
5 4444 4034 7983 496
5 5361 1351 6315 497
5 5455 4321 5690 498
5 6838 5146 7315 499
5 7882 6171 7980 500
5 1956 6086 6087 501
5 5539 3925 7274 502
5 7603 5130 7613 503
5 4486 5325 6557 504
5 5337 7989 8018 505
5 8161 5330 8448 506
5 4311 5504 7902 507
5 5149 7835 8258 508
5 5896 4672 5898 509
5 2438 7603 7613 510
5 6107 3194 7723 511
5 4337 4335 6071 512
5 1321 7974 8002 513
5 1726 5885 8105 514
5 4748 5300 7643 515
5 7665 4985 7874 516
5 3607 4026 5656 517
5 5398 1352 8087 518
5 7972 6394 8097 519
5 280 281 5924 520
5 5037 6323 7773 521
5 4281 8266 8282 522
5 1925 5335 7226 523
5 3889 5301 8391 524
5 7949 5095 8038 525
5 6871 2500 7039 526
5 7434 2324 8115 527
5 5442 4423 5549 528
5 7974 6068 8002 529
5 5334 3600 5847 530
5 4155 4157 6559 531
5 1473 1476 5578 532
5 3391 5374 7550 533
5 5510 7463 7990 534
5 1297 7615 8110 535
5 7176 5836 7685 536
5 5259 6607 8271 537
5 696 702 6602 538
5 3798 1945 5837 539
5 5569 5557 8466 540
5 2522 5540 6968 541
5 1310 5408 5481 542
5 6372 5108 7762 543
5 5438 4138 7712 544
5 1996 1910 6778 545
5 6392 4532 6393 546
5 4808 6320 7987 547
5 6202 7543 7552 548
5 3214 6428 8089 549
5 3599 4017 5847 550
5 7543 4822 7552 551
5 3686 4936 7447 552
5 3660 5533 5541 553
5 5423 2514 5889 554
5 4822 5968 7594 555
5 5936 2963 5937 556
5 7463 1302 7990 557
5 4215 7725 8264 558
5 5365 3233 5809 559
5 5374 3391 7575 560
5 2714 2712 6388 561
5 5439 1472 5578 562
5 5335 1925 7454 563
5 5504 4311 7978 564
5 7568 4143 7654 565
5 1176 6479 7729 566
5 2485 7686 7690 567
5 6395 7048 8097 568
5 3596 5426 5889 569
5 5573 3686 7447 570
5 7514 5412 7588 571
5 4251 5466 5613 572
5 5576 3481 5647 573
5 5577 7912 8051 574
5 2297 2295 6472 575
5 4897 6332 7774 576
5 2485 5753 7686 577
5 5597 4305 5628 578
5 1476 1478 7395 579
5 2342 6324 6325 580
5 5769 2485 8116 581
5 7609 3836 7875 582
5 4982 7249 8192 583
5 6716 5215 8416 584
5 4426 4532 6392 585
5 5809 2442 6032 586
5 3032 3035 6371 587
5 3997 4445 5807 588
5 6531 5211 8056 589
5 6479 1176 8398 590
5 6476 5131 7419 591
5 1472 1473 5578 592
5 5472 2008 5473 593
5 7993 197 8108 594
5 2229 2231 6574 595
5 1286 5893 7622 596
5 4251 4748 7979 597
5 5364 2437 6913 598
5 8129 7618 8350 599
5 4496 5463 5747 600
5 5494 3204 6081 601
5 4143 3830 7654 602
5 1324 6110 7330 603
5 7103 3322 7401 604
5 4825 5469 7491 605
5 7835 2265 8258 606
5 3881 3660 5541 607
5 8266 5137 8282 608
5 6552 1390 6902 609
5 190 7928 8169 610
5 5289 6157 7542 611
5 5379 7806 8196 612
5 4798 5690 5691 613
5 3217 7882 7980 614
5 5937 2963 6595 615
5 5757 1378 8389 616
5 2223 2342 6325 617
5 5068 5378 8349 618
5 7611 5303 8214 619
5 5469 4825 5948 620
5 6481 7536 8067 621
5 5611 1365 6008 622
5 2594 2569 7830 623
5 5375 3232 7515 624
5 3322 5396 7401 625
5 7174 5125 7369 626
5 1378 5757 8386 627
5 6088 2286 6089 628
5 6301 1301 7273 629
5 1289 5500 5502 630
5 7845 5686 7849 631
5 5457 2484 7387 632
5 5578 1476 7395 633
5 4542 5833 5834 634
5 4300 6468 6469 635
5 1730 1732 5922 636
5 2500 6655 7039 637
5 4312 5465 5538 638
5 5507 3938 8508 639
5 5693 2382 7891 640
5 5390 3977 6694 641
5 4218 3794 6640 642
5 5125 6450 7369 643
5 6422 3705 6424 644
5 7989 1288 8018 645
5 7419 5131 8124 646
5 4928 5388 8364 647
5 7710 3739 7786 648
5 5095 6486 8038 649
5 7330 6102 7413 650
5 7838 6917 7846 651
5 3794 3149 5613 652
5 5312 8129 8350 653
5 1324 7330 7413 654
5 6527 3120 6528 655
5 6110 1324 7309 656
5 7812 5162 7841 657
5 6045 6043 6060 658
5 5686 5687 7849 659
5 5918 3355 7873 660
5 5465 4312 5539 661
5 6260 5215 6716 662
5 5688 5689 6538 663
5 5399 5572 6013 664
5 5535 1386 6019 665
5 5865 4793 7414 666
5 5162 5451 7841 667
5 7021 1646 7886 668
5 5774 5943 7644 669
5 6055 6056 6179 670
5 5622 3176 5623 671
5 5915 1353 8421 672
5 6404 4316 7109 673
5 6809 4282 7179 674
5 2335 3233 5665 675
5 7135 5447 7237 676
5 5152 4213 6469 677
5 5651 5085 6188 678
5 2437 5364 7116 679
5 8038 6486 8102 680
5 5572 3642 6013 681
5 3350 5672 7918 682
5 2485 7690 8116 683
5 6178 6181 6200 684
5 5131 6476 7660 685
5 3519 7135 7237 686
5 5660 4496 5747 687
5 6714 4668 7098 688
5 4461 5448 8217 689
5 4422 5570 5654 690
5 6089 2235 7559 691
5 5506 2011 5508 692
5 7829 1800 8265 693
5 3571 5833 6894 694
5 5180 7838 7846 695
5 4748 7643 7979 696
5 3232 5375 7545 697
5 7789 2444 7860 698
5 5527 3213 7970 699
5 6567 8019 8340 700
5 7491 5469 7809 701
5 5477 5435 8534 702
5 4425 6033 6231 703
5 3341 3343 6427 704
5 6453 6388 7880 705
5 3232 7264 7515 706
5 4798 5691 5835 707
5 3977 5390 6911 708
5 4630 5475 5922 709
5 2349 5356 7691 710
5 4214 5517 6373 711
5 8009 6199 8088 712
5 1356 5791 7604 713
5 1620 6055 6179 714
5 5428 3596 5882 715
5 4945 5397 8454 716
5 4798 4238 5690 717
5 5130 6357 7613 718
5 4423 5442 5699 719
5 4510 5828 7179 720
5 6033 2442 6231 721
5 6086 1956 7385 722
5 5351 7993 8108 723
5 714 720 6594 724
5 8106 5698 8197 725
5 5492 3735 5512 726
5 1335 5325 7997 727
5 2443 7478 7482 728
5 6148 7612 7930 729
5 1345 5745 8355 730
5 7478 5395 7482 731
5 1500 5612 6446 732
5 2307 2514 5571 733
5 7806 1299 8196 734
5 1335 5694 5695 735
5 7924 6442 7968 736
5 3938 6264 6674 737
5 6655 2500 6963 738
5 1371 5477 8534 739
5 7457 5744 7712 740
5 4426 6392 6396 741
5 1399 7924 7968 742
5 2546 6807 7327 743
5 5356 2349 7669 744
5 5964 4422 7585 745
5 5389 6070 6564 746
5 4140 4426 6396 747
5 5531 1314 5669 748
5 2974 5660 5747 749
5 2524 5489 7030 750
5 2385 6332 6333 751
5 7725 5238 8264 752
5 8137 6678 8163 753
5 6678 6677 8163 754
5 5465 5539 7274 755
5 5566 7718 7746 756
5 7699 6665 7815 757
5 4532 4531 6395 758
5 5259 5260 6607 759
5 5325 1335 8220 760
5 1927 6681 8160 761
5 5175 6901 8146 762
5 2215 2217 6550 763
5 6901 5175 7884 764
5 5928 6989 7526 765
5 5745 1345 8385 766
5 4206 4016 8123 767
5 4672 5896 7171 768
5 7928 6781 8169 769
5 4796 4795 7376 770
5 5397 4945 8505 771
5 2998 8106 8197 772
5 5445 3569 6472 773
5 5399 5876 7682 774
5 5042 6353 7950 775
5 4004 5609 6966 776
5 4929 5543 5560 777
5 7718 7405 7746 778
5 6357 5130 7630 779
5 5746 8009 8088 780
5 3338 3339 6430 781
5 6549 4008 6973 782
5 4282 4031 7179 783
5 3483 5688 6538 784
5 4305 5596 7444 785
5 7946 522 8086 786
5 4371 3738 5557 787
5 6595 6090 8014 788
5 3233 2334 5809 789
5 1336 6481 8067 790
5 3794 5613 6640 791
5 5390 6260 6911 792
5 7615 5805 8110 793
5 1681 1679 6544 794
5 5785 4985 7640 795
5 5793 540 8003 796
5 5497 3564 6873 797
5 4796 7376 7491 798
5 6323 5545 7773 799
5 6913 2327 7121 800
5 5831 2372 7798 801
5 1472 5439 6403 802
5 5543 3741 5560 803
5 274 275 6607 804
5 5018 6655 6963 805
5 5505 4649 6544 806
5 6207 4444 7983 807
5 1779 6087 7085 808
5 5402 1296 7701 809
5 5437 2327 6009 810
5 2320 5395 7478 811
5 4282 6809 7178 812
5 5595 4647 7452 813
5 6516 3681 6553 814
5 3881 5541 7392 815
5 540 5793 8272 816
5 3649 6154 6156 817
5 4680 7529 7880 818
5 5463 4496 8395 819
5 1677 1675 6184 820
5 5364 6913 7121 821
5 7256 4642 7488 822
5 1362 5239 8473 823
5 6178 6180 6181 824
5 7252 2211 7998 825
5 5898 4672 6714 826
5 1945 1943 5837 827
5 4435 4436 5668 828
5 5836 5837 7685 829
5 5042 7950 8213 830
5 6694 3977 7957 831
5 3536 7287 7542 832
5 6256 3593 7717 833
5 5625 7710 7786 834
5 4321 5455 5609 835
5 3550 6258 7695 836
5 1386 5535 6890 837
5 6681 1927 8245 838
5 2221 2223 6325 839
5 6060 5636 6061 840
5 1314 5645 5669 841
5 5539 4960 7871 842
5 3569 5443 5882 843
5 5626 2916 6836 844
5 6418 3338 6430 845
5 5491 5784 8378 846
5 4881 3881 7392 847
5 3649 6156 6157 848
5 5540 5283 6968 849
5 7168 3213 7726 850
5 5535 5674 6890 851
5 4040 5551 5556 852
5 3176 5622 6836 853
5 4175 3939 6373 854
5 5600 7693 7697 855
5 7693 2993 7697 856
5 5517 4214 6374 857
5 5359 8397 8404 858
5 4206 7598 8448 859
5 5465 4345 5538 860
5 6117 4311 7801 861
5 5395 2320 7493 862
5 220 221 6762 863
5 7556 3195 7577 864
5 4922 5809 6032 865
5 5760 4972 5957 866
5 3043 5278 8281 867
5 5419 8333 8340 868
5 3620 6426 6427 869
5 5672 5228 7918 870
5 4279 4266 5670 871
5 5857 5858 7415 872
5 2299 3569 5882 873
5 2293 2291 6873 874
5 8333 6567 8340 875
5 8397 6556 8404 876
5 6435 4278 7843 877
5 5813 3348 8470 878
5 280 5924 7238 879
5 5376 6038 7926 880
5 5540 8096 8099 881
5 5376 7926 7945 882
5 4138 5438 7868 883
5 3596 2301 5882 884
5 5441 7556 7577 885
5 2303 3596 5889 886
5 1853 7555 7580 887
5 3348 5813 8487 888
5 4026 4424 5656 889
5 7901 1400 8341 890
5 5278 3043 8299 891
5 2514 2305 5889 892
5 5803 4292 5807 893
5 1929 1463 6405 894
5 4021 7549 7895 895
5 4470 5857 7415 896
5 4985 5785 7874 897
5 3240 5686 7845 898
5 4402 5939 7435 899
5 7555 5449 7580 900
5 6324 2342 6326 901
5 5654 5570 6587 902
5 2327 5437 7121 903
5 1454 1654 5783 904
5 5846 2435 6069 905
5 6426 3620 8414 906
5 1347 6809 7179 907
5 6009 2435 7126 908
5 5928 4001 6989 909
5 4422 5654 7585 910
5 2233 2235 6089 911
5 5635 5636 6059 912
5 6450 1307 7369 913
5 5611 7514 7588 914
5 6116 7342 7431 915
5 7342 3506 7431 916
5 7787 5230 7848 917
5 6175 5313 6371 918
5 5451 2571 7841 919
5 5589 5588 7486 920
5 7486 5588 8188 921
5 1643 5488 7028 922
5 4562 8101 8227 923
5 1354 5777 7566 924
5 4201 6526 6527 925
5 5805 5804 7692 926
5 6187 5280 6674 927
5 5734 5764 5765 928
5 5277 5921 8579 929
5 4419 6434 7836 930
5 5763 7802 7921 931
5 2010 3827 8083 932
5 1376 5464 7991 933
5 7801 4311 7902 934
5 4278 6435 7854 935
5 6717 4375 6911 936
5 5551 4040 5581 937
5 5788 5789 5892 938
5 7590 3731 7764 939
5 6514 6516 6553 940
5 5480 7789 7860 941
5 2187 7787 7848 942
5 5389 4337 6071 943
5 5648 3477 7173 944
5 6131 7829 8265 945
5 5542 4279 5670 946
5 5260 6605 6607 947
5 5878 6524 8443 948
5 2372 5831 7977 949
5 4201 6527 6528 950
5 6332 2385 7774 951
5 6016 4744 7422 952
5 5833 4542 6894 953
5 5865 7414 7415 954
5 6605 5260 6606 955
5 5940 4459 8452 956
5 6363 3550 7070 957
5 6906 5521 8352 958
5 3176 2908 5624 959
5 1618 5635 6059 960
5 5609 4004 6944 961
5 3704 3953 5653 962
5 5901 3566 7597 963
5 6037 5928 7526 964
5 4266 4330 5670 965
5 6022 7422 7441 966
5 5896 5895 7171 967
5 3450 7851 8307 968
5 6660 6689 7078 969
5 5027 7173 7298 970
5 5927 4001 5928 971
5 7535 6104 7541 972
5 3683 6514 6553 973
5 1449 1451 6968 974
5 5913 3480 7010 975
5 6287 8047 8071 976
5 5329 5328 5656 977
5 4445 5777 5807 978
5 2568 6932 6933 979
5 5518 6374 6375 980
5 3224 3822 5920 981
5 3593 6448 7134 982
5 5609 5455 6966 983
5 5605 1787 5652 984
5 6288 6287 8071 985
5 5651 3710 6875 986
5 2548 2927 6807 987
5 5792 5891 5892 988
5 4911 5551 5581 989
5 1534 1535 5894 990
5 3571 5832 5833 991
5 7133 8138 8231 992
5 3564 5495 6472 993
5 6434 4419 7850 994
5 1746 7535 7541 995
5 5425 8300 8380 996
5 7600 6789 7815 997
5 7759 2463 7929 998
5 5464 1376 8416 999
5 1734 1744 5666 1000
5 5437 6009 7126 1001
5 5948 4825 6818 1002
5 7179 5828 8001 1003
5 5207 6308 7755 1004
5 1467 1469 6403 1005
5 4918 4919 6032 1006
5 5433 5434 5617 1007
5 1630 5458 7380 1008
5 582 8040 8421 1009
5 7742 259 7879 1010
5 7732 5207 7755 1011
5 5300 7609 7875 1012
5 7435 5939 8546 1013
5 5018 6963 7412 1014
5 6178 6179 6180 1015
5 1465 2502 6405 1016
5 1331 301 6120 1017
5 2524 1456 5783 1018
5 5595 3135 7676 1019
5 5583 1534 5894 1020
5 7422 4744 7441 1021
5 2569 6933 7830 1022
5 5522 5704 8111 1023
5 2313 5571 8552 1024
5 7361 1940 7405 1025
5 5607 1329 6407 1026
5 5470 3147 7289 1027
5 2225 2227 7035 1028
5 7867 6077 7913 1029
5 3683 6512 6514 1030
5 2124 5338 8139 1031
5 3762 3154 5516 1032
5 5327 4438 5668 1033
5 8300 3572 8380 1034
5 2523 2347 6685 1035
5 1979 7004 8229 1036
5 3154 3600 5516 1037
5 6157 5289 8302 1038
5 6689 7652 7910 1039
5 6179 6056 6180 1040
5 6195 7901 8341 1041
5 1978 6287 8016 1042
5 7812 3177 8012 1043
5 4812 5844 7562 1044
5 4899 5376 7945 1045
5 5674 1308 6890 1046
5 5500 1289 5827 1047
5 1460 1458 7030 1048
5 8201 6757 8218 1049
5 6243 6940 8345 1050
5 3506 5447 7135 1051
5 5482 5018 7412 1052
5 4664 6447 6847 1053
5 3143 6091 7474 1054
5 8101 5931 8227 1055
5 4960 5539 8515 1056
5 4138 7457 7712 1057
5 6129 5860 6131 1058
5 8085 6384 8094 1059
5 2011 5506 6544 1060
5 3710 4888 6875 1061
5 7916 7080 8084 1062
5 6384 1978 8016 1063
5 5518 5517 6374 1064
5 5686 3240 8455 1065
5 5798 5801 5802 1066
5 1817 5441 7577 1067
5 5338 2124 8143 1068
5 5844 5543 7562 1069
5 5288 8216 8233 1070
5 6549 5491 8378 1071
5 6128 1936 8279 1072
5 5850 4402 7831 1073
5 1746 5453 7535 1074
5 5447 3506 7342 1075
5 4683 5536 6536 1076
5 4004 6561 6944 1077
5 3480 6786 7010 1078
5 5858 3644 5865 1079
5 3857 4405 7404 1080
5 8216 4113 8233 1081
5 6287 1978 8047 1082
5 2008 5472 6623 1083
5 7399 4832 7782 1084
5 1353 5915 7310 1085
5 7289 2753 7776 1086
5 6384 6383 8094 1087
5 5804 5807 8339 1088
5 1773 5462 7647 1089
5 7802 3965 7921 1090
5 2435 5846 7126 1091
5 1910 1857 6778 1092
5 3481 5574 6873 1093
5 5704 5522 8179 1094
5 5650 5013 8238 1095
5 4663 4661 6847 1096
5 3761 4014 7740 1097
5 5860 6129 6130 1098
5 5940 1361 6071 1099
5 4826 4081 7779 1100
5 7466 6204 7509 1101
5 5962 5963 6594 1102
5 5604 4868 6784 1103
5 3957 7002 7146 1104
5 1376 6716 8416 1105
5 8235 5599 8257 1106
5 1401 7867 7913 1107
5 5448 4461 8403 1108
5 4657 4727 6363 1109
5 7692 5804 8339 1110
5 6116 3491 7339 1111
5 5461 1381 7219 1112
5 2571 5451 8405 1113
5 5893 5891 7622 1114
5 6562 2523 6685 1115
5 6153 6154 7411 1116
5 281 1341 5924 1117
5 1726 5262 8500 1118
5 6154 3649 7411 1119
5 6204 4979 7308 1120
5 7944 1366 7966 1121
5 2286 2233 6089 1122
5 5955 7553 7565 1123
5 248 1299 8013 1124
5 1676 1678 5764 1125
5 4017 4475 5847 1126
5 5044 7703 7736 1127
5 6526 4201 6886 1128
5 5598 5599 8235 1129
5 5974 4515 7408 1130
5 6424 3705 6427 1131
5 4744 6016 7487 1132
5 1936 6128 8313 1133
5 3600 3599 5847 1134
5 5624 2730 8444 1135
5 7789 5480 7800 1136
5 6256 6255 6448 1137
5 6940 1281 8345 1138
5 1404 6102 7407 1139
5 4014 4864 6593 1140
5 1158 5459 7933 1141
5 2569 2566 6933 1142
5 7241 5233 7949 1143
5 6446 5612 6847 1144
5 5449 2438 7580 1145
5 3877 3140 6157 1146
5 1627 5482 7412 1147
5 7407 6099 7458 1148
5 1358 5584 6693 1149
5 5749 4405 6310 1150
5 1442 6654 8045 1151
5 5117 4257 8099 1152
5 8209 5304 8237 1153
5 7676 3135 8536 1154
5 6039 3143 7887 1155
5 1625 1532 5895 1156
5 5753 4643 7686 1157
5 5544 1294 8553 1158
5 6224 6526 6886 1159
5 3350 5670 5672 1160
5 5946 5948 6818 1161
5 3986 3607 5656 1162
5 7424 2312 7443 1163
5 6202 4204 7509 1164
5 5376 4899 8027 1165
5 5176 5175 8146 1166
5 7014 7706 7757 1167
5 6405 5403 8524 1168
5 2714 6388 6453 1169
5 5520 1392 5902 1170
5 3660 3658 7375 1171
5 6654 1442 8343 1172
5 4188 3562 6785 1173
5 5608 1355 8347 1174
5 7004 1979 8262 1175
5 5480 5479 7800 1176
5 5937 6595 8014 1177
5 4252 4222 6315 1178
5 7703 1596 7736 1179
5 5793 5791 8272 1180
5 1643 7028 7081 1181
5 6587 4616 7061 1182
5 3875 6910 8092 1183
5 5014 7705 8068 1184
5 3644 5858 5864 1185
5 1404 7407 7458 1186
5 5467 7424 7443 1187
5 3541 6182 7620 1188
5 5610 5611 6008 1189
5 5568 4466 6535 1190
5 2540 8209 8237 1191
5 5789 5792 5892 1192
5 6004 3075 8122 1193
5 3204 5494 7035 1194
5 1299 5633 8013 1195
5 5567 4559 7721 1196
5 1386 696 6602 1197
5 6051 6045 6060 1198
5 6602 702 6603 1199
5 4279 5542 5671 1200
5 5473 2008 5922 1201
5 5917 5915 8421 1202
5 4204 7466 7509 1203
5 7752 183 8001 1204
5 6689 5639 7078 1205
5 7702 6720 8055 1206
5 5675 3940 8566 1207
5 8040 5917 8421 1208
5 5538 4345 5697 1209
5 5233 7241 8476 1210
5 5688 3483 6905 1211
5 5488 1643 7030 1212
5 5076 6113 6115 1213
5 5176 8146 8547 1214
5 3648 5859 6130 1215
5 7904 1604 8280 1216
5 7927 1842 7934 1217
5 5405 6404 7109 1218
5 5989 3828 5992 1219
5 5662 1338 5663 1220
5 3075 6004 8212 1221
5 5169 7943 7948 1222
5 5859 5860 6130 1223
5 5663 265 8294 1224
5 6517 4848 6802 1225
5 6120 302 8354 1226
5 5440 8392 8429 1227
5 6529 2944 8504 1228
5 5508 6185 6264 1229
5 4881 7392 7393 1230
5 2443 5467 7443 1231
5 4300 8201 8218 1232
5 1732 4630 5922 1233
5 5788 5892 6626 1234
5 6564 6070 8164 1235
5 2511 7380 7810 1236
5 1359 5586 8167 1237
5 5108 7872 7964 1238
5 7553 2080 7565 1239
5 8136 6367 8162 1240
5 4664 4660 6448 1241
5 2484 5929 7387 1242
5 5619 3739 5627 1243
5 3035 3190 6371 1244
5 4296 4342 6097 1245
5 2295 3564 6472 1246
5 4069 7539 7618 1247
5 4466 5568 6536 1248
5 2286 5526 6574 1249
5 4209 5973 5974 1250
5 4040 5556 5557 1251
5 4292 3997 5807 1252
5 3739 2801 5627 1253
5 5508 6184 6185 1254
5 5453 1746 7573 1255
5 7744 332 8065 1256
5 6057 6052 6650 1257
5 7538 2586 7900 1258
5 3846 5460 7593 1259
5 3569 2297 6472 1260
5 2927 5484 6806 1261
5 1534 5583 5895 1262
5 5709 6572 7332 1263
5 3031 3032 6371 1264
5 4796 7491 7809 1265
5 3343 3620 6427 1266
5 2712 2816 6388 1267
5 6272 7417 7661 1268
5 2146 6204 7308 1269
5 7193 7361 7405 1270
5 5893 1286 6970 1271
5 2231 2286 6574 1272
5 5739 5997 6311 1273
5 5411 1310 5737 1274
5 5521 1306 8157 1275
5 3204 2229 6574 1276
5 2373 6345 7559 1277
5 7598 4206 8123 1278
5 1343 289 6209 1279
5 5412 7514 8373 1280
5 4755 6075 8472 1281
5 4335 4459 6071 1282
5 2171 6337 7282 1283
5 1723 1725 6623 1284
5 3566 6714 7098 1285
5 2438 5449 7603 1286
5 7872 2162 7964 1287
5 5560 3741 5561 1288
5 3738 4040 5557 1289
5 6294 1597 7943 1290
5 6607 1340 8271 1291
5 4817 6602 6603 1292
5 5248 8136 8162 1293
5 7636 4624 8317 1294
5 1860 6376 7494 1295
5 7612 5089 7930 1296
5 8363 2371 8376 1297
5 7851 5468 8307 1298
5 6082 7906 8054 1299
5 5846 6069 7511 1300
5 5661 5440 8429 1301
5 5622 5626 6836 1302
5 342 343 5737 1303
5 5279 5974 7408 1304
5 5459 1158 8424 1305
5 6780 6781 7928 1306
5 6734 3125 8346 1307
5 4303 5074 5628 1308
5 6043 6059 6060 1309
5 2161 5545 6323 1310
5 1538 1540 7561 1311
5 5339 5654 6587 1312
5 5743 6829 7278 1313
5 6102 1404 7413 1314
5 2496 6547 8187 1315
5 1308 7720 7935 1316
5 5799 7946 8086 1317
5 6547 2496 8165 1318
5 5561 6642 7507 1319
5 3681 6516 6802 1320
5 5596 6640 7444 1321
5 5906 3565 7488 1322
5 6337 2171 7283 1323
5 6745 6728 8344 1324
5 5120 7944 7966 1325
5 4292 5806 5808 1326
5 4257 5298 8090 1327
5 3801 5955 7228 1328
5 666 672 1371 1329
5 6597 5595 7452 1330
5 3719 3721 5700 1331
5 5546 1996 6778 1332
5 2237 2373 7559 1333
5 4614 4377 7473 1334
5 6922 7953 7955 1335
5 5599 5550 8456 1336
5 6253 6258 6363 1337
5 5980 5242 6066 1338
5 4642 5907 7488 1339
5 4001 5927 6957 1340
5 275 1340 6607 1341
5 5760 1364 7832 1342
5 1564 6057 6650 1343
5 654 660 1333 1344
5 4563 6225 6888 1345
5 6288 2525 7965 1346
5 5997 5739 6312 1347
5 4257 8090 8099 1348
5 2993 5471 7697 1349
5 5649 5648 7173 1350
5 6605 274 6607 1351
5 5418 5415 5571 1352
5 5421 5418 5571 1353
5 3728 6508 6510 1354
5 4740 5589 7486 1355
5 2008 1730 5922 1356
5 1295 5406 8323 1357
5 5691 3798 5837 1358
5 5466 4251 7979 1359
5 8321 5722 8334 1360
5 6170 4994 6321 1361
5 5116 7445 7522 1362
5 4868 6020 6784 1363
5 5676 5412 8373 1364
5 4936 6274 7447 1365
5 6081 3204 6574 1366
5 5456 1646 7684 1367
5 1300 5593 7373 1368
5 5501 5334 5847 1369
5 4254 4821 7762 1370
5 4547 5754 6590 1371
5 5635 1618 6608 1372
5 5467 2443 7482 1373
5 4204 6202 7552 1374
5 3705 6422 6430 1375
5 2757 7756 7952 1376
5 256 7592 7793 1377
5 7696 5181 8290 1378
5 5527 5340 7726 1379
5 2480 2485 5769 1380
5 7539 5906 7618 1381
5 5343 6294 7943 1382
5 5433 5617 5883 1383
5 3705 3341 6427 1384
5 5036 5748 7498 1385
5 5722 5721 8334 1386
5 6555 6003 6556 1387
5 4465 5358 5755 1388
5 1277 6195 7899 1389
5 2391 7450 7499 1390
5 1978 6384 8085 1391
5 1618 1576 6608 1392
5 6644 2066 7958 1393
5 1308 5674 7720 1394
5 7652 1326 7910 1395
5 5393 8461 8489 1396
5 1284 6755 6897 1397
5 5804 5803 5807 1398
5 5673 3079 5699 1399
5 4010 6224 6886 1400
5 2392 5768 6100 1401
5 6945 3978 7642 1402
5 3140 3649 6157 1403
5 3603 5563 6572 1404
5 5162 7812 8012 1405
5 1287 5935 8330 1406
5 4888 5692 6350 1407
5 5824 8363 8376 1408
5 6279 6846 7708 1409
5 5439 4316 6404 1410
5 5754 5187 6590 1411
5 3642 5572 7261 1412
5 4980 6663 7645 1413
5 5632 4974 7165 1414
5 6019 1386 6602 1415
5 4649 1681 6544 1416
5 2468 3231 5840 1417
5 6323 7590 7764 1418
5 5711 5712 6085 1419
5 1744 3735 5666 1420
5 2816 5559 6387 1421
5 5807 5777 8339 1422
5 5798 5800 5801 1423
5 1274 714 6594 1424
5 7448 1808 7500 1425
5 720 1391 6594 1426
5 6185 6187 6264 1427
5 2521 6117 7801 1428
5 5484 2927 7246 1429
5 2011 1677 6184 1430
5 5169 5170 7943 1431
5 7894 6643 7965 1432
5 5596 4218 6640 1433
5 2313 5413 8502 1434
5 8230 2328 8249 1435
5 7283 2171 7359 1436
5 4405 5749 7404 1437
5 1535 1538 5894 1438
5 3083 5728 6274 1439
5 4775 4773 6326 1440
5 5485 5484 7246 1441
5 4620 7193 7405 1442
5 1351 5363 8239 1443
5 7450 5528 7499 1444
5 3812 6037 7526 1445
5 3825 5591 5919 1446
5 5405 5403 6405 1447
5 8461 4379 8489 1448
5 5728 4621 6274 1449
5 4364 5602 5640 1450
5 5243 7759 7929 1451
5 5413 2313 8552 1452
5 4888 6350 6875 1453
5 5499 1907 8185 1454
5 1294 5544 7506 1455
5 6523 5019 8006 1456
5 4305 4303 5628 1457
5 6512 3683 6519 1458
5 5468 3551 7819 1459
5 4989 8076 8078 1460
5 6786 4963 7010 1461
5 6407 1329 6408 1462
5 3339 3705 6430 1463
5 5345 5852 8033 1464
5 8173 6653 8208 1465
5 1678 2018 5764 1466
5 5821 6376 7451 1467
5 5778 4451 7679 1468
5 6228 4815 7671 1469
5 5641 5182 8120 1470
5 1359 6701 8224 1471
5 4911 5581 5909 1472
5 3614 5711 6085 1473
5 6634 5338 8127 1474
5 8127 5338 8143 1475
5 5464 1327 7991 1476
5 6679 4529 8206 1477
5 3536 6158 6844 1478
5 4529 6679 8226 1479
5 5408 5099 5481 1480
5 2525 7894 7965 1481
5 4672 4668 6714 1482
5 5529 7448 7500 1483
5 6868 5003 7549 1484
5 3452 7416 7451 1485
5 5594 1346 6097 1486
5 5355 5605 5652 1487
5 1625 5895 5896 1488
5 6224 4010 6225 1489
5 5485 7246 7538 1490
5 6780 7928 8420 1491
5 7549 5003 7895 1492
5 1327 5464 8329 1493
5 4020 5655 7753 1494
5 4624 7636 8494 1495
5 5333 4175 6373 1496
5 2912 2910 6836 1497
5 6158 6159 6844 1498
5 6158 3536 7542 1499
5 1907 5499 8153 1500
5 6753 5461 8453 1501
5 3674 3320 6519 1502
5 5398 5399 7682 1503
5 6195 1277 7901 1504
5 5907 4642 6777 1505
5 1595 7754 7772 1506
5 5734 5765 7893 1507
5 7271 5075 7339 1508
5 6174 3039 7956 1509
5 5491 5783 5784 1510
5 4821 7132 7762 1511
5 5955 5954 7228 1512
5 343 1365 5737 1513
5 3147 5470 7607 1514
5 6055 1620 6650 1515
5 6059 5636 6060 1516
5 4168 5756 5758 1517
5 2408 3264 5800 1518
5 5989 5990 7544 1519
5 5533 3660 7375 1520
5 6377 8048 8052 1521
5 5920 7283 7359 1522
5 3195 5529 7500 1523
5 5013 7861 8238 1524
5 5528 1853 7499 1525
5 5204 7742 7879 1526
5 5962 1391 8535 1527
5 6283 6285 6288 1528
5 1929 6405 8524 1529
5 6897 6755 8547 1530
5 5471 2993 7722 1531
5 3822 3825 5920 1532
5 5927 5888 6957 1533
5 6186 7754 8074 1534
5 7416 5821 7451 1535
5 1390 6552 8471 1536
5 8120 5182 8158 1537
5 1679 2011 6544 1538
5 3005 7636 7994 1539
5 5725 6317 7583 1540
5 6368 6138 6369 1541
5 1532 1534 5895 1542
5 5592 4451 7400 1543
5 5189 4167 5758 1544
5 6022 4677 7329 1545
5 7706 4315 7757 1546
5 2466 2468 5840 1547
5 1338 5450 8145 1548
5 5710 5209 8241 1549
5 5891 5792 7622 1550
5 2167 2480 5769 1551
5 5508 2011 6184 1552
5 6829 4964 7278 1553
5 4972 5760 7832 1554
5 7996 4177 8026 1555
5 1675 2454 6184 1556
5 5452 5963 5971 1557
5 6283 6288 7965 1558
5 7145 8225 8286 1559
5 1753 1850 6142 1560
5 1478 1919 7395 1561
5 5406 1295 8181 1562
5 6701 1359 8167 1563
5 6020 3525 6784 1564
5 2921 5632 7165 1565
5 2502 1467 6403 1566
5 5719 8065 8425 1567
5 6572 5563 7332 1568
5 7028 7029 7081 1569
5 5503 5073 7756 1570
5 8048 5203 8052 1571
5 2067 5725 7583 1572
5 6508 3728 6518 1573
5 3939 4214 6373 1574
5 1919 6276 7181 1575
5 2291 3481 6873 1576
5 5901 5898 6714 1577
5 6225 4563 6226 1578
5 5412 5411 7588 1579
5 3827 7616 8083 1580
5 3298 5487 7100 1581
5 1647 1449 6968 1582
5 4022 3682 6802 1583
5 4804 6088 6089 1584
5 3953 4891 5653 1585
5 2936 2914 5868 1586
5 3491 6116 7431 1587
5 5832 3571 6142 1588
5 4860 6106 7723 1589
5 5016 6438 7822 1590
5 3564 2293 6873 1591
5 1728 1734 5666 1592
5 5738 5739 6311 1593
5 4900 5181 7696 1594
5 5692 4888 6794 1595
5 4005 7311 7334 1596
5 1596 6629 7736 1597
5 5536 4683 7373 1598
5 4100 6162 7453 1599
5 7832 1364 8182 1600
5 7953 4951 7955 1601
5 8459 5478 8566 1602
5 4157 6483 6559 1603
5 4373 7760 8395 1604
5 3483 6010 6905 1605
5 1458 2524 7030 1606
5 5560 5561 7507 1607
5 3565 7256 7488 1608
5 8138 5630 8231 1609
5 8277 1909 8298 1610
5 2626 5738 6311 1611
5 4014 6593 7740 1612
5 3565 5906 7539 1613
5 6362 2312 7382 1614
5 1787 5605 7336 1615
5 5253 8230 8249 1616
5 5748 3530 7498 1617
5 4931 5658 6747 1618
5 2852 5615 6271 1619
5 5749 6310 7456 1620
5 2289 2277 5647 1621
5 5991 7391 7524 1622
5 5615 2852 6272 1623
5 6375 2817 7446 1624
5 5470 7289 7776 1625
5 6078 6658 7638 1626
5 4402 7435 7831 1627
5 7039 4715 7650 1628
5 8132 5042 8213 1629
5 5563 3603 7078 1630
5 5530 7904 8280 1631
5 5479 2310 7800 1632
5 5706 1363 8541 1633
5 5865 3644 7828 1634
5 6610 7483 7619 1635
5 1909 6397 8298 1636
5 2420 7546 7581 1637
5 5073 5503 7709 1638
5 1814 1914 7954 1639
5 5935 1287 8408 1640
5 5677 3128 5679 1641
5 3551 5468 7851 1642
5 5579 4468 6188 1643
5 7188 6305 7329 1644
5 7027 8032 8261 1645
5 3338 6418 6685 1646
5 1929 6613 8479 1647
5 5349 8414 8538 1648
5 6432 5031 7847 1649
5 5555 2959 8412 1650
5 5659 4362 7036 1651
5 6117 2521 8565 1652
5 5687 2576 7849 1653
5 6622 5946 6818 1654
5 7881 1387 8107 1655
5 6225 4010 6888 1656
5 7485 4999 7530 1657
5 1933 6293 8284 1658
5 5736 5028 8544 1659
5 5027 5028 7173 1660
5 5883 4482 6473 1661
5 5133 8091 8183 1662
5 7287 5289 7542 1663
5 5543 4929 7562 1664
5 6330 5692 6794 1665
5 2914 2916 5868 1666
5 5719 7744 8065 1667
5 1314 5531 7768 1668
5 5645 4360 5669 1669
5 4904 6228 7671 1670
5 5708 5707 7907 1671
5 4496 4373 8395 1672
5 3481 2289 5647 1673
5 1290 7916 8084 1674
5 5531 5159 8190 1675
5 5525 7235 8043 1676
5 2967 2841 5727 1677
5 5981 5788 6626 1678
5 6917 4633 7846 1679
5 6362 4973 7277 1680
5 7881 5708 7907 1681
5 289 290 6209 1682
5 1932 8173 8208 1683
5 5559 2816 7398 1684
5 3704 5653 6461 1685
5 6535 4466 6823 1686
5 6255 6254 6447 1687
5 1357 6678 8137 1688
5 1294 6598 8553 1689
5 5627 2801 5659 1690
5 6613 1929 8524 1691
5 6518 3321 6580 1692
5 7711 6658 7788 1693
5 5894 1538 7561 1694
5 2817 6375 6452 1695
5 5614 2391 7349 1696
5 5869 4530 8554 1697
5 4661 4664 6847 1698
5 7173 3477 7298 1699
5 3351 6587 7061 1700
5 1392 5520 7981 1701
5 6932 5681 6933 1702
5 3039 6174 8445 1703
5 5703 6269 6812 1704
5 2924 3125 5710 1705
5 1451 2522 6968 1706
5 3120 6527 6744 1707
5 5003 6868 7680 1708
5 6376 5821 7494 1709
5 6032 2442 6033 1710
5 6254 1631 6447 1711
5 2347 3338 6685 1712
5 1909 5511 8250 1713
5 5591 7320 7400 1714
5 4168 5755 5756 1715
5 1350 6762 8291 1716
5 5803 5801 5806 1717
5 6175 3190 8522 1718
5 2478 3363 5848 1719
5 1750 6461 7605 1720
5 8032 2518 8357 1721
5 6003 6555 6756 1722
5 1469 1472 6403 1723
5 3137 3141 5713 1724
5 6057 1564 6588 1725
5 5845 4614 7473 1726
5 3736 8095 8184 1727
5 5763 4969 7596 1728
5 5845 5846 7511 1729
5 6534 6535 6823 1730
5 5711 3614 6647 1731
5 2959 5555 8474 1732
5 5507 5508 6264 1733
5 5460 3846 7818 1734
5 6516 6517 6802 1735
5 1317 5610 6008 1736
5 3728 6510 6519 1737
5 6901 4957 8420 1738
5 6085 5712 6086 1739
5 6537 2486 6623 1740
5 4505 4465 5755 1741
5 5840 5410 7719 1742
5 5181 5773 5774 1743
5 5591 3825 7320 1744
5 5755 5358 5756 1745
5 5392 5391 7338 1746
5 2523 6562 6710 1747
5 7380 5458 7810 1748
5 1853 5528 7555 1749
5 6052 6055 6650 1750
5 5266 7996 8026 1751
5 5726 5438 7712 1752
5 5658 4931 6365 1753
5 1808 5631 7318 1754
5 3614 3431 6647 1755
5 7002 4638 7146 1756
5 4868 5604 6785 1757
5 5603 4363 5705 1758
5 3603 6660 7078 1759
5 7906 2339 8054 1760
5 2813 5438 5726 1761
5 5489 5488 7030 1762
5 2227 3204 7035 1763
5 7423 6096 7437 1764
5 5991 5984 6893 1765
5 5522 3901 8179 1766
5 2342 2225 7035 1767
5 1643 1460 7030 1768
5 2837 2811 5752 1769
5 3553 2408 5800 1770
5 5450 1338 8365 1771
5 1279 6099 7423 1772
5 6366 4100 7707 1773
5 4222 5361 6315 1774
5 5800 3264 5801 1775
5 6212 1377 8260 1776
5 5199 4252 6315 1777
5 4999 5612 7530 1778
5 3562 4868 6785 1779
5 6269 3458 6812 1780
5 5648 4934 7891 1781
5 3762 5516 5517 1782
5 5485 7538 7900 1783
5 7382 2312 7424 1784
5 6138 6368 6827 1785
5 5715 1292 5717 1786
5 4075 6104 7522 1787
5 5529 3195 7556 1788
5 5250 4209 8402 1789
5 5442 5673 5699 1790
5 4342 5594 6097 1791
5 5482 1627 7922 1792
5 6137 1979 8229 1793
5 8170 6876 8219 1794
5 6527 6223 6744 1795
5 8117 4984 8168 1796
5 6159 6490 6844 1797
5 3970 6169 6170 1798
5 5670 4330 5672 1799
5 3191 8326 8353 1800
5 1914 5857 7853 1801
5 6532 5159 7372 1802
5 5826 3452 7333 1803
5 6193 5349 8538 1804
5 6157 6156 7542 1805
5 6159 2772 6490 1806
5 3231 5839 5840 1807
5 3217 5530 7882 1808
5 6305 4383 6841 1809
5 5450 6598 8145 1810
5 660 372 5435 1811
5 3661 1676 5764 1812
5 1621 5879 6114 1813
5 5879 5880 6114 1814
5 6058 7569 7620 1815
5 6678 1357 8362 1816
5 2967 5727 5744 1817
5 6304 6305 6841 1818
5 5644 3661 5734 1819
5 3047 5514 8325 1820
5 2477 5763 7596 1821
5 6989 4963 7526 1822
5 3109 2971 5744 1823
5 6293 1933 8301 1824
5 1377 6212 8276 1825
5 7546 5493 7581 1826
5 7765 6846 7837 1827
5 4367 5734 7893 1828
5 5182 7236 8158 1829
5 6840 5246 8337 1830
5 5637 4505 5755 1831
5 6171 6169 7834 1832
5 5945 5946 6622 1833
5 5046 7702 8055 1834
5 4475 4296 6097 1835
5 3957 4978 7002 1836
5 3296 3008 5709 1837
5 1919 7181 7395 1838
5 4614 5845 7511 1839
5 6187 6186 8074 1840
5 5362 4188 6785 1841
5 3661 5644 5886 1842
5 7705 1330 8068 1843
5 1635 6395 8368 1844
5 7417 3863 7661 1845
5 3102 3525 6020 1846
5 4541 5909 7191 1847
5 5612 4663 6847 1848
5 1291 5436 8564 1849
5 5950 4987 7406 1850
5 6368 3397 6827 1851
5 4677 7188 7329 1852
5 7132 4821 8514 1853
5 1725 2008 6623 1854
5 3143 7474 7887 1855
5 4167 4168 5758 1856
5 4936 6273 6274 1857
5 5720 5719 8425 1858
5 1646 5456 7886 1859
5 5350 6426 8414 1860
5 5796 5795 5797 1861
5 3970 6168 6169 1862
5 3319 3321 6518 1863
5 8225 5126 8286 1864
5 7569 3541 7620 1865
5 5511 1909 8277 1866
5 3321 6520 6580 1867
5 5514 3047 8394 1868
5 8019 5417 8340 1869
5 7445 4075 7522 1870
5 6276 4315 7181 1871
5 1670 6504 8451 1872
5 3851 4683 6536 1873
5 1365 5611 7588 1874
5 4963 6786 7526 1875
5 8270 5513 8271 1876
5 6541 7013 7657 1877
5 6394 6395 8097 1878
5 3651 5991 6893 1879
5 5855 5147 7337 1880
5 5494 4775 6326 1881
5 7756 5073 7952 1882
5 4773 6324 6326 1883
5 3788 5147 5855 1884
5 6131 5860 8151 1885
5 1380 6401 7897 1886
5 4505 5637 6265 1887
5 5516 5333 6373 1888
5 7485 2445 7521 1889
5 1279 7423 7437 1890
5 3721 4423 5700 1891
5 5527 2339 7906 1892
5 6347 2241 7826 1893
5 5877 1285 7683 1894
5 6113 6114 6115 1895
5 8076 5723 8078 1896
5 6001 5998 6312 1897
5 5660 2974 6687 1898
5 2689 2693 6477 1899
5 5487 5327 5668 1900
5 2933 2837 5752 1901
5 6425 8032 8357 1902
5 5574 5497 6873 1903
5 5295 6644 7958 1904
5 6353 2279 7950 1905
5 5568 3851 6536 1906
5 3072 6683 7527 1907
5 7391 4074 7524 1908
5 4677 6022 7441 1909
5 1660 1662 6887 1910
5 3299 4032 6284 1911
5 5536 4297 6536 1912
5 1312 6260 6716 1913
5 5627 5659 7036 1914
5 5908 5907 6777 1915
5 7592 5160 7793 1916
5 5189 5758 5759 1917
5 4507 5504 7978 1918
5 5566 4373 7718 1919
5 5059 7075 7253 1920
5 3132 2797 6161 1921
5 1278 7711 7788 1922
5 5623 3176 5624 1923
5 3571 1753 6142 1924
5 1337 5565 8168 1925
5 3079 5673 7131 1926
5 2971 2967 5744 1927
5 2369 2392 7351 1928
5 6447 6446 6847 1929
5 4032 3301 6791 1930
5 4680 5567 7721 1931
5 5570 4616 6587 1932
5 5362 6785 6976 1933
5 4297 4466 6536 1934
5 2495 7383 7576 1935
5 1340 8270 8271 1936
5 2058 2056 5988 1937
5 3156 5731 5883 1938
5 6085 6086 7610 1939
5 3863 5600 7661 1940
5 4366 4364 5640 1941
5 4048 6996 7370 1942
5 1313 5616 6980 1943
5 287 5547 8018 1944
5 5181 4121 5773 1945
5 6846 3626 7708 1946
5 5582 3363 5667 1947
5 1339 7399 7782 1948
5 7948 1520 8061 1949
5 1305 5851 7734 1950
5 3855 7714 8583 1951
5 5612 1500 7530 1952
5 5998 5997 6312 1953
5 2974 5747 7197 1954
5 2576 5687 8537 1955
5 5697 2715 6684 1956
5 7320 5592 7400 1957
5 5828 7752 8001 1958
5 1981 2017 5942 1959
5 3753 3755 5979 1960
5 7645 6663 8556 1961
5 1966 7765 7837 1962
5 3683 3674 6519 1963
5 4530 5867 6711 1964
5 5296 4798 5835 1965
5 5402 5362 6976 1966
5 3136 3132 6161 1967
5 3491 7271 7339 1968
5 8200 5346 8210 1969
5 5825 5417 8019 1970
5 1310 342 5737 1971
5 6308 2494 7755 1972
5 8326 6471 8353 1973
5 6283 6284 6285 1974
5 5858 5865 7415 1975
5 1355 5602 7621 1976
5 6262 3294 6793 1977
5 4946 6328 6531 1978
5 6294 6293 8289 1979
5 4279 5671 6850 1980
5 3970 6170 6321 1981
5 4626 4200 6528 1982
5 5944 4012 5946 1983
5 6910 7668 8092 1984
5 7858 3647 8119 1985
5 5617 4482 5883 1986
5 7193 4620 7404 1987
5 5728 3083 7163 1988
5 6182 6180 7620 1989
5 5436 1291 8223 1990
5 6399 4331 8374 1991
5 6069 2340 7511 1992
5 5671 6299 6850 1993
5 6555 3158 6756 1994
5 5738 2626 7031 1995
5 3592 7918 7938 1996
5 2446 6178 6200 1997
5 5858 5856 5864 1998
5 5278 8299 8319 1999
5 6552 6902 7652 2000
5 6996 5102 7370 2001
5 1576 1578 6608 2002
5 5241 6075 6750 2003
5 8230 5253 8263 2004
5 5794 5795 5796 2005
5 5268 7927 7934 2006
5 6214 1325 8191 2007
5 6611 4514 6612 2008
5 6290 7033 7215 2009
5 3128 5677 6035 2010
5 2096 2311 5781 2011
5 5586 165 7705 2012
5 8289 6293 8301 2013
5 5517 5516 6373 2014
5 2486 1723 6623 2015
5 5777 5776 7566 2016
5 6710 6444 6992 2017
5 3224 5920 7359 2018
5 2017 5735 5942 2019
5 5038 7632 7670 2020
5 3719 5700 6683 2021
5 5909 5581 7191 2022
5 339 1364 5760 2023
5 4992 6331 6833 2024
5 5209 5710 8077 2025
5 6301 4528 7975 2026
5 6630 7627 7629 2027
5 5790 5787 5794 2028
5 3728 3319 6518 2029
5 3451 6058 7471 2030
5 4360 4301 5669 2031
5 4048 5729 7032 2032
5 5417 5825 7995 2033
5 2886 2924 5710 2034
5 5946 4012 5948 2035
5 3648 6130 6994 2036
5 3113 4931 7284 2037
5 5506 5505 6544 2038
5 5100 5410 5839 2039
5 4748 5854 7609 2040
5 5797 5798 7615 2041
5 1325 6214 8234 2042
5 6226 4563 6477 2043
5 3125 6734 8077 2044
5 6741 4638 7002 2045
5 5988 5989 5992 2046
5 7383 6709 7576 2047
5 6658 1402 7638 2048
5 6319 5844 7987 2049
5 5839 5410 5840 2050
5 6096 6095 7290 2051
5 5606 5103 8105 2052
5 1949 1981 5942 2053
5 7180 6571 7265 2054
5 5044 5725 7675 2055
5 2916 2912 6836 2056
5 3231 5838 5839 2057
5 2958 2974 7197 2058
5 5731 3156 6767 2059
5 6561 4990 6944 2060
5 1364 5481 8182 2061
5 6936 7682 8204 2062
5 3268 2709 5772 2063
5 6196 4826 7779 2064
5 5265 7039 7650 2065
5 2392 2318 5767 2066
5 2045 2042 5908 2067
5 6385 6286 6791 2068
5 6104 4075 7541 2069
5 5440 2390 8392 2070
5 3320 3728 6519 2071
5 4620 3857 7404 2072
5 5448 5617 8217 2073
5 6401 1380 8344 2074
5 2687 5733 7460 2075
5 5643 2495 6945 2076
5 5910 5278 8319 2077
5 6181 6180 6182 2078
5 6323 5037 7590 2079
5 4827 6322 7785 2080
5 4200 4201 6528 2081
5 2392 6100 7351 2082
5 5246 6840 8170 2083
5 3296 5709 7332 2084
5 2787 2813 5726 2085
5 4331 6399 8359 2086
5 4990 6296 7533 2087
5 3287 3299 6284 2088
5 5280 6187 8074 2089
5 5538 5697 6684 2090
5 5643 6945 7642 2091
5 1305 244 5851 2092
5 5979 5980 6066 2093
5 5407 6486 8211 2094
5 4470 7415 7738 2095
5 2769 2772 6828 2096
5 6531 3765 8147 2097
5 3970 3585 6168 2098
5 3134 3137 5713 2099
5 5426 5423 5889 2100
5 2414 5808 6586 2101
5 6099 1279 7458 2102
5 5751 5752 7429 2103
5 7235 5525 8513 2104
5 2484 2483 5929 2105
5 1403 6096 7290 2106
5 8091 5263 8183 2107
5 5562 1346 8039 2108
5 3731 5732 6466 2109
5 5724 5230 7739 2110
5 4901 5477 8459 2111
5 1983 1948 5780 2112
5 2392 5767 5768 2113
5 6611 6494 6964 2114
5 5878 7505 8411 2115
5 4632 5950 7406 2116
5 5856 1858 5864 2117
5 3356 3480 7873 2118
5 4363 4338 5705 2119
5 2109 2079 5992 2120
5 5577 5576 7862 2121
5 5477 4901 8248 2122
5 338 5760 5957 2123
5 6438 5016 8571 2124
5 8211 3694 8400 2125
5 5159 4359 7372 2126
5 5954 4615 7228 2127
5 6325 4897 7774 2128
5 6492 3086 7656 2129
5 2058 5988 5992 2130
5 5188 5745 5770 2131
5 352 1361 5940 2132
5 1718 2420 6946 2133
5 4848 4022 6802 2134
5 1631 6254 7141 2135
5 2936 5868 5869 2136
5 5810 1888 7072 2137
5 5462 1913 8581 2138
5 2523 6710 6992 2139
5 2434 5740 6821 2140
5 8095 5580 8184 2141
5 5253 5923 8263 2142
5 2483 3292 5929 2143
5 3828 5989 7544 2144
5 5584 1358 7702 2145
5 3925 5539 7871 2146
5 7029 2526 7081 2147
5 350 351 5761 2148
5 6486 5407 8102 2149
5 1328 5532 8155 2150
5 5742 1856 6805 2151
5 2772 6159 6828 2152
5 6598 5450 8553 2153
5 2085 2096 5781 2154
5 2170 7666 7745 2155
5 5741 2444 6773 2156
5 1647 6967 8539 2157
5 1735 4451 5778 2158
5 5867 5866 6711 2159
5 7886 6517 8142 2160
5 6182 3541 7770 2161
5 6504 1670 8482 2162
5 5722 1933 8284 2163
5 5565 8117 8168 2164
5 4979 6204 7466 2165
5 244 245 5851 2166
5 6612 4514 6707 2167
5 1914 7853 7954 2168
5 1399 5590 7924 2169
5 4973 6362 7382 2170
5 8367 7017 8488 2171
5 6271 4607 7275 2172
5 3498 5945 6622 2173
5 4748 3148 5854 2174
5 5786 3553 5794 2175
5 5080 6492 7656 2176
5 5693 6727 7957 2177
5 6677 1325 8163 2178
5 5843 3492 7362 2179
5 1850 2176 6142 2180
5 6539 6540 7909 2181
5 5530 3217 7904 2182
5 3747 2697 5850 2183
5 2709 2711 5772 2184
5 2910 3176 6836 2185
5 5013 5650 7473 2186
5 2276 2274 6266 2187
5 5652 1787 7605 2188
5 5657 5402 6976 2189
5 6461 5653 7605 2190
5 3085 5853 7516 2191
5 4096 3496 5766 2192
5 1325 6677 8191 2193
5 4999 7485 7521 2194
5 2337 3294 6262 2195
5 347 1366 6017 2196
5 2150 2127 5969 2197
5 3780 6498 7090 2198
5 7803 4367 7893 2199
5 6284 4032 6285 2200
5 5862 4080 7292 2201
5 7209 6601 8436 2202
5 4456 5188 5770 2203
5 351 352 5940 2204
5 5547 287 8387 2205
5 5773 4121 5884 2206
5 4264 3734 6066 2207
5 3829 4143 7572 2208
5 5714 5038 7670 2209
5 3753 5979 6066 2210
5 1578 6172 7162 2211
5 2339 5527 7970 2212
5 2495 5643 7383 2213
5 5790 5794 5796 2214
5 5853 4701 7516 2215
5 3236 5499 8185 2216
5 4373 5566 7760 2217
5 5890 5891 5893 2218
5 5481 5099 8182 2219
5 6114 5880 6115 2220
5 6217 4930 6771 2221
5 2176 3352 6969 2222
5 4683 6728 7373 2223
5 5593 5536 7373 2224
5 8080 1140 8462 2225
5 7483 5388 7619 2226
5 7505 5878 8443 2227
5 5919 4908 7283 2228
5 6170 6171 7882 2229
5 2416 3534 5808 2230
5 2425 3642 7261 2231
5 4557 5384 8579 2232
5 5787 5786 5794 2233
5 1289 5502 8458 2234
5 3682 3681 6802 2235
5 5407 8211 8400 2236
5 5384 4557 8529 2237
5 6569 4941 6697 2238
5 5518 6375 7446 2239
5 2420 5887 6946 2240
5 4743 5521 5775 2241
5 7227 3294 7261 2242
5 624 5564 8087 2243
5 6458 5862 7292 2244
5 2687 5964 7585 2245
5 6539 7909 7999 2246
5 5750 2933 5752 2247
5 5572 7227 7261 2248
5 4451 4447 7400 2249
5 4515 6459 7408 2250
5 6058 6053 7471 2251
5 7754 6186 7772 2252
5 3585 3583 6168 2253
5 6161 6153 7411 2254
5 5367 5369 5665 2255
5 7033 4667 7215 2256
5 5779 2085 5781 2257
5 1628 1624 6343 2258
5 6273 4936 6764 2259
5 2604 2602 6272 2260
5 2786 2740 5973 2261
5 6520 3321 6830 2262
5 5044 7675 7703 2263
5 1947 3644 5864 2264
5 2059 5986 5987 2265
5 4485 5975 6585 2266
5 6755 5176 8547 2267
5 5630 5780 8231 2268
5 2841 2808 5727 2269
5 1993 5912 8081 2270
5 2526 7029 8097 2271
5 6075 6074 6750 2272
5 5587 2377 5863 2273
5 2704 2579 5933 2274
5 3002 5743 7278 2275
5 1496 1631 7141 2276
5 4377 5013 7473 2277
5 7069 7923 8036 2278
5 6036 6198 6455 2279
5 2406 3553 5786 2280
5 5475 5473 5922 2281
5 3095 3127 5743 2282
5 4515 2825 6459 2283
5 2340 6331 7299 2284
5 1368 241 6041 2285
5 6286 4032 6791 2286
5 5759 1309 8293 2287
5 5837 1943 7685 2288
5 4209 2786 5973 2289
5 6521 6520 6830 2290
5 3411 3648 6994 2291
5 3534 4292 5808 2292
5 2391 5614 7450 2293
5 6217 2146 7308 2294
5 7311 4682 7334 2295
5 6766 1528 7272 2296
5 346 347 6017 2297
5 3825 5919 5920 2298
5 5933 5932 6863 2299
5 5735 2017 6525 2300
5 4572 6093 6609 2301
5 1377 6214 8260 2302
5 3156 5883 6473 2303
5 5658 6365 6699 2304
5 4298 5977 5978 2305
5 5557 5556 5558 2306
5 7013 4131 7657 2307
5 4563 2689 6477 2308
5 1888 1839 7072 2309
5 241 242 6041 2310
5 1588 5886 6942 2311
5 5808 5806 6586 2312
5 5472 6537 6623 2313
5 5975 5083 6585 2314
5 5829 4246 5831 2315
5 3141 3139 6763 2316
5 6115 6116 7339 2317
5 5436 4832 7399 2318
5 7666 6706 7745 2319
5 4287 7632 7635 2320
5 2626 2627 7031 2321
5 2001 6036 6455 2322
5 3226 6646 7662 2323
5 1309 5759 8360 2324
5 5859 3648 6712 2325
5 4974 5632 7368 2326
5 5754 4547 7587 2327
5 4514 6611 6964 2328
5 4932 6483 8017 2329
5 1634 1628 6343 2330
5 2401 3461 5981 2331
5 5836 7176 7783 2332
5 2797 6160 6161 2333
5 4647 5595 7676 2334
5 7075 1930 7253 2335
5 3828 2109 5992 2336
5 5478 7720 8566 2337
5 339 340 1364 2338
5 2972 2971 3108 2339
5 5671 5542 6719 2340
5 2888 2886 5710 2341
5 5718 5843 7362 2342
5 7877 4898 7919 2343
5 3148 2997 5854 2344
5 2318 2166 5767 2345
5 3008 2972 5709 2346
5 7636 5070 7994 2347
5 5495 5445 6472 2348
5 2968 2967 2971 2349
5 2852 2604 6272 2350
5 4074 5990 7524 2351
5 5764 2018 5765 2352
5 2809 2795 6499 2353
5 3147 2745 7289 2354
5 2697 2597 5850 2355
5 7083 2148 7232 2356
5 5792 5793 7622 2357
5 2852 6271 7275 2358
5 5872 3980 5873 2359
5 5767 2167 5769 2360
5 5965 5029 7374 2361
5 3397 6139 6827 2362
5 3630 5469 5948 2363
5 3965 5618 7921 2364
5 5015 5871 6746 2365
5 1758 1787 7336 2366
5 3014 2933 5750 2367
5 5905 5904 5906 2368
5 1993 1989 5912 2369
5 2662 2687 7460 2370
5 2005 2085 5779 2371
5 5879 1621 6729 2372
5 3083 3060 7163 2373
5 5332 4313 5890 2374
5 3431 3433 6647 2375
5 2430 5881 6760 2376
5 4615 5954 5970 2377
5 2885 2884 2886 2378
5 5411 5737 7588 2379
5 2452 2276 6266 2380
5 3194 6107 7781 2381
5 7495 7966 8159 2382
5 4547 3954 7587 2383
5 5744 5727 7712 2384
5 5709 3108 6572 2385
5 5873 5876 6013 2386
5 7739 5230 7787 2387
5 6683 5700 7527 2388
5 5239 6783 7799 2389
5 6707 5117 8174 2390
5 5796 5797 5799 2391
5 5895 5583 7171 2392
5 2963 5936 5938 2393
5 5098 5100 5839 2394
5 5667 3257 5676 2395
5 6265 5637 7243 2396
5 4338 4844 5705 2397
5 6093 4572 6610 2398
5 4451 5592 7679 2399
5 5872 5873 6013 2400
5 2795 3836 6499 2401
5 1360 5519 8354 2402
5 6364 6148 6792 2403
5 2968 2971 2972 2404
5 3128 2594 7830 2405
5 3458 6218 6812 2406
5 6489 6487 6816 2407
5 3727 5595 6597 2408
5 2915 2938 6227 2409
5 4973 7099 7277 2410
5 5925 5888 5927 2411
5 4012 5944 6826 2412
5 3135 3134 5713 2413
5 2972 3108 5709 2414
5 3461 5788 5981 2415
5 5705 4844 5706 2416
5 7387 4334 7477 2417
5 6498 6496 7090 2418
5 6148 6364 7612 2419
5 6610 4572 7106 2420
5 4834 5352 6334 2421
5 5761 351 5940 2422
5 5548 8080 8462 2423
5 2966 2967 2968 2424
5 6001 6312 6471 2425
5 1672 6523 8006 2426
5 4083 5965 7374 2427
5 5600 3863 7693 2428
5 3452 5826 7416 2429
5 3221 5116 6105 2430
5 4093 5903 5905 2431
5 2966 2841 2967 2432
5 2808 2787 5726 2433
5 3223 3221 6105 2434
5 5332 5890 5893 2435
5 2718 2721 7286 2436
5 3303 6386 6790 2437
5 3727 6597 7354 2438
5 5615 6272 7661 2439
5 2512 1660 6887 2440
5 3703 4385 6439 2441
5 3137 3139 3141 2442
5 2583 3392 5939 2443
5 5945 3498 5947 2444
5 5631 1808 7448 2445
5 1911 1947 5864 2446
5 6328 4946 6329 2447
5 1780 1808 7318 2448
5 6569 2921 7165 2449
5 4456 5770 6141 2450
5 2042 2040 5908 2451
5 2787 2786 2813 2452
5 5586 5172 8167 2453
5 2813 5250 5438 2454
5 1329 5607 7817 2455
5 5200 7858 8119 2456
5 2924 3002 3125 2457
5 2391 1797 7349 2458
5 4510 4511 5827 2459
5 4511 5500 5827 2460
5 6406 6548 7108 2461
5 2459 2478 6390 2462
5 5784 5785 7640 2463
5 5511 3236 8250 2464
5 1710 1735 5778 2465
5 5705 5706 8541 2466
5 6105 5116 7522 2467
5 2059 5985 5986 2468
5 1378 5759 8389 2469
5 4891 5652 5653 2470
5 2153 2099 5970 2471
5 3483 3466 6010 2472
5 4362 5659 7265 2473
5 3241 3980 5872 2474
5 1726 1703 5885 2475
5 1394 648 6307 2476
5 5653 5652 7605 2477
5 4626 6528 6529 2478
5 6132 6125 6134 2479
5 5866 3943 6711 2480
5 1556 2446 7229 2481
5 3246 3008 3296 2482
5 6608 1578 7162 2483
5 3139 3140 3238 2484
5 3197 8172 8176 2485
5 5242 4264 6066 2486
5 6426 6424 6427 2487
5 5903 5904 5905 2488
5 6298 5671 6719 2489
5 5659 7180 7265 2490
5 5607 4645 5608 2491
5 6439 4385 6440 2492
5 3525 3526 3527 2493
5 2476 5286 5949 2494
5 5849 2343 6682 2495
5 4459 4333 6560 2496
5 5602 4363 5603 2497
5 4019 4246 5829 2498
5 2897 2898 6329 2499
5 3095 3096 3126 2500
5 5352 6318 6334 2501
5 6100 5768 7730 2502
5 5963 4295 5971 2503
5 3943 5866 6543 2504
5 3625 4048 7032 2505
5 5802 5801 5803 2506
5 6588 6062 7117 2507
5 8542 5601 8550 2508
5 6206 6330 6794 2509
5 5137 6348 6349 2510
5 2580 2583 5939 2511
5 4332 4333 4334 2512
5 5924 5293 7238 2513
5 3452 1843 7333 2514
5 8227 5931 8322 2515
5 2886 2887 2924 2516
5 2343 5849 6265 2517
5 2885 2886 2888 2518
5 4298 5976 5977 2519
5 2693 2718 6477 2520
5 4405 6309 6310 2521
5 2808 5726 5727 2522
5 2045 5908 6777 2523
5 6375 4406 6452 2524
5 2279 6353 8545 2525
5 5982 5984 5985 2526
5 3076 3079 7131 2527
5 4334 4335 4336 2528
5 7114 5614 7349 2529
5 5973 5972 5974 2530
5 2441 6113 7340 2531
5 4541 5870 6690 2532
5 6282 3287 6284 2533
5 5363 5402 7701 2534
5 7099 2434 7277 2535
5 5920 5919 7283 2536
5 245 1367 5851 2537
5 4336 4337 4338 2538
5 5734 3661 5764 2539
5 5271 6391 7436 2540
5 6510 6512 6519 2541
5 2022 5888 5925 2542
5 3144 4404 5934 2543
5 2824 2724 6011 2544
5 7305 7304 8419 2545
5 4364 4363 5602 2546
5 5075 5076 7339 2547
5 5605 7221 7336 2548
5 5564 624 8384 2549
5 3486 1699 5911 2550
5 4646 5607 6407 2551
5 2579 2577 5933 2552
5 5751 7429 7634 2553
5 4338 4337 4844 2554
5 3466 3820 6010 2555
5 2482 2484 5753 2556
5 2163 2338 5983 2557
5 7103 5601 8542 2558
5 2800 2817 6452 2559
5 5392 7338 7396 2560
5 2486 6537 7663 2561
5 2256 6362 7277 2562
5 4093 2038 5903 2563
5 5108 6372 7872 2564
5 2715 5697 5771 2565
5 4283 5452 5971 2566
5 2375 3471 6162 2567
5 4339 4338 4363 2568
5 2377 3278 5863 2569
5 2446 6200 7229 2570
5 4646 4645 5607 2571
5 1486 1630 7380 2572
5 2872 2929 6299 2573
5 5731 5433 5883 2574
5 5499 3236 8232 2575
5 4957 6901 7884 2576
5 3285 3287 6282 2577
5 4860 5714 7670 2578
5 1989 1987 5912 2579
5 2707 3268 5994 2580
5 4012 3630 5948 2581
5 3193 6610 7106 2582
5 4480 4479 7401 2583
5 2106 2072 6445 2584
5 5900 6766 7272 2585
5 2883 3788 5855 2586
5 3628 4162 4332 2587
5 7664 6876 8170 2588
5 4358 5159 5531 2589
5 5308 5309 6193 2590
5 5000 6525 7245 2591
5 6533 6534 6823 2592
5 5732 3731 7590 2593
5 4808 4005 7334 2594
5 4551 4557 5921 2595
5 6521 6830 6831 2596
5 6057 6588 7117 2597
5 4016 5952 5956 2598
5 5520 4360 5645 2599
5 6266 6265 7243 2600
5 1712 1695 5941 2601
5 5557 5558 8466 2602
5 4299 5961 5976 2603
5 7415 7414 7738 2604
5 2741 4515 5972 2605
5 7918 5228 7938 2606
5 3003 3011 3095 2607
5 2924 2925 3002 2608
5 5699 3079 7527 2609
5 6545 6048 7043 2610
5 5959 4295 5962 2611
5 2127 2118 5969 2612
5 6331 2216 6833 2613
5 2760 3131 5951 2614
5 6214 1377 8234 2615
5 4333 4162 6560 2616
5 1625 5896 5897 2617
5 2813 4209 5250 2618
5 2421 5966 5967 2619
5 5886 5644 6942 2620
5 4334 4333 4335 2621
5 1334 6302 6303 2622
5 2028 6644 6999 2623
5 5353 4218 5596 2624
5 4424 4360 5520 2625
5 6554 3158 6555 2626
5 4332 4162 4333 2627
5 6391 3277 7436 2628
5 3246 3296 3297 2629
5 2913 2915 6227 2630
5 4747 5689 7811 2631
5 6499 3836 7609 2632
5 3940 6064 6065 2633
5 2390 5440 8438 2634
5 2021 2396 5888 2635
5 5588 6752 8188 2636
5 6086 5712 6087 2637
5 8205 4828 8530 2638
5 2137 6217 6771 2639
5 6246 6253 6257 2640
5 338 339 5760 2641
5 3003 3095 5743 2642
5 5985 5984 5986 2643
5 2166 2167 5767 2644
5 6170 6169 6171 2645
5 3397 3398 6139 2646
5 3737 4422 5964 2647
5 2146 6203 6204 2648
5 3108 3109 3313 2649
5 4765 5069 6333 2650
5 5409 5411 5412 2651
5 1540 2441 7561 2652
5 3095 3126 3127 2653
5 7728 5007 7883 2654
5 4345 4370 5697 2655
5 5952 5953 5956 2656
5 3435 6545 7043 2657
5 2085 2086 2096 2658
5 3739 5619 7786 2659
5 2309 2160 6437 2660
5 1662 1666 6887 2661
5 6506 6508 6518 2662
5 4386 4951 6441 2663
5 2096 2097 2166 2664
5 7221 3265 7336 2665
5 4100 7453 7707 2666
5 4336 4335 4337 2667
5 3167 3166 3520 2668
5 5577 7862 7912 2669
5 3137 3138 3139 2670
5 1342 7863 8010 2671
5 3165 3166 3167 2672
5 5004 5951 6795 2673
5 4618 5313 6175 2674
5 6300 1301 6301 2675
5 2079 2058 5992 2676
5 2414 2416 5808 2677
5 2519 7041 8140 2678
5 4026 4301 4360 2679
5 4313 3983 5890 2680
5 5708 7881 8107 2681
5 6051 6060 6061 2682
5 6038 4872 7926 2683
5 3471 5589 6162 2684
5 4073 3589 6321 2685
5 4423 5699 5700 2686
5 245 246 1367 2687
5 3665 3669 6080 2688
5 6548 4119 7108 2689
5 2768 2769 6828 2690
5 3149 3148 4251 2691
5 4410 1767 6063 2692
5 5870 4541 7191 2693
5 3134 3136 3137 2694
5 3301 3303 6791 2695
5 3064 6273 6764 2696
5 5568 6535 6670 2697
5 3910 6492 7908 2698
5 5631 7196 7318 2699
5 2099 4615 5970 2700
5 2554 2552 6990 2701
5 5862 5036 7498 2702
5 5955 3801 7553 2703
5 2155 2163 5983 2704
5 5284 3049 6268 2705
5 5309 5349 6193 2706
5 6482 6480 6484 2707
5 3607 3643 4026 2708
5 5076 6115 7339 2709
5 2851 2884 2885 2710
5 1856 7114 7349 2711
5 4002 4901 6064 2712
5 2056 2059 5988 2713
5 4016 3202 5952 2714
5 5783 1654 5784 2715
5 6240 6237 6244 2716
5 4047 6489 6816 2717
5 6687 6189 7101 2718
5 2480 2482 2485 2719
5 2437 2230 6913 2720
5 3002 3003 5743 2721
5 4476 6475 6476 2722
5 3102 3524 3525 2723
5 5660 6687 7101 2724
5 3732 1691 5958 2725
5 3004 4211 6040 2726
5 3776 4283 5971 2727
5 5353 5596 5597 2728
5 2724 2699 6011 2729
5 6223 6227 6744 2730
5 1332 350 5761 2731
5 6540 5197 7909 2732
5 4640 2855 6039 2733
5 5671 6298 6299 2734
5 4452 4908 5919 2735
5 5561 7083 7232 2736
5 3755 4298 5979 2737
5 4203 6867 6868 2738
5 5567 4680 7880 2739
5 4998 6439 6440 2740
5 1334 334 6302 2741
5 3292 3628 5929 2742
5 3421 4506 6856 2743
5 4946 2897 6329 2744
5 2467 3647 6501 2745
5 4369 5121 6014 2746
5 4445 5775 5776 2747
5 3772 4295 5959 2748
5 1984 5512 8503 2749
5 1947 1948 1983 2750
5 4197 6118 6119 2751
5 7077 8144 8394 2752
5 2858 6569 6697 2753
5 3698 2213 6306 2754
5 2311 2166 2318 2755
5 3380 3619 6822 2756
5 2005 2084 2085 2757
5 5312 8350 8393 2758
5 2421 2116 5966 2759
5 7520 6171 7834 2760
5 3768 4299 5976 2761
5 3099 2989 6770 2762
5 3124 2997 3148 2763
5 2847 2935 6696 2764
5 6707 8174 8259 2765
5 2052 5982 5985 2766
5 5984 5983 6893 2767
5 7258 5826 7333 2768
5 2440 6042 6043 2769
5 6857 5834 7807 2770
5 2146 2133 6203 2771
5 3303 3304 6386 2772
5 285 1288 6470 2773
5 5944 4489 6826 2774
5 7305 8419 8491 2775
5 5802 5804 5805 2776
5 5463 5140 8400 2777
5 6063 3265 6865 2778
5 3050 5015 6746 2779
5 2705 2707 5994 2780
5 5520 5645 7981 2781
5 4994 4073 6321 2782
5 3303 6790 6791 2783
5 7627 5106 7629 2784
5 2166 2097 2167 2785
5 2162 1722 6140 2786
5 1564 1565 6588 2787
5 4644 4366 4645 2788
5 3734 3753 6066 2789
5 6341 6343 6344 2790
5 5982 2155 5983 2791
5 6079 2267 6080 2792
5 3654 4002 6064 2793
5 2974 2956 6687 2794
5 3330 4034 4444 2795
5 2725 2741 5972 2796
5 336 1301 6300 2797
5 6365 3028 6699 2798
5 3504 4408 5884 2799
5 5743 3127 6829 2800
5 6306 6304 6841 2801
5 6113 5076 7340 2802
5 2797 2761 6160 2803
5 2488 1790 6150 2804
5 3156 2650 6767 2805
5 3488 2476 5949 2806
5 8140 7041 8193 2807
5 2268 2145 6231 2808
5 1767 1764 6063 2809
5 2096 2086 2097 2810
5 5794 3553 5795 2811
5 2336 2337 6262 2812
5 5838 5098 5839 2813
5 6067 5021 6068 2814
5 6944 4990 7533 2815
5 2383 6289 6290 2816
5 2997 2923 5854 2817
5 5888 2396 6957 2818
5 6142 2176 6969 2819
5 5524 4502 6026 2820
5 5590 1399 7932 2821
5 6407 6408 6532 2822
5 2618 3158 6554 2823
5 1682 4463 6163 2824
5 1968 2005 5779 2825
5 6076 4947 6077 2826
5 2485 2482 5753 2827
5 7196 4467 7318 2828
5 2260 2434 6821 2829
5 2267 3665 6080 2830
5 6444 6445 7006 2831
5 2309 6437 6438 2832
5 3146 2590 6034 2833
5 4398 5043 5993 2834
5 3956 4948 6118 2835
5 3505 3504 5884 2836
5 2319 2318 2369 2837
5 6696 6521 6831 2838
5 4026 3643 4301 2839
5 4158 5219 6183 2840
5 3997 4120 4445 2841
5 3158 5995 6756 2842
5 1621 1546 6729 2843
5 6122 6125 6132 2844
5 2074 2001 6455 2845
5 4817 4284 6019 2846
5 5878 5874 6524 2847
5 1829 2430 6760 2848
5 3511 2493 3607 2849
5 5874 3980 6524 2850
5 6274 4621 7447 2851
5 4507 3444 6012 2852
5 6591 3168 6870 2853
5 3158 2620 5995 2854
5 2139 2183 6290 2855
5 4828 3457 8530 2856
5 3653 3505 5884 2857
5 3648 3413 6712 2858
5 5976 5961 5977 2859
5 3534 3535 3997 2860
5 5599 1934 8257 2861
5 3474 3318 6270 2862
5 2263 2196 6005 2863
5 6091 3746 6092 2864
5 2442 2268 6231 2865
5 3433 3436 7149 2866
5 1709 1687 6094 2867
5 2370 2369 2493 2868
5 4931 6747 7284 2869
5 1514 6364 6792 2870
5 4883 6346 6347 2871
5 3398 3401 6139 2872
5 3876 3457 4828 2873
5 6466 5732 6889 2874
5 5100 5409 5410 2875
5 4394 4933 6007 2876
5 5615 4612 6271 2877
5 6033 4425 7779 2878
5 3946 4911 5909 2879
5 6151 2768 6152 2880
5 3442 4507 6581 2881
5 3510 3946 5909 2882
5 2085 2084 2086 2883
5 6359 6358 6360 2884
5 2441 6112 6113 2885
5 5962 4295 5963 2886
5 2429 2200 6015 2887
5 3313 3603 6572 2888
5 4120 4743 5775 2889
5 2369 2318 2392 2890
5 2964 2841 2966 2891
5 5550 3996 6072 2892
5 5680 5681 5682 2893
5 6480 253 6484 2894
5 6992 6444 7006 2895
5 3236 5511 8232 2896
5 3238 3140 3877 2897
5 1363 5706 8568 2898
5 3527 3526 3528 2899
5 3049 3045 6268 2900
5 7678 7057 7713 2901
5 1911 1939 1947 2902
5 6863 5932 7294 2903
5 3937 6029 6166 2904
5 2440 1572 6042 2905
5 5851 1367 5852 2906
5 3577 4177 6027 2907
5 2264 2204 6021 2908
5 5140 5463 8395 2909
5 3860 6121 6132 2910
5 4951 4388 6018 2911
5 2444 2304 6773 2912
5 1856 1793 6805 2913
5 2642 2690 6024 2914
5 4743 5329 5521 2915
5 3607 2493 3643 2916
5 4260 6210 6211 2917
5 4461 5537 8144 2918
5 5678 5679 5680 2919
5 4989 3474 6270 2920
5 1346 5594 8557 2921
5 2278 6436 6437 2922
5 2400 2401 5981 2923
5 6150 4467 6855 2924
5 2600 3144 5934 2925
5 4892 3952 6215 2926
5 1948 1968 5780 2927
5 5163 4261 6213 2928
5 6160 6153 6161 2929
5 2785 2786 2787 2930
5 5756 5358 5757 2931
5 5975 4485 6858 2932
5 4346 3749 6338 2933
5 2190 2267 6079 2934
5 1858 1911 5864 2935
5 2431 1742 6216 2936
5 5931 2904 8322 2937
5 3879 4956 6763 2938
5 2213 2210 6306 2939
5 5972 4515 5974 2940
5 1914 5856 5857 2941
5 3238 3879 6763 2942
5 2756 2760 5951 2943
5 1768 2393 6074 2944
5 3619 6230 6822 2945
5 1790 1786 6150 2946
5 6245 6246 6257 2947
5 2751 2732 6453 2948
5 2274 2343 6266 2949
5 2446 6177 6178 2950
5 4317 4019 5829 2951
5 6074 2393 6750 2952
5 4653 6997 7250 2953
5 5100 5408 5409 2954
5 5558 5556 6361 2955
5 2987 3718 6189 2956
5 1722 1709 6140 2957
5 4096 8200 8210 2958
5 3330 3327 4034 2959
5 2855 2849 6039 2960
5 1709 6094 6140 2961
5 6166 6029 6167 2962
5 5202 5935 6338 2963
5 4483 6555 6556 2964
5 3889 3427 6084 2965
5 2732 2714 6453 2966
5 4565 2532 7161 2967
5 353 354 6070 2968
5 3495 6392 6393 2969
5 4471 2095 6366 2970
5 2552 4512 6990 2971
5 2051 2155 5982 2972
5 4019 4020 4246 2973
5 1751 1752 1806 2974
5 6793 3294 7227 2975
5 6027 4177 6031 2976
5 1806 1807 1859 2977
5 2435 2222 6069 2978
5 7468 4996 7625 2979
5 4604 5021 6067 2980
5 6064 4901 6065 2981
5 4967 4969 5763 2982
5 1744 1745 1751 2983
5 5930 2904 5931 2984
5 3340 2348 6561 2985
5 6671 3842 7508 2986
5 2416 2419 3534 2987
5 3706 2871 6206 2988
5 3133 3134 3135 2989
5 3124 3148 3149 2990
5 4506 6327 6856 2991
5 4971 5098 5838 2992
5 3456 2888 3457 2993
5 6296 2062 6297 2994
5 6693 5584 8517 2995
5 1984 1859 1985 2996
5 1814 1816 1914 2997
5 4600 4947 6076 2998
5 8176 6205 8244 2999
5 2327 2226 6009 3000
5 5683 5682 5684 3001
5 2740 2729 5973 3002
5 4596 4866 6078 3003
5 5795 3553 5800 3004
5 6121 6122 6132 3005
5 5942 5736 7440 3006
5 4860 3907 6106 3007
5 1816 1858 5856 3008
5 4506 3423 6111 3009
5 240 1368 6219 3010
5 2658 3168 6591 3011
5 4445 4120 5775 3012
5 5526 4779 6081 3013
5 4145 6291 6292 3014
5 3997 3535 4120 3015
5 4592 4800 6083 3016
5 3729 3153 6533 3017
5 3108 3313 6572 3018
5 2821 3746 6091 3019
5 2864 2906 6330 3020
5 3238 3877 3878 3021
5 6201 2150 6202 3022
5 1953 6466 6889 3023
5 4804 4783 6088 3024
5 2411 2414 6586 3025
5 4035 5247 6191 3026
5 4588 4684 6095 3027
5 4260 3789 6210 3028
5 3235 3234 6348 3029
5 3096 3102 6020 3030
5 2666 3737 5964 3031
5 4584 4736 6098 3032
5 3525 3524 3526 3033
5 4526 4965 5618 3034
5 1907 5580 8095 3035
5 1987 2390 5912 3036
5 4883 4789 6346 3037
5 5685 5684 5686 3038
5 6165 6149 7459 3039
5 5796 5799 7604 3040
5 4580 4757 6101 3041
5 2886 2884 2887 3042
5 5789 5790 5791 3043
5 5098 5099 5100 3044
5 4308 5722 6291 3045
5 2898 2901 6329 3046
5 3328 3327 3330 3047
5 6646 5082 7662 3048
5 4569 4801 6109 3049
5 5802 5803 5804 3050
5 1630 6245 6257 3051
5 1893 1887 6570 3052
5 1986 1985 1987 3053
5 5610 1317 7681 3054
5 6131 8265 8303 3055
5 3154 3153 3599 3056
5 3095 3011 3096 3057
5 3165 3164 3166 3058
5 6535 3000 6670 3059
5 6299 2929 6850 3060
5 2441 1542 6112 3061
5 4383 6305 7188 3062
5 4720 6232 6234 3063
5 2445 1508 6143 3064
5 4519 6358 6359 3065
5 1750 1749 6461 3066
5 1995 1965 6297 3067
5 1919 6275 6276 3068
5 3763 4158 6183 3069
5 2180 2106 6445 3070
5 2398 2399 2400 3071
5 2396 2397 2398 3072
5 5930 5931 5932 3073
5 4095 3496 4096 3074
5 5833 5830 5834 3075
5 5700 5699 7527 3076
5 4922 5365 5809 3077
5 2906 5692 6330 3078
5 4829 4828 5460 3079
5 2404 2406 5786 3080
5 8358 6316 8407 3081
5 2340 7299 7511 3082
5 1988 1987 1989 3083
5 3461 5786 5787 3084
5 3860 3403 6121 3085
5 4085 4997 6194 3086
5 3313 3314 3601 3087
5 1680 1682 6163 3088
5 2935 3020 6696 3089
5 2021 2395 2396 3090
5 5240 6825 8431 3091
5 2446 1558 6177 3092
5 3534 2419 3535 3093
5 4405 3795 6309 3094
5 2183 2383 6290 3095
5 3730 2889 6485 3096
5 1947 1939 1948 3097
5 5873 3980 5874 3098
5 2471 2474 6454 3099
5 2840 2808 2841 3100
5 3989 3990 4019 3101
5 2793 2812 6090 3102
5 3374 3956 6118 3103
5 5792 5791 5793 3104
5 2383 3253 6289 3105
5 5298 3807 6320 3106
5 6115 5880 6116 3107
5 3572 1865 6164 3108
5 4612 4609 6271 3109
5 2329 6433 6434 3110
5 2725 2724 2741 3111
5 5926 5927 5928 3112
5 2278 2290 6436 3113
5 5997 2691 6311 3114
5 3983 3984 5890 3115
5 2881 3004 6040 3116
5 6118 4948 6119 3117
5 4315 6276 7757 3118
5 2700 2699 2724 3119
5 1888 7258 7333 3120
5 5074 4304 5532 3121
5 2698 2697 2699 3122
5 2895 3015 6108 3123
5 5725 4350 6317 3124
5 3672 3092 6335 3125
5 3007 2972 3008 3126
5 3714 4286 6350 3127
5 6636 6637 7428 3128
5 2696 2698 6176 3129
5 5137 3235 6348 3130
5 4320 5708 6313 3131
5 341 342 1310 3132
5 4115 6277 6278 3133
5 2095 2173 6366 3134
5 6359 6360 6576 3135
5 6642 5561 7232 3136
5 4358 5531 5669 3137
5 6936 1352 7682 3138
5 1734 1741 1744 3139
5 2851 2883 2884 3140
5 3198 2153 5970 3141
5 2807 2787 2808 3142
5 6333 5069 6550 3143
5 5537 4461 8217 3144
5 4260 6211 6213 3145
5 2066 5925 5926 3146
5 2816 6387 6388 3147
5 6390 2478 8141 3148
5 2568 2565 2571 3149
5 6767 2686 7150 3150
5 2785 2740 2786 3151
5 2605 2607 6624 3152
5 4718 5677 5678 3153
5 3952 3617 6215 3154
5 3304 3307 6386 3155
5 2765 2768 6151 3156
5 6273 3083 6274 3157
5 2889 2890 6485 3158
5 5986 5984 5991 3159
5 1742 1736 6216 3160
5 3521 3166 6956 3161
5 2406 2408 3553 3162
5 3527 3631 6784 3163
5 2575 2904 5930 3164
5 4931 3033 6365 3165
5 4439 4666 6229 3166
5 3139 3138 3140 3167
5 4023 4847 6500 3168
5 5873 5874 5875 3169
5 5680 5679 5681 3170
5 1943 1918 7685 3171
5 2401 2404 3461 3172
5 4203 6866 6867 3173
5 6151 6153 6160 3174
5 5774 1394 8290 3175
5 6304 2264 6305 3176
5 1285 5877 8411 3177
5 2694 3128 6035 3178
5 6232 6233 6234 3179
5 3628 4332 5929 3180
5 4720 3950 6232 3181
5 1990 1989 1991 3182
5 5443 5428 5882 3183
5 4339 4363 4364 3184
5 2160 2278 6437 3185
5 1365 344 6008 3186
5 6877 3544 7517 3187
5 1963 2165 6036 3188
5 5526 6081 6574 3189
5 3245 3008 3246 3190
5 1674 3661 5886 3191
5 2403 2400 3211 3192
5 2101 2169 6635 3193
5 4004 3340 6561 3194
5 1919 1480 6275 3195
5 7663 5114 7749 3196
5 2440 6044 6062 3197
5 4301 4358 5669 3198
5 1630 1488 6245 3199
5 6205 4307 8244 3200
5 5892 3984 6626 3201
5 4573 2605 6624 3202
5 4303 3910 4304 3203
5 2729 2725 5972 3204
5 5478 1371 7935 3205
5 4544 4935 6525 3206
5 4817 6019 6602 3207
5 1806 1752 1807 3208
5 2741 2824 2825 3209
5 4645 4366 5640 3210
5 4971 5097 5098 3211
5 3127 3126 3562 3212
5 3795 3150 6309 3213
5 5788 5787 5789 3214
5 4447 4448 4449 3215
5 3701 3703 6439 3216
5 5729 4048 7370 3217
5 6345 4804 7559 3218
5 6805 2487 7138 3219
5 4449 4450 4452 3220
5 5235 5008 6400 3221
5 2696 2597 2697 3222
5 4317 5829 5830 3223
5 4500 1893 6570 3224
5 4251 3148 4748 3225
5 2583 2704 2705 3226
5 2923 2809 6499 3227
5 3631 5604 6784 3228
5 5553 4912 6429 3229
5 3621 5844 6319 3230
5 4895 7008 7009 3231
5 1992 1991 2002 3232
5 5591 4452 5919 3233
5 5561 3741 7083 3234
5 2022 2021 5888 3235
5 2003 2002 2021 3236
5 3982 3507 3983 3237
5 5740 2434 7099 3238
5 3527 3528 3554 3239
5 5457 7387 7477 3240
5 3598 3223 6105 3241
5 4103 4320 6313 3242
5 5969 5968 7543 3243
5 6833 2341 7154 3244
5 6324 4897 6325 3245
5 4510 5827 5828 3246
5 2825 2850 2851 3247
5 3212 3211 3507 3248
5 6477 2718 7286 3249
5 4115 3255 6277 3250
5 6997 3237 7250 3251
5 2574 2573 2575 3252
5 3866 5101 6568 3253
5 5686 5684 5687 3254
5 269 1339 6600 3255
5 4280 3983 4313 3256
5 5916 5915 5917 3257
5 2799 2800 6452 3258
5 7344 4871 8483 3259
5 7132 5331 7210 3260
5 3868 3866 6568 3261
5 2576 2575 2577 3262
5 2129 2150 6201 3263
5 4452 4453 4908 3264
5 4834 6334 7128 3265
5 1703 1705 5885 3266
5 3853 4078 6866 3267
5 2329 2292 6433 3268
5 1968 5779 5780 3269
5 1718 1720 2420 3270
5 4483 6554 6555 3271
5 2578 2577 2579 3272
5 5947 3498 6625 3273
5 2400 2399 2401 3274
5 3392 2705 5994 3275
5 4144 4308 6291 3276
5 2062 1995 6297 3277
5 2096 2166 2311 3278
5 2580 2579 2583 3279
5 2572 2571 2573 3280
5 6616 4652 6617 3281
5 2700 2724 2725 3282
5 2398 2397 2399 3283
5 4908 6336 6337 3284
5 1751 1745 1752 3285
5 4634 2395 6638 3286
5 4361 4313 4942 3287
5 4336 4338 4339 3288
5 3211 5981 6626 3289
5 6488 6487 6489 3290
5 2805 6667 6668 3291
5 343 344 1365 3292
5 238 1315 6316 3293
5 6260 1312 6717 3294
5 4895 4504 7008 3295
5 1588 1590 5886 3296
5 3471 5587 5588 3297
5 4408 5773 5884 3298
5 1590 1674 5886 3299
5 1991 1993 6638 3300
5 1336 6480 6481 3301
5 2396 2395 2397 3302
5 3989 4019 4317 3303
5 2135 2146 6217 3304
5 3978 6703 7642 3305
5 5220 4324 6263 3306
5 5990 4074 7631 3307
5 7769 4925 7903 3308
5 2705 2706 2707 3309
5 5677 5009 6035 3310
5 3581 3937 6166 3311
5 5678 5677 5679 3312
5 5890 3984 5891 3313
5 6216 7132 7210 3314
5 3984 3507 6626 3315
5 5002 6813 6814 3316
5 6042 1618 6059 3317
5 4375 6717 7687 3318
5 3496 3330 5766 3319
5 1947 1983 3644 3320
5 3583 6166 6168 3321
5 4093 5905 5907 3322
5 1714 1718 6946 3323
5 3820 4718 6010 3324
5 4949 4102 6402 3325
5 242 243 5762 3326
5 1735 4446 4447 3327
5 6237 6236 6244 3328
5 7276 5071 7365 3329
5 6506 6518 6580 3330
5 5915 4943 7310 3331
5 6095 4684 7290 3332
5 2395 2002 6638 3333
5 2711 2715 5772 3334
5 2698 2699 2700 3335
5 5903 2050 5904 3336
5 5789 5787 5790 3337
5 4173 5120 7233 3338
5 6331 4992 7299 3339
5 1413 6564 8164 3340
5 3167 3520 3522 3341
5 1699 1701 5911 3342
5 2612 2905 6259 3343
5 3169 4810 6578 3344
5 3123 3549 6636 3345
5 3712 3714 6350 3346
5 5857 5856 5858 3347
5 2364 2375 6162 3348
5 3477 5648 7891 3349
5 4697 6631 6632 3350
5 1991 1989 1993 3351
5 6400 5008 6851 3352
5 2975 2945 6457 3353
5 3327 3014 5750 3354
5 2021 2002 2395 3355
5 5730 6801 7032 3356
5 2699 3747 6011 3357
5 4969 4970 4971 3358
5 243 1305 5762 3359
5 1914 1816 5856 3360
5 2874 2872 6299 3361
5 1933 5722 8321 3362
5 1744 1751 3735 3363
5 1578 1579 6172 3364
5 6129 6131 8303 3365
5 5163 6213 6214 3366
5 3002 2925 3003 3367
5 5835 5691 5836 3368
5 2707 2708 2709 3369
5 4810 3171 6541 3370
5 2735 6176 6954 3371
5 3130 2941 6465 3372
5 4261 4260 6213 3373
5 3108 2971 3109 3374
5 4967 4968 4969 3375
5 3461 2404 5786 3376
5 5174 4274 6314 3377
5 6481 6482 6483 3378
5 2953 2987 6189 3379
5 3642 5872 6013 3380
5 2813 2786 4209 3381
5 3139 3238 6763 3382
5 4350 4056 6317 3383
5 3092 3082 6335 3384
5 3983 3507 3984 3385
5 6773 2323 7082 3386
5 2597 2585 5850 3387
5 2924 2887 2925 3388
5 2691 2624 6311 3389
5 3211 2400 5981 3390
5 2582 2580 5939 3391
5 6378 3716 6379 3392
5 1695 1697 5941 3393
5 3040 3043 6267 3394
5 3727 3135 5595 3395
5 6017 1366 7944 3396
5 2447 4378 6172 3397
5 6360 6358 7092 3398
5 3826 4652 6616 3399
5 4541 3510 5909 3400
5 2741 2825 4515 3401
5 6682 2455 6961 3402
5 2729 5972 5973 3403
5 2427 3241 5872 3404
5 2871 2868 6206 3405
5 4644 4645 4646 3406
5 3062 3083 6273 3407
5 4522 5063 5943 3408
5 3313 3109 3314 3409
5 3033 3030 6365 3410
5 2314 6821 7115 3411
5 4121 3653 5884 3412
5 3458 3459 6218 3413
5 5935 4346 6338 3414
5 4942 4313 5332 3415
5 4476 2634 6475 3416
5 1710 1713 1735 3417
5 5252 7495 8159 3418
5 3927 4834 7128 3419
5 2311 2318 2319 3420
5 2585 2582 4402 3421
5 3072 3070 6683 3422
5 4385 4386 6441 3423
5 1984 1985 1986 3424
5 6116 5880 7342 3425
5 5897 5896 5898 3426
5 6220 2913 6227 3427
5 5926 5925 5927 3428
5 4124 4993 6295 3429
5 6177 1620 6179 3430
5 6280 4114 6281 3431
5 345 1317 6008 3432
5 2709 2710 2711 3433
5 1744 1741 1745 3434
5 5235 6400 6401 3435
5 4697 4156 6631 3436
5 2102 6487 6488 3437
5 6525 2017 7245 3438
5 6463 3099 6770 3439
5 2949 7285 7430 3440
5 5060 5059 7253 3441
5 2206 2264 6304 3442
5 284 285 6470 3443
5 2578 2579 2580 3444
5 1806 1859 1984 3445
5 2711 2712 2713 3446
5 6647 3433 7149 3447
5 1856 5742 7114 3448
5 3520 3166 3521 3449
5 6374 4406 6375 3450
5 3850 3270 6837 3451
5 2165 5746 8088 3452
5 4912 4202 6429 3453
5 2989 2917 6770 3454
5 2576 2577 2578 3455
5 3278 4526 5863 3456
5 6236 6235 6244 3457
5 233 5861 6410 3458
5 7131 5673 7185 3459
5 6606 5260 7183 3460
5 7300 6144 7323 3461
5 3129 2745 3147 3462
5 4214 3521 6956 3463
5 3241 3353 3980 3464
5 1987 1985 2390 3465
5 3900 5139 6880 3466
5 2696 2697 2698 3467
5 4482 2644 6473 3468
5 2370 2493 3511 3469
5 2781 2738 6609 3470
5 2068 2062 6296 3471
5 5117 8096 8174 3472
5 5797 5795 5798 3473
5 6068 1401 7913 3474
5 2024 2022 5925 3475
5 5680 5682 5683 3476
5 6285 4032 6286 3477
5 4924 4559 5567 3478
5 5729 5730 7032 3479
5 345 346 1317 3480
5 1705 1707 2394 3481
5 6248 6252 6258 3482
5 2671 2675 6690 3483
5 3511 3607 3986 3484
5 1986 1987 1988 3485
5 3352 3988 3989 3486
5 2163 2164 2336 3487
5 2155 2156 2163 3488
5 4026 4360 4424 3489
5 4797 5296 6398 3490
5 2574 2575 2576 3491
5 4034 5750 5751 3492
5 1735 4447 4451 3493
5 3250 6141 6787 3494
5 6537 5114 7663 3495
5 5008 6837 6851 3496
5 2026 2024 2066 3497
5 4738 4646 6407 3498
5 5875 5874 5877 3499
5 5801 3264 5806 3500
5 3628 4161 4162 3501
5 4613 4612 5022 3502
5 6335 7131 7185 3503
5 4771 4897 6324 3504
5 5023 5022 5600 3505
5 3471 2377 5587 3506
5 2738 4572 6609 3507
5 4476 6476 7419 3508
5 3177 6990 6991 3509
5 330 1292 6557 3510
5 4424 5520 5902 3511
5 6431 2310 6432 3512
5 3353 3355 6524 3513
5 7604 5799 8086 3514
5 1705 2394 5885 3515
5 1659 7017 8367 3516
5 2343 2272 6682 3517
5 4408 4409 4522 3518
5 5731 6767 7150 3519
5 2319 2369 2370 3520
5 4143 7326 7572 3521
5 3504 4401 4408 3522
5 6112 1621 6114 3523
5 4804 6089 7559 3524
5 3525 3527 6784 3525
5 347 348 1366 3526
5 2634 2635 6475 3527
5 2911 2913 6220 3528
5 5065 5398 5564 3529
5 5784 1654 5785 3530
5 1361 353 6070 3531
5 6153 6152 6154 3532
5 2577 5930 5933 3533
5 4445 5776 5777 3534
5 6141 5770 6787 3535
5 2425 2427 3642 3536
5 2713 2714 2731 3537
5 4301 4357 4358 3538
5 2018 1680 6163 3539
5 4203 3853 6866 3540
5 3589 3587 6321 3541
5 5697 4370 5771 3542
5 3542 4035 6191 3543
5 4473 5474 6218 3544
5 4785 4804 6345 3545
5 5593 1300 8148 3546
5 4718 5678 6010 3547
5 2032 2030 2033 3548
5 236 1370 6351 3549
5 2335 2334 3233 3550
5 4102 3689 6402 3551
5 5409 5408 5411 3552
5 4917 4110 5275 3553
5 5683 5684 5685 3554
5 1701 1726 5911 3555
5 6497 6496 6498 3556
5 2338 2336 2386 3557
5 349 350 1332 3558
5 2051 2154 2155 3559
5 5914 4943 5915 3560
5 2445 6143 7300 3561
5 336 337 1301 3562
5 2945 2943 6457 3563
5 2240 2439 6352 3564
5 6440 4385 6441 3565
5 3847 4488 6698 3566
5 4791 4883 6353 3567
5 1823 1852 6354 3568
5 1980 3731 6466 3569
5 6344 7344 8483 3570
5 4611 4609 4612 3571
5 242 5762 6041 3572
5 2066 2024 5925 3573
5 2421 5967 5968 3574
5 2560 2558 3177 3575
5 3004 3730 4210 3576
5 243 244 1305 3577
5 248 249 1299 3578
5 1701 1703 1726 3579
5 6298 2874 6299 3580
5 6526 6223 6527 3581
5 4002 4121 4900 3582
5 2046 2045 2048 3583
5 6467 1372 6468 3584
5 2036 2034 2050 3585
5 2049 2048 2051 3586
5 6093 6610 7619 3587
5 4521 4811 6358 3588
5 5742 6805 7138 3589
5 3534 3997 4292 3590
5 4965 4966 4967 3591
5 4767 4765 6333 3592
5 2440 6043 6044 3593
5 2052 2051 5982 3594
5 4957 7884 7973 3595
5 6813 6653 6814 3596
5 2254 2312 6362 3597
5 4142 3266 6630 3598
5 2572 2573 2574 3599
5 2644 2645 6473 3600
5 3133 3132 3134 3601
5 5061 4233 6451 3602
5 4348 5191 6558 3603
5 2941 2939 6465 3604
5 1516 2010 6364 3605
5 2753 2754 5004 3606
5 5912 2390 6023 3607
5 2122 2121 2142 3608
5 5052 6671 7508 3609
5 5004 6795 7354 3610
5 5870 2671 6690 3611
5 3788 3875 5147 3612
5 5930 5932 5933 3613
5 2387 2386 3504 3614
5 5773 4522 5774 3615
5 2731 2732 2745 3616
5 4019 3990 4020 3617
5 4553 4551 5921 3618
5 3763 3764 4158 3619
5 4935 5735 6525 3620
5 1697 3486 5941 3621
5 4440 5862 6458 3622
5 2705 2704 2706 3623
5 4369 4368 5121 3624
5 7829 6131 8151 3625
5 3131 2797 3132 3626
5 6843 5017 7922 3627
5 3334 3335 3763 3628
5 352 353 1361 3629
5 4502 4501 6026 3630
5 2856 2921 6569 3631
5 3370 4197 6377 3632
5 3151 3152 3334 3633
5 2038 2036 5903 3634
5 2143 2142 4425 3635
5 2575 2573 2904 3636
5 3137 3136 3138 3637
5 2502 6403 6404 3638
5 1721 1709 1722 3639
5 2145 2143 6231 3640
5 6494 3467 6577 3641
5 4358 4359 5159 3642
5 2568 2571 2572 3643
5 2812 2842 6090 3644
5 3654 3653 4002 3645
5 7446 2830 7525 3646
5 3910 3358 6492 3647
5 8253 7038 8256 3648
5 1301 337 5957 3649
5 6233 4803 6576 3650
5 4449 4448 4450 3651
5 6093 3746 6609 3652
5 335 6300 6302 3653
5 3309 3716 6378 3654
5 4158 4159 5218 3655
5 5372 5370 5375 3656
5 6533 2981 6534 3657
5 4992 6833 7154 3658
5 4449 4452 5591 3659
5 5368 5366 5374 3660
5 2337 2389 3294 3661
5 2033 2030 6999 3662
5 2269 2268 2334 3663
5 2927 6806 6807 3664
5 4452 4450 4453 3665
5 3680 3943 6543 3666
5 4267 4468 6038 3667
5 4378 4356 4379 3668
5 4987 6489 7406 3669
5 6044 6043 6045 3670
5 1565 1568 6588 3671
5 5866 5621 6543 3672
5 1680 1681 1682 3673
5 1678 1679 1680 3674
5 2375 2377 3471 3675
5 5952 4046 5953 3676
5 1676 1677 1678 3677
5 3334 3765 6328 3678
5 1988 1989 1990 3679
5 2707 2706 2708 3680
5 1682 1683 1684 3681
5 1684 1685 1686 3682
5 5324 5025 5471 3683
5 1686 1687 1709 3684
5 2760 2761 2797 3685
5 2699 2697 3747 3686
5 6010 5678 6905 3687
5 4455 6539 7999 3688
5 6154 6155 6156 3689
5 1674 1675 1676 3690
5 3765 3763 6183 3691
5 6277 4114 6280 3692
5 4908 4453 6336 3693
5 2583 2705 3392 3694
5 2110 2109 2111 3695
5 2040 2038 4093 3696
5 4720 6235 6236 3697
5 2167 2479 2480 3698
5 1691 1693 5958 3699
5 4941 6569 7165 3700
5 4558 4553 4559 3701
5 4380 4379 5380 3702
5 6078 4866 6658 3703
5 1723 1722 1724 3704
5 3111 3112 3349 3705
5 3252 3748 6141 3706
5 3330 4444 5766 3707
5 3807 3276 6320 3708
5 2879 6538 7378 3709
5 6305 2264 7329 3710
5 6393 4532 6394 3711
5 344 345 6008 3712
5 1697 1699 3486 3713
5 2328 6496 6497 3714
5 4923 4921 5453 3715
5 4611 4612 4613 3716
5 3681 3678 6553 3717
5 5989 5987 5990 3718
5 3517 2451 3518 3719
5 4549 4369 6014 3720
5 3615 3297 3616 3721
5 4242 6494 6611 3722
5 4613 5022 5023 3723
5 5556 5552 6361 3724
5 3318 3317 6270 3725
5 5982 5983 5984 3726
5 6290 6289 7033 3727
5 5945 5944 5946 3728
5 3154 3599 3600 3729
5 2577 2575 5930 3730
5 5953 5954 5955 3731
5 702 708 6603 3732
5 4919 4082 4920 3733
5 4299 5959 5960 3734
5 5926 5928 6037 3735
5 3326 3014 3327 3736
5 5474 5473 5475 3737
5 2356 2364 4100 3738
5 2328 1897 6496 3739
5 3890 3938 6674 3740
5 4404 3235 5136 3741
5 3129 3147 4312 3742
5 5001 6659 6813 3743
5 2583 2579 2704 3744
5 1725 1724 1729 3745
5 5741 6773 7082 3746
5 2122 2144 6639 3747
5 1317 346 6017 3748
5 4551 4549 4557 3749
5 1293 5664 8294 3750
5 4283 4284 4817 3751
5 6440 6441 6442 3752
5 4919 4920 4921 3753
5 2482 2483 2484 3754
5 2159 2309 6322 3755
5 3704 3617 3952 3756
5 2122 2142 2143 3757
5 4722 2516 6355 3758
5 3953 3952 4889 3759
5 4402 2582 5939 3760
5 1730 1729 1731 3761
5 2044 2042 2045 3762
5 5476 5475 5701 3763
5 3346 8236 8267 3764
5 1888 5810 7258 3765
5 2918 6801 7234 3766
5 1693 1695 1712 3767
5 1732 1731 1736 3768
5 2447 4355 4356 3769
5 1737 1736 1742 3770
5 4889 4892 5206 3771
5 2528 7038 8253 3772
5 1743 1742 1749 3773
5 3642 2427 5872 3774
5 4447 4446 4448 3775
5 4473 5472 5473 3776
5 4494 4618 6175 3777
5 6029 6028 6030 3778
5 2432 2433 3617 3779
5 3549 4127 6636 3780
5 6221 6223 6526 3781
5 2480 2481 2482 3782
5 3469 3349 3592 3783
5 2929 3706 3707 3784
5 4124 4073 4993 3785
5 1749 2431 2432 3786
5 4453 5148 6336 3787
5 3630 3592 4176 3788
5 2081 2015 6460 3789
5 3617 3618 6215 3790
5 2169 6621 6635 3791
5 2707 2709 3268 3792
5 3557 3559 3560 3793
5 1579 1582 6172 3794
5 2715 2713 6684 3795
5 2842 2881 6040 3796
5 3364 6659 6861 3797
5 2627 2630 7031 3798
5 2282 2180 6443 3799
5 3110 2995 3111 3800
5 3733 3734 4264 3801
5 2036 2050 5903 3802
5 2893 2895 6108 3803
5 2336 2164 2337 3804
5 1366 348 6025 3805
5 2711 2713 2715 3806
5 4722 6355 6356 3807
5 5229 4914 5230 3808
5 3667 3668 3733 3809
5 3707 3708 3709 3810
5 4095 4096 4130 3811
5 3183 2563 4368 3812
5 2709 2708 2710 3813
5 2842 6040 6090 3814
5 2895 2897 3015 3815
5 2825 2824 2850 3816
5 6348 5642 6349 3817
5 4414 4413 4914 3818
5 2851 2850 2883 3819
5 2994 2926 2995 3820
5 3963 3962 4501 3821
5 2469 2467 6501 3822
5 4265 4264 5030 3823
5 3665 3666 3667 3824
5 2585 4402 5850 3825
5 2296 2310 6431 3826
5 4330 4267 5376 3827
5 1736 1738 6216 3828
5 2441 7340 7561 3829
5 2741 2724 2824 3830
5 5597 8358 8407 3831
5 5357 4090 6478 3832
5 5849 4505 6265 3833
5 2398 2400 2403 3834
5 2163 2156 2164 3835
5 1963 1959 2165 3836
5 2763 2765 6151 3837
5 3577 3576 4177 3838
5 4100 2364 6162 3839
5 3749 3751 6338 3840
5 2267 3664 3665 3841
5 3004 4210 4211 3842
5 2001 1963 6036 3843
5 6046 6045 6047 3844
5 2185 2145 2268 3845
5 5999 5998 6000 3846
5 3461 5787 5788 3847
5 3475 3474 3576 3848
5 6151 6152 6153 3849
5 4266 3995 4267 3850
5 4310 4309 4806 3851
5 283 1372 6467 3852
5 2190 2189 2267 3853
5 4411 4412 4413 3854
5 3996 3991 6072 3855
5 3202 3200 5952 3856
5 3034 3033 3113 3857
5 5321 4806 5462 3858
5 6821 5740 7115 3859
5 2120 2074 2121 3860
5 2731 2745 3129 3861
5 2881 2889 3004 3862
5 2120 2121 2122 3863
5 2711 2710 2712 3864
5 1768 1767 2393 3865
5 3026 3025 3046 3866
5 3129 5538 6684 3867
5 5343 4623 6294 3868
5 3697 3696 3962 3869
5 2901 2903 3151 3870
5 2746 2752 2753 3871
5 6005 2449 6006 3872
5 2120 2122 6639 3873
5 1687 1689 6094 3874
5 3093 3092 3317 3875
5 3994 3709 3995 3876
5 4522 4409 5063 3877
5 6328 3765 6531 3878
5 5995 2691 5996 3879
5 3858 3857 4620 3880
5 2056 2054 2059 3881
5 4034 5751 7983 3882
5 6539 4802 6540 3883
5 4413 4874 6082 3884
5 2393 4410 4411 3885
5 3297 3296 6859 3886
5 5996 5997 5998 3887
5 4652 3823 6582 3888
5 2906 3711 3712 3889
5 3200 3198 4046 3890
5 2143 4425 6231 3891
5 2731 3129 6684 3892
5 3652 3505 3653 3893
5 2423 3621 6319 3894
5 2269 2450 6656 3895
5 6000 6001 6004 3896
5 4802 4350 5044 3897
5 2765 2767 2768 3898
5 4819 5534 5535 3899
5 2952 2951 2953 3900
5 4092 1923 6474 3901
5 3892 3589 4073 3902
5 4526 4527 4965 3903
5 4408 4401 4409 3904
5 6072 4869 6073 3905
5 5789 5791 5792 3906
5 1707 1710 5778 3907
5 2991 3483 6538 3908
5 2872 2871 2929 3909
5 3712 3713 3714 3910
5 2954 2953 6189 3911
5 2984 3153 3154 3912
5 2088 2101 6635 3913
5 2590 2592 6034 3914
5 3695 3693 3696 3915
5 2950 2949 2951 3916
5 6084 3614 6085 3917
5 3623 3847 6698 3918
5 3658 3656 3940 3919
5 6173 4494 6175 3920
5 6015 2263 6016 3921
5 1990 1991 1992 3922
5 2269 2334 2335 3923
5 2756 2759 2760 3924
5 1693 1712 5958 3925
5 3714 3715 3902 3926
5 3796 3795 3857 3927
5 4733 7468 7625 3928
5 4115 6278 6279 3929
5 5759 5758 8389 3930
5 1817 6074 6075 3931
5 3892 4073 4124 3932
5 3721 3720 3991 3933
5 4557 4549 6014 3934
5 2703 4476 4477 3935
5 4144 4146 4308 3936
5 5774 4522 5943 3937
5 349 1332 6025 3938
5 2108 2079 2109 3939
5 4920 6103 6104 3940
5 2988 2990 6406 3941
5 4924 5567 6387 3942
5 2266 7276 7365 3943
5 4308 5196 5721 3944
5 3776 3778 4283 3945
5 4478 4477 4479 3946
5 3982 3983 4280 3947
5 3485 3202 4016 3948
5 4288 4287 5084 3949
5 2155 2154 2156 3950
5 4479 4481 4564 3951
5 5777 1354 8339 3952
5 1913 8577 8581 3953
5 1590 1593 1674 3954
5 1582 1584 2447 3955
5 4743 5328 5329 3956
5 3212 3507 3982 3957
5 6547 2124 8139 3958
5 2114 2112 2149 3959
5 4564 5319 5601 3960
5 4120 4742 4743 3961
5 6021 2429 6022 3962
5 3587 3585 3970 3963
5 3802 4497 6645 3964
5 3070 3069 3084 3965
5 3719 3685 3720 3966
5 3080 3145 3293 3967
5 4145 4144 6291 3968
5 6210 3789 6645 3969
5 3718 3150 3795 3970
5 4256 5117 6707 3971
5 3080 3724 6409 3972
5 3144 3234 3235 3973
5 3504 2386 4401 3974
5 3726 3725 4144 3975
5 5383 5381 5468 3976
5 2961 2958 7197 3977
5 3724 3293 3725 3978
5 3317 3672 3791 3979
5 4623 6292 6293 3980
5 3377 3380 6822 3981
5 2768 2767 2769 3982
5 5680 5683 6905 3983
5 6309 4021 6310 3984
5 2403 3211 3212 3985
5 4559 4553 5921 3986
5 3989 3988 3990 3987
5 5251 4124 6295 3988
5 6285 6286 6287 3989
5 4280 4313 4361 3990
5 3050 3049 5015 3991
5 240 241 1368 3992
5 4286 3902 4287 3993
5 3772 3774 4295 3994
5 5551 4912 5552 3995
5 1572 1574 6042 3996
5 3084 3684 3685 3997
5 4900 4121 5181 3998
5 3670 3671 4309 3999
5 3056 3055 3080 4000
5 2185 2268 2269 4001
5 7532 5754 7587 4002
5 2864 2863 2906 4003
5 3991 4192 4869 4004
5 4793 5865 7828 4005
5 2948 2947 2949 4006
5 4347 4348 6558 4007
5 5905 5906 7488 4008
5 1992 2002 2003 4009
5 2690 4482 5448 4010
5 5219 5218 6428 4011
5 3313 3601 3603 4012
5 3459 3971 6218 4013
5 1336 252 6480 4014
5 2271 2140 6592 4015
5 5191 5192 5598 4016
5 3951 6236 6237 4017
5 3748 4456 6141 4018
5 3791 3792 4347 4019
5 2769 2771 2772 4020
5 6599 6600 6601 4021
5 3583 3581 6166 4022
5 4485 3834 6858 4023
5 3656 3654 6064 4024
5 4501 5095 5233 4025
5 2032 2033 2034 4026
5 6755 1284 7578 4027
5 5621 4879 6543 4028
5 3774 3776 5971 4029
5 1674 1676 3661 4030
5 6481 6480 6482 4031
5 4995 4218 5353 4032
5 6106 5225 6107 4033
5 3768 3770 4299 4034
5 1568 1570 6062 4035
5 5523 4502 5524 4036
5 4495 4493 4962 4037
5 1689 1691 3732 4038
5 333 334 1334 4039
5 2876 2874 6298 4040
5 2118 2116 2421 4041
5 2054 2052 5985 4042
5 3678 3676 6553 4043
5 5002 5001 6813 4044
5 5107 4489 5944 4045
5 4404 5136 5503 4046
5 5490 5489 5491 4047
5 3971 4472 4473 4048
5 4997 4998 5590 4049
5 6642 4092 7507 4050
5 1897 1895 6496 4051
5 4821 4027 6449 4052
5 3699 3700 3701 4053
5 2856 2855 2921 4054
5 4609 4607 6271 4055
5 2592 2757 6034 4056
5 2129 2127 2150 4057
5 1582 2447 6172 4058
5 3702 3701 4084 4059
5 2544 2542 2563 4060
5 3937 6027 6028 4061
5 4085 4084 4997 4062
5 2988 6406 7108 4063
5 3250 3252 6141 4064
5 3755 3757 4298 4065
5 5718 5720 5843 4066
5 1620 1562 6650 4067
5 2447 4356 4378 4068
5 2131 2129 6201 4069
5 2003 2021 2022 4070
5 3581 3579 3937 4071
5 5559 4924 6387 4072
5 4911 4202 4912 4073
5 2341 3698 3699 4074
5 6624 6259 7194 4075
5 4864 5489 5490 4076
5 6562 6411 6710 4077
5 2185 2269 6656 4078
5 2116 2114 5966 4079
5 4002 3653 4121 4080
5 1758 1756 1787 4081
5 6047 6051 6054 4082
5 4071 4070 4764 4083
5 2946 2945 2947 4084
5 4962 6173 6174 4085
5 1735 1713 4446 4086
5 2214 2213 2341 4087
5 4765 4764 5069 4088
5 3770 3772 5959 4089
5 3520 3521 3884 4090
5 6546 5058 6672 4091
5 2135 2133 2146 4092
5 6133 6132 6134 4093
5 5012 6194 6195 4094
5 6752 5588 8437 4095
5 3153 2980 6533 4096
5 4361 4942 4943 4097
5 1764 1762 6063 4098
5 3455 3099 6463 4099
5 2790 2791 2799 4100
5 6502 4199 6503 4101
5 1791 1790 2487 4102
5 4309 4311 6117 4103
5 6403 5439 6404 4104
5 4378 4379 4380 4105
5 2890 2893 6485 4106
5 2921 4640 5632 4107
5 2487 2488 3547 4108
5 3131 3132 3133 4109
5 4615 2047 6456 4110
5 3046 3692 3693 4111
5 2137 2135 6217 4112
5 3547 3779 4070 4113
5 4110 3488 5949 4114
5 1762 1760 3265 4115
5 6154 6152 6155 4116
5 3757 3768 5976 4117
5 3134 3132 3136 4118
5 6475 3155 6476 4119
5 2713 2712 2714 4120
5 4491 4492 4493 4121
5 3623 3845 3847 4122
5 2133 2131 6203 4123
5 3473 3318 3474 4124
5 3959 6551 6688 4125
5 2051 2048 2154 4126
5 6113 6112 6114 4127
5 3860 6132 6133 4128
5 3024 2977 3025 4129
5 7632 5038 7635 4130
5 3091 3082 3092 4131
5 3444 3446 6012 4132
5 3343 3342 3344 4133
5 4070 4535 6190 4134
5 2040 4093 5908 4135
5 6092 3746 6093 4136
5 1678 1680 2018 4137
5 5849 6682 6961 4138
5 2473 2471 6454 4139
5 3345 3344 3542 4140
5 4427 4306 5020 4141
5 5873 5875 5876 4142
5 1766 1764 1767 4143
5 4876 5340 5527 4144
5 6443 2180 6445 4145
5 1686 1685 1687 4146
5 2773 2789 2790 4147
5 5008 3850 6837 4148
5 1684 1683 1685 4149
5 3032 3030 3033 4150
5 6636 5347 6637 4151
5 1682 1681 1683 4152
5 4114 3285 6282 4153
5 4284 4819 6019 4154
5 3737 3738 4371 4155
5 2704 5933 6863 4156
5 3543 3542 6191 4157
5 2188 2158 2189 4158
5 3599 3153 3729 4159
5 1680 1679 1681 4160
5 5054 6877 7517 4161
5 2878 2876 2926 4162
5 4380 5380 5381 4163
5 6044 6045 6046 4164
5 6589 4547 6590 4165
5 2958 2956 2974 4166
5 1951 1980 6466 4167
5 2944 2943 2945 4168
5 3557 3560 6614 4169
5 6253 6248 6258 4170
5 3763 3335 3764 4171
5 5646 2727 8062 4172
5 6332 4767 6333 4173
5 6522 5019 6523 4174
5 4398 4400 5043 4175
5 2194 2192 2449 4176
5 2686 4490 4491 4177
5 6043 6042 6059 4178
5 6245 2448 6246 4179
5 3328 3330 3496 4180
5 4558 4559 4924 4181
5 6380 6379 6381 4182
5 1678 1677 1679 4183
5 3823 3821 6582 4184
5 4493 4494 6173 4185
5 5690 3798 5691 4186
5 2942 2941 2943 4187
5 1772 1770 1817 4188
5 5899 5898 5901 4189
5 2926 6298 6719 4190
5 2760 2797 3131 4191
5 4394 4396 4933 4192
5 2772 2771 2773 4193
5 2618 2620 3158 4194
5 2348 2333 6561 4195
5 1721 1722 1723 4196
5 3144 3235 4404 4197
5 3015 2897 4946 4198
5 5549 3996 5550 4199
5 3076 3074 3079 4200
5 3446 3448 3901 4201
5 5552 5553 5554 4202
5 4993 4994 5530 4203
5 1291 6605 6606 4204
5 6143 1629 6144 4205
5 3349 3112 3350 4206
5 335 336 6300 4207
5 3587 3970 6321 4208
5 2044 2045 2046 4209
5 3679 3680 6543 4210
5 2805 2791 6667 4211
5 2612 2614 2905 4212
5 1558 1560 6177 4213
5 4158 3764 4159 4214
5 4736 6095 6096 4215
5 3040 3038 3043 4216
5 5286 2473 6454 4217
5 3334 3152 3335 4218
5 2866 2864 6330 4219
5 3234 4076 6348 4220
5 2940 2939 2941 4221
5 2163 2336 2338 4222
5 2173 2356 6366 4223
5 3341 3340 3342 4224
5 2196 2194 6005 4225
5 1574 1618 6042 4226
5 3200 4046 5952 4227
5 6056 6053 6058 4228
5 3111 2995 3112 4229
5 2588 2590 3146 4230
5 2610 2612 6259 4231
5 5100 5099 5408 4232
5 2953 2962 2987 4233
5 4437 4435 4438 4234
5 4058 4056 4350 4235
5 4757 6098 6099 4236
5 3740 3786 4306 4237
5 5004 2754 5951 4238
5 3796 3857 3858 4239
5 2624 2626 6311 4240
5 1926 4434 4435 4241
5 1905 1917 6615 4242
5 2198 2196 2263 4243
5 4666 5327 5486 4244
5 2952 2953 2954 4245
5 5326 4701 5853 4246
5 1686 1709 1721 4247
5 4439 4438 4666 4248
5 3963 4501 4502 4249
5 4801 6101 6102 4250
5 6135 6134 6136 4251
5 4056 4054 6317 4252
5 3829 3830 4143 4253
5 1776 1774 3195 4254
5 326 5695 8338 4255
5 3068 3066 3069 4256
5 5692 3712 6350 4257
5 2012 4440 6458 4258
5 2046 2048 2049 4259
5 4498 4098 6583 4260
5 2987 3097 3150 4261
5 3442 3444 4507 4262
5 3909 3358 3910 4263
5 4242 3930 6494 4264
5 4761 4760 5447 4265
5 2632 2634 2703 4266
5 4811 6109 6110 4267
5 2950 2951 2952 4268
5 6125 6124 6128 4269
5 2622 2624 2691 4270
5 1835 1834 1926 4271
5 3352 3989 6969 4272
5 4396 4398 5993 4273
5 4501 5233 6026 4274
5 6487 2082 6816 4275
5 3042 3040 6267 4276
5 4390 4392 4940 4277
5 4948 4915 5268 4278
5 5683 5688 6905 4279
5 6144 6145 6146 4280
5 3409 3411 6994 4281
5 1676 1675 1677 4282
5 4312 3147 8515 4283
5 3064 3062 6273 4284
5 6156 6155 6158 4285
5 3151 2903 3152 4286
5 3475 3576 3577 4287
5 3048 3045 3049 4288
5 2174 2102 6488 4289
5 2049 2051 2052 4290
5 2202 2200 2429 4291
5 5914 5915 5916 4292
5 3062 3060 3083 4293
5 6046 6047 6048 4294
5 3359 3291 7213 4295
5 3951 3949 6236 4296
5 3054 3052 3055 4297
5 2761 2763 6160 4298
5 1570 2440 6062 4299
5 2790 2789 2791 4300
5 6122 6123 6124 4301
5 1780 1778 1808 4302
5 3163 3162 3164 4303
5 3418 3421 6856 4304
5 4622 4431 4623 4305
5 6121 3610 6122 4306
5 2926 2876 6298 4307
5 5002 6814 6815 4308
5 1585 1588 6942 4309
5 2938 2937 2939 4310
5 3697 3962 3963 4311
5 6146 6147 6149 4312
5 2200 2198 6015 4313
5 4127 5346 5347 4314
5 6221 6220 6223 4315
5 6382 6381 6383 4316
5 4091 6368 6369 4317
5 4473 5473 5474 4318
5 4306 4307 6205 4319
5 4720 6234 6235 4320
5 3334 3763 3765 4321
5 2620 2622 5995 4322
5 4158 5218 5219 4323
5 3718 3795 3796 4324
5 251 252 1336 4325
5 4386 4388 4951 4326
5 2329 6434 6435 4327
5 3485 4016 4206 4328
5 3949 3950 4720 4329
5 4752 4754 5207 4330
5 2315 2314 2378 4331
5 2870 2868 2871 4332
5 5768 5767 5769 4333
5 3703 4384 4385 4334
5 3707 3706 3708 4335
5 1574 1576 1618 4336
5 3427 3429 6084 4337
5 2642 2644 2690 4338
5 5535 5534 5674 4339
5 4058 4802 6539 4340
5 2638 2640 3155 4341
5 2868 2866 6206 4342
5 2516 2378 3539 4343
5 2929 2871 3706 4344
5 2111 2109 3828 4345
5 4348 4382 5191 4346
5 3937 6028 6029 4347
5 3151 3334 6328 4348
5 2112 2111 6493 4349
5 3560 4194 6614 4350
5 2753 5004 7776 4351
5 4392 4394 6007 4352
5 3539 3540 3949 4353
5 5474 5475 5476 4354
5 2081 6460 6592 4355
5 2338 2386 2387 4356
5 6232 4803 6233 4357
5 2948 2949 2950 4358
5 3956 4487 4915 4359
5 4624 4134 4625 4360
5 1786 1784 6150 4361
5 2206 2204 2264 4362
5 5376 4267 6038 4363
5 3082 3078 6335 4364
5 4076 5641 5642 4365
5 2204 2202 6021 4366
5 1570 1572 2440 4367
5 3543 6191 6192 4368
5 1723 1724 1725 4369
5 2416 2417 2419 4370
5 3024 3025 3026 4371
5 4002 4900 4901 4372
5 3436 3438 3670 4373
5 3695 3696 3697 4374
5 4442 4068 4760 4375
5 4707 4750 5356 4376
5 2931 2836 6495 4377
5 3274 3270 3850 4378
5 3940 3656 6064 4379
5 5476 5701 5702 4380
5 1682 1684 4463 4381
5 3971 4473 6218 4382
5 4267 3995 4468 4383
5 2110 2111 2112 4384
5 2208 2206 6304 4385
5 2600 2701 3144 4386
5 1912 6566 6567 4387
5 5960 5959 5962 4388
5 6416 6420 6618 4389
5 3785 4639 6411 4390
5 4035 4797 5247 4391
5 3093 3317 3318 4392
5 2394 1707 5778 4393
5 6307 7696 8290 4394
5 4916 4110 4917 4395
5 2753 2752 2754 4396
5 3341 3342 3343 4397
5 238 239 1315 4398
5 3490 2911 6220 4399
5 3004 2889 3730 4400
5 6772 4944 7031 4401
5 3709 3708 3710 4402
5 2731 2714 2732 4403
5 2847 6696 6831 4404
5 5434 5432 5514 4405
5 3946 4200 4202 4406
5 4408 4522 5773 4407
5 2640 2642 6024 4408
5 2987 3150 3718 4409
5 2192 2190 6079 4410
5 1689 3732 6094 4411
5 3345 3542 3543 4412
5 3343 3344 3345 4413
5 1784 1782 4467 4414
5 4310 4806 5321 4415
5 3737 4371 4422 4416
5 2854 2849 2855 4417
5 3510 3945 3946 4418
5 3276 6319 6320 4419
5 2862 2860 2863 4420
5 6103 3598 6105 4421
5 3161 2799 3162 4422
5 3446 3901 6012 4423
5 233 234 5861 4424
5 6563 3006 6715 4425
5 5247 4797 6398 4426
5 254 1295 6484 4427
5 4283 3778 4284 4428
5 5542 3112 6719 4429
5 348 349 6025 4430
5 3045 3042 6268 4431
5 2059 2054 5985 4432
5 2212 2210 2213 4433
5 1887 1885 6570 4434
5 6378 6379 6380 4435
5 4104 5019 6522 4436
5 2387 3504 3505 4437
5 3601 3314 3602 4438
5 5551 5552 5556 4439
5 1480 1482 6275 4440
5 3473 3474 3475 4441
5 3112 2995 6719 4442
5 3704 3952 3953 4443
5 247 8013 8149 4444
5 3046 3693 3695 4445
5 3953 4889 4890 4446
5 2432 3617 3704 4447
5 2114 2149 5966 4448
5 4103 4102 4320 4449
5 4082 3598 6103 4450
5 7163 6409 7169 4451
5 2108 2109 2110 4452
5 3423 3425 6111 4453
5 4217 3794 4218 4454
5 2592 2598 2757 4455
5 3175 3509 3510 4456
5 3670 4309 4310 4457
5 6584 4485 6585 4458
5 2538 2536 2998 4459
5 4388 4390 6018 4460
5 3238 3878 3879 4461
5 1789 1786 1790 4462
5 4537 4705 5318 4463
5 3690 3689 4102 4464
5 3246 3297 3615 4465
5 4414 4914 5229 4466
5 4320 4949 5707 4467
5 2760 2759 2761 4468
5 3652 3653 3654 4469
5 3930 3467 6494 4470
5 2414 2415 2416 4471
5 3030 3028 6365 4472
5 4526 5618 5863 4473
5 4431 4145 6292 4474
5 1631 6446 6447 4475
5 4377 4087 5012 4476
5 1725 1729 1730 4477
5 4283 4817 5452 4478
5 4295 3774 5971 4479
5 4076 5642 6348 4480
5 2220 2218 2340 4481
5 2210 2208 6306 4482
5 4299 5960 5961 4483
5 3905 3907 4860 4484
5 3230 3497 3689 4485
5 2791 2789 6667 4486
5 3599 3729 4017 4487
5 5247 6398 6399 4488
5 5000 4544 6525 4489
5 6520 6502 6580 4490
5 1795 1793 1856 4491
5 4411 4413 4414 4492
5 3689 3691 6402 4493
5 4771 4769 4897 4494
5 3091 3092 3093 4495
5 4941 3711 6697 4496
5 2149 2112 6493 4497
5 5229 5230 5724 4498
5 1762 3265 6063 4499
5 1749 1742 2431 4500
5 4604 4606 5021 4501
5 3733 3668 3734 4502
5 6206 2866 6330 4503
5 2323 2359 3230 4504
5 6339 6340 6341 4505
5 3429 3431 3614 4506
5 5999 6000 6002 4507
5 3317 3791 6270 4508
5 5552 5554 6361 4509
5 3711 2863 6697 4510
5 4618 4732 5313 4511
5 1482 2511 6275 4512
5 2946 2947 2948 4513
5 2652 2654 2686 4514
5 4773 4771 6324 4515
5 5030 4264 5242 4516
5 3425 3427 3889 4517
5 4889 3952 4892 4518
5 2906 2863 3711 4519
5 2827 2823 3143 4520
5 2224 2222 2435 4521
5 4600 4602 4947 4522
5 3712 3711 3713 4523
5 2131 6201 6203 4524
5 4811 6110 7092 4525
5 6865 3265 7221 4526
5 4639 6444 6710 4527
5 4911 4912 5551 4528
5 2858 2856 6569 4529
5 1730 1731 1732 4530
5 4133 4025 4134 4531
5 3171 3173 6541 4532
5 6021 6022 7329 4533
5 2005 2083 2084 4534
5 3122 2997 3124 4535
5 3315 4021 6309 4536
5 2784 2740 2785 4537
5 6246 6247 6248 4538
5 6178 6177 6179 4539
5 2648 2650 3156 4540
5 3667 3666 3668 4541
5 4299 3770 5959 4542
5 2140 2081 6592 4543
5 2228 2226 2327 4544
5 3665 3667 3669 4545
5 2154 2048 6777 4546
5 4596 4598 4866 4547
5 3448 3458 6269 4548
5 1799 1797 2391 4549
5 3579 3577 6027 4550
5 6425 6424 6426 4551
5 3617 2433 3618 4552
5 1560 1620 6177 4553
5 1736 1731 1738 4554
5 1948 1967 1968 4555
5 5996 5998 5999 4556
5 2432 2431 2433 4557
5 1732 1736 1737 4558
5 4777 4775 5494 4559
5 2436 3745 4068 4560
5 4745 6463 6464 4561
5 1770 1768 6074 4562
5 1560 1562 1620 4563
5 5986 5991 7524 4564
5 4592 4594 4800 4565
5 2423 2422 3621 4566
5 1737 1742 1743 4567
5 3495 6393 7060 4568
5 1743 1749 1750 4569
5 1803 1801 1853 4570
5 4298 3757 5976 4571
5 2662 2664 2687 4572
5 5646 5624 8444 4573
5 6248 6249 6252 4574
5 3032 3033 3034 4575
5 2745 2732 2746 4576
5 2821 2819 3746 4577
5 3175 4541 6690 4578
5 2635 2638 6475 4579
5 4781 4779 5526 4580
5 2799 2791 2800 4581
5 2232 2230 2437 4582
5 2915 2936 2937 4583
5 6494 6577 6964 4584
5 3733 4264 4265 4585
5 1488 1490 6245 4586
5 3665 3664 3666 4587
5 4588 4590 4684 4588
5 4785 4783 4804 4589
5 2401 2402 2404 4590
5 2222 2220 6069 4591
5 1810 1805 2438 4592
5 6456 7208 7228 4593
5 4265 5030 5132 4594
5 2161 2159 6322 4595
5 1766 1767 1768 4596
5 3429 3614 6084 4597
5 1747 3571 6894 4598
5 3873 4199 6502 4599
5 2236 2234 2330 4600
5 2800 2806 2817 4601
5 5929 4332 7387 4602
5 2913 2914 2915 4603
5 4819 5535 6019 4604
5 3339 3340 3341 4605
5 4787 4785 6345 4606
5 4584 4586 4736 4607
5 5953 4046 5954 4608
5 4087 4085 6194 4609
5 3721 3991 3996 4610
5 3907 4229 6106 4611
5 3714 3713 3715 4612
5 2408 2409 3264 4613
5 2267 2189 3664 4614
5 1508 1510 6143 4615
5 2240 2238 2439 4616
5 5991 3651 7391 4617
5 3695 5658 6699 4618
5 6246 6248 6253 4619
5 2645 2648 6473 4620
5 4754 4846 6308 4621
5 4580 4582 4757 4622
5 4602 4604 6067 4623
5 2944 2945 2946 4624
5 1544 1546 1621 4625
5 4607 3218 7275 4626
5 4791 4789 4883 4627
5 2242 2240 6352 4628
5 1548 1550 2436 4629
5 1823 1821 1852 4630
5 5042 4791 6353 4631
5 4229 5126 5225 4632
5 3421 3423 4506 4633
5 3630 4176 5469 4634
5 5647 2277 7540 4635
5 1674 1593 1675 4636
5 4569 4578 4801 4637
5 1825 1823 6354 4638
5 4024 4023 4025 4639
5 2246 2244 2320 4640
5 2077 2082 6487 4641
5 2226 2224 6009 4642
5 1530 1532 1625 4643
5 4598 4600 6076 4644
5 2666 2673 3737 4645
5 2911 2912 2913 4646
5 2790 3161 6490 4647
5 6224 6221 6526 4648
5 3415 3417 3740 4649
5 2194 2449 6005 4650
5 5098 5097 5099 4651
5 2844 3006 6563 4652
5 5811 4953 5812 4653
5 3111 3349 3469 4654
5 4521 4567 4811 4655
5 3719 3720 3721 4656
5 1829 1827 2430 4657
5 2250 2248 2443 4658
5 2823 2821 6091 4659
5 2763 6151 6160 4660
5 4519 4521 6358 4661
5 4594 4596 6078 4662
5 1524 1526 1971 4663
5 3046 3695 6699 4664
5 1833 1831 1834 4665
5 1506 1508 2445 4666
5 4914 4413 6082 4667
5 6196 3662 6197 4668
5 3292 3627 3628 4669
5 6227 2938 6744 4670
5 4910 3961 6799 4671
5 5822 5819 5824 4672
5 2218 2216 6331 4673
5 2366 2422 2423 4674
5 2254 2252 2312 4675
5 4779 4777 6081 4676
5 1540 1542 2441 4677
5 3469 3592 3630 4678
5 4068 4179 6261 4679
5 4590 4592 6083 4680
5 2256 2254 6362 4681
5 5897 5898 5899 4682
5 3946 4202 4911 4683
5 3425 3889 6111 4684
5 3902 3715 3903 4685
5 4433 4517 4803 4686
5 1845 1843 3452 4687
5 3411 3413 3648 4688
5 3293 3145 3482 4689
5 2188 2189 2190 4690
5 5996 2691 5997 4691
5 3991 4869 6072 4692
5 337 338 5957 4693
5 4769 4767 6332 4694
5 2333 2331 4990 4695
5 3173 4898 6541 4696
5 1841 1839 1888 4697
5 2121 2074 6455 4698
5 4473 4472 5472 4699
5 4797 4798 5296 4700
5 4545 4547 6589 4701
5 3393 3395 4091 4702
5 1724 1722 2162 4703
5 1514 1516 6364 4704
5 4054 3868 6568 4705
5 4586 4588 6095 4706
5 4413 4412 4874 4707
5 2942 2943 2944 4708
5 4479 4477 4481 4709
5 5616 1313 8004 4710
5 2260 2258 2434 4711
5 6285 6287 6288 4712
5 2909 2910 2911 4713
5 5622 5621 5626 4714
5 1863 1861 1912 4715
5 4308 4146 5196 4716
5 1516 1518 2010 4717
5 5107 5944 5945 4718
5 4783 4781 6088 4719
5 2849 2827 6039 4720
5 5854 2923 6499 4721
5 1855 1849 1860 4722
5 3401 3403 3860 4723
5 3380 3383 3619 4724
5 3084 3685 3719 4725
5 3405 3407 3610 4726
5 5022 4612 5615 4727
5 4582 4584 6098 4728
5 3793 3149 3794 4729
5 2622 2691 5995 4730
5 1894 1893 1920 4731
5 4144 3725 4146 4732
5 6414 6416 6618 4733
5 2288 2262 2314 4734
5 3943 3682 3944 4735
5 3150 3315 6309 4736
5 5623 5624 5625 4737
5 4578 4580 6101 4738
5 3339 2348 3340 4739
5 2558 2554 6990 4740
5 4564 4481 5319 4741
5 3276 2423 6319 4742
5 6423 6422 6424 4743
5 1865 1863 6164 4744
5 2754 2756 5951 4745
5 3080 3055 3145 4746
5 5044 4350 5725 4747
5 2118 2421 5969 4748
5 2994 2995 3110 4749
5 6423 6424 6425 4750
5 4411 4410 4412 4751
5 3255 3283 6277 4752
5 6239 6237 6240 4753
5 2198 2263 6015 4754
5 1867 1865 3572 4755
5 2658 2660 3168 4756
5 6000 5998 6001 4757
5 4491 4493 4495 4758
5 3175 3510 4541 4759
5 4933 4396 5993 4760
5 2940 2941 2942 4761
5 1542 1544 6112 4762
5 3374 3376 3956 4763
5 2492 1602 6811 4764
5 4495 4962 5430 4765
5 4567 4569 6109 4766
5 1686 1721 6803 4767
5 7459 6149 7497 4768
5 1331 6120 7056 4769
5 4035 4238 4797 4770
5 2393 1767 4410 4771
5 4623 6293 6294 4772
5 5015 3049 5284 4773
5 2739 2729 2740 4774
5 6551 3959 6698 4775
5 4789 4787 6346 4776
5 4463 1684 6803 4777
5 3679 3678 3680 4778
5 4202 4626 6429 4779
5 4058 4350 4802 4780
5 3370 3372 4197 4781
5 6062 6044 7117 4782
5 1510 1512 1629 4783
5 3368 3370 6377 4784
5 6604 6413 6691 4785
5 3685 3684 3686 4786
5 3726 4144 4145 4787
5 1784 4467 6150 4788
5 4308 5721 5722 4789
5 1877 1875 3236 4790
5 3724 3725 3726 4791
5 3315 3852 4021 4792
5 3706 6206 6794 4793
5 3068 3069 3070 4794
5 6127 6768 6994 4795
5 3080 3293 3724 4796
5 2703 2634 4476 4797
5 2202 2429 6021 4798
5 5448 4482 5617 4799
5 2703 4477 4478 4800
5 5178 5025 5324 4801
5 1490 2448 6245 4802
5 4266 4267 4330 4803
5 1873 1871 1909 4804
5 4411 4414 6750 4805
5 4478 4479 4480 4806
5 6583 3913 6671 4807
5 3084 3069 3684 4808
5 4517 4519 6359 4809
5 4642 2154 6777 4810
5 2366 2281 2422 4811
5 3991 3720 4192 4812
5 3056 3080 6409 4813
5 2449 2192 6079 4814
5 4417 5125 6758 4815
5 1821 1819 6357 4816
5 4098 3913 6583 4817
5 2817 2806 2818 4818
5 2907 2908 2909 4819
5 3621 5543 5844 4820
5 6516 6515 6517 4821
5 3542 3612 4035 4822
5 1968 2004 2005 4823
5 1881 1879 1907 4824
5 3155 2640 6024 4825
5 5058 4049 6672 4826
5 4997 4084 4998 4827
5 2938 2939 2940 4828
5 1921 1920 1950 4829
5 3994 3995 4266 4830
5 4953 4439 6229 4831
5 3307 3309 6378 4832
5 4940 4392 6007 4833
5 3042 6267 6268 4834
5 2690 2644 4482 4835
5 2142 3662 6196 4836
5 4427 5020 5234 4837
5 6165 3514 7420 4838
5 2474 2469 6501 4839
5 3701 3700 3703 4840
5 3403 3405 6121 4841
5 3740 4427 6712 4842
5 6413 6417 6691 4843
5 5179 4429 5180 4844
5 4288 5084 5085 4845
5 4869 4192 5169 4846
5 7203 2125 7426 4847
5 3309 3311 3716 4848
5 3740 4306 4427 4849
5 2306 2308 2323 4850
5 3547 4070 4071 4851
5 2028 2026 6644 4852
5 2921 2855 4640 4853
5 3707 3709 3994 4854
5 236 237 1370 4855
5 3699 3701 3702 4856
5 5271 5273 6391 4857
5 3164 3162 4406 4858
5 3475 3578 6735 4859
5 4071 4764 4765 4860
5 4414 5241 6750 4861
5 2905 2614 4483 4862
5 1951 1950 1980 4863
5 4504 3606 6575 4864
5 3395 3397 6368 4865
5 5290 4415 6758 4866
5 4623 4431 6292 4867
5 5996 5999 6756 4868
5 4257 3807 5298 4869
5 3383 3385 6367 4870
5 3664 2189 6771 4871
5 3048 3049 3050 4872
5 2915 2937 2938 4873
5 3950 4433 6232 4874
5 3677 3676 3678 4875
5 4689 4859 5320 4876
5 2406 2407 2408 4877
5 6326 2342 7035 4878
5 4622 4623 5343 4879
5 3093 3472 6738 4880
5 6514 6513 6515 4881
5 4427 5859 6712 4882
5 3699 3698 3700 4883
5 3326 3327 3328 4884
5 3702 4084 4085 4885
5 5832 5830 5833 4886
5 3145 3055 6746 4887
5 3183 4368 4369 4888
5 2208 6304 6306 4889
5 4570 5641 8120 4890
5 4385 4384 4386 4891
5 2534 2532 4565 4892
5 330 331 1292 4893
5 3054 3055 3056 4894
5 3473 3475 6735 4895
5 6659 5001 6861 4896
5 3091 3093 6738 4897
5 1885 1883 3736 4898
5 4173 4839 5120 4899
5 5626 5866 5867 4900
5 3317 3092 3672 4901
5 4390 4940 6018 4902
5 5598 5192 5599 4903
5 2302 2304 2444 4904
5 3490 6220 6221 4905
5 2341 2213 3698 4906
5 1568 6062 6588 4907
5 3714 3902 4286 4908
5 4286 4287 4288 4909
5 4229 5225 6106 4910
5 4922 4921 4923 4911
5 1890 1887 1893 4912
5 1839 1837 7072 4913
5 2830 2831 2919 4914
5 6380 6381 6382 4915
5 2159 2160 2309 4916
5 2447 1584 4355 4917
5 5999 6003 6756 4918
5 6146 6149 6165 4919
5 4133 4134 4624 4920
5 2092 2093 2159 4921
5 4903 3961 4910 4922
5 4838 7014 7757 4923
5 3901 3448 6269 4924
5 1556 1558 2446 4925
5 2878 2926 2994 4926
5 3283 4114 6277 4927
5 6275 2511 7046 4928
5 4806 4309 6117 4929
5 1917 2177 6615 4930
5 1496 1498 1631 4931
5 2793 6090 6595 4932
5 3669 3667 6798 4933
5 2943 3130 6457 4934
5 1490 1492 2448 4935
5 4356 4355 4367 4936
5 2733 2694 6035 4937
5 3791 3672 3792 4938
5 4025 4023 6500 4939
5 5494 6326 7035 4940
5 5434 5514 5537 4941
5 1890 1893 1894 4942
5 4347 3792 4348 4943
5 5024 5023 5025 4944
5 2019 2020 2092 4945
5 1789 1790 1791 4946
5 6790 6385 6791 4947
5 5365 4923 5366 4948
5 6251 6255 6256 4949
5 4764 4070 6190 4950
5 2680 2685 3175 4951
5 2487 1790 2488 4952
5 6339 4746 6340 4953
5 2906 3712 5692 4954
5 1849 1847 6376 4955
5 2212 2213 2214 4956
5 6382 6383 6384 4957
5 2783 2804 6571 4958
5 3261 3625 7032 4959
5 2525 6288 8071 4960
5 3944 4022 4023 4961
5 6512 6511 6513 4962
5 4042 3455 6463 4963
5 5079 7300 7323 4964
5 4426 4531 4532 4965
5 5403 4242 5404 4966
5 2728 2725 2729 4967
5 2292 2294 6433 4968
5 5207 4754 6308 4969
5 3299 3301 4032 4970
5 2124 6547 8165 4971
5 6421 6422 6423 4972
5 4070 3779 4535 4973
5 6050 6048 6545 4974
5 3684 3069 6764 4975
5 2398 2403 6957 4976
5 1510 1629 6143 4977
5 6646 3761 7740 4978
5 4127 5347 6636 4979
5 2220 2340 6069 4980
5 3113 3033 4931 4981
5 3547 2488 3779 4982
5 4309 3671 4311 4983
5 1817 1770 6074 4984
5 1953 1951 6466 4985
5 3675 3674 3676 4986
5 5012 4087 6194 4987
5 3601 3602 3959 4988
5 3372 3374 6118 4989
5 6703 5172 7642 4990
5 4962 4493 6173 4991
5 6133 6134 6135 4992
5 4442 4760 4761 4993
5 1913 7085 8577 4994
5 4271 4485 6584 4995
5 6416 6418 6419 4996
5 4377 5012 5013 4997
5 4140 4141 4426 4998
5 3680 3681 3682 4999
5 2909 2911 3490 5000
5 3293 3482 6775 5001
5 4801 6102 7330 5002
5 5191 4382 5192 5003
5 4154 4697 6596 5004
5 6738 3472 7067 5005
5 4095 4130 6573 5006
5 6571 6563 7265 5007
5 5136 3235 5137 5008
5 4894 4504 4895 5009
5 2818 2829 2830 5010
5 4094 6653 6813 5011
5 4488 6551 6698 5012
5 2224 2435 6009 5013
5 5021 4606 5650 5014
5 4417 4420 5125 5015
5 5871 3145 6746 5016
5 708 1274 6603 5017
5 5728 7163 7169 5018
5 2436 4068 4442 5019
5 5367 5366 5368 5020
5 2854 2855 2856 5021
5 2703 4478 6772 5022
5 4429 4103 6313 5023
5 1721 2486 6803 5024
5 4947 4602 6067 5025
5 2296 2298 2310 5026
5 4918 4082 4919 5027
5 6855 4467 7196 5028
5 7144 5312 8393 5029
5 6657 3810 6848 5030
5 1482 1484 2511 5031
5 4666 4438 5327 5032
5 4435 4434 4436 5033
5 1980 2019 3731 5034
5 1926 4435 4437 5035
5 3058 3056 6409 5036
5 5490 5491 6549 5037
5 4930 3664 6771 5038
5 4866 4598 6076 5039
5 2939 3005 6465 5040
5 6135 6136 6137 5041
5 2607 2610 6624 5042
5 1926 1834 4434 5043
5 6807 6806 7714 5044
5 6278 6277 6280 5045
5 3956 4915 4948 5046
5 2870 2871 2872 5047
5 2294 2296 6431 5048
5 6122 6124 6125 5049
5 5620 4879 5621 5050
5 4437 4438 4439 5051
5 2340 2218 6331 5052
5 4493 4492 4494 5053
5 4191 4042 4745 5054
5 2893 6108 6485 5055
5 4109 3488 4110 5056
5 1973 1955 1974 5057
5 4777 5494 6081 5058
5 4137 4124 5251 5059
5 2615 2618 6554 5060
5 3576 3474 4989 5061
5 4800 4594 6078 5062
5 3000 3001 6670 5063
5 5002 6815 6930 5064
5 2862 2863 2864 5065
5 2315 2378 2516 5066
5 4351 6694 6727 5067
5 5118 4185 6462 5068
5 5775 5521 8157 5069
5 3733 4265 6798 5070
5 2772 2773 6490 5071
5 4321 3798 5690 5072
5 3143 2823 6091 5073
5 1294 261 6598 5074
5 4732 5339 6370 5075
5 4326 4415 5290 5076
5 1964 1994 6680 5077
5 4024 4025 4133 5078
5 4501 3962 5095 5079
5 4781 5526 6088 5080
5 4897 4769 6332 5081
5 4684 4590 6083 5082
5 3980 3353 6524 5083
5 1871 1869 6397 5084
5 4324 4326 6263 5085
5 4858 4185 5118 5086
5 2819 2781 6609 5087
5 3673 3320 3674 5088
5 4736 4586 6095 5089
5 4256 3807 4257 5090
5 2984 2980 3153 5091
5 2827 3143 6039 5092
5 4936 3684 6764 5093
5 6510 6509 6511 5094
5 1863 1912 6164 5095
5 3539 3949 3951 5096
5 3670 3438 3671 5097
5 5232 5029 5965 5098
5 4681 5385 6884 5099
5 3949 3540 3950 5100
5 6578 4810 6860 5101
5 1980 1999 2019 5102
5 4146 3725 6775 5103
5 3163 3164 3165 5104
5 3806 3276 3807 5105
5 4491 4490 4492 5106
5 4081 3598 4082 5107
5 7833 2501 7874 5108
5 4757 4582 6098 5109
5 3949 4720 6236 5110
5 4787 6345 6346 5111
5 1478 1480 1919 5112
5 6122 3610 6123 5113
5 1544 1621 6112 5114
5 6421 6419 6422 5115
5 6801 5730 7234 5116
5 234 235 1328 5117
5 6047 6045 6051 5118
5 5822 5824 5825 5119
5 5020 4306 6205 5120
5 1486 1488 1630 5121
5 4801 4578 6101 5122
5 2092 2159 2161 5123
5 4944 5738 7031 5124
5 6124 6123 6126 5125
5 3144 2701 3234 5126
5 6416 6415 6418 5127
5 1609 1608 6871 5128
5 3590 3589 3892 5129
5 3895 6411 6412 5130
5 3275 2423 3276 5131
5 2638 3155 6475 5132
5 6445 2072 7006 5133
5 2290 2292 2329 5134
5 3283 3285 4114 5135
5 4811 4567 6109 5136
5 6414 6415 6416 5137
5 1958 1957 1959 5138
5 2288 2314 2315 5139
5 5811 5812 5813 5140
5 3685 3686 6797 5141
5 2334 2268 2442 5142
5 2404 2405 2406 5143
5 4915 4487 5226 5144
5 3539 2378 3540 5145
5 2648 3156 6473 5146
5 4067 4233 5061 5147
5 5659 2801 7180 5148
5 3729 6533 6823 5149
5 1855 1860 1861 5150
5 3944 4023 4024 5151
5 1852 1821 6357 5152
5 4306 3786 4307 5153
5 1861 1860 6566 5154
5 2356 4100 6366 5155
5 2686 2654 4490 5156
5 1894 1920 1921 5157
5 4274 4276 6314 5158
5 4864 5488 5489 5159
5 4320 5707 5708 5160
5 3405 3610 6121 5161
5 4803 4517 6359 5162
5 2015 2013 6460 5163
5 5812 4953 6229 5164
5 4000 3826 6616 5165
5 3690 4102 4103 5166
5 3471 5588 5589 5167
5 3253 3255 4115 5168
5 1975 1974 2012 5169
5 1833 1834 1835 5170
5 2436 4442 6729 5171
5 3937 3579 6027 5172
5 3230 3689 3690 5173
5 1962 1959 1963 5174
5 3748 3749 4346 5175
5 4528 6301 8371 5176
5 6168 6167 6169 5177
5 6028 6027 6031 5178
5 4478 4944 6772 5179
5 6146 6145 6147 5180
5 2721 2730 2907 5181
5 2830 2829 2831 5182
5 4276 4324 5220 5183
5 4134 4746 6339 5184
5 3046 3025 3692 5185
5 4745 4042 6463 5186
5 4149 4730 4907 5187
5 4091 3395 6368 5188
5 2000 1963 2001 5189
5 3625 4009 4048 5190
5 6204 6203 7509 5191
5 4014 4863 4864 5192
5 4456 4346 4939 5193
5 2453 3281 6633 5194
5 1494 1496 7141 5195
5 4433 4803 6232 5196
5 3619 3383 6367 5197
5 4420 4633 6450 5198
5 6079 6080 7389 5199
5 6239 6240 6241 5200
5 5275 4110 5949 5201
5 2598 2600 5934 5202
5 4265 5133 6798 5203
5 6144 1629 6145 5204
5 4434 1834 6760 5205
5 5036 5037 5748 5206
5 2919 2920 2980 5207
5 5717 1292 7744 5208
5 3111 3469 6826 5209
5 5197 4146 6775 5210
5 5313 4732 6370 5211
5 3680 3682 3943 5212
5 1293 267 6599 5213
5 5369 5368 5370 5214
5 2294 6431 6433 5215
5 2142 2121 3662 5216
5 8052 5203 8059 5217
5 6667 4759 6668 5218
5 6599 268 6600 5219
5 6110 6109 7330 5220
5 3621 3741 5543 5221
5 3677 3678 3679 5222
5 4192 3720 6797 5223
5 3689 3497 3691 5224
5 2013 2012 6458 5225
5 4320 4102 4949 5226
5 2932 3013 6972 5227
5 6514 6515 6516 5228
5 2144 2143 2145 5229
5 2059 5987 5988 5230
5 6406 4907 6548 5231
5 2364 2374 2375 5232
5 2956 2954 6687 5233
5 3956 3376 4487 5234
5 4971 4970 5097 5235
5 3230 2359 3497 5236
5 5404 6611 6612 5237
5 4509 6530 6649 5238
5 3161 3162 3163 5239
5 3740 3417 3786 5240
5 3353 3354 3355 5241
5 6414 6412 6415 5242
5 1973 1974 1975 5243
5 2010 1518 3827 5244
5 3921 3998 6649 5245
5 5336 4163 6604 5246
5 2108 2110 6817 5247
5 2177 3829 6615 5248
5 5486 3298 8582 5249
5 5552 4912 5553 5250
5 3693 3692 3694 5251
5 6496 1895 7090 5252
5 2467 2465 3647 5253
5 6508 6507 6509 5254
5 4233 4235 6451 5255
5 4610 4609 4611 5256
5 2177 3781 3829 5257
5 334 335 6302 5258
5 4024 4530 6711 5259
5 2769 2770 2771 5260
5 5988 5987 5989 5261
5 2664 2666 5964 5262
5 1912 1861 6566 5263
5 3106 3319 3320 5264
5 2073 2001 2074 5265
5 3785 3783 4639 5266
5 4197 3372 6118 5267
5 4442 5879 6729 5268
5 6512 6513 6514 5269
5 3594 4794 4955 5270
5 3761 4013 4014 5271
5 3588 3587 3589 5272
5 5202 5061 5548 5273
5 2990 4149 6406 5274
5 3616 3297 3797 5275
5 3278 3993 4526 5276
5 4235 4274 5174 5277
5 1860 1849 6376 5278
5 6123 3610 6768 5279
5 3944 4024 6711 5280
5 5620 5621 5622 5281
5 6337 6336 8024 5282
5 2757 2598 5934 5283
5 6506 6505 6507 5284
5 4497 6210 6645 5285
5 5349 5350 8414 5286
5 6468 1372 6469 5287
5 2450 2335 2451 5288
5 2980 2981 6533 5289
5 4156 4341 6631 5290
5 4844 4337 5389 5291
5 3020 6695 6696 5292
5 2110 2113 6817 5293
5 4969 4968 4970 5294
5 3401 3860 6139 5295
5 3028 3026 6699 5296
5 3228 3761 6646 5297
5 2687 2664 5964 5298
5 1921 1950 1951 5299
5 3895 3785 6411 5300
5 2169 2326 6621 5301
5 6022 2429 7422 5302
5 4879 3679 6543 5303
5 6016 2263 7432 5304
5 2412 2410 7050 5305
5 2013 6458 6460 5306
5 2323 2308 2359 5307
5 5881 4434 6760 5308
5 1291 273 6605 5309
5 5170 4192 6797 5310
5 4326 5290 6263 5311
5 3246 3615 7255 5312
5 4440 5036 5862 5313
5 4920 4082 6103 5314
5 3555 3557 6614 5315
5 4440 4441 5036 5316
5 3675 3676 3677 5317
5 4760 4068 6261 5318
5 1921 1952 6713 5319
5 2963 2748 6595 5320
5 5554 5553 5555 5321
5 4930 6217 7308 5322
5 4090 4089 6478 5323
5 4714 4715 6655 5324
5 1519 1522 6579 5325
5 2119 2074 2120 5326
5 2790 2799 3161 5327
5 2953 2951 2962 5328
5 4425 2142 6196 5329
5 2968 2972 3007 5330
5 5180 4429 6313 5331
5 2491 4987 5950 5332
5 3006 3105 3106 5333
5 3857 3795 4405 5334
5 4718 5009 5677 5335
5 1926 4437 6779 5336
5 2476 2473 5286 5337
5 3253 4115 6289 5338
5 6005 6006 7432 5339
5 6510 6511 6512 5340
5 4276 5220 6314 5341
5 2947 2945 2975 5342
5 2077 2081 2082 5343
5 1498 1500 6446 5344
5 3737 2673 3738 5345
5 2943 2941 3130 5346
5 2765 2766 2767 5347
5 2778 2801 3739 5348
5 2860 2858 6697 5349
5 6990 4512 6991 5350
5 6534 3000 6535 5351
5 329 330 6557 5352
5 2403 4001 6957 5353
5 6015 6016 7422 5354
5 2333 4990 6561 5355
5 4241 3930 4242 5356
5 5733 7341 7460 5357
5 2184 2145 2185 5358
5 4298 5978 5979 5359
5 3946 3945 4200 5360
5 3645 3184 5029 5361
5 3751 3967 4067 5362
5 2082 2081 2140 5363
5 4956 4957 7973 5364
5 2356 2363 2364 5365
5 1899 1897 2328 5366
5 2332 2331 2333 5367
5 4202 4200 4626 5368
5 6130 6127 6994 5369
5 3784 3783 3785 5370
5 3510 3509 3945 5371
5 6145 1629 6792 5372
5 1341 282 6467 5373
5 2436 1550 3745 5374
5 5371 5370 5372 5375
5 6503 6504 6505 5376
5 2471 2469 2474 5377
5 4524 3873 6502 5378
5 2509 4128 7065 5379
5 1911 1938 1939 5380
5 3602 3623 6698 5381
5 3641 3640 4089 5382
5 3000 2986 3001 5383
5 231 232 1342 5384
5 5063 5064 5065 5385
5 2494 6308 8399 5386
5 3527 3554 3631 5387
5 5951 3131 6795 5388
5 1909 1871 6397 5389
5 1977 4092 6642 5390
5 3530 5748 7584 5391
5 6223 6220 6227 5392
5 3673 3674 3675 5393
5 5017 4498 7804 5394
5 4067 5061 5202 5395
5 6127 6123 6768 5396
5 6858 6633 6929 5397
5 3252 3531 3748 5398
5 4068 3745 4179 5399
5 2077 2015 2081 5400
5 5125 4420 6450 5401
5 3469 4012 6826 5402
5 3247 3248 3640 5403
5 3676 3683 6553 5404
5 4235 5174 6451 5405
5 5065 5066 5398 5406
5 2987 2962 3097 5407
5 3184 2931 6495 5408
5 2773 2788 2789 5409
5 2983 2986 3000 5410
5 5975 6858 6929 5411
5 3150 3097 3315 5412
5 2141 2140 2270 5413
5 3586 3585 3587 5414
5 3743 4033 4140 5415
5 3280 3802 6645 5416
5 4437 4952 6779 5417
5 1858 1910 1911 5418
5 4993 4073 4994 5419
5 6679 2496 8187 5420
5 2939 2937 3005 5421
5 2544 2563 3183 5422
5 3324 2451 3517 5423
5 1885 3736 6570 5424
5 4651 3936 6657 5425
5 2455 2456 3247 5426
5 2375 2376 2377 5427
5 2452 6266 7243 5428
5 2365 2281 2366 5429
5 3890 3517 3938 5430
5 2347 2333 2348 5431
5 2012 4407 4440 5432
5 4803 6359 6576 5433
5 6975 4565 7161 5434
5 2919 2831 2920 5435
5 6246 2448 6247 5436
5 3266 3513 6630 5437
5 2290 2329 6436 5438
5 5373 5372 5505 5439
5 3748 4346 4456 5440
5 3707 3994 6850 5441
5 3175 2685 3509 5442
5 4608 4607 4609 5443
5 3106 3320 3673 5444
5 4190 3606 4504 5445
5 3338 2348 3339 5446
5 6508 6509 6510 5447
5 254 255 1295 5448
5 4196 4792 6765 5449
5 3820 4717 4718 5450
5 3103 3270 3274 5451
5 2655 2658 6591 5452
5 3241 3242 3353 5453
5 1982 1945 3798 5454
5 2270 2271 2455 5455
5 6317 4054 6568 5456
5 1807 1811 1812 5457
5 2158 2137 6771 5458
5 2996 2923 2997 5459
5 253 254 6484 5460
5 2773 2790 6490 5461
5 4089 4160 4816 5462
5 257 258 1337 5463
5 6190 4535 7434 5464
5 2280 2148 2281 5465
5 1908 1903 1957 5466
5 3584 3583 3585 5467
5 3066 3064 6764 5468
5 4034 3327 5750 5469
5 1631 1498 6446 5470
5 1889 1887 1890 5471
5 260 261 1294 5472
5 2919 2980 2984 5473
5 4372 3858 4373 5474
5 5460 4828 8171 5475
5 7719 5410 8133 5476
5 6148 6145 6792 5477
5 3221 3219 5116 5478
5 6420 6419 6421 5479
5 3126 3096 6020 5480
5 4625 4134 6339 5481
5 3106 3673 6715 5482
5 3456 3457 3876 5483
5 5979 5978 5980 5484
5 3472 3948 7067 5485
5 2274 2272 2343 5486
5 3052 3050 6746 5487
5 4935 5648 5649 5488
5 3847 3848 4059 5489
5 4149 4907 6406 5490
5 1975 2012 2013 5491
5 6048 6047 7043 5492
5 2104 2068 2331 5493
5 2915 2914 2936 5494
5 1972 1955 1973 5495
5 3758 3872 3873 5496
5 6413 6412 6414 5497
5 2913 2912 2914 5498
5 2082 2140 2141 5499
5 3597 3223 3598 5500
5 263 264 1338 5501
5 6551 6552 6688 5502
5 6506 6507 6508 5503
5 2911 2910 2912 5504
5 2427 2428 3241 5505
5 5752 2811 7429 5506
5 1372 284 6470 5507
5 2804 2834 6571 5508
5 6815 4976 6930 5509
5 5382 5381 5383 5510
5 2159 2093 2160 5511
5 3413 3415 6712 5512
5 2630 2632 6772 5513
5 3894 3785 3895 5514
5 5188 4939 5459 5515
5 6248 6247 6249 5516
5 4191 4745 4861 5517
5 6049 6048 6050 5518
5 2491 2489 4987 5519
5 5626 5621 5866 5520
5 3673 4362 6715 5521
5 6503 6505 6506 5522
5 3758 4524 6695 5523
5 5257 4000 6616 5524
5 4335 4333 4459 5525
5 3873 4104 4199 5526
5 4134 4025 4746 5527
5 1886 1885 1887 5528
5 3001 3089 3103 5529
5 2549 2545 6962 5530
5 6806 4895 7714 5531
5 268 269 6600 5532
5 3173 3361 4898 5533
5 2763 2764 2765 5534
5 1816 1857 1858 5535
5 266 267 1293 5536
5 5267 3958 7182 5537
5 2909 2908 2910 5538
5 2547 2549 7057 5539
5 5069 4764 7252 5540
5 5256 4545 6589 5541
5 6035 5009 7074 5542
5 3554 3528 3555 5543
5 269 270 1339 5544
5 3645 5232 6620 5545
5 5477 1371 5478 5546
5 4524 6521 6695 5547
5 2834 2844 6563 5548
5 4465 4090 5357 5549
5 2092 2020 2093 5550
5 6584 6585 6681 5551
5 3582 3581 3583 5552
5 272 273 1291 5553
5 3439 3442 6581 5554
5 2675 2680 6690 5555
5 4456 4939 5188 5556
5 6635 5000 7245 5557
5 1894 1921 6713 5558
5 4894 4895 6806 5559
5 2844 2969 3006 5560
5 1954 1953 1955 5561
5 1546 1548 6729 5562
5 4514 4256 6707 5563
5 4757 6099 7407 5564
5 6280 6281 6643 5565
5 3936 3810 6657 5566
5 3103 3104 3270 5567
5 3615 3616 3961 5568
5 2955 2954 2956 5569
5 5635 5383 5636 5570
5 2102 2077 6487 5571
5 4967 4966 4968 5572
5 4524 6502 6520 5573
5 2907 2730 2908 5574
5 6483 6482 6559 5575
5 275 276 1340 5576
5 3847 3845 3848 5577
5 6383 1930 8094 5578
5 2425 2426 2427 5579
5 2834 6563 6571 5580
5 2076 2015 2077 5581
5 3103 3089 3104 5582
5 4545 3954 4547 5583
5 2317 2453 6633 5584
5 6052 6050 6053 5585
5 3917 4710 6641 5586
5 2331 2068 6296 5587
5 1884 1883 1885 5588
5 3645 5029 5232 5589
5 3169 3171 4810 5590
5 2800 2805 2806 5591
5 2490 2489 2491 5592
5 3027 3026 3028 5593
5 1814 1815 1816 5594
5 3944 3682 4022 5595
5 278 279 1290 5596
5 4195 4196 6765 5597
5 4539 5109 7147 5598
5 4544 4934 4935 5599
5 6374 4214 6956 5600
5 5029 3184 6495 5601
5 6261 4179 8192 5602
5 5608 4645 5640 5603
5 3758 3873 4524 5604
5 2527 2282 3783 5605
5 5138 4271 6584 5606
5 3680 3678 3681 5607
5 4503 4502 5523 5608
5 6058 3451 7569 5609
5 4226 3890 6674 5610
5 1526 1528 6766 5611
5 2960 2958 2961 5612
5 5045 7159 7247 5613
5 2981 2983 6534 5614
5 5735 5649 5736 5615
5 4453 4454 5148 5616
5 281 282 1341 5617
5 6779 4952 7072 5618
5 4562 4556 6950 5619
5 4023 4022 4847 5620
5 3356 3479 3480 5621
5 2141 2270 2272 5622
5 2019 1999 2020 5623
5 6478 4816 6479 5624
5 1994 2065 6680 5625
5 2957 2956 2958 5626
5 6055 6053 6056 5627
5 3228 3494 3761 5628
5 2272 2270 6682 5629
5 2389 2424 2425 5630
5 3692 3025 6869 5631
5 2411 2413 2414 5632
5 4736 6096 7423 5633
5 2976 2961 2977 5634
5 3578 3577 3579 5635
5 2818 2828 2829 5636
5 3023 2977 3024 5637
5 4079 4543 4544 5638
5 283 284 1372 5639
5 3580 3579 3581 5640
5 1831 1829 6760 5641
5 2735 2696 6176 5642
5 2337 2388 2389 5643
5 2980 2920 2981 5644
5 6189 3718 7101 5645
5 3641 4089 4090 5646
5 6503 4199 6504 5647
5 252 253 6480 5648
5 2581 2580 2582 5649
5 3994 4279 6850 5650
5 3127 3562 3591 5651
5 3270 3271 6837 5652
5 2147 2089 2148 5653
5 285 286 1288 5654
5 2459 2461 2478 5655
5 6495 2836 6776 5656
5 4498 6583 7747 5657
5 4048 4009 6996 5658
5 3676 3674 3683 5659
5 4067 3967 4233 5660
5 2650 2652 6767 5661
5 2879 2991 6538 5662
5 1980 1950 1999 5663
5 3573 2570 7064 5664
5 3247 3640 3641 5665
5 5319 4481 8124 5666
5 5447 4760 7237 5667
5 2991 3466 3483 5668
5 3114 3508 3758 5669
5 3307 6378 6386 5670
5 2037 2036 2038 5671
5 3507 3211 6626 5672
5 4271 3834 4485 5673
5 2695 2597 2696 5674
5 2304 2306 6773 5675
5 1952 1951 1953 5676
5 3350 5542 5670 5677
5 2977 2961 6869 5678
5 4137 5261 7008 5679
5 2366 3275 6577 5680
5 4009 4985 4986 5681
5 3562 3126 4868 5682
5 5377 4628 6895 5683
5 2316 2276 2317 5684
5 3407 3409 6768 5685
5 3472 3318 3473 5686
5 4089 4816 6478 5687
5 3901 6269 8179 5688
5 4639 6443 6444 5689
5 4834 5146 5352 5690
5 4939 4346 5935 5691
5 4859 4690 6953 5692
5 3625 4007 4009 5693
5 2035 2034 2036 5694
5 7041 1642 8193 5695
5 5322 5321 5323 5696
5 2039 2038 2040 5697
5 6582 3821 6619 5698
5 5326 8194 8297 5699
5 5404 4242 6611 5700
5 6102 6101 7407 5701
5 3876 4828 4829 5702
5 2840 2841 2964 5703
5 2317 2276 2452 5704
5 4341 5205 6631 5705
5 3542 3344 3612 5706
5 3748 3531 3749 5707
5 3142 3189 4759 5708
5 3489 3663 6834 5709
5 4147 4098 4498 5710
5 6247 2448 6854 5711
5 2275 2274 2276 5712
5 4935 4934 5648 5713
5 5090 3522 5091 5714
5 2014 2013 2015 5715
5 3453 3454 3918 5716
5 2317 2452 2453 5717
5 4572 2720 7106 5718
5 6575 4137 7008 5719
5 2352 2174 2489 5720
5 3502 4015 4079 5721
5 2041 2040 2042 5722
5 3199 3198 3200 5723
5 2885 2888 3456 5724
5 4714 4029 4715 5725
5 4089 3640 4160 5726
5 6419 6418 6430 5727
5 2273 2272 2274 5728
5 2677 7599 7614 5729
5 5336 6604 6691 5730
5 5838 3231 7322 5731
5 3247 2456 3248 5732
5 4049 3538 6672 5733
5 2453 2452 3279 5734
5 4465 5357 5358 5735
5 2053 2052 2054 5736
5 1920 1893 4500 5737
5 3342 3340 4004 5738
5 6550 5069 7998 5739
5 5103 4000 5257 5740
5 4285 5338 6634 5741
5 3513 4195 6630 5742
5 3106 3105 3319 5743
5 3889 6084 7610 5744
5 4078 4689 6866 5745
5 2002 1991 6638 5746
5 3281 3280 3282 5747
5 3029 3028 3030 5748
5 327 328 1335 5749
5 2566 2565 2568 5750
5 5733 2687 7585 5751
5 1512 1514 6792 5752
5 1977 1923 4092 5753
5 3320 3319 3728 5754
5 5703 5702 5704 5755
5 4544 4543 4934 5756
5 3261 3624 3625 5757
5 3998 4509 6649 5758
5 3035 3034 3036 5759
5 3201 3200 3202 5760
5 1769 1768 1770 5761
5 4289 3522 5090 5762
5 5575 5574 5576 5763
5 5711 5323 5712 5764
5 5335 4163 5336 5765
5 3060 3058 7163 5766
5 2043 2042 2044 5767
5 2262 2260 6821 5768
5 4735 2497 6881 5769
5 3270 3104 3271 5770
5 6099 6098 7423 5771
5 5036 4441 5037 5772
5 3603 3601 6660 5773
5 3746 2819 6609 5774
5 5953 5955 7565 5775
5 6411 4639 6710 5776
5 3001 3088 3089 5777
5 3959 3602 6698 5778
5 4816 4160 5745 5779
5 3919 3921 6649 5780
5 4455 7999 8050 5781
5 2455 2271 2456 5782
5 4797 4238 4798 5783
5 6166 6167 6168 5784
5 3759 4094 6659 5785
5 4497 4167 5189 5786
5 4341 4984 5205 5787
5 4844 5389 6564 5788
5 2803 2782 6776 5789
5 1622 1627 7412 5790
5 2596 2585 2597 5791
5 3031 3030 3032 5792
5 4079 4015 4543 5793
5 3484 3202 3485 5794
5 2055 2054 2056 5795
5 1765 1764 1766 5796
5 4256 4257 5117 5797
5 4035 3612 4238 5798
5 1755 1750 1756 5799
5 2895 2896 2897 5800
5 3806 3807 4256 5801
5 4918 6032 6033 5802
5 3280 3279 3802 5803
5 4094 6652 6653 5804
5 3006 2969 3105 5805
5 3090 3082 3091 5806
5 2031 2030 2032 5807
5 6222 6221 6224 5808
5 3879 3878 4112 5809
5 4284 4818 4819 5810
5 4079 5000 6621 5811
5 3895 6413 6604 5812
5 1771 1770 1772 5813
5 2113 2112 2114 5814
5 2029 2028 2030 5815
5 3281 3282 3537 5816
5 4196 4250 4792 5817
5 4715 4029 6877 5818
5 5751 5750 5752 5819
5 2057 2056 2058 5820
5 3275 3276 3806 5821
5 2901 2902 2903 5822
5 2761 2762 2763 5823
5 6621 5000 6635 5824
5 2386 2336 6262 5825
5 2326 3502 6621 5826
5 5498 5497 5574 5827
5 3331 3218 4607 5828
5 3927 4833 4834 5829
5 2610 6259 6624 5830
5 4925 4924 5559 5831
5 261 262 6598 5832
5 3802 4167 4497 5833
5 1773 1772 1774 5834
5 2343 6265 6266 5835
5 2983 3000 6534 5836
5 6172 4378 7162 5837
5 3142 4759 6667 5838
5 3602 3622 3623 5839
5 6376 1847 7451 5840
5 3915 5056 7063 5841
5 6412 6411 6562 5842
5 3089 3364 6861 5843
5 2983 2985 2986 5844
5 1779 1778 1780 5845
5 4891 4890 4893 5846
5 1775 1774 1776 5847
5 1880 1879 1881 5848
5 1763 1762 1764 5849
5 2270 2140 2271 5850
5 4423 3996 5549 5851
5 3037 3036 3038 5852
5 1761 1760 1762 5853
5 2078 2058 2079 5854
5 4937 3692 6869 5855
5 2496 6679 8206 5856
5 1757 1756 1758 5857
5 2366 2423 3275 5858
5 8183 5263 8274 5859
5 3802 3803 4167 5860
5 1759 1758 1760 5861
5 3537 3282 3538 5862
5 1777 1776 1778 5863
5 2746 2751 2752 5864
5 3621 2422 3741 5865
5 6218 5474 6812 5866
5 1781 1780 1782 5867
5 2754 2755 2756 5868
5 2584 2582 2585 5869
5 5221 4226 5280 5870
5 4699 3839 6724 5871
5 5688 5685 5689 5872
5 4987 6488 6489 5873
5 2012 1974 4407 5874
5 2455 3247 6961 5875
5 5496 5495 5497 5876
5 1812 1813 1814 5877
5 234 1328 5861 5878
5 2191 2190 2192 5879
5 2107 2079 2108 5880
5 3655 3654 3656 5881
5 6837 3453 6851 5882
5 4819 5533 5534 5883
5 1882 1881 1883 5884
5 4160 3640 6787 5885
5 2065 2095 4471 5886
5 3826 3823 4652 5887
5 3513 4037 4195 5888
5 6201 6202 7509 5889
5 4342 5593 5594 5890
5 3873 3872 4104 5891
5 3839 3837 6724 5892
5 3758 3508 3872 5893
5 1783 1782 1784 5894
5 5404 6612 6613 5895
5 3081 3078 3082 5896
5 7285 5067 7430 5897
5 4980 6662 6663 5898
5 5446 5445 5495 5899
5 2230 2228 6913 5900
5 5947 6625 7386 5901
5 4301 3643 4357 5902
5 1793 1791 6805 5903
5 3783 2282 6443 5904
5 1878 1877 1879 5905
5 2221 6325 7774 5906
5 2115 2114 2116 5907
5 2715 5771 5772 5908
5 2453 3279 3280 5909
5 2275 2276 2316 5910
5 267 268 6599 5911
5 1792 1791 1793 5912
5 3077 3076 3078 5913
5 4497 5189 5190 5914
5 3039 3038 3040 5915
5 2027 2026 2028 5916
5 3734 3752 3753 5917
5 4440 4407 4441 5918
5 3181 3260 3261 5919
5 5444 5443 5445 5920
5 2023 2022 2024 5921
5 3071 3070 3072 5922
5 3125 3002 7278 5923
5 6721 1327 6722 5924
5 4878 3679 4879 5925
5 2117 2116 2118 5926
5 2527 3783 3784 5927
5 3776 3777 3778 5928
5 3560 3559 3561 5929
5 5859 5234 5860 5930
5 5429 5428 5443 5931
5 3075 3074 3076 5932
5 2132 2131 2133 5933
5 2065 4471 6680 5934
5 3774 3775 3776 5935
5 1785 1784 1786 5936
5 1934 5599 8456 5937
5 2025 2024 2026 5938
5 2126 2118 2127 5939
5 1876 1875 1877 5940
5 2756 2758 2759 5941
5 8050 5284 8131 5942
5 2195 2194 2196 5943
5 3522 3520 6853 5944
5 2134 2133 2135 5945
5 1466 2526 7048 5946
5 2193 2192 2194 5947
5 2128 2127 2129 5948
5 2157 2137 2158 5949
5 2130 2129 2131 5950
5 4681 5384 5385 5951
5 1734 1739 1741 5952
5 2981 2982 2983 5953
5 3453 3273 3454 5954
5 5431 5430 5432 5955
5 2098 2152 6983 5956
5 6250 6247 6854 5957
5 4766 4765 4767 5958
5 1872 1871 1873 5959
5 4710 4716 5157 5960
5 2136 2135 2137 5961
5 4935 5649 5735 5962
5 1788 1786 1789 5963
5 2187 2158 2188 5964
5 1870 1869 1871 5965
5 5133 5132 5134 5966
5 3520 3884 6853 5967
5 3772 3773 3774 5968
5 2197 2196 2198 5969
5 2316 2317 3269 5970
5 1874 1873 1875 5971
5 1837 1835 6779 5972
5 3269 2317 6633 5973
5 5427 5426 5428 5974
5 6006 2449 7389 5975
5 3770 3771 3772 5976
5 3903 3904 3905 5977
5 3073 3072 3074 5978
5 3657 3656 3658 5979
5 1923 1890 6474 5980
5 6152 2768 6828 5981
5 2199 2198 2200 5982
5 5725 2067 7675 5983
5 2076 2077 2102 5984
5 2215 2214 2216 5985
5 3768 3769 3770 5986
5 2203 2202 2204 5987
5 3659 3658 3660 5988
5 2638 2639 2640 5989
5 4285 4049 5058 5990
5 273 274 6605 5991
5 2490 2491 3954 5992
5 5424 5423 5426 5993
5 5879 4761 5880 5994
5 3757 3767 3768 5995
5 2201 2200 2202 5996
5 5655 5200 7753 5997
5 3759 4003 4094 5998
5 4285 5058 5338 5999
5 2489 2174 6488 6000
5 2389 2425 7261 6001
5 5619 4879 5620 6002
5 1862 1861 1863 6003
5 3121 3266 4142 6004
5 6597 4959 7354 6005
5 1794 1793 1795 6006
5 3755 3756 3757 6007
5 3651 3505 3652 6008
5 3537 3538 4049 6009
5 2205 2204 2206 6010
5 2893 2894 2895 6011
5 4154 4156 4697 6012
5 2216 2214 6833 6013
5 3051 3050 3052 6014
5 4055 4054 4056 6015
5 3892 4137 6575 6016
5 5266 3958 5267 6017
5 5053 4758 5255 6018
5 3162 2799 6452 6019
5 2820 2819 2821 6020
5 6238 6237 6239 6021
5 4386 4387 4388 6022
5 4430 4145 4431 6023
5 4289 5090 5288 6024
5 3703 4383 4384 6025
5 2632 2633 2634 6026
5 3753 3754 3755 6027
5 5770 4160 6787 6028
5 2630 2631 2632 6029
5 3557 3558 3559 6030
5 282 283 6467 6031
5 4057 4056 4058 6032
5 5077 3813 6874 6033
5 6176 2698 6736 6034
5 4952 5810 7072 6035
5 3041 3040 3042 6036
5 3698 6306 6841 6037
5 3020 3114 6695 6038
5 2232 2437 7291 6039
5 3829 3781 3830 6040
5 3271 3273 3453 6041
5 3745 1550 6883 6042
5 4944 4480 4945 6043
5 4152 4154 6596 6044
5 4086 4085 4087 6045
5 3181 3261 6801 6046
5 2640 2641 2642 6047
5 5718 5719 5720 6048
5 2207 2206 2208 6049
5 1868 1867 1869 6050
5 5422 5421 5423 6051
5 6724 3837 6948 6052
5 1796 1795 1797 6053
5 4455 4058 6539 6054
5 3057 3056 3058 6055
5 4406 6374 6956 6056
5 2330 2234 7291 6057
5 6416 6419 6420 6058
5 2883 3119 3788 6059
5 4398 4399 4400 6060
5 2209 2208 2210 6061
5 3895 6412 6413 6062
5 3609 2516 4722 6063
5 4079 4544 5000 6064
5 4396 4397 4398 6065
5 2642 2643 2644 6066
5 2721 2907 7286 6067
5 6866 5320 6867 6068
5 3508 3115 6820 6069
5 1866 1865 1867 6070
5 3618 3911 5297 6071
5 4712 6951 7167 6072
5 4428 4103 4429 6073
5 3784 3785 3894 6074
5 3044 3042 3045 6075
5 4394 4395 4396 6076
5 3067 3066 3068 6077
5 5814 5813 5815 6078
5 2211 2210 2212 6079
5 5735 5736 5942 6080
5 1864 1863 1865 6081
5 2648 2649 2650 6082
5 4768 4767 4769 6083
5 6417 6414 6618 6084
5 4834 4833 5146 6085
5 4392 4393 4394 6086
5 6355 6238 6356 6087
5 2493 2369 7351 6088
5 2217 2216 2218 6089
5 1848 1847 1849 6090
5 1854 1849 1855 6091
5 2322 2153 3198 6092
5 2273 2274 2275 6093
5 3047 3045 3048 6094
5 3339 3341 3705 6095
5 1728 1733 1734 6096
5 4770 4769 4771 6097
5 3502 4079 6621 6098
5 2173 2355 2356 6099
5 4390 4391 4392 6100
5 1798 1797 1799 6101
5 3874 3107 4570 6102
5 1836 1835 1837 6103
5 1999 1950 6849 6104
5 4388 4389 4390 6105
5 3065 3064 3066 6106
5 2219 2218 2220 6107
5 5088 3854 7104 6108
5 4270 4269 5400 6109
5 1749 2432 6461 6110
5 4874 4875 4876 6111
5 4952 4439 4953 6112
5 4772 4771 4773 6113
5 6211 5190 6212 6114
5 1846 1845 1847 6115
5 6242 6241 6243 6116
5 1720 1727 1728 6117
5 5738 4945 5739 6118
5 1982 3798 4321 6119
5 6422 6419 6430 6120
5 5818 5817 5819 6121
5 4621 4431 4622 6122
5 1800 1799 1801 6123
5 2221 2220 2222 6124
5 5820 5819 5822 6125
5 2104 2331 2332 6126
5 5433 5432 5434 6127
5 3061 3060 3062 6128
5 3950 4432 4433 6129
5 3063 3062 3064 6130
5 4152 6596 7055 6131
5 1802 1801 1803 6132
5 3059 3058 3060 6133
5 4774 4773 4775 6134
5 1446 1664 6923 6135
5 2223 2222 2224 6136
5 1920 4500 6849 6137
5 4980 309 6662 6138
5 1804 1803 1805 6139
5 1954 1955 1972 6140
5 4241 4242 5403 6141
5 2624 2625 2626 6142
5 2225 2224 2226 6143
5 4776 4775 4777 6144
5 4376 4087 4377 6145
5 3601 3959 6660 6146
5 4508 4429 5179 6147
5 1809 1805 1810 6148
5 3053 3052 3054 6149
5 2227 2226 2228 6150
5 2622 2623 2624 6151
5 3894 3895 6604 6152
5 5816 5815 5817 6153
5 6715 4362 7265 6154
5 3892 4124 4137 6155
5 4464 4090 4465 6156
5 4778 4777 4779 6157
5 2901 3151 6329 6158
5 4990 2331 6296 6159
5 3884 3521 3939 6160
5 4602 4603 4604 6161
5 4598 4599 4600 6162
5 4600 4601 4602 6163
5 2229 2228 2230 6164
5 1818 1810 1819 6165
5 4596 4597 4598 6166
5 1844 1843 1845 6167
5 2785 2787 2807 6168
5 4594 4595 4596 6169
5 4303 4304 5074 6170
5 4590 4591 4592 6171
5 1642 7027 8261 6172
5 4592 4593 4594 6173
5 4780 4779 4781 6174
5 4586 4587 4588 6175
5 4604 4605 4606 6176
5 4588 4589 4590 6177
5 4584 4585 4586 6178
5 1820 1819 1821 6179
5 2231 2230 2232 6180
5 3538 3789 3790 6181
5 4020 5212 5655 6182
5 8144 5537 8394 6183
5 4580 4581 4582 6184
5 3884 4282 6853 6185
5 4782 4781 4783 6186
5 4578 4579 4580 6187
5 4582 4583 4584 6188
5 4254 4027 4821 6189
5 7069 4182 7923 6190
5 2620 2621 2622 6191
5 3271 3272 3273 6192
5 4569 4577 4578 6193
5 4784 4783 4785 6194
5 4554 4553 4558 6195
5 5280 4226 6674 6196
5 1822 1821 1823 6197
5 2233 2232 2234 6198
5 1842 1841 1843 6199
5 1838 1837 1839 6200
5 4567 4568 4569 6201
5 4876 4877 5340 6202
5 5706 4844 6564 6203
5 4762 3179 7011 6204
5 4109 4110 4916 6205
5 4786 4785 4787 6206
5 4521 4566 4567 6207
5 2237 2236 2238 6208
5 1824 1823 1825 6209
5 2235 2234 2236 6210
5 2257 2256 2258 6211
5 1718 1719 1720 6212
5 5810 4953 5811 6213
5 5218 7376 8089 6214
5 1687 1688 1689 6215
5 2239 2238 2240 6216
5 1826 1825 1827 6217
5 2261 2260 2262 6218
5 2259 2258 2260 6219
5 1840 1839 1841 6220
5 1532 1533 1534 6221
5 4519 4520 4521 6222
5 1530 1531 1532 6223
5 4919 4921 4922 6224
5 4788 4787 4789 6225
5 2241 2240 2242 6226
5 4552 4551 4553 6227
5 2564 2562 2565 6228
5 1828 1827 1829 6229
5 4790 4789 4791 6230
5 2287 2262 2288 6231
5 5041 4791 5042 6232
5 4433 4516 4517 6233
5 3343 3345 3620 6234
5 3751 4067 6338 6235
5 4517 4518 4519 6236
5 4221 5010 6666 6237
5 2243 2242 2244 6238
5 2255 2254 2256 6239
5 6126 6127 6129 6240
5 2822 2821 2823 6241
5 1830 1829 1831 6242
5 1528 1529 1530 6243
5 5580 1907 8153 6244
5 1832 1831 1833 6245
5 1548 1549 1550 6246
5 2245 2244 2246 6247
5 4348 4381 4382 6248
5 2253 2252 2254 6249
5 4262 4261 4263 6250
5 2930 3012 6832 6251
5 2249 2248 2250 6252
5 7153 4941 7165 6253
5 2247 2246 2248 6254
5 2645 2647 2648 6255
5 2635 2637 2638 6256
5 2795 2749 3836 6257
5 3279 2452 7243 6258
5 2251 2250 2252 6259
5 4489 3110 6826 6260
5 6740 1316 6741 6261
5 4535 4536 4537 6262
5 3875 4343 6910 6263
5 1731 1729 6372 6264
5 4167 3803 4168 6265
5 6413 6414 6417 6266
5 6202 2150 7543 6267
5 4115 6279 6289 6268
5 1889 1890 1923 6269
5 288 289 1343 6270
5 1538 1539 1540 6271
5 1540 1541 1542 6272
5 2283 2527 6918 6273
5 2026 2066 6644 6274
5 3274 3850 3851 6275
5 3788 3818 3875 6276
5 2650 2651 2652 6277
5 2749 2735 6954 6278
5 3387 3388 3393 6279
5 3393 3394 3395 6280
5 4084 3701 6439 6281
5 1526 1527 1528 6282
5 3395 3396 3397 6283
5 2365 2366 6577 6284
5 4149 4729 4730 6285
5 3905 3906 3907 6286
5 1542 1543 1544 6287
5 1524 1525 1526 6288
5 2099 2047 4615 6289
5 2898 2900 2901 6290
5 6663 6664 6665 6291
5 2453 3280 3281 6292
5 2713 2731 6684 6293
5 3385 3386 3387 6294
5 4965 4527 4966 6295
5 2352 2489 2490 6296
5 2014 2015 2076 6297
5 2848 2827 2849 6298
5 1554 1556 7229 6299
5 3403 3404 3405 6300
5 3383 3384 3385 6301
5 3802 3279 3803 6302
5 2826 2823 2827 6303
5 3790 3789 4260 6304
5 1886 1887 1889 6305
5 2509 3259 4128 6306
5 4017 3729 4018 6307
5 2881 2882 2889 6308
5 3538 3282 3789 6309
5 1544 1545 1546 6310
5 3401 3402 3403 6311
5 3405 3406 3407 6312
5 2954 6189 6687 6313
5 2627 2629 2630 6314
5 1522 1523 1524 6315
5 3961 3616 6799 6316
5 3407 3408 3409 6317
5 1952 1953 1954 6318
5 4343 5194 6910 6319
5 2853 2849 2854 6320
5 3380 3381 3383 6321
5 1357 6673 6769 6322
5 1546 1547 1548 6323
5 4237 3804 5071 6324
5 3790 4260 4261 6325
5 3003 3010 3011 6326
5 4199 4104 6522 6327
5 2347 2348 3338 6328
5 3971 3972 4472 6329
5 2332 2333 2347 6330
5 1462 1643 7081 6331
5 4546 5256 6967 6332
5 2618 2619 2620 6333
5 4754 4755 4846 6334
5 2516 3539 6355 6335
5 5504 4507 8496 6336
5 4752 4753 4754 6337
5 6415 6412 6562 6338
5 6669 4841 6734 6339
5 1357 1260 6673 6340
5 4750 4751 4752 6341
5 4705 4706 4707 6342
5 4550 4549 4551 6343
5 4856 3595 7211 6344
5 4262 4263 5141 6345
5 1884 1885 1886 6346
5 4707 4708 4750 6347
5 4537 4538 4705 6348
5 2139 6290 7215 6349
5 6250 6854 7141 6350
5 4323 5235 6728 6351
5 4349 5715 5716 6352
5 4120 3535 4742 6353
5 3026 3046 6699 6354
5 3374 3375 3376 6355
5 1492 1494 6854 6356
5 4050 4049 4285 6357
5 5394 7893 8023 6358
5 2306 2307 2308 6359
5 2122 2143 2144 6360
5 2652 2653 2654 6361
5 2836 2803 6776 6362
5 3372 3373 3374 6363
5 3790 4261 4262 6364
5 3013 3329 6972 6365
5 3070 3084 6683 6366
5 2009 1977 6642 6367
5 6695 6521 6696 6368
5 5400 4269 6530 6369
5 2141 2272 2273 6370
5 2857 2856 2858 6371
5 4353 5390 6694 6372
5 3637 3110 4489 6373
5 1516 1517 1518 6374
5 2824 6011 6943 6375
5 1890 1894 6474 6376
5 1691 1692 1693 6377
5 5101 3864 7122 6378
5 3448 3449 3458 6379
5 3370 3371 3372 6380
5 3907 3908 4229 6381
5 4229 4230 5126 6382
5 1514 1515 1516 6383
5 4494 4617 4618 6384
5 5105 4489 5107 6385
5 6662 1374 6664 6386
5 1972 1973 6726 6387
5 2769 2767 2770 6388
5 4046 3198 5970 6389
5 3409 3410 3411 6390
5 2280 2281 2365 6391
5 5083 4285 6634 6392
5 4125 3548 4733 6393
5 2515 1999 6849 6394
5 4270 5400 5401 6395
5 5716 5717 5718 6396
5 6741 1316 6742 6397
5 4053 3868 4054 6398
5 2304 2305 2306 6399
5 1689 1690 1691 6400
5 2612 2613 2614 6401
5 2890 2892 2893 6402
5 4548 4369 4549 6403
5 3918 4269 4270 6404
5 3502 3503 4015 6405
5 1512 1513 1514 6406
5 1562 1564 6650 6407
5 3329 3639 5156 6408
5 6663 6662 6664 6409
5 2842 2843 2881 6410
5 1535 1537 1538 6411
5 3951 6238 6355 6412
5 4724 3999 6708 6413
5 3078 3076 7131 6414
5 4613 5023 5024 6415
5 4724 6708 6709 6416
5 5024 5025 5178 6417
5 3368 3369 3370 6418
5 6497 6498 8069 6419
5 3921 3923 3998 6420
5 4417 4418 4420 6421
5 6210 5190 6211 6422
5 4937 6869 7197 6423
5 4420 4421 4633 6424
5 3998 3999 4220 6425
5 315 1327 6721 6426
5 5196 5197 6629 6427
5 3998 3923 3999 6428
5 4737 3883 5059 6429
5 5502 5501 5562 6430
5 2865 2864 2866 6431
5 3411 3412 3413 6432
5 4864 4863 5488 6433
5 3999 3923 6708 6434
5 4981 3745 6883 6435
5 3866 3864 5101 6436
5 3663 4349 6834 6437
5 6281 6282 6283 6438
5 5420 5418 5421 6439
5 4539 4540 5109 6440
5 3366 3367 3368 6441
5 6546 5141 6547 6442
5 4426 4141 4531 6443
5 3915 4181 5056 6444
5 2984 3154 3762 6445
5 2773 2771 2788 6446
5 4415 4416 4417 6447
5 2167 2097 2479 6448
5 3917 4170 4710 6449
5 2302 2303 2304 6450
5 3311 3312 3366 6451
5 3413 3414 3415 6452
5 3185 3184 3645 6453
5 2859 2858 2860 6454
5 3616 3797 4116 6455
5 2361 3975 6800 6456
5 2680 3175 6690 6457
5 4220 4221 6666 6458
5 7008 5261 7009 6459
5 2873 2872 2874 6460
5 4137 5251 5261 6461
5 5519 1360 8252 6462
5 3870 3917 6641 6463
5 5891 3984 5892 6464
5 1510 1511 1512 6465
5 2861 2860 2862 6466
5 3446 3447 3448 6467
5 1975 2013 2014 6468
5 3234 3493 4076 6469
5 4014 4013 4863 6470
5 1908 1957 1958 6471
5 3921 3922 3923 6472
5 1710 1711 1713 6473
5 4851 3854 5088 6474
5 3001 2986 3088 6475
5 7003 6369 7004 6476
5 3415 3416 3417 6477
5 3309 3310 3311 6478
5 5842 4815 6228 6479
5 2300 2301 2302 6480
5 3738 4039 4040 6481
5 4367 5644 5734 6482
5 1508 1509 1510 6483
5 2269 2335 2450 6484
5 2270 2455 6682 6485
5 1374 311 6693 6486
5 5087 3831 6920 6487
5 2863 2860 6697 6488
5 2818 2806 2828 6489
5 5141 4263 5142 6490
5 2995 2926 6719 6491
5 5113 4072 7301 6492
5 1519 1521 1522 6493
5 3918 3919 4269 6494
5 3631 3554 3960 6495
5 4326 4327 4415 6496
5 2615 2617 2618 6497
5 322 1373 6723 6498
5 4220 3999 4221 6499
5 3900 4807 5139 6500
5 3444 3445 3446 6501
5 2607 2609 2610 6502
5 1551 1553 1554 6503
5 2298 2299 2300 6504
5 1506 1507 1508 6505
5 4618 4619 4732 6506
5 6502 6503 6580 6507
5 2800 2791 2805 6508
5 3590 3892 6575 6509
5 1754 3780 7090 6510
5 5913 4943 5914 6511
5 4509 4220 5461 6512
5 1955 1953 6889 6513
5 2603 4573 6949 6514
5 3799 6965 7113 6515
5 2147 2148 2280 6516
5 4342 5536 5593 6517
5 4190 4504 4894 6518
5 3943 3944 6711 6519
5 4263 5163 6675 6520
5 4407 1974 6889 6521
5 3588 3589 3590 6522
5 3273 3272 3613 6523
5 4324 4325 4326 6524
5 3847 4059 4488 6525
5 4059 3848 4060 6526
5 1921 1951 1952 6527
5 3248 3250 6787 6528
5 308 309 4980 6529
5 3307 3308 3309 6530
5 1504 1505 1506 6531
5 2610 2611 2612 6532
5 3436 3437 3438 6533
5 5026 3981 5062 6534
5 2875 2874 2876 6535
5 2296 2297 2298 6536
5 1412 1411 6704 6537
5 4076 5182 5641 6538
5 1973 6725 6726 6539
5 2966 7501 7656 6540
5 2877 2876 2878 6541
5 3421 3422 3423 6542
5 2990 3100 4149 6543
5 3442 3443 3444 6544
5 3271 3104 3272 6545
5 3415 3740 6712 6546
5 6748 1613 8562 6547
5 2488 6150 6855 6548
5 2655 2657 2658 6549
5 4009 4007 4985 6550
5 4732 4857 5339 6551
5 3433 3434 3436 6552
5 6705 4675 6706 6553
5 4276 4277 4324 6554
5 3398 3400 3401 6555
5 4987 2489 6488 6556
5 4570 3107 6738 6557
5 2499 2497 4735 6558
5 5461 4220 6666 6559
5 310 1374 6662 6560
5 6700 6701 6703 6561
5 3423 3424 3425 6562
5 2867 2866 2868 6563
5 4922 4923 5365 6564
5 6460 6458 7292 6565
5 2294 2295 2296 6566
5 3591 3562 4188 6567
5 4263 4261 5163 6568
5 3282 3280 6645 6569
5 4233 4234 4235 6570
5 4410 6063 6865 6571
5 6083 4800 7490 6572
5 4140 4033 4141 6573
5 4670 4673 5075 6574
5 5142 6676 6679 6575
5 4462 3936 4651 6576
5 3796 3858 4372 6577
5 2807 2808 2840 6578
5 5281 4171 5282 6579
5 3978 6700 6703 6580
5 4081 4082 4918 6581
5 4639 3783 6443 6582
5 3427 3428 3429 6583
5 3431 3432 3433 6584
5 1705 1706 1707 6585
5 2401 2399 2402 6586
5 3089 3088 3364 6587
5 3114 3758 6695 6588
5 3429 3430 3431 6589
5 3425 3426 3427 6590
5 4179 4981 4982 6591
5 2292 2293 2294 6592
5 3870 6641 7049 6593
5 1707 1708 1710 6594
5 5090 5091 5092 6595
5 3918 3454 3919 6596
5 3377 3379 3380 6597
5 2658 2659 2660 6598
5 5142 6675 6676 6599
5 1358 313 6720 6600
5 2683 4563 6888 6601
5 3978 1418 6700 6602
5 7208 3801 7228 6603
5 1260 1266 6673 6604
5 1958 1959 1962 6605
5 4164 3635 4758 6606
5 6415 6562 6685 6607
5 1588 1589 1590 6608
5 1375 1411 1412 6609
5 6660 3959 6688 6610
5 3625 3624 4007 6611
5 1590 1591 1593 6612
5 3006 3106 6715 6613
5 4274 4275 4276 6614
5 5877 5874 5878 6615
5 294 295 6739 6616
5 6582 7203 7426 6617
5 2397 2395 4634 6618
5 5271 5272 5273 6619
5 2869 2868 2870 6620
5 321 322 6723 6621
5 4343 5193 5194 6622
5 7345 3451 7471 6623
5 1962 1963 2000 6624
5 3919 3920 3921 6625
5 2738 2720 4572 6626
5 4850 5165 5166 6627
5 3301 3302 3303 6628
5 1375 1272 1411 6629
5 2000 2001 2073 6630
5 4235 4236 4274 6631
5 5365 5366 5367 6632
5 4670 5075 6979 6633
5 297 298 6743 6634
5 3923 3922 6705 6635
5 2805 6668 6995 6636
5 3342 4004 6966 6637
5 7237 6261 8118 6638
5 3560 3561 4105 6639
5 3167 3522 4289 6640
5 4112 3878 4113 6641
5 3879 4112 4198 6642
5 2393 4411 6750 6643
5 4269 3919 6649 6644
5 1703 1704 1705 6645
5 2815 2781 2819 6646
5 2290 2291 2292 6647
5 1379 294 6739 6648
5 3921 3920 3922 6649
5 6444 6443 6445 6650
5 6400 5401 6401 6651
5 5983 2338 6893 6652
5 2176 3337 3352 6653
5 2812 2838 2842 6654
5 4221 4725 5010 6655
5 2600 2601 2701 6656
5 3635 2412 7050 6657
5 3922 4675 6705 6658
5 6720 314 6721 6659
5 4850 5166 6985 6660
5 1582 1583 1584 6661
5 4262 6546 6672 6662
5 6046 6048 6049 6663
5 3597 3598 4081 6664
5 5995 5996 6756 6665
5 8118 6261 8192 6666
5 5781 2311 7133 6667
5 3723 3179 4762 6668
5 3749 3750 3751 6669
5 4443 3880 5127 6670
5 1882 1883 1884 6671
5 6701 4458 6702 6672
5 2119 2120 3840 6673
5 3299 3300 3301 6674
5 3646 3645 6620 6675
5 4094 4003 6652 6676
5 4351 4353 6694 6677
5 1498 1499 1500 6678
5 1501 1503 1504 6679
5 2662 2663 2664 6680
5 3998 4220 4509 6681
5 4704 4628 5377 6682
5 2660 2661 2662 6683
5 2952 2954 2955 6684
5 5142 4263 6675 6685
5 7599 5157 7614 6686
5 4193 3646 6620 6687
5 3761 3494 4013 6688
5 2664 2665 2666 6689
5 3694 4937 5463 6690
5 1812 5661 8429 6691
5 2160 2277 2278 6692
5 6709 2170 7576 6693
5 5032 5480 7792 6694
5 3923 6705 6708 6695
5 2669 5870 6927 6696
5 2073 2074 2119 6697
5 2829 2828 2918 6698
5 3022 2931 3184 6699
5 6700 4458 6701 6700
5 4497 5190 6210 6701
5 4358 4357 4359 6702
5 309 310 6662 6703
5 3835 3834 4271 6704
5 313 314 6720 6705
5 4694 5354 6748 6706
5 1714 1716 1718 6707
5 5419 8318 8333 6708
5 4561 4556 4562 6709
5 298 1382 6743 6710
5 2721 2722 2730 6711
5 4043 4042 4191 6712
5 312 1358 6693 6713
5 3248 3249 3250 6714
5 2983 2982 2985 6715
5 4272 4271 5138 6716
5 5169 7948 8061 6717
5 2778 2779 2801 6718
5 310 311 1374 6719
5 3537 4049 4050 6720
5 2048 2045 6777 6721
5 7159 3887 7247 6722
5 3751 3966 3967 6723
5 1376 318 6716 6724
5 2718 2719 2721 6725
5 3962 3696 6486 6726
5 2329 6435 6436 6727
5 1496 1497 1498 6728
5 5010 5011 5014 6729
5 6676 6675 6677 6730
5 1416 1412 4458 6731
5 1548 2436 6729 6732
5 4702 4701 5326 6733
5 2326 3263 3502 6734
5 2776 2777 2778 6735
5 3268 5772 8324 6736
5 2278 2289 2290 6737
5 2680 2681 2685 6738
5 3287 3288 3299 6739
5 4974 7153 7165 6740
5 3840 2120 6639 6741
5 6003 6002 8305 6742
5 1416 4458 6700 6743
5 3884 3939 4031 6744
5 2789 2788 3142 6745
5 1415 1412 1416 6746
5 3055 3052 6746 6747
5 2844 2845 2969 6748
5 3459 3574 3971 6749
5 6739 295 6740 6750
5 4221 4724 4725 6751
5 4108 4294 4328 6752
5 2666 2667 2673 6753
5 3012 3552 6832 6754
5 1572 1573 1574 6755
5 2834 2835 2844 6756
5 4262 5141 6546 6757
5 3332 3333 3927 6758
5 3612 3344 6966 6759
5 3274 3851 5568 6760
5 3851 3850 4323 6761
5 2765 2764 2766 6762
5 3723 4762 6796 6763
5 4104 4290 5019 6764
5 6493 2111 7563 6765
5 324 325 1302 6766
5 3613 5002 6930 6767
5 6464 6463 6770 6768
5 4847 4848 5456 6769
5 4017 4018 4296 6770
5 1570 1571 1572 6771
5 5014 5172 5586 6772
5 3020 3021 3114 6773
5 3114 3115 3508 6774
5 1418 1416 6700 6775
5 5010 4725 5011 6776
5 6249 6250 6251 6777
5 6583 6671 7648 6778
5 4171 3359 7213 6779
5 4683 4323 6728 6780
5 3552 4139 5081 6781
5 312 313 1358 6782
5 4353 5215 5390 6783
5 5367 5368 5369 6784
5 6251 6254 6255 6785
5 3164 4406 6956 6786
5 3516 4539 6885 6787
5 4700 4699 4701 6788
5 3273 3613 6824 6789
5 4163 3894 6604 6790
5 4627 3800 4628 6791
5 314 315 6721 6792
5 3024 3026 3027 6793
5 1420 1418 3978 6794
5 4380 5381 5382 6795
5 3927 3928 4833 6796
5 1568 1569 1570 6797
5 6676 6677 6678 6798
5 2281 2148 7083 6799
5 2946 2948 2959 6800
5 1375 1412 1415 6801
5 3586 3587 3588 6802
5 296 1316 6740 6803
5 4183 3595 4856 6804
5 1266 1272 1375 6805
5 3516 4038 4539 6806
5 322 323 1373 6807
5 4526 3993 4527 6808
5 7720 5478 7935 6809
5 1606 1608 1609 6810
5 1438 1436 6810 6811
5 2936 5869 7313 6812
5 311 312 6693 6813
5 1971 1526 6766 6814
5 3789 3282 6645 6815
5 3069 3066 6764 6816
5 4116 3797 4117 6817
5 3790 4262 6672 6818
5 4721 4646 4738 6819
5 3252 3530 3531 6820
5 3725 3293 6775 6821
5 3364 3759 6659 6822
5 3766 3269 3834 6823
5 1701 1702 1703 6824
5 3315 3316 3852 6825
5 4957 6780 8420 6826
5 3418 3420 3421 6827
5 1834 1831 6760 6828
5 3631 3960 4302 6829
5 3834 3269 6858 6830
5 3285 3286 3287 6831
5 3695 3697 5658 6832
5 3963 4502 4503 6833
5 2603 2605 4573 6834
5 3538 3790 6672 6835
5 6279 6278 6846 6836
5 319 1312 6716 6837
5 2652 2686 6767 6838
5 1576 1577 1578 6839
5 1371 672 7935 6840
5 315 316 1327 6841
5 4060 3848 4061 6842
5 4488 4059 4954 6843
5 5014 5011 5172 6844
5 2598 2599 2600 6845
5 4024 4133 4530 6846
5 3250 3251 3252 6847
5 1254 1260 1357 6848
5 1554 1555 1556 6849
5 1494 1495 1496 6850
5 5059 3883 6648 6851
5 317 318 1376 6852
5 3688 3646 4193 6853
5 1600 1602 2492 6854
5 4221 3999 4724 6855
5 3591 4188 4222 6856
5 1417 1416 1418 6857
5 2086 2123 6686 6858
5 1699 1700 1701 6859
5 2940 2942 3120 6860
5 2184 2185 2357 6861
5 2189 2158 6771 6862
5 6503 6506 6580 6863
5 5092 5091 5245 6864
5 1424 1422 2495 6865
5 319 320 1312 6866
5 6660 6688 6689 6867
5 2144 2145 2184 6868
5 4323 5008 5235 6869
5 3261 3260 3624 6870
5 1415 1416 1417 6871
5 3117 3187 3332 6872
5 4105 3561 4106 6873
5 3560 4105 4194 6874
5 3879 4198 4956 6875
5 4198 4112 4853 6876
5 6096 1403 7437 6877
5 6254 6250 7141 6878
5 3129 4312 5538 6879
5 3475 3577 3578 6880
5 1562 1563 1564 6881
5 3610 3407 6768 6882
5 4662 4665 5078 6883
5 1236 1242 1325 6884
5 3304 3306 3307 6885
5 4934 4543 5693 6886
5 1419 1418 1420 6887
5 2632 2703 6772 6888
5 3641 4090 4464 6889
5 3886 4805 5045 6890
5 1835 1926 6779 6891
5 3677 3679 4878 6892
5 318 319 6716 6893
5 5575 5576 5577 6894
5 1224 1230 1377 6895
5 6378 6380 6386 6896
5 1492 1493 1494 6897
5 1560 1561 1562 6898
5 1266 1375 6673 6899
5 5018 4714 6655 6900
5 4031 3939 4175 6901
5 3884 4031 4282 6902
5 1428 1426 2170 6903
5 4050 4285 5083 6904
5 4328 4294 4329 6905
5 3667 3733 6798 6906
5 1212 1218 1309 6907
5 4323 3850 5008 6908
5 3851 4323 4683 6909
5 3490 6221 6222 6910
5 3115 3117 6820 6911
5 6036 2165 8088 6912
5 4017 4296 4475 6913
5 4296 4018 4297 6914
5 2380 2379 3477 6915
5 5116 3219 7268 6916
5 1200 1206 1378 6917
5 4093 5907 5908 6918
5 1421 1420 1422 6919
5 4147 4498 5017 6920
5 4689 4690 4859 6921
5 3584 3585 3586 6922
5 4294 5128 6692 6923
5 1417 1418 1419 6924
5 4116 4117 5236 6925
5 4117 3797 4118 6926
5 2981 2920 2982 6927
5 1574 1575 1576 6928
5 3283 3284 3285 6929
5 1423 1422 1424 6930
5 4302 3960 4711 6931
5 3631 4302 5604 6932
5 4415 4417 6758 6933
5 4524 6520 6521 6934
5 1182 1188 1298 6935
5 4488 4954 5258 6936
5 4060 4061 4062 6937
5 2592 2593 2598 6938
5 3591 4222 4223 6939
5 4222 4188 5361 6940
5 5092 5245 5246 6941
5 6049 6050 6052 6942
5 4406 3162 6452 6943
5 3852 3853 4203 6944
5 1558 1559 1560 6945
5 4015 4351 6727 6946
5 4106 3561 4107 6947
5 4194 4105 4749 6948
5 4956 4198 4957 6949
5 5372 5375 7515 6950
5 6659 4094 6813 6951
5 2306 2323 6773 6952
5 5500 5501 5502 6953
5 1425 1424 1426 6954
5 5011 4725 5643 6955
5 2700 2725 2728 6956
5 1419 1420 1421 6957
5 4031 4175 4510 6958
5 1490 1491 1492 6959
5 4328 4329 5175 6960
5 4329 4294 6692 6961
5 4296 4297 4342 6962
5 4297 4018 4466 6963
5 2935 3019 3020 6964
5 1606 1609 6811 6965
5 1421 1422 1423 6966
5 4116 5236 5237 6967
5 4117 4118 5183 6968
5 4372 4373 4496 6969
5 4711 3960 4712 6970
5 4302 4711 5657 6971
5 3147 7607 8515 6972
5 5258 4954 5616 6973
5 4488 5258 6551 6974
5 4060 4062 4063 6975
5 1556 1557 1558 6976
5 5361 4188 5362 6977
5 4223 4222 4252 6978
5 4887 5270 5271 6979
5 4194 4749 5299 6980
5 4106 4107 4108 6981
5 291 292 1303 6982
5 5029 6495 7374 6983
5 4510 4175 4511 6984
5 4328 5175 5176 6985
5 4342 4297 5536 6986
5 5237 5236 5239 6987
5 5183 4118 5184 6988
5 4711 4712 5287 6989
5 4063 4062 4064 6990
5 6551 5258 6552 6991
5 4223 4252 4253 6992
5 5361 5362 5363 6993
5 2450 2451 3324 6994
5 5299 4749 5351 6995
5 6702 4458 6704 6996
5 4511 4175 5333 6997
5 5237 5239 5240 6998
5 5184 4118 5185 6999
5 4064 4062 4065 7000
5 4063 4064 4867 7001
5 4223 4253 4964 7002
5 4253 4252 5198 7003
5 5363 5362 5402 7004
5 4511 5333 5334 7005
5 5184 5185 5186 7006
5 4063 4867 5094 7007
5 4064 4065 4066 7008
5 5198 4252 5199 7009
5 4964 4253 6669 7010
5 4511 5334 5500 7011
5 5184 5186 5638 7012
5 5186 5185 5563 7013
5 5094 4867 5285 7014
5 4066 4065 4273 7015
5 5500 5334 5501 7016
5 5638 5186 5639 7017
5 4066 4273 4841 7018
5 5638 5639 5782 7019
5 4066 4841 4842 7020
5 4867 4064 6731 7021
5 4064 4066 6731 7022
5 6731 4842 6732 7023
5 3720 3685 6797 7024
5 4066 4842 6731 7025
5 4253 5198 6733 7026
5 6669 4253 6733 7027
5 1423 1424 1425 7028
5 4108 4328 6754 7029
5 5620 5622 5623 7030
5 4638 6741 8490 7031
5 1975 2014 6725 7032
5 4458 1412 6704 7033
5 295 296 6740 7034
5 5347 5346 5348 7035
5 3815 3813 5077 7036
5 3127 3591 6829 7037
5 4168 5637 5755 7038
5 6317 6568 7583 7039
5 3797 3297 6859 7040
5 2561 2560 2562 7041
5 6951 6614 7167 7042
5 3093 3318 3472 7043
5 1425 1426 1427 7044
5 3922 4525 4675 7045
5 6120 4629 7056 7046
5 1303 292 6730 7047
5 1427 1426 1428 7048
5 2669 2671 5870 7049
5 6052 6053 6055 7050
5 292 293 6730 7051
5 1164 1170 1345 7052
5 2804 2833 2834 7053
5 4067 5202 6338 7054
5 3673 3675 4362 7055
5 1697 1698 1699 7056
5 5063 4409 5064 7057
5 5732 4407 6889 7058
5 3951 6237 6238 7059
5 2683 2689 4563 7060
5 1693 1694 1695 7061
5 6418 6415 6685 7062
5 6474 1894 6713 7063
5 4310 5321 5322 7064
5 2789 3142 6667 7065
5 2743 2775 2776 7066
5 1969 1970 6838 7067
5 4328 5176 6754 7068
5 1695 1696 1697 7069
5 293 294 1379 7070
5 4662 5078 7022 7071
5 1488 1489 1490 7072
5 3955 3954 4545 7073
5 3271 3453 6837 7074
5 3640 3248 6787 7075
5 4041 3455 4042 7076
5 3439 3441 3442 7077
5 2086 2084 2123 7078
5 3909 3910 4303 7079
5 3007 3008 3245 7080
5 2825 2851 6459 7081
5 2364 2363 2374 7082
5 6382 6384 6385 7083
5 1434 2006 6952 7084
5 293 1379 6730 7085
5 6754 5176 6755 7086
5 1602 1606 6811 7087
5 2499 4735 5238 7088
5 2693 2717 2718 7089
5 175 176 1300 7090
5 5071 3804 6817 7091
5 2421 5968 5969 7092
5 2766 3169 6578 7093
5 3436 3670 7149 7094
5 174 175 6745 7095
5 2498 2499 6845 7096
5 3255 3256 3283 7097
5 3352 3861 3988 7098
5 1585 1587 1588 7099
5 173 174 1380 7100
5 2148 2089 7232 7101
5 2357 2185 6656 7102
5 1791 2487 6805 7103
5 1146 1152 1287 7104
5 6652 5035 6654 7105
5 6761 5183 6762 7106
5 170 171 1311 7107
5 4334 4336 7477 7108
5 4106 4108 6754 7109
5 1425 1427 2124 7110
5 6530 4269 6649 7111
5 3582 3583 3584 7112
5 169 170 6751 7113
5 1684 1686 6803 7114
5 3088 2986 6903 7115
5 1421 1423 2496 7116
5 5127 3880 7248 7117
5 4464 4465 4505 7118
5 1427 1428 1429 7119
5 168 169 1381 7120
5 5236 4117 6761 7121
5 6281 4114 6282 7122
5 7341 3168 7460 7123
5 5747 4937 7197 7124
5 4117 5183 6761 7125
5 178 179 1346 7126
5 4108 4293 4294 7127
5 167 168 6753 7128
5 2675 2679 2680 7129
5 1375 1415 6673 7130
5 1747 1753 3571 7131
5 6158 6155 6159 7132
5 2885 3456 6459 7133
5 6754 6755 6782 7134
5 3833 3831 5087 7135
5 1429 1428 1430 7136
5 166 167 1330 7137
5 1629 1512 6792 7138
5 296 297 1316 7139
5 3860 6133 6139 7140
5 3710 3708 4888 7141
5 4525 3920 6824 7142
5 3324 3517 3890 7143
5 5369 5370 5371 7144
5 4628 3800 6845 7145
5 4349 5716 6834 7146
5 3350 3112 5542 7147
5 175 1300 6745 7148
5 3919 3454 3920 7149
5 1417 1419 4529 7150
5 1486 1487 1488 7151
5 1380 174 6745 7152
5 3226 3228 6646 7153
5 181 182 1289 7154
5 6197 6198 6199 7155
5 298 299 1382 7156
5 2590 2591 2592 7157
5 3713 3711 4941 7158
5 3920 3454 6824 7159
5 3032 3034 3035 7160
5 299 300 6759 7161
5 6469 1372 6470 7162
5 4610 4611 4656 7163
5 4401 2386 6262 7164
5 1766 1768 1769 7165
5 4003 5035 6652 7166
5 2351 2285 2379 7167
5 170 1311 6751 7168
5 1880 1881 1882 7169
5 4546 4545 5256 7170
5 2907 2909 7068 7171
5 3554 3555 6951 7172
5 300 301 1331 7173
5 2283 2282 2527 7174
5 4627 4628 4704 7175
5 163 164 1359 7176
5 5382 5383 5635 7177
5 1429 1430 1431 7178
5 6780 4853 6781 7179
5 1381 169 6751 7180
5 2103 2102 2174 7181
5 4908 6337 7283 7182
5 2236 2330 7403 7183
5 5498 5574 5575 7184
5 2181 2180 2282 7185
5 1579 1581 1582 7186
5 4106 6754 6782 7187
5 2785 2807 6462 7188
5 5519 6120 8354 7189
5 2559 2558 2560 7190
5 4427 5234 5859 7191
5 2922 2809 2923 7192
5 2439 2238 7403 7193
5 1878 1879 1880 7194
5 168 1381 6753 7195
5 224 225 1414 7196
5 2957 2958 2960 7197
5 2955 2956 2957 7198
5 5062 3981 6651 7199
5 3969 3839 4699 7200
5 6733 5198 6774 7201
5 2505 2498 6845 7202
5 6633 3281 6929 7203
5 1330 167 6753 7204
5 4162 5252 6560 7205
5 4442 4761 5879 7206
5 2960 2961 2976 7207
5 3616 4116 6799 7208
5 4704 5377 5378 7209
5 4198 4853 6780 7210
5 4743 4742 5328 7211
5 4105 4106 6782 7212
5 3253 3254 3255 7213
5 3485 4206 6449 7214
5 3896 3894 4163 7215
5 4957 4198 6780 7216
5 3110 3111 6826 7217
5 4749 4105 6782 7218
5 2976 2977 3023 7219
5 4513 4163 5335 7220
5 6350 4286 6875 7221
5 2745 2746 7289 7222
5 3555 3556 3557 7223
5 4317 5830 5832 7224
5 5476 5702 5703 7225
5 2346 2361 6800 7226
5 303 304 1360 7227
5 1565 1567 1568 7228
5 6965 5033 7113 7229
5 5112 4072 5113 7230
5 1932 1438 6810 7231
5 3580 3581 3582 7232
5 1415 1417 6769 7233
5 2152 2346 6983 7234
5 6673 1415 6769 7235
5 1789 1791 1792 7236
5 1855 1861 1862 7237
5 4270 5401 6400 7238
5 1360 6788 6789 7239
5 4015 3503 4351 7240
5 5368 5374 7531 7241
5 2214 2341 6833 7242
5 223 224 6783 7243
5 4692 4694 6748 7244
5 4694 4696 5354 7245
5 3502 3263 3503 7246
5 5496 5497 5498 7247
5 4878 4879 5619 7248
5 1316 297 6743 7249
5 5999 6002 6003 7250
5 171 172 6749 7251
5 4643 4366 4644 7252
5 1382 299 6759 7253
5 1484 1485 1486 7254
5 1876 1877 1878 7255
5 3591 4223 6829 7256
5 2770 6578 6860 7257
5 3690 4103 4428 7258
5 4414 5229 5241 7259
5 2361 3898 3975 7260
5 2748 2793 6595 7261
5 2315 2516 3609 7262
5 3633 2505 3800 7263
5 2337 2164 2388 7264
5 304 305 6788 7265
5 4078 4688 4689 7266
5 3721 3996 4423 7267
5 3389 7279 7394 7268
5 4116 5237 6799 7269
5 300 1331 6759 7270
5 6742 1316 6743 7271
5 2314 2262 6821 7272
5 6077 1278 7788 7273
5 5371 5372 5373 7274
5 4294 4293 5128 7275
5 3152 2903 3498 7276
5 4733 3548 6491 7277
5 4537 5318 7434 7278
5 6222 6224 6225 7279
5 3985 4345 5465 7280
5 3335 3152 6622 7281
5 1431 1430 1432 7282
5 3027 3028 3029 7283
5 1417 4529 6769 7284
5 2783 6571 7180 7285
5 3453 3918 6851 7286
5 3578 3579 3580 7287
5 4495 5430 5431 7288
5 4071 4765 4766 7289
5 4159 3764 4825 7290
5 1482 1483 1484 7291
5 2947 2975 7285 7292
5 6239 6241 6242 7293
5 222 223 1362 7294
5 4690 4692 6953 7295
5 2285 2283 6918 7296
5 5446 5495 5496 7297
5 5532 1328 8388 7298
5 2383 2384 3253 7299
5 3539 3951 6355 7300
5 1311 171 6749 7301
5 2761 2759 2762 7302
5 3467 2365 6577 7303
5 1528 1530 7272 7304
5 7186 3118 7409 7305
5 3819 1972 6726 7306
5 3903 3715 3904 7307
5 1874 1875 1876 7308
5 305 306 1410 7309
5 2929 3707 6850 7310
5 5745 4160 5770 7311
5 2323 3230 7082 7312
5 2175 2174 2352 7313
5 4162 4161 5252 7314
5 3741 2422 7083 7315
5 6135 6137 6138 7316
5 5373 5505 5506 7317
5 4503 5523 5525 7318
5 2686 4491 7150 7319
5 3387 3393 7293 7320
5 2487 3547 7138 7321
5 5444 5445 5446 7322
5 2763 2762 2764 7323
5 2712 2710 2816 7324
5 6002 8236 8305 7325
5 1870 1871 1872 7326
5 5897 5899 5900 7327
5 1872 1873 1874 7328
5 4108 4107 4293 7329
5 1973 1975 6725 7330
5 4118 3797 6859 7331
5 4608 4609 4610 7332
5 4018 3729 6823 7333
5 2431 6216 7210 7334
5 1743 1750 1755 7335
5 5811 5813 5814 7336
5 2212 2214 2215 7337
5 2188 2190 2191 7338
5 3615 4641 7255 7339
5 3922 3920 4525 7340
5 4063 5094 6862 7341
5 5056 4181 6757 7342
5 3950 3540 4432 7343
5 4998 4084 6439 7344
5 5375 5370 7531 7345
5 5678 5680 6905 7346
5 5196 4146 5197 7347
5 1480 1481 1482 7348
5 3974 5034 5096 7349
5 3482 3145 5871 7350
5 4437 4439 4952 7351
5 1833 1835 1836 7352
5 4436 4434 5881 7353
5 5429 5443 5444 7354
5 5065 5064 5066 7355
5 3953 4890 4891 7356
5 2341 3699 7154 7357
5 5398 5066 5399 7358
5 3068 3070 3071 7359
5 2432 3704 6461 7360
5 3472 3473 3948 7361
5 1732 1737 4630 7362
5 1769 1770 1771 7363
5 5322 5323 5711 7364
5 1868 1869 1870 7365
5 6409 3724 7169 7366
5 4080 5862 7498 7367
5 2110 2112 2113 7368
5 3702 4085 4086 7369
5 1779 1780 1781 7370
5 1608 1611 6871 7371
5 1450 1448 2501 7372
5 5674 5534 5675 7373
5 1950 1920 6849 7374
5 4027 3485 6449 7375
5 5427 5428 5429 7376
5 2156 2154 4642 7377
5 3686 3684 4936 7378
5 5045 4805 5046 7379
5 224 1414 6783 7380
5 4045 4629 4909 7381
5 3497 2359 4240 7382
5 2356 2355 2363 7383
5 3976 3977 6911 7384
5 1777 1778 1779 7385
5 5091 3522 6853 7386
5 4675 4525 4976 7387
5 1781 1782 1783 7388
5 2588 2589 2590 7389
5 3001 3103 6670 7390
5 4504 6575 7008 7391
5 229 230 7222 7392
5 1771 1772 1773 7393
5 4045 3800 4627 7394
5 6011 3747 7716 7395
5 2049 2052 2053 7396
5 5226 4487 6230 7397
5 3703 3700 4383 7398
5 4059 4060 6862 7399
5 4284 3778 4818 7400
5 3117 3332 6820 7401
5 1446 1444 1664 7402
5 5169 4192 5170 7403
5 5519 4629 6120 7404
5 6184 2454 6185 7405
5 6617 4652 7426 7406
5 1454 1452 1654 7407
5 3734 3668 3752 7408
5 1855 1862 6648 7409
5 3133 3135 3727 7410
5 1773 1774 1775 7411
5 5484 4894 6806 7412
5 3726 4145 4430 7413
5 4622 5343 5573 7414
5 3454 3273 6824 7415
5 3029 3030 3031 7416
5 1775 1776 1777 7417
5 6126 6123 6127 7418
5 2186 2151 2497 7419
5 4630 1737 7172 7420
5 2258 2256 7277 7421
5 1949 5942 7440 7422
5 2375 2374 2376 7423
5 3552 5081 6832 7424
5 2754 2752 2755 7425
5 1725 1730 2008 7426
5 2179 2106 2180 7427
5 3672 6335 7185 7428
5 3048 3050 3051 7429
5 2828 2806 6995 7430
5 2541 2540 2542 7431
5 4386 4384 4387 7432
5 4195 4037 4196 7433
5 5330 5331 8448 7434
5 5424 5426 5427 7435
5 2578 2580 2581 7436
5 2044 2046 6456 7437
5 1420 3978 6945 7438
5 2543 2542 2544 7439
5 4045 4627 4629 7440
5 1478 1479 1480 7441
5 1866 1867 1868 7442
5 6504 4199 6522 7443
5 1763 1764 1765 7444
5 3355 3354 3356 7445
5 4689 5320 6866 7446
5 4466 4018 6823 7447
5 1783 1784 1785 7448
5 2498 2497 2499 7449
5 4265 5132 5133 7450
5 2739 2740 2784 7451
5 3927 3333 3928 7452
5 2069 2068 2104 7453
5 5422 5423 5424 7454
5 2378 2314 7115 7455
5 3319 3105 3321 7456
5 1611 1615 2500 7457
5 1360 304 6788 7458
5 4109 4916 6752 7459
5 3331 4607 4608 7460
5 3035 3036 3037 7461
5 3913 3842 6671 7462
5 4954 4059 6862 7463
5 4653 4654 4655 7464
5 3666 3664 4930 7465
5 3054 3056 3057 7466
5 4909 4629 5519 7467
5 3332 3187 3333 7468
5 4478 4480 4944 7469
5 4149 3100 4729 7470
5 5455 3612 6966 7471
5 5047 4637 5283 7472
5 3090 3091 3107 7473
5 1864 1865 1866 7474
5 2539 2538 2540 7475
5 2586 2587 2588 7476
5 4223 4964 6829 7477
5 1862 1863 1864 7478
5 1128 1134 1344 7479
5 4104 3872 4290 7480
5 3274 5568 6670 7481
5 1448 1446 6923 7482
5 6490 3161 6844 7483
5 2734 2748 2963 7484
5 2495 1422 6945 7485
5 4062 4061 6737 7486
5 3163 3165 3536 7487
5 5716 5718 7362 7488
5 1785 1786 1788 7489
5 2416 2415 2417 7490
5 1998 1969 6838 7491
5 4065 4062 6737 7492
5 7433 6722 8329 7493
5 6997 6998 7628 7494
5 2733 6035 7074 7495
5 1792 1793 1794 7496
5 2032 2034 2035 7497
5 1848 1849 1854 7498
5 3199 3200 3201 7499
5 3025 2977 6869 7500
5 5584 4268 5585 7501
5 3633 3800 4045 7502
5 2506 3634 3799 7503
5 2480 2479 2481 7504
5 2037 2038 2039 7505
5 2063 2062 2068 7506
5 1721 1723 2486 7507
5 4168 3803 5637 7508
5 2784 2785 6462 7509
5 1748 1740 6891 7510
5 4746 4025 6500 7511
5 3827 1518 6579 7512
5 2090 2064 2091 7513
5 1362 223 6783 7514
5 5836 5691 5837 7515
5 184 185 1347 7516
5 1846 1847 1848 7517
5 3248 2456 3249 7518
5 4525 6824 6930 7519
5 6147 6145 6148 7520
5 2316 3269 3766 7521
5 4428 4429 4508 7522
5 3022 3184 3185 7523
5 1551 1554 6883 7524
5 1761 1762 1763 7525
5 1986 1988 2265 7526
5 4976 4525 6930 7527
5 3480 3479 6786 7528
5 1440 1438 1932 7529
5 2448 1492 6854 7530
5 1854 1855 6648 7531
5 4833 3928 6864 7532
5 3652 3654 3655 7533
5 3613 5001 5002 7534
5 2555 2557 2586 7535
5 4535 3779 4536 7536
5 1436 1434 6952 7537
5 1794 1795 1796 7538
5 1760 1758 7336 7539
5 1759 1760 1761 7540
5 2708 2706 3157 7541
5 3365 3088 6903 7542
5 2047 2044 6456 7543
5 2039 2040 2041 7544
5 1679 1677 2011 7545
5 3037 3038 3039 7546
5 305 1410 6788 7547
5 2899 7371 7523 7548
5 1755 1756 1757 7549
5 1738 1731 6372 7550
5 5390 5215 6260 7551
5 3609 4722 5314 7552
5 1844 1845 1846 7553
5 1757 1758 1759 7554
5 3201 3202 3484 7555
5 2035 2036 2037 7556
5 3618 2433 3911 7557
5 3484 3485 4027 7558
5 5252 8159 8369 7559
5 2183 2345 2383 7560
5 3885 3634 3987 7561
5 1833 1836 6651 7562
5 5420 5421 5422 7563
5 2910 2908 3176 7564
5 7476 2978 7547 7565
5 2482 2481 2483 7566
5 2408 2407 2409 7567
5 3799 3885 3886 7568
5 2377 2376 3278 7569
5 2322 3198 3199 7570
5 4401 6262 6793 7571
5 3918 4270 6851 7572
5 4365 4364 4366 7573
5 1796 1797 1798 7574
5 5818 5819 5820 7575
5 4233 3967 4234 7576
5 3886 5045 6965 7577
5 2041 2042 2043 7578
5 2547 2545 2549 7579
5 3114 3021 3115 7580
5 6456 2046 7208 7581
5 3836 2749 6954 7582
5 4874 4412 4875 7583
5 3974 5096 7118 7584
5 2250 2443 7443 7585
5 5385 5384 5386 7586
5 5820 5822 5823 7587
5 2506 2505 3633 7588
5 1476 1477 1478 7589
5 3151 6328 6329 7590
5 5109 4540 5110 7591
5 3537 4050 6929 7592
5 2494 5724 7739 7593
5 2644 2643 2645 7594
5 2273 2275 4047 7595
5 6239 6242 6661 7596
5 2053 2054 2055 7597
5 1610 1607 6892 7598
5 2287 2288 2371 7599
5 2312 2252 7443 7600
5 5816 5817 5818 7601
5 3081 3082 3090 7602
5 6358 4811 7092 7603
5 4348 3792 4381 7604
5 6340 4746 6342 7605
5 6396 7877 7919 7606
5 2203 2204 2205 7607
5 1842 1843 1844 7608
5 2570 2595 7064 7609
5 1122 1128 6804 7610
5 4490 2654 6591 7611
5 4737 5059 5060 7612
5 4800 6078 7638 7613
5 6922 1320 7953 7614
5 5019 4290 6318 7615
5 4766 4767 4768 7616
5 2201 2202 2203 7617
5 4920 6104 7535 7618
5 2746 2732 2751 7619
5 1798 1799 1800 7620
5 3353 3242 3354 7621
5 1836 1837 1838 7622
5 2215 2216 2217 7623
5 4483 2614 6554 7624
5 4307 3786 6327 7625
5 2195 2196 2197 7626
5 4288 5085 5651 7627
5 1800 1801 1802 7628
5 2205 2206 2207 7629
5 2043 2044 2047 7630
5 5814 5815 5816 7631
5 2193 2194 2195 7632
5 2648 2647 2649 7633
5 1802 1803 1804 7634
5 2191 2192 2193 7635
5 2199 2200 2201 7636
5 2009 6642 7232 7637
5 3332 3927 7128 7638
5 2728 2729 2739 7639
5 2207 2208 2209 7640
5 1782 1780 7318 7641
5 2197 2198 2199 7642
5 2261 2262 2287 7643
5 4539 4038 4540 7644
5 2259 2260 2261 7645
5 3555 6614 6951 7646
5 1840 1841 1842 7647
5 2638 2637 2639 7648
5 1804 1805 1809 7649
5 2020 1999 2515 7650
5 3020 3019 3021 7651
5 3077 3078 3081 7652
5 2209 2210 2211 7653
5 2257 2258 2259 7654
5 1838 1839 1840 7655
5 5518 7446 7525 7656
5 5185 4118 6859 7657
5 2640 2639 2641 7658
5 1809 1810 1818 7659
5 185 186 6808 7660
5 3185 3645 3646 7661
5 2055 2056 2057 7662
5 4768 4769 4770 7663
5 2217 2218 2219 7664
5 3039 3040 3041 7665
5 4770 4771 4772 7666
5 3084 3719 6683 7667
5 1818 1819 1820 7668
5 2255 2256 2257 7669
5 3075 3076 3077 7670
5 1469 1471 1472 7671
5 1625 5897 7272 7672
5 1434 1432 2006 7673
5 3749 3531 3750 7674
5 2914 2912 2916 7675
5 2219 2220 2221 7676
5 2537 2536 2538 7677
5 6785 5604 6976 7678
5 1820 1821 1822 7679
5 4738 6407 6532 7680
5 3104 3089 6861 7681
5 2082 2141 6816 7682
5 4494 4492 4617 7683
5 4637 4546 6967 7684
5 2404 2402 2405 7685
5 2032 2035 6619 7686
5 4772 4773 4774 7687
5 1822 1823 1824 7688
5 5625 5624 5646 7689
5 4952 4953 5810 7690
5 2221 2222 2223 7691
5 4060 4063 6862 7692
5 1824 1825 1826 7693
5 3124 3149 3793 7694
5 3960 3554 6951 7695
5 1845 3452 7451 7696
5 2788 2771 7054 7697
5 1826 1827 1828 7698
5 2815 2819 2820 7699
5 6238 6239 6661 7700
5 4433 4432 4516 7701
5 3364 3365 3759 7702
5 3948 3473 6735 7703
5 1832 1833 6651 7704
5 2223 2224 2225 7705
5 4774 4775 4776 7706
5 3886 4268 4805 7707
5 1683 1681 4649 7708
5 2225 2226 2227 7709
5 1828 1829 1830 7710
5 2253 2254 2255 7711
5 2227 2228 2229 7712
5 4509 5461 7219 7713
5 1534 1533 1535 7714
5 2642 2641 2643 7715
5 2854 2856 2857 7716
5 1830 1831 1832 7717
5 2650 2649 2651 7718
5 4851 5088 5089 7719
5 4569 4568 4577 7720
5 2057 2058 2078 7721
5 2897 2896 2898 7722
5 4578 4577 4579 7723
5 6842 5017 6843 7724
5 4580 4579 4581 7725
5 4776 4777 4778 7726
5 4955 4794 5173 7727
5 3073 3074 3075 7728
5 4567 4566 4568 7729
5 2229 2230 2231 7730
5 4778 4779 4780 7731
5 4521 4520 4566 7732
5 4582 4581 4583 7733
5 4453 4450 4454 7734
5 1969 1928 1970 7735
5 4584 4583 4585 7736
5 2231 2232 2233 7737
5 2237 2238 2239 7738
5 4780 4781 4782 7739
5 4586 4585 4587 7740
5 2251 2252 2253 7741
5 3905 3904 3906 7742
5 4517 4516 4518 7743
5 2157 2158 2187 7744
5 2632 2631 2633 7745
5 5829 5831 7798 7746
5 4519 4518 4520 7747
5 2235 2236 2237 7748
5 4782 4783 4784 7749
5 4784 4785 4786 7750
5 2239 2240 2241 7751
5 2233 2234 2235 7752
5 4588 4587 4589 7753
5 2241 2242 2243 7754
5 2249 2250 2251 7755
5 2160 2093 2277 7756
5 2844 2835 2845 7757
5 3465 1972 3819 7758
5 2247 2248 2249 7759
5 4590 4589 4591 7760
5 3799 3634 3885 7761
5 4112 4113 6876 7762
5 2243 2244 2245 7763
5 2950 2952 6718 7764
5 2245 2246 2247 7765
5 1532 1531 1533 7766
5 5472 4472 6537 7767
5 4923 5453 7550 7768
5 2136 2137 2157 7769
5 4592 4591 4593 7770
5 4086 4087 4376 7771
5 4786 4787 4788 7772
5 2634 2633 2635 7773
5 4594 4593 4595 7774
5 4790 4791 5041 7775
5 4788 4789 4790 7776
5 1530 1529 1531 7777
5 3492 5843 7496 7778
5 2918 3181 6801 7779
5 3071 3072 3073 7780
5 5374 5366 7550 7781
5 2113 2114 2115 7782
5 5431 5432 5433 7783
5 1675 1593 2454 7784
5 4596 4595 4597 7785
5 4055 4056 4057 7786
5 2132 2133 2134 7787
5 1687 1685 1688 7788
5 3469 3630 4012 7789
5 3835 4271 4272 7790
5 4598 4597 4599 7791
5 3766 3834 3835 7792
5 3269 6633 6858 7793
5 2387 3505 3651 7794
5 3107 3091 6738 7795
5 3800 2505 6845 7796
5 3393 3388 3394 7797
5 3395 3394 3396 7798
5 1948 1939 1967 7799
5 3397 3396 3398 7800
5 2134 2135 2136 7801
5 2078 2079 2107 7802
5 4600 4599 4601 7803
5 2820 2821 2822 7804
5 2952 2955 6718 7805
5 3387 3386 3388 7806
5 3815 5077 6937 7807
5 3403 3402 3404 7808
5 4602 4601 4603 7809
5 1797 1795 7349 7810
5 2535 2534 2536 7811
5 1745 1741 4542 7812
5 2130 2131 2132 7813
5 3405 3404 3406 7814
5 3041 3042 3044 7815
5 2107 2108 3804 7816
5 1473 1475 1476 7817
5 1528 1527 1529 7818
5 5838 7322 7596 7819
5 4604 4603 4605 7820
5 3385 3384 3386 7821
5 4853 4112 6876 7822
5 7335 3464 7462 7823
5 4376 4377 4614 7824
5 3509 2685 4010 7825
5 4558 4924 4925 7826
5 2506 3633 3634 7827
5 2630 2629 2631 7828
5 4057 4058 4455 7829
5 4272 5138 5187 7830
5 3407 3406 3408 7831
5 3044 3045 3047 7832
5 3383 3381 3384 7833
5 4606 4605 5845 7834
5 1807 1752 1811 7835
5 4216 3929 4574 7836
5 4302 5657 6976 7837
5 4481 4477 7419 7838
5 1550 1549 1551 7839
5 2834 2833 2835 7840
5 2115 2116 2117 7841
5 1116 1122 1384 7842
5 3243 2325 5033 7843
5 5107 5945 5947 7844
5 3994 4266 4279 7845
5 1540 1539 1541 7846
5 2128 2129 2130 7847
5 2406 2405 2407 7848
5 1526 1525 1527 7849
5 3241 2428 3242 7850
5 1843 1841 7333 7851
5 6129 6127 6130 7852
5 4200 3945 4201 7853
5 4543 4015 6727 7854
5 2117 2118 2126 7855
5 3096 3101 3102 7856
5 2061 1995 2062 7857
5 1850 1891 2176 7858
5 3932 3934 4756 7859
5 2126 2127 2128 7860
5 4003 4219 5035 7861
5 1524 1523 1525 7862
5 4847 4022 4848 7863
5 2101 2168 2169 7864
5 2186 2497 2498 7865
5 5639 6689 7910 7866
5 3759 3760 4003 7867
5 4417 4416 4418 7868
5 3376 3377 6822 7869
5 2938 2940 6744 7870
5 2351 2379 2380 7871
5 3613 3272 5001 7872
5 4092 6474 7350 7873
5 1538 1537 1539 7874
5 1542 1541 1543 7875
5 6768 3409 6994 7876
5 4420 4418 4421 7877
5 4430 4431 4621 7878
5 186 187 1385 7879
5 4697 6632 7523 7880
5 5954 4046 5970 7881
5 2308 2307 2313 7882
5 2308 2313 6819 7883
5 1548 1547 1549 7884
5 3295 3942 4653 7885
5 4053 4054 4055 7886
5 3051 3052 3053 7887
5 4388 4387 4389 7888
5 5857 4470 7853 7889
5 2504 2505 2506 7890
5 5075 4673 5076 7891
5 3401 3400 3402 7892
5 3376 3375 3377 7893
5 2756 2755 2758 7894
5 4179 3745 4981 7895
5 2504 2498 2505 7896
5 1776 3195 7500 7897
5 4216 4575 4576 7898
5 2306 2305 2307 7899
5 1465 1467 2502 7900
5 4375 3976 6911 7901
5 1544 1543 1545 7902
5 3057 3058 3059 7903
5 3065 3066 3067 7904
5 4245 3723 6796 7905
5 2490 3954 3955 7906
5 4237 5071 5072 7907
5 6464 6770 7384 7908
5 2940 3120 6744 7909
5 4819 4818 5533 7910
5 4390 4389 4391 7911
5 2862 2864 2865 7912
5 3102 3523 3524 7913
5 4398 4397 4399 7914
5 4415 4327 4416 7915
5 4392 4391 4393 7916
5 4394 4393 4395 7917
5 4396 4395 4397 7918
5 1851 1754 7090 7919
5 4400 4399 5263 7920
5 3059 3060 3061 7921
5 4944 4945 5738 7922
5 3886 3885 4268 7923
5 3063 3064 3065 7924
5 3374 3373 3375 7925
5 2425 2424 2426 7926
5 5950 7532 7587 7927
5 3061 3062 3063 7928
5 2427 2426 2428 7929
5 3628 3627 4161 7930
5 3409 3408 3410 7931
5 1946 1945 1982 7932
5 2652 2651 2653 7933
5 1518 1519 6579 7934
5 2778 2777 2779 7935
5 2396 2398 6957 7936
5 1611 2500 6871 7937
5 3380 3379 3381 7938
5 4326 4325 4327 7939
5 3216 4101 4676 7940
5 3372 3371 3373 7941
5 4575 4574 4638 7942
5 2985 4354 4631 7943
5 1546 1545 1547 7944
5 3623 3844 3845 7945
5 2076 2102 2103 7946
5 1663 1661 2507 7947
5 5203 6955 8059 7948
5 1669 1667 1670 7949
5 2845 2847 6831 7950
5 2572 2574 2979 7951
5 5166 5165 5167 7952
5 2626 2625 2627 7953
5 3536 3165 7287 7954
5 2624 2623 2625 7955
5 4322 4321 5609 7956
5 3738 2673 4039 7957
5 2901 2900 2902 7958
5 1974 1955 6889 7959
5 1522 1521 1523 7960
5 4805 4268 5584 7961
5 2622 2621 2623 7962
5 4324 4277 4325 7963
5 5276 8228 8254 7964
5 4715 6877 7650 7965
5 7389 6080 8274 7966
5 2228 2327 6913 7967
5 3633 4045 6839 7968
5 1981 2016 2017 7969
5 3753 3752 3754 7970
5 2895 2894 2896 7971
5 6978 6820 7128 7972
5 4270 6400 6851 7973
5 3177 2558 6990 7974
5 2304 2303 2305 7975
5 3907 3906 3908 7976
5 228 229 1369 7977
5 2414 2413 2415 7978
5 250 5696 8196 7979
5 3776 3775 3777 7980
5 3370 3369 3371 7981
5 2169 2325 2326 7982
5 2822 2823 2826 7983
5 1808 1778 7500 7984
5 3671 3438 6581 7985
5 4276 4275 4277 7986
5 2302 2301 2303 7987
5 2630 6772 7031 7988
5 3757 3756 3767 7989
5 2994 3110 3637 7990
5 8193 1642 8261 7991
5 4235 4234 4236 7992
5 1518 1517 1519 7993
5 3755 3754 3756 7994
5 3768 3767 3769 7995
5 4229 3908 4230 7996
5 3774 3773 3775 7997
5 3770 3769 3771 7998
5 1516 1515 1517 7999
5 3234 2701 3493 8000
5 2389 2388 2424 8001
5 1110 1116 6835 8002
5 4910 6799 7195 8003
5 5938 3207 8540 8004
5 6824 3613 6930 8005
5 4045 4909 6839 8006
5 3772 3771 3773 8007
5 1671 1925 7226 8008
5 3368 3367 3369 8009
5 3166 3164 6956 8010
5 3655 3656 3657 8011
5 2776 2775 2777 8012
5 2826 2827 2848 8013
5 4441 4407 5732 8014
5 2344 2182 6947 8015
5 4274 4236 4275 8016
5 1514 1513 1515 8017
5 5658 3697 6747 8018
5 3784 3894 3896 8019
5 2300 2299 2301 8020
5 5213 4352 5214 8021
5 3366 3312 3367 8022
5 7046 2511 7810 8023
5 2848 2849 2853 8024
5 2870 2872 2873 8025
5 2884 2883 5855 8026
5 4351 4352 4353 8027
5 3928 3929 4215 8028
5 187 188 6840 8029
5 2029 2030 2031 8030
5 2242 6352 7475 8031
5 1944 1943 1945 8032
5 6983 6800 6984 8033
5 3125 7278 8346 8034
5 2320 2244 7475 8035
5 2298 2297 2299 8036
5 3411 3410 3412 8037
5 3311 3310 3312 8038
5 5157 4716 5158 8039
5 3250 3249 3251 8040
5 3657 3658 3659 8041
5 5095 3962 6486 8042
5 3751 3750 3966 8043
5 2170 6709 7666 8044
5 3659 3660 3881 8045
5 2031 2032 6619 8046
5 3697 3963 6747 8047
5 2326 3243 3263 8048
5 2620 2619 2621 8049
5 1466 1464 2526 8050
5 4462 4651 5131 8051
5 1976 1923 1977 8052
5 2181 2282 2283 8053
5 2883 2850 3119 8054
5 2246 2320 7478 8055
5 2721 2719 2722 8056
5 5224 7728 7883 8057
5 3963 4503 6747 8058
5 4537 4536 4538 8059
5 1512 1511 1513 8060
5 2595 2702 3207 8061
5 3103 3274 6670 8062
5 2443 2248 7478 8063
5 2367 2365 3467 8064
5 4448 4446 5887 8065
5 2296 2295 2297 8066
5 3309 3308 3310 8067
5 6862 5094 6980 8068
5 3335 6622 6818 8069
5 3470 3186 3570 8070
5 4382 4381 5442 8071
5 4044 3496 4095 8072
5 6249 6247 6250 8073
5 1671 1673 1925 8074
5 1656 1660 2512 8075
5 3152 3498 6622 8076
5 3413 3412 3414 8077
5 7749 5115 7778 8078
5 3468 3467 3930 8079
5 4628 6845 6895 8080
5 2186 2498 2504 8081
5 2986 2985 6903 8082
5 3694 3692 4937 8083
5 4718 4717 5009 8084
5 4576 4575 5068 8085
5 4091 6369 7003 8086
5 5340 4877 5355 8087
5 3329 5156 6972 8088
5 4705 4538 4706 8089
5 2141 2273 6816 8090
5 2294 2293 2295 8091
5 3281 3537 6929 8092
5 4656 4611 7184 8093
5 2027 2028 2029 8094
5 3987 3634 6839 8095
5 4876 4875 4877 8096
5 3634 3633 6839 8097
5 4707 4706 4708 8098
5 3252 3251 3530 8099
5 6356 6238 6661 8100
5 6283 6282 6284 8101
5 3024 3027 7061 8102
5 2271 6592 7040 8103
5 6334 6978 7128 8104
5 2292 2291 2293 8105
5 1510 1509 1511 8106
5 3931 3930 4241 8107
5 1651 1649 2513 8108
5 2533 2532 2534 8109
5 2718 2717 2719 8110
5 2497 2151 6881 8111
5 2614 2615 6554 8112
5 4750 4708 4751 8113
5 3415 3414 3416 8114
5 6380 6382 6790 8115
5 1506 2445 7485 8116
5 5297 3911 5330 8117
5 4183 4856 5161 8118
5 4754 4753 4755 8119
5 1508 1507 1509 8120
5 4181 5292 6757 8121
5 1104 1110 1283 8122
5 4752 4751 4753 8123
5 2531 1474 2532 8124
5 1470 1468 1635 8125
5 3417 3416 3418 8126
5 1317 6017 7681 8127
5 3896 4163 4513 8128
5 2969 2845 6831 8129
5 1439 1441 1659 8130
5 1657 1655 1658 8131
5 3606 3590 6575 8132
5 2169 2168 2325 8133
5 1892 1851 1895 8134
5 2007 1977 2009 8135
5 3932 4756 7254 8136
5 1506 1505 1507 8137
5 188 189 1282 8138
5 4216 4574 4575 8139
5 5716 5715 5717 8140
5 4353 5213 5215 8141
5 3514 7307 7420 8142
5 6208 5224 6209 8143
5 2658 2657 2659 8144
5 4710 4170 4716 8145
5 3928 3333 3929 8146
5 2168 2151 2186 8147
5 4215 3929 4216 8148
5 1431 1433 1927 8149
5 6579 1522 7611 8150
5 6810 1436 6952 8151
5 2556 2554 2558 8152
5 3303 3302 3304 8153
5 4978 4228 5515 8154
5 2851 2885 6459 8155
5 2618 2617 2619 8156
5 2379 2285 6918 8157
5 4367 4355 5644 8158
5 3315 3097 3316 8159
5 5718 5717 5719 8160
5 2290 2289 2291 8161
5 6296 6297 7533 8162
5 6625 2999 7386 8163
5 6382 6385 6790 8164
5 5585 4268 6882 8165
5 3662 2121 6455 8166
5 1990 1992 3862 8167
5 2654 2653 2655 8168
5 2326 2325 3243 8169
5 3358 3086 6492 8170
5 2614 2613 2615 8171
5 1431 1432 1433 8172
5 3957 3570 4228 8173
5 1128 1344 6804 8174
5 3263 3243 3887 8175
5 3307 3306 3308 8176
5 1098 1104 6878 8177
5 5078 4665 5079 8178
5 5186 5563 7078 8179
5 4472 5114 6537 8180
5 4618 4617 4619 8181
5 1662 1665 1666 8182
5 3301 3300 3302 8183
5 4041 4042 4043 8184
5 2654 2655 6591 8185
5 4043 4191 4457 8186
5 3344 3342 6966 8187
5 2075 2009 2089 8188
5 2138 2089 2147 8189
5 2694 2594 3128 8190
5 6627 4135 6628 8191
5 1462 1460 1643 8192
5 2278 2277 2289 8193
5 2552 2550 4512 8194
5 5213 5214 5464 8195
5 4480 7401 8505 8196
5 2090 2091 6881 8197
5 6357 1819 7613 8198
5 1644 1648 2518 8199
5 1799 2391 7499 8200
5 3117 3186 3187 8201
5 1504 1503 1505 8202
5 1766 1769 7052 8203
5 5453 4921 7535 8204
5 4981 6883 7229 8205
5 6394 4532 6395 8206
5 2501 1448 6923 8207
5 1443 1445 3478 8208
5 3955 4545 4546 8209
5 2918 3180 3181 8210
5 3299 3288 3300 8211
5 5693 4543 6727 8212
5 1853 1801 7499 8213
5 3508 6820 6978 8214
5 4244 5222 5223 8215
5 1645 1641 1646 8216
5 4824 4316 5439 8217
5 3885 3987 6882 8218
5 1422 1420 6945 8219
5 4050 5083 5975 8220
5 1092 1098 1383 8221
5 2893 2892 2894 8222
5 1347 185 6808 8223
5 4040 4039 5581 8224
5 1447 1449 1647 8225
5 2003 2022 2023 8226
5 3115 3116 3117 8227
5 6386 6380 6790 8228
5 2680 2679 2681 8229
5 2857 2858 2859 8230
5 3780 1748 6891 8231
5 4982 4981 6200 8232
5 3272 3104 6861 8233
5 2792 2747 2794 8234
5 1942 1918 1943 8235
5 3928 4215 6864 8236
5 2985 4631 6903 8237
5 1650 1652 1653 8238
5 5745 5188 8355 8239
5 1639 1637 2517 8240
5 227 228 6825 8241
5 2179 2180 2181 8242
5 2499 5238 6895 8243
5 4472 3972 5114 8244
5 3421 3420 3422 8245
5 3458 3449 3459 8246
5 3178 3018 3179 8247
5 3295 4653 7250 8248
5 2934 2846 4111 8249
5 2025 2026 2027 8250
5 4351 3503 4352 8251
5 1638 1640 1642 8252
5 2859 2860 2861 8253
5 2758 4135 6627 8254
5 3423 3422 3424 8255
5 4732 4619 4857 8256
5 2612 2611 2613 8257
5 5880 4761 7342 8258
5 3178 3722 5040 8259
5 4712 3960 6951 8260
5 2101 2151 2168 8261
5 3287 3286 3288 8262
5 1789 1792 7044 8263
5 1632 1636 2519 8264
5 1904 1903 1908 8265
5 3181 3182 3260 8266
5 2101 2090 2151 8267
5 3417 3418 6856 8268
5 1500 1499 1501 8269
5 2548 2551 2927 8270
5 3722 3179 3723 8271
5 3364 3088 3365 8272
5 2088 2064 2090 8273
5 2937 2936 7313 8274
5 7033 6279 7708 8275
5 2264 6021 7329 8276
5 4080 7040 7292 8277
5 4244 3723 4245 8278
5 3687 4213 5048 8279
5 5339 4857 5654 8280
5 5222 4245 5224 8281
5 1461 1463 1929 8282
5 1613 1610 6892 8283
5 1605 1601 1937 8284
5 1435 1437 2528 8285
5 2023 2024 2025 8286
5 1619 1616 2520 8287
5 3180 2828 6995 8288
5 1458 1456 2524 8289
5 1498 1497 1499 8290
5 3804 2108 6817 8291
5 3183 4369 4548 8292
5 3559 3608 6852 8293
5 2889 2882 2890 8294
5 3957 4228 4978 8295
5 7198 4930 7308 8296
5 3425 3424 3426 8297
5 5156 3639 6872 8298
5 6197 3662 6198 8299
5 3533 2344 6947 8300
5 6144 6146 7323 8301
5 2273 4047 6816 8302
5 3187 3186 3470 8303
5 4362 3675 7036 8304
5 4464 4505 5849 8305
5 3976 3515 3977 8306
5 4692 6748 6953 8307
5 3427 3426 3428 8308
5 3677 4878 7036 8309
5 2660 2659 2661 8310
5 1954 1972 3465 8311
5 4147 5017 6842 8312
5 6845 2499 6895 8313
5 3470 3570 3957 8314
5 2666 2665 2667 8315
5 1612 1610 1613 8316
5 2664 2663 2665 8317
5 4051 3533 7014 8318
5 3109 5744 7457 8319
5 6251 6250 6254 8320
5 3448 3447 3449 8321
5 2103 2174 2175 8322
5 3436 3434 3437 8323
5 4076 3493 5182 8324
5 4009 4986 6996 8325
5 2662 2661 2663 8326
5 1902 1901 1903 8327
5 4205 5006 5007 8328
5 4954 6862 6980 8329
5 3429 3428 3430 8330
5 2016 1998 2064 8331
5 3285 3284 3286 8332
5 2610 2609 2611 8333
5 4050 5975 6929 8334
5 3105 2969 6830 8335
5 3446 3445 3447 8336
5 3971 3574 3972 8337
5 3433 3432 3434 8338
5 3012 3347 3552 8339
5 2767 2766 6578 8340
5 1599 1594 2530 8341
5 4353 4352 5213 8342
5 678 684 1308 8343
5 1633 1628 1634 8344
5 4205 3632 4255 8345
5 1622 1626 1627 8346
5 2332 2347 2523 8347
5 3841 3840 3842 8348
5 3431 3430 3432 8349
5 3444 3443 3445 8350
5 1496 1495 1497 8351
5 1577 1575 7192 8352
5 2865 2866 2867 8353
5 2381 2380 2382 8354
5 7040 6592 7292 8355
5 4314 3933 4316 8356
5 3438 3437 3439 8357
5 3492 7127 7362 8358
5 1554 1553 1555 8359
5 684 690 6890 8360
5 5585 6664 8517 8361
5 2985 2982 4354 8362
5 3247 3641 6961 8363
5 6053 6050 7471 8364
5 3552 3632 4139 8365
5 6297 1965 7079 8366
5 1074 1080 1307 8367
5 5148 4454 5149 8368
5 3115 3021 3116 8369
5 690 696 1386 8370
5 5006 4255 5337 8371
5 2346 6800 6983 8372
5 6852 3608 7452 8373
5 2088 2090 2101 8374
5 2832 2803 2836 8375
5 2381 3515 3516 8376
5 1384 1122 6804 8377
5 3637 4489 5105 8378
5 3283 3256 3284 8379
5 2063 2068 2069 8380
5 4181 5291 5292 8381
5 4268 3885 6882 8382
5 4447 4449 7400 8383
5 2935 3018 3019 8384
5 2016 2064 2088 8385
5 6133 6135 6827 8386
5 1900 1899 1901 8387
5 6318 4290 6334 8388
5 6725 2014 6879 8389
5 5666 5493 7546 8390
5 2845 2846 2847 8391
5 2829 2918 7234 8392
5 5683 5685 5688 8393
5 3982 4280 4963 8394
5 2175 2352 2353 8395
5 2881 2843 2882 8396
5 6655 4715 7039 8397
5 3438 3439 6581 8398
5 2847 2934 2935 8399
5 215 216 6902 8400
5 201 202 1296 8401
5 219 220 1350 8402
5 191 192 1348 8403
5 198 199 1349 8404
5 209 210 1388 8405
5 193 194 1389 8406
5 207 208 1304 8407
5 212 213 1313 8408
5 195 196 1284 8409
5 214 215 1390 8410
5 200 201 6896 8411
5 194 195 6897 8412
5 211 212 6899 8413
5 192 193 6900 8414
5 208 209 6898 8415
5 204 205 1351 8416
5 216 217 1326 8417
5 3532 2344 3533 8418
5 3796 4372 7101 8419
5 2902 2999 6625 8420
5 4896 4894 5484 8421
5 4710 5157 7537 8422
5 3806 4256 4514 8423
5 1068 1074 6916 8424
5 708 714 1274 8425
5 4091 7003 7293 8426
5 5463 4937 5747 8427
5 6276 6275 7046 8428
5 1494 1493 1495 8429
5 2567 2570 3573 8430
5 4564 5601 7103 8431
5 720 726 1391 8432
5 4629 4627 7056 8433
5 186 1385 6808 8434
5 5604 4302 6976 8435
5 6801 3261 7032 8436
5 726 732 6907 8437
5 600 606 1408 8438
5 552 558 6970 8439
5 474 480 1306 8440
5 732 738 1319 8441
5 2284 2350 5057 8442
5 1981 1969 1998 8443
5 2742 2726 6971 8444
5 2275 2316 6988 8445
5 3605 3590 3606 8446
5 2532 1474 7161 8447
5 1433 1432 1434 8448
5 738 744 6908 8449
5 3852 3316 3853 8450
5 2873 2874 2875 8451
5 3442 3441 3443 8452
5 5047 5283 5540 8453
5 744 750 1393 8454
5 3216 4676 7086 8455
5 2920 2831 6941 8456
5 5232 7984 8025 8457
5 5309 4148 5310 8458
5 4726 4051 4838 8459
5 3915 4180 4181 8460
5 2030 2028 6999 8461
5 750 756 6909 8462
5 3255 3254 3256 8463
5 1550 1551 6883 8464
5 1492 1491 1493 8465
5 2930 2836 2931 8466
5 4331 6192 8374 8467
5 2867 2868 2869 8468
5 756 762 1275 8469
5 5616 4954 6980 8470
5 630 636 1273 8471
5 762 768 6912 8472
5 4290 3872 6978 8473
5 5914 5916 5918 8474
5 768 774 1395 8475
5 3117 3116 3186 8476
5 5271 5270 5272 8477
5 774 780 6915 8478
5 4689 4688 4690 8479
5 780 786 1318 8480
5 1062 1068 1387 8481
5 570 576 1353 8482
5 1451 1453 2522 8483
5 786 792 6914 8484
5 5474 5476 6812 8485
5 4903 4910 5177 8486
5 4361 4943 5913 8487
5 792 798 1396 8488
5 2371 2288 7095 8489
5 2875 2876 2877 8490
5 798 804 6919 8491
5 4099 4098 4147 8492
5 4658 1586 4659 8493
5 7319 4281 8282 8494
5 3490 6222 7068 8495
5 1981 1998 2016 8496
5 804 810 1276 8497
5 1490 1489 1491 8498
5 5283 4637 6967 8499
5 810 816 6921 8500
5 2600 2599 2601 8501
5 4234 3967 7026 8502
5 444 450 1314 8503
5 3516 3976 4038 8504
5 816 822 1397 8505
5 3012 2931 3022 8506
5 2403 3212 4001 8507
5 822 828 6922 8508
5 2151 2090 6881 8509
5 1754 1748 3780 8510
5 2550 2547 7057 8511
5 828 834 1320 8512
5 2877 2878 2928 8513
5 4531 5093 5210 8514
5 840 846 1399 8515
5 2071 2105 4719 8516
5 3131 3133 6795 8517
5 3872 3508 6978 8518
5 3759 3365 3760 8519
5 2014 2076 6879 8520
5 852 858 1277 8521
5 2804 2832 2833 8522
5 1949 1928 1969 8523
5 4238 3612 5455 8524
5 2178 2508 2509 8525
5 2351 2380 2381 8526
5 3912 3842 3913 8527
5 864 870 1400 8528
5 3333 3187 6924 8529
5 3262 4906 6973 8530
5 870 876 6925 8531
5 1673 1672 1928 8532
5 6135 6138 6827 8533
5 1488 1487 1489 8534
5 3561 3559 6852 8535
5 6047 6054 7043 8536
5 876 882 1321 8537
5 3503 3263 6934 8538
5 3068 3071 7088 8539
5 492 498 1354 8540
5 6530 4509 7219 8541
5 2316 3766 6988 8542
5 3226 3227 3228 8543
5 3262 4905 4906 8544
5 888 894 1401 8545
5 2757 5934 7756 8546
5 5033 2325 6904 8547
5 3290 3914 3915 8548
5 3875 3818 4343 8549
5 2783 2803 2804 8550
5 3687 3646 3688 8551
5 1464 1462 7081 8552
5 3048 3051 7077 8553
5 5027 4513 5028 8554
5 1949 1969 1981 8555
5 3136 6161 7411 8556
5 4189 3606 4190 8557
5 900 906 1278 8558
5 5222 5224 6208 8559
5 1468 1466 7048 8560
5 6046 6049 7117 8561
5 912 918 1402 8562
5 3124 3793 6491 8563
5 6200 4981 7229 8564
5 918 924 6926 8565
5 4003 3760 4219 8566
5 3253 2384 3254 8567
5 924 930 1322 8568
5 6918 2527 7015 8569
5 930 936 6928 8570
5 5035 4219 5483 8571
5 3228 3229 3494 8572
5 2845 2835 2846 8573
5 3321 3105 6830 8574
5 936 942 1403 8575
5 5476 5703 6812 8576
5 4029 3544 6877 8577
5 3477 2379 7298 8578
5 2990 3098 3100 8579
5 3766 3835 4632 8580
5 948 954 1279 8581
5 6577 3275 6964 8582
5 3788 3119 3818 8583
5 5168 4731 5746 8584
5 1689 1688 1690 8585
5 960 966 1404 8586
5 1671 1669 1672 8587
5 7043 6054 7200 8588
5 4700 4701 4702 8589
5 972 978 1324 8590
5 4574 3929 6924 8591
5 4097 3913 4098 8592
5 1414 7658 7799 8593
5 2779 2782 2783 8594
5 1381 6751 7219 8595
5 1884 1886 3626 8596
5 4217 4218 4995 8597
5 3747 5850 7831 8598
5 984 990 1405 8599
5 4550 4551 4552 8600
5 4244 4245 5222 8601
5 2842 2838 2843 8602
5 4573 6624 7194 8603
5 3722 3723 4244 8604
5 990 996 6931 8605
5 4213 3688 4300 8606
5 3563 1580 4319 8607
5 2774 2742 3650 8608
5 2806 2805 6995 8609
5 4613 5024 7184 8610
5 3178 3179 3722 8611
5 996 1002 1280 8612
5 3121 4142 7386 8613
5 1002 1008 6935 8614
5 4552 4553 4554 8615
5 612 618 1352 8616
5 6799 5237 7195 8617
5 6657 7186 7409 8618
5 2061 2062 2063 8619
5 1008 1014 1406 8620
5 1968 1967 2004 8621
5 1116 1384 6835 8622
5 1014 1020 6938 8623
5 2358 2357 3544 8624
5 1486 1485 1487 8625
5 1020 1026 1323 8626
5 5096 5034 5566 8627
5 6109 4801 7330 8628
5 1026 1032 6939 8629
5 1673 1928 1949 8630
5 4862 4714 5018 8631
5 1671 1672 1673 8632
5 1032 1038 1407 8633
5 3263 3887 6934 8634
5 3187 3470 6924 8635
5 3969 4699 4700 8636
5 4007 3624 4008 8637
5 4107 3561 6852 8638
5 1038 1044 6940 8639
5 2598 2593 2599 8640
5 3189 3225 3226 8641
5 1044 1050 1281 8642
5 3799 3886 6965 8643
5 5832 6142 6969 8644
5 3810 3053 6848 8645
5 3019 3018 3178 8646
5 5001 3272 6861 8647
5 588 594 1285 8648
5 2350 2285 2351 8649
5 1889 1923 1976 8650
5 4443 5127 5312 8651
5 2509 3258 3259 8652
5 4047 2275 6988 8653
5 642 648 1394 8654
5 3602 3314 3622 8655
5 1898 1897 1899 8656
5 1588 1587 1589 8657
5 1896 1895 1897 8658
5 6997 4655 6998 8659
5 3289 3223 3597 8660
5 2685 2681 6888 8661
5 5110 5509 5510 8662
5 1568 1567 1569 8663
5 4490 6591 6870 8664
5 2168 2186 6904 8665
5 1435 1434 1436 8666
5 4758 3635 7050 8667
5 2801 2779 7180 8668
5 3222 3221 3223 8669
5 2383 2345 2384 8670
5 1385 187 6840 8671
5 3896 4513 5027 8672
5 4870 4695 4902 8673
5 2506 3799 7113 8674
5 1745 4542 6857 8675
5 4548 4549 4550 8676
5 2177 3567 3781 8677
5 1994 2060 2065 8678
5 1572 1571 1573 8679
5 3161 3163 6844 8680
5 4631 4354 5729 8681
5 2381 2382 3515 8682
5 279 280 7238 8683
5 5068 6742 8044 8684
5 2409 2411 6586 8685
5 2935 2934 3018 8686
5 5214 4352 6934 8687
5 564 570 6958 8688
5 462 468 1392 8689
5 2325 2168 6904 8690
5 2847 2846 2934 8691
5 3185 3646 3687 8692
5 3743 4006 4033 8693
5 1570 1569 1571 8694
5 1668 1667 1669 8695
5 6541 4898 7013 8696
5 2678 2674 2744 8697
5 2186 2504 6904 8698
5 1917 1941 2177 8699
5 1691 1690 1692 8700
5 2688 2682 3193 8701
5 4653 4655 6997 8702
5 3142 3188 3189 8703
5 1556 1555 1557 8704
5 6139 6133 6827 8705
5 3220 3219 3221 8706
5 5048 4213 5152 8707
5 2814 2917 2988 8708
5 1562 1561 1563 8709
5 3545 3544 4029 8710
5 3691 3497 7397 8711
5 1564 1563 1565 8712
5 2359 2308 6819 8713
5 4030 4029 4714 8714
5 1582 1581 1583 8715
5 2616 7377 7537 8716
5 2759 2758 6627 8717
5 6702 162 8224 8718
5 4139 3632 4205 8719
5 4818 3778 7139 8720
5 1560 1559 1561 8721
5 5273 5272 5274 8722
5 3817 4187 5195 8723
5 1484 1483 1485 8724
5 1982 4321 4322 8725
5 1558 1557 1559 8726
5 2698 2700 6736 8727
5 1668 1669 1671 8728
5 4693 4691 4837 8729
5 4676 4101 4812 8730
5 4205 4255 5006 8731
5 4020 3990 5212 8732
5 6385 6384 8016 8733
5 239 240 6219 8734
5 3053 3054 6848 8735
5 3552 3347 3632 8736
5 1455 1457 1623 8737
5 3675 3677 7036 8738
5 2005 2004 2083 8739
5 1772 1817 7577 8740
5 5729 4354 5730 8741
5 4831 4832 5055 8742
5 3188 2788 7054 8743
5 3259 3717 3782 8744
5 2592 2591 2593 8745
5 3516 3515 3976 8746
5 2284 2283 2285 8747
5 6996 4986 7758 8748
5 6941 2831 7234 8749
5 4474 4534 5694 8750
5 3098 2989 3099 8751
5 4661 4660 4664 8752
5 1482 1481 1483 8753
5 4272 5187 5754 8754
5 4227 4226 5221 8755
5 2853 2854 6874 8756
5 1665 1663 1667 8757
5 4038 3976 4375 8758
5 510 516 1297 8759
5 4487 3376 6822 8760
5 8448 5331 8514 8761
5 1837 6779 7072 8762
5 4534 4129 4988 8763
5 2988 2989 2990 8764
5 2722 2726 2727 8765
5 1662 1661 1663 8766
5 3012 3022 3347 8767
5 3964 3488 4109 8768
5 1665 1667 1668 8769
5 2737 2780 4119 8770
5 1437 1436 1438 8771
5 1439 1438 1440 8772
5 3782 4129 4474 8773
5 3171 3172 3173 8774
5 2743 2774 2775 8775
5 4687 4077 5067 8776
5 6853 4282 7178 8777
5 3476 3305 4660 8778
5 2581 2582 2584 8779
5 2727 2742 2743 8780
5 3762 5517 5518 8781
5 4838 4051 7014 8782
5 3690 4428 7082 8783
5 3929 3333 6924 8784
5 1670 1667 6960 8785
5 3462 3023 4616 8786
5 2716 2692 2720 8787
5 2457 2459 6390 8788
5 3708 3706 6794 8789
5 5110 4540 5509 8790
5 1574 1573 1575 8791
5 2832 2836 2930 8792
5 4403 4959 6597 8793
5 4219 3760 5102 8794
5 384 390 1363 8795
5 4380 5382 7162 8796
5 1711 1708 7268 8797
5 3196 1854 3883 8798
5 5112 5113 5565 8799
5 2670 2668 3859 8800
5 2779 2777 2782 8801
5 2930 2931 3012 8802
5 5006 5337 5547 8803
5 2069 2104 7006 8804
5 2181 2283 2284 8805
5 4979 7198 7308 8806
5 1480 1479 1481 8807
5 3465 3819 4929 8808
5 2315 3609 7095 8809
5 2804 2803 2832 8810
5 5897 5900 7272 8811
5 2280 2365 2367 8812
5 1592 1566 3871 8813
5 1663 2507 6960 8814
5 3361 3742 3743 8815
5 2456 2271 7040 8816
5 4650 2744 5387 8817
5 3195 1774 7577 8818
5 1944 1945 1946 8819
5 5315 5314 5316 8820
5 4286 4288 6875 8821
5 1441 1440 1442 8822
5 1470 1635 6975 8823
5 4878 5619 5627 8824
5 2527 3784 7015 8825
5 3249 2456 7040 8826
5 3178 5040 6959 8827
5 4999 4663 5612 8828
5 1584 1583 1585 8829
5 3717 3258 3849 8830
5 3546 3419 4674 8831
5 2982 2920 6941 8832
5 1660 1657 1661 8833
5 558 564 1409 8834
5 468 474 6906 8835
5 2918 2828 3180 8836
5 2695 2696 2735 8837
5 3891 3890 4226 8838
5 3966 4248 4827 8839
5 2507 1661 6982 8840
5 5140 4484 5407 8841
5 4847 5456 7534 8842
5 2766 2839 3169 8843
5 1590 1589 1591 8844
5 6983 6984 7317 8845
5 5291 4180 5293 8846
5 1662 1663 1665 8847
5 3209 3814 7020 8848
5 1660 1661 1662 8849
5 4310 5322 7149 8850
5 3169 3170 3171 8851
5 1283 1110 6835 8852
5 3509 4010 6886 8853
5 7038 1659 8256 8854
5 1578 1577 1579 8855
5 3687 3688 4213 8856
5 2076 2103 6879 8857
5 4969 4971 7596 8858
5 1433 1434 1435 8859
5 2065 2094 2095 8860
5 4212 3883 4737 8861
5 4421 5031 5032 8862
5 2783 2782 2803 8863
5 232 233 6410 8864
5 3813 2853 6874 8865
5 3163 3536 6844 8866
5 3021 3019 6959 8867
5 3793 3794 4217 8868
5 4164 4758 5053 8869
5 6334 4290 6978 8870
5 5419 5418 5420 8871
5 3203 1788 5122 8872
5 2903 2902 6625 8873
5 7063 5056 7216 8874
5 4352 3503 6934 8875
5 5569 4616 5570 8876
5 3713 4941 7153 8877
5 5965 4083 7479 8878
5 2596 2597 2695 8879
5 5416 5415 5418 8880
5 2673 2667 6927 8881
5 7279 5166 7394 8882
5 2770 6860 7054 8883
5 2478 5848 8563 8884
5 5633 4291 5634 8885
5 4241 5403 5405 8886
5 432 438 1398 8887
5 2352 2490 7042 8888
5 3814 3816 3817 8889
5 3290 3099 3455 8890
5 3173 3360 3361 8891
5 4136 4681 6884 8892
5 188 1282 6840 8893
5 1576 1575 1577 8894
5 5414 5413 5415 8895
5 5317 5316 5413 8896
5 3027 3351 7061 8897
5 2353 2352 7042 8898
5 2350 2351 6885 8899
5 2681 2683 6888 8900
5 2590 2589 2591 8901
5 5950 4632 7532 8902
5 1997 1832 3981 8903
5 3700 3698 6841 8904
5 3967 3966 7026 8905
5 7127 6834 7362 8906
5 3511 3986 4182 8907
5 1478 1477 1479 8908
5 4878 5627 7036 8909
5 1443 1442 1444 8910
5 3251 3249 4080 8911
5 5118 6462 7418 8912
5 6289 6279 7033 8913
5 2500 1615 6963 8914
5 6599 6601 7567 8915
5 5650 4606 7473 8916
5 6713 1952 7071 8917
5 606 612 6936 8918
5 420 426 1329 8919
5 1876 1878 2525 8920
5 1435 1436 1437 8921
5 3398 3399 3400 8922
5 3641 4464 6961 8923
5 5033 6904 7113 8924
5 3786 3417 6856 8925
5 3779 2488 6855 8926
5 2693 2716 2717 8927
5 3985 5465 7274 8928
5 5032 5479 5480 8929
5 2584 2585 2596 8930
5 2737 2720 2738 8931
5 1717 1715 3219 8932
5 2861 2862 6920 8933
5 4703 5663 5664 8934
5 237 238 6316 8935
5 3883 1854 6648 8936
5 3893 4830 4831 8937
5 1880 1882 1966 8938
5 2175 2353 3216 8939
5 3382 3378 3854 8940
5 6904 2504 7113 8941
5 4849 3854 4851 8942
5 3945 3509 6886 8943
5 2645 2646 2647 8944
5 1439 1440 1441 8945
5 3663 4184 4349 8946
5 4647 6852 7452 8947
5 1445 1444 1446 8948
5 1656 1657 1660 8949
5 6614 4194 7167 8950
5 3955 4546 4636 8951
5 3206 1765 5049 8952
5 4492 4490 6870 8953
5 1656 1655 1657 8954
5 4868 3126 6020 8955
5 4243 3981 5026 8956
5 2689 2692 2693 8957
5 4021 3852 7549 8958
5 4181 4180 5291 8959
5 4123 3958 5266 8960
5 2909 3490 7068 8961
5 3377 3378 3379 8962
5 1348 6900 6901 8963
5 4432 3540 7115 8964
5 546 552 1286 8965
5 4322 5609 6944 8966
5 1484 1486 7380 8967
5 2176 1891 3337 8968
5 2722 2719 2726 8969
5 4913 4671 5583 8970
5 1580 1577 7192 8971
5 3463 3399 4668 8972
5 5564 5398 8087 8973
5 1437 1438 1439 8974
5 4636 4546 4637 8975
5 6830 2969 6831 8976
5 1535 1536 1537 8977
5 4669 4668 4672 8978
5 1449 1448 1450 8979
5 3939 3521 4214 8980
5 2817 2818 7446 8981
5 6545 7345 7471 8982
5 5498 5575 5580 8983
5 4670 4671 4673 8984
5 1997 4243 4799 8985
5 3463 4669 4670 8986
5 3650 2742 6971 8987
5 2771 2770 7054 8988
5 4071 4766 7138 8989
5 3914 3455 4041 8990
5 3838 3968 5129 8991
5 1769 2521 7052 8992
5 3966 3750 4248 8993
5 2319 2370 3888 8994
5 2422 2281 7083 8995
5 4627 4704 7056 8996
5 3611 3107 3874 8997
5 1635 1468 7048 8998
5 1104 1283 6878 8999
5 4349 4486 5715 9000
5 2780 2738 2781 9001
5 6222 6225 6226 9002
5 5414 5416 5417 9003
5 1451 1450 1452 9004
5 1792 3197 7044 9005
5 1788 1789 7044 9006
5 1652 1655 1656 9007
5 5005 4457 5513 9008
5 228 1369 6825 9009
5 6869 2961 7197 9010
5 1476 1475 1477 9011
5 1551 1552 1553 9012
5 2814 2781 2815 9013
5 3382 4849 4850 9014
5 4236 4234 5016 9015
5 3216 2353 4005 9016
5 5091 6853 7178 9017
5 2178 2106 2179 9018
5 3465 4929 5039 9019
5 1656 2512 7016 9020
5 3803 3279 7243 9021
5 4250 4318 5151 9022
5 4230 4231 4232 9023
5 4495 5431 7150 9024
5 1952 1954 7071 9025
5 6859 3296 7332 9026
5 2490 3955 7042 9027
5 1441 1442 1443 9028
5 4288 5651 6875 9029
5 4196 4249 4250 9030
5 6342 4746 6500 9031
5 5714 4860 7723 9032
5 4850 5164 5165 9033
5 3196 4212 4977 9034
5 1657 1658 6982 9035
5 6854 1494 7141 9036
5 3915 3914 4180 9037
5 2700 2728 6736 9038
5 4615 6456 7228 9039
5 2775 2774 4083 9040
5 1447 1446 1448 9041
5 3904 3715 7153 9042
5 3489 6834 7127 9043
5 5446 5496 5499 9044
5 2635 2636 2637 9045
5 2284 2285 2350 9046
5 1718 1716 1719 9047
5 1652 1651 1655 9048
5 1666 1665 6993 9049
5 4479 4564 7401 9050
5 1870 1872 1978 9051
5 1443 1444 1445 9052
5 2681 2682 2683 9053
5 1650 1649 1651 9054
5 4638 4574 7146 9055
5 3487 2476 3488 9056
5 4810 6541 7657 9057
5 2095 2172 2173 9058
5 4277 4275 4278 9059
5 6272 2602 7417 9060
5 2996 2997 3122 9061
5 2701 2601 6949 9062
5 528 534 1356 9063
5 1347 6808 6809 9064
5 1765 1766 7052 9065
5 2351 2381 6885 9066
5 1472 1471 1473 9067
5 6216 1738 7132 9068
5 2478 2461 3363 9069
5 2835 2833 6981 9070
5 2869 2870 6948 9071
5 5639 5186 7078 9072
5 235 236 6351 9073
5 1942 1943 1944 9074
5 1902 1903 1904 9075
5 3766 4632 6988 9076
5 4486 4184 4938 9077
5 5429 5444 5511 9078
5 3764 3335 6818 9079
5 4232 4927 4928 9080
5 2758 3192 4135 9081
5 4409 4401 6793 9082
5 4224 3874 4225 9083
5 2588 2587 2589 9084
5 2119 3840 3841 9085
5 2727 2726 2742 9086
5 4416 4327 4419 9087
5 6155 6152 6828 9088
5 3209 2853 3813 9089
5 1803 1853 7580 9090
5 1449 1450 1451 9091
5 2743 2742 2774 9092
5 5694 4534 5695 9093
5 2475 2473 2476 9094
5 3230 3690 7082 9095
5 8172 6205 8176 9096
5 2173 2354 2355 9097
5 3122 3124 6491 9098
5 2683 2688 2689 9099
5 1453 1452 1454 9100
5 4428 4508 5741 9101
5 3304 3305 3306 9102
5 5359 4225 5360 9103
5 2472 2471 2473 9104
5 1383 1098 6878 9105
5 4028 4027 4254 9106
5 1911 1910 1938 9107
5 1658 1655 7001 9108
5 3023 3024 7061 9109
5 3476 4661 4662 9110
5 5791 5790 7604 9111
5 3702 4086 7154 9112
5 3019 3178 6959 9113
5 7194 6259 8410 9114
5 6965 5045 7247 9115
5 1648 1645 1649 9116
5 3098 3099 3290 9117
5 3718 3796 7101 9118
5 2438 1805 7580 9119
5 3981 1832 6651 9120
5 3133 3727 6795 9121
5 2513 1649 7021 9122
5 3489 2354 3595 9123
5 2655 2656 2657 9124
5 6342 6500 7534 9125
5 6138 6137 8229 9126
5 3362 3053 3810 9127
5 1519 1520 1521 9128
5 6222 6226 7068 9129
5 1439 1659 7038 9130
5 1976 1977 2007 9131
5 1693 1692 1694 9132
5 2381 3516 6885 9133
5 5488 4863 7028 9134
5 4682 4637 5047 9135
5 3322 3067 4635 9136
5 1651 2513 7001 9137
5 4412 4410 6865 9138
5 1816 1815 1857 9139
5 402 408 1355 9140
5 3935 4460 4461 9141
5 2660 2662 7460 9142
5 4653 3942 4654 9143
5 5810 5811 7258 9144
5 2105 2072 2106 9145
5 2586 2557 2587 9146
5 1650 1651 1652 9147
5 2675 2678 2679 9148
5 4737 5060 6955 9149
5 1648 1649 1650 9150
5 6104 6103 7522 9151
5 1445 1446 1447 9152
5 2990 2989 3098 9153
5 5422 5424 5425 9154
5 4240 2359 6819 9155
5 5171 5050 5504 9156
5 4421 4418 5031 9157
5 4244 5223 7005 9158
5 1864 1866 1930 9159
5 2509 2508 3258 9160
5 4820 7678 7713 9161
5 4474 4129 4534 9162
5 5507 5506 5508 9163
5 4662 4663 4665 9164
5 1659 1441 7017 9165
5 4052 3868 4053 9166
5 1946 1982 7079 9167
5 1447 1448 1449 9168
5 1086 1092 7174 9169
5 3352 3337 3861 9170
5 1451 1452 1453 9171
5 2338 2387 6893 9172
5 4512 2550 7057 9173
5 4043 4457 5005 9174
5 5016 4234 7026 9175
5 2367 3467 3468 9176
5 2526 1464 7081 9177
5 2627 2628 2629 9178
5 2288 2315 7095 9179
5 2671 2674 2675 9180
5 4372 5660 7101 9181
5 2161 6323 7764 9182
5 3479 3812 6786 9183
5 2000 2073 2100 9184
5 4863 4013 4865 9185
5 4827 4248 5545 9186
5 4884 4254 5108 9187
5 3663 3595 4183 9188
5 3418 3419 3420 9189
5 2503 1502 3958 9190
5 5309 5310 5311 9191
5 1848 1854 3196 9192
5 2667 2669 6927 9193
5 3575 3460 4852 9194
5 1858 1857 1910 9195
5 3555 3528 3556 9196
5 3609 5314 5315 9197
5 4148 4147 6842 9198
5 3513 4036 4037 9199
5 3784 3896 7015 9200
5 3867 3866 3868 9201
5 3116 3021 6959 9202
5 1644 1641 1645 9203
5 1640 1639 1641 9204
5 1309 6212 8293 9205
5 5040 3722 7005 9206
5 4111 2846 6981 9207
5 4926 4656 5936 9208
5 6563 6715 7265 9209
5 1844 1846 1961 9210
5 5039 4929 5560 9211
5 5310 4148 6842 9212
5 3216 4005 4101 9213
5 1936 6136 8279 9214
5 6924 3470 7146 9215
5 3935 3810 3936 9216
5 5419 5420 8318 9217
5 4101 4005 4808 9218
5 6044 6046 7117 9219
5 3022 3185 7007 9220
5 1644 1645 1648 9221
5 3058 6409 7163 9222
5 2063 2069 2071 9223
5 4636 4637 4682 9224
5 4010 2685 6888 9225
5 6230 4487 6822 9226
5 1640 1641 1644 9227
5 1443 3478 7017 9228
5 6335 3078 7131 9229
5 5396 4635 5397 9230
5 3181 3180 3182 9231
5 3831 2861 6920 9232
5 6049 6052 6057 9233
5 1905 6615 7225 9234
5 4460 3936 4462 9235
5 3726 4430 7169 9236
5 2007 2009 2075 9237
5 2595 3207 7064 9238
5 4099 4147 4148 9239
5 5259 4187 5260 9240
5 1455 1454 1456 9241
5 6336 5148 8098 9242
5 2321 2153 2322 9243
5 3203 5123 5124 9244
5 2676 4178 4899 9245
5 3468 3930 3931 9246
5 5818 5820 5821 9247
5 2672 2656 4686 9248
5 1958 1962 2529 9249
5 3179 3018 7011 9250
5 1598 5598 8235 9251
5 3275 3806 6964 9252
5 3988 3861 4258 9253
5 2261 2287 2368 9254
5 1900 1901 1902 9255
5 1812 1811 1813 9256
5 5291 5293 5924 9257
5 3193 2682 7157 9258
5 4203 6868 7549 9259
5 2299 2297 3569 9260
5 3259 3258 3717 9261
5 1838 1840 1931 9262
5 5309 5311 5349 9263
5 1796 1798 1922 9264
5 1453 1454 1455 9265
5 5185 6859 7332 9266
5 2303 2301 3596 9267
5 2295 2293 3564 9268
5 3805 3804 4237 9269
5 4540 4038 7018 9270
5 4372 4496 5660 9271
5 1653 1652 7016 9272
5 1644 2518 7027 9273
5 3540 2378 7115 9274
5 2257 2259 3348 9275
5 1802 1804 1960 9276
5 2934 4111 7011 9277
5 5254 4207 5307 9278
5 2291 2289 3481 9279
5 1818 1820 1936 9280
5 3290 3455 3914 9281
5 2307 2305 2514 9282
5 3782 3717 4129 9283
5 1792 1794 3197 9284
5 1638 1639 1640 9285
5 1667 1663 6960 9286
5 5254 8463 8500 9287
5 1638 1637 1639 9288
5 5814 5816 5826 9289
5 4696 4870 4871 9290
5 3814 3813 3815 9291
5 3865 3864 3866 9292
5 3260 3182 3262 9293
5 6918 7015 7298 9294
5 4516 4432 5740 9295
5 1830 1832 1997 9296
5 1824 1826 1979 9297
5 1636 1633 1637 9298
5 2253 2255 3244 9299
5 2075 2089 2138 9300
5 4694 4695 4696 9301
5 3687 5048 7007 9302
5 3406 3404 3491 9303
5 2693 2692 2716 9304
5 3398 3396 3399 9305
5 1584 1585 6942 9306
5 2518 1648 7024 9307
5 2716 2720 2737 9308
5 1650 1653 7024 9309
5 2071 2069 2072 9310
5 1781 1783 1956 9311
5 2667 2668 2669 9312
5 3394 3388 3566 9313
5 4520 4518 4973 9314
5 3047 3048 7077 9315
5 1785 1788 3203 9316
5 2672 5038 5714 9317
5 3532 3533 4051 9318
5 2681 2679 2682 9319
5 1380 6745 8344 9320
5 2247 2249 3298 9321
5 4384 4383 7188 9322
5 1645 1646 7021 9323
5 3979 3815 6937 9324
5 4464 5849 6961 9325
5 4577 4568 5467 9326
5 6049 6057 7117 9327
5 3478 1445 7034 9328
5 2152 2099 2153 9329
5 2178 2179 2508 9330
5 4201 3945 6886 9331
5 3386 3384 3389 9332
5 2243 2245 2279 9333
5 4581 4579 5395 9334
5 2988 2917 2989 9335
5 3377 3375 3378 9336
5 5634 4291 6573 9337
5 4099 4148 5308 9338
5 4790 5041 5231 9339
5 4690 4691 4692 9340
5 4585 4583 5143 9341
5 2237 2239 2373 9342
5 6892 1607 7058 9343
5 3814 3817 7020 9344
5 5739 4945 8454 9345
5 3666 4930 7198 9346
5 1447 1647 7034 9347
5 5124 5155 5301 9348
5 3142 2788 3188 9349
5 2669 2670 2671 9350
5 3074 3072 7527 9351
5 4314 4316 4824 9352
5 4620 7405 7718 9353
5 4354 2982 6941 9354
5 2814 2815 2917 9355
5 2737 2738 2780 9356
5 4692 4693 4694 9357
5 1632 1628 1633 9358
5 3410 3408 3506 9359
5 1642 1640 7027 9360
5 3312 3310 3514 9361
5 3588 3590 3605 9362
5 4782 4784 5130 9363
5 3371 3369 3464 9364
5 2780 2781 2814 9365
5 4190 4894 4896 9366
5 4591 4589 5249 9367
5 2503 4123 5086 9368
5 4824 5439 5578 9369
5 4778 4780 5449 9370
5 3266 3512 3513 9371
5 2517 1637 7066 9372
5 2470 2469 2471 9373
5 6975 8368 8551 9374
5 1636 1637 1638 9375
5 1632 1633 1636 9376
5 2957 2960 3017 9377
5 2770 2767 6578 9378
5 1775 1777 1913 9379
5 2231 2233 2286 9380
5 2223 2225 2342 9381
5 4774 4776 5528 9382
5 2798 4796 4950 9383
5 2172 2094 3843 9384
5 4595 4593 5302 9385
5 2227 2229 3204 9386
5 3841 3842 3912 9387
5 4770 4772 5614 9388
5 3414 3412 3519 9389
5 3067 3068 7088 9390
5 5139 4807 5243 9391
5 3547 4071 7138 9392
5 3304 3302 3305 9393
5 5282 4171 7213 9394
5 2528 1437 7038 9395
5 5195 4187 5259 9396
5 3752 3668 7198 9397
5 4599 4597 5364 9398
5 4766 4768 5742 9399
5 2184 2357 2358 9400
5 2606 2604 2852 9401
5 2217 2219 2385 9402
5 1769 1771 2521 9403
5 1886 1889 7143 9404
5 2104 2332 6992 9405
5 4052 5153 5154 9406
5 6389 2457 6390 9407
5 2976 3023 3462 9408
5 1501 1502 1503 9409
5 3016 2861 3831 9410
5 3300 3288 3593 9411
5 5032 5031 5479 9412
5 2777 2775 7023 9413
5 2822 2826 2978 9414
5 2397 4634 7303 9415
5 4603 4601 5437 9416
5 4870 4902 5070 9417
5 1814 1813 1815 9418
5 6776 2782 7023 9419
5 3816 3815 3979 9420
5 1715 1711 7268 9421
5 2105 2106 2178 9422
5 3584 3586 3787 9423
5 3051 3362 7077 9424
5 4230 3908 4231 9425
5 3777 4835 4836 9426
5 2689 2688 2692 9427
5 3597 4081 4826 9428
5 4815 3809 7671 9429
5 3897 2360 3899 9430
5 2678 2744 4650 9431
5 4491 4495 7150 9432
5 2387 3651 6893 9433
5 2207 2209 2324 9434
5 2848 2853 3209 9435
5 3286 3284 3336 9436
5 3670 4310 7149 9437
5 4531 4141 5093 9438
5 3715 3713 7153 9439
5 5845 4605 5846 9440
5 3347 3022 7007 9441
5 3027 3029 3351 9442
5 3906 3904 4974 9443
5 270 271 7399 9444
5 3853 4077 4078 9445
5 3243 5033 7247 9446
5 5154 5278 5910 9447
5 2374 2363 3492 9448
5 4888 3708 6794 9449
5 2179 2181 6986 9450
5 1626 1628 1632 9451
5 6327 3786 6856 9452
5 4707 5356 7608 9453
5 1626 1624 1628 9454
5 1614 1552 3864 9455
5 3071 3191 7088 9456
5 4287 3902 7632 9457
5 2615 2616 2617 9458
5 1622 1619 1624 9459
5 1622 1624 1626 9460
5 1976 2007 4667 9461
5 2902 2973 2999 9462
5 4097 4098 4099 9463
5 2951 2949 7430 9464
5 4570 6738 7067 9465
5 4086 4376 4992 9466
5 2065 2060 2094 9467
5 1638 1642 7041 9468
5 5349 5311 5350 9469
5 3624 3260 6973 9470
5 4383 3700 6841 9471
5 3035 3037 3190 9472
5 4574 6924 7146 9473
5 4681 5277 5384 9474
5 3931 4241 7109 9475
5 3365 6903 7220 9476
5 3699 3702 7154 9477
5 1665 1668 6993 9478
5 4039 2673 6927 9479
5 2203 2205 3205 9480
5 4880 3881 4881 9481
5 1308 684 6890 9482
5 3402 3400 6979 9483
5 3912 3913 4097 9484
5 2083 2457 6389 9485
5 1705 1704 1706 9486
5 1728 1727 1733 9487
5 5322 5711 6647 9488
5 5431 5433 5731 9489
5 2138 2147 7111 9490
5 1979 6137 8464 9491
5 3476 4660 4661 9492
5 3418 3416 3419 9493
5 3239 3218 3331 9494
5 2601 2603 6949 9495
5 2930 6832 7037 9496
5 2898 2899 2900 9497
5 1713 1711 1714 9498
5 4536 3779 6855 9499
5 3611 4224 4698 9500
5 4381 3792 7185 9501
5 1763 1765 3206 9502
5 2519 1636 7041 9503
5 4078 4687 4688 9504
5 1720 1719 1727 9505
5 4038 4375 7018 9506
5 4906 4905 6593 9507
5 2928 2878 7230 9508
5 5618 3965 8034 9509
5 1661 1657 6982 9510
5 6870 3168 7341 9511
5 1551 1549 1552 9512
5 3278 3992 3993 9513
5 2091 2064 7315 9514
5 4617 4492 6870 9515
5 2199 2201 2349 9516
5 4658 4659 5003 9517
5 1617 1619 1622 9518
5 4378 4380 7162 9519
5 4080 3249 7040 9520
5 3837 2869 6948 9521
5 3041 3044 3390 9522
5 3912 4097 4331 9523
5 7780 1491 7814 9524
5 2284 5057 6986 9525
5 3532 4051 4657 9526
5 3580 3582 4281 9527
5 5315 5316 5317 9528
5 690 1386 6890 9529
5 5005 5513 6542 9530
5 3901 5522 8481 9531
5 2607 2608 2609 9532
5 4428 5741 7082 9533
5 3054 3057 6848 9534
5 1707 1706 1708 9535
5 3196 3883 4212 9536
5 2752 2751 7201 9537
5 2098 2047 2099 9538
5 3526 3524 3925 9539
5 1617 1616 1619 9540
5 1529 1527 1933 9541
5 4341 4983 4984 9542
5 1615 1612 1616 9543
5 5416 5418 5419 9544
5 1937 1601 7059 9545
5 2088 6635 7245 9546
5 2060 1995 2061 9547
5 3865 3867 3869 9548
5 1611 1610 1612 9549
5 7322 2477 7596 9550
5 1535 1533 1536 9551
5 4291 4095 6573 9552
5 4212 4737 5203 9553
5 4357 3643 7351 9554
5 5414 5415 5416 9555
5 3381 3379 6985 9556
5 5317 5413 5414 9557
5 3254 2384 3550 9558
5 3206 5050 5051 9559
5 2683 2682 2688 9560
5 2846 2835 6981 9561
5 2999 3094 3121 9562
5 3817 3816 4187 9563
5 3262 3182 4122 9564
5 1734 1733 1739 9565
5 3121 3159 3266 9566
5 5382 5635 6608 9567
5 2766 2764 2839 9568
5 5318 4705 7608 9569
5 4701 4699 7516 9570
5 1701 1700 1702 9571
5 3324 3890 3891 9572
5 3325 3014 3326 9573
5 3264 2409 6586 9574
5 1898 1899 1900 9575
5 1954 3465 7071 9576
5 1710 1708 1711 9577
5 2072 2069 7006 9578
5 2520 1616 7051 9579
5 2762 2759 6627 9580
5 2382 5693 7957 9581
5 4136 4679 4681 9582
5 4763 4000 5103 9583
5 4690 4688 4691 9584
5 3051 3053 3362 9585
5 2564 2565 2566 9586
5 1074 1307 6916 9587
5 4194 5299 7167 9588
5 2504 2506 7113 9589
5 2071 2072 2105 9590
5 1997 3981 4243 9591
5 1697 1696 1698 9592
5 2675 2674 2678 9593
5 1712 5941 8287 9594
5 2183 2344 2345 9595
5 2854 2857 6874 9596
5 1703 1702 1704 9597
5 3609 5315 7095 9598
5 1695 1694 1696 9599
5 1611 1612 1615 9600
5 5055 4832 5436 9601
5 1615 1616 1617 9602
5 1608 1610 1611 9603
5 3013 2933 3014 9604
5 7307 5078 7420 9605
5 2193 2195 2494 9606
5 3805 4854 4855 9607
5 3459 3460 3574 9608
5 1608 1607 1610 9609
5 3832 3831 3833 9610
5 1539 1537 1596 9611
5 3400 3399 3463 9612
5 4650 5387 5388 9613
5 3724 3726 7169 9614
5 4913 5583 5894 9615
5 4389 4387 4677 9616
5 2667 2665 2668 9617
5 3382 3854 4849 9618
5 2075 2138 2139 9619
5 2645 2643 2646 9620
5 3424 3422 3541 9621
5 4430 4621 5728 9622
5 3722 4244 7005 9623
5 4673 4671 4913 9624
5 4055 4057 4499 9625
5 3911 2433 7210 9626
5 2156 4642 7256 9627
5 2684 2646 4872 9628
5 3463 4668 4669 9629
5 4028 4884 4885 9630
5 195 1284 6897 9631
5 209 1388 6898 9632
5 212 1313 6899 9633
5 193 1389 6900 9634
5 201 1296 6896 9635
5 1389 194 6897 9636
5 1348 192 6900 9637
5 1304 208 6898 9638
5 1390 215 6902 9639
5 216 1326 6902 9640
5 3893 3833 3924 9641
5 1759 1761 1915 9642
5 1523 1521 1597 9643
5 4799 4243 5248 9644
5 4169 3916 5144 9645
5 4554 4558 6950 9646
5 4670 4669 4671 9647
5 3356 3357 3479 9648
5 1699 1698 1700 9649
5 1755 1757 3208 9650
5 3379 3378 3382 9651
5 1545 1543 2067 9652
5 3059 3061 3118 9653
5 4611 4613 7184 9654
5 3065 3067 3322 9655
5 5308 4148 5309 9656
5 4657 4726 4727 9657
5 4830 3924 4873 9658
5 5051 5171 5522 9659
5 3077 3081 3346 9660
5 3090 3107 3611 9661
5 3071 3073 3191 9662
5 3439 3440 3441 9663
5 4393 4391 4744 9664
5 3563 4319 5749 9665
5 3947 3826 4000 9666
5 4706 4538 5631 9667
5 5643 4725 7383 9668
5 5600 5022 7661 9669
5 4662 4661 4663 9670
5 4850 4849 5164 9671
5 3428 3426 3451 9672
5 1605 1937 7058 9673
5 4125 4733 4734 9674
5 2061 2063 7047 9675
5 1599 2530 7059 9676
5 3853 3316 4077 9677
5 1728 5666 7546 9678
5 1633 1634 7066 9679
5 3663 4183 4184 9680
5 3306 3305 3476 9681
5 4178 3926 5227 9682
5 4349 4184 4486 9683
5 4486 4938 5325 9684
5 2139 2182 2183 9685
5 7015 5027 7298 9686
5 1944 1946 1964 9687
5 6159 6155 6828 9688
5 2402 2399 7303 9689
5 2676 2636 3926 9690
5 4533 4109 6752 9691
5 5245 5091 7178 9692
5 1391 726 6907 9693
5 1513 1511 1934 9694
5 4696 4695 4870 9695
5 1612 1613 7051 9696
5 4861 4745 7547 9697
5 3209 3813 3814 9698
5 3870 3916 3917 9699
5 1592 3973 3974 9700
5 1606 1607 1608 9701
5 5165 5164 5303 9702
5 3917 4169 4170 9703
5 2833 2832 7037 9704
5 5730 6941 7234 9705
5 6713 7071 7350 9706
5 732 1319 6907 9707
5 4724 6709 7383 9708
5 1602 1605 1606 9709
5 4857 4619 5733 9710
5 3185 3687 7007 9711
5 3891 4227 5054 9712
5 2661 2659 3194 9713
5 4397 4395 4809 9714
5 3009 2869 3837 9715
5 4183 5161 6987 9716
5 4030 4714 4862 9717
5 2147 2280 7012 9718
5 3018 2934 7011 9719
5 2655 2653 2656 9720
5 1737 1743 7172 9721
5 3203 5122 5123 9722
5 1319 738 6908 9723
5 3966 4827 7026 9724
5 3778 3777 7139 9725
5 1606 1605 1607 9726
5 4616 3023 7061 9727
5 1602 1601 1605 9728
5 4227 5221 5265 9729
5 3468 3931 3932 9730
5 5024 5454 7184 9731
5 1387 1068 6916 9732
5 744 1393 6908 9733
5 2706 2704 6863 9734
5 1713 1714 6946 9735
5 2605 2606 2607 9736
5 5442 4381 5673 9737
5 2859 2861 3016 9738
5 2671 2670 2674 9739
5 4751 4708 5529 9740
5 4694 4693 4695 9741
5 4862 5018 5482 9742
5 2641 2639 3210 9743
5 3575 5393 5394 9744
5 1393 750 6909 9745
5 2531 2532 2533 9746
5 6954 6176 7737 9747
5 3570 3186 7244 9748
5 3974 4484 5034 9749
5 5122 1788 7044 9750
5 1591 1594 1595 9751
5 5263 4399 5264 9752
5 2798 2628 4795 9753
5 2355 2354 3489 9754
5 5033 6965 7247 9755
5 756 1275 6909 9756
5 3484 4027 4028 9757
5 6226 6477 7286 9758
5 2095 2094 2172 9759
5 5024 5178 5454 9760
5 4665 4663 4999 9761
5 3140 3138 3649 9762
5 3792 3672 7185 9763
5 3226 3225 3227 9764
5 1275 762 6912 9765
5 1600 1601 1602 9766
5 7863 5177 8010 9767
5 4232 4231 4927 9768
5 1519 1517 1520 9769
5 5382 6608 7162 9770
5 7323 6165 7420 9771
5 6947 2182 7111 9772
5 4885 4886 4887 9773
5 5088 7335 7462 9774
5 2358 3544 3545 9775
5 2758 2755 3192 9776
5 2719 2717 7045 9777
5 768 1395 6912 9778
5 2332 2523 6992 9779
5 2539 2540 2541 9780
5 2567 3573 7355 9781
5 2136 2157 2339 9782
5 2173 2172 2354 9783
5 4831 4830 4832 9784
5 1092 1383 7174 9785
5 4905 4122 5082 9786
5 5322 6647 7149 9787
5 1395 774 6915 9788
5 6885 4539 7147 9789
5 5057 2350 7147 9790
5 3545 4029 4030 9791
5 2444 5741 7860 9792
5 2388 2164 7256 9793
5 5210 5093 5698 9794
5 780 1318 6915 9795
5 1585 1586 1587 9796
5 4755 4753 5441 9797
5 4355 1584 6942 9798
5 3228 3227 3229 9799
5 1895 1851 7090 9800
5 3838 3837 3839 9801
5 1318 786 6914 9802
5 4875 4412 6865 9803
5 7428 6637 7601 9804
5 4692 4691 4693 9805
5 2132 2134 3213 9806
5 2603 2604 2605 9807
5 4742 3535 7338 9808
5 4887 5269 5270 9809
5 2358 3545 5052 9810
5 1810 2438 7613 9811
5 792 1396 6914 9812
5 3420 3419 3546 9813
5 2601 2602 2603 9814
5 3760 3365 7220 9815
5 3462 4616 5569 9816
5 3639 4932 6872 9817
5 1600 1599 1601 9818
5 7348 3085 7516 9819
5 2635 2633 2636 9820
5 1396 798 6919 9821
5 1565 1566 1567 9822
5 5049 1765 7052 9823
5 4136 3192 4678 9824
5 5541 4818 7139 9825
5 804 1276 6919 9826
5 4273 4065 5208 9827
5 1524 1971 7611 9828
5 2775 4083 7023 9829
5 2862 2865 6920 9830
5 3955 4636 7042 9831
5 3199 3201 3277 9832
5 5237 5240 7195 9833
5 1276 810 6921 9834
5 2128 2130 2362 9835
5 5730 4354 6941 9836
5 2541 2542 2543 9837
5 3896 5027 7015 9838
5 2657 2656 2672 9839
5 5045 5046 7159 9840
5 1507 1505 1598 9841
5 5633 1299 7806 9842
5 3668 3666 7198 9843
5 816 1397 6921 9844
5 7023 4083 7374 9845
5 3494 3229 3495 9846
5 2265 1988 7000 9847
5 1655 1651 7001 9848
5 6212 1309 8276 9849
5 5798 5802 7615 9850
5 3989 4317 6969 9851
5 1592 3871 3973 9852
5 2543 2544 2545 9853
5 1595 1599 1600 9854
5 1579 1580 1581 9855
5 1595 1594 1599 9856
5 1397 822 6922 9857
5 4156 4340 4341 9858
5 2429 6015 7422 9859
5 3097 2962 7187 9860
5 3891 4226 4227 9861
5 2535 2536 2537 9862
5 828 1320 6922 9863
5 3968 3839 3969 9864
5 3432 3430 3435 9865
5 2115 2117 2266 9866
5 6185 2454 6186 9867
5 5740 4432 7115 9868
5 4825 3764 6818 9869
5 3489 3595 3663 9870
5 3605 3606 4189 9871
5 1982 4322 7079 9872
5 3814 3815 3816 9873
5 4555 4560 4820 9874
5 3222 3223 3289 9875
5 4719 2105 7065 9876
5 2152 2321 2346 9877
5 2669 2668 2670 9878
5 4703 4702 5662 9879
5 2345 2344 3532 9880
5 3824 3823 3826 9881
5 6185 6186 6187 9882
5 3498 2903 6625 9883
5 3220 3221 3222 9884
5 5509 4540 7018 9885
5 4657 4051 4726 9886
5 2890 2891 2892 9887
5 2537 2538 2539 9888
5 3754 3752 4979 9889
5 6971 2726 7045 9890
5 1892 1895 1896 9891
5 2651 2649 3215 9892
5 5148 5149 8258 9893
5 2723 3239 3870 9894
5 2631 2629 6974 9895
5 1652 1656 7016 9896
5 3932 3933 3934 9897
5 1455 1623 7062 9898
5 2139 2138 2182 9899
5 4760 6261 7237 9900
5 4556 4554 6950 9901
5 1400 870 6925 9902
5 2178 2509 7065 9903
5 2107 3804 3805 9904
5 1469 1470 1471 9905
5 3493 2701 6949 9906
5 876 1321 6925 9907
5 6803 2486 7663 9908
5 4154 4155 4156 9909
5 3934 4314 4315 9910
5 3189 3188 3225 9911
5 3308 3306 7022 9912
5 4887 5271 7436 9913
5 1964 1946 1965 9914
5 2104 6992 7006 9915
5 4688 4687 7025 9916
5 2057 2078 2080 9917
5 2723 2608 3218 9918
5 4766 5742 7138 9919
5 2503 3958 4123 9920
5 4679 4678 4680 9921
5 3227 3225 4131 9922
5 1587 1586 4658 9923
5 3290 3915 7063 9924
5 2183 2182 2344 9925
5 3316 3097 7187 9926
5 5059 6648 7075 9927
5 2016 2088 7245 9928
5 5124 5123 5155 9929
5 6981 2833 7037 9930
5 3224 2031 3821 9931
5 4152 4153 4154 9932
5 5355 4877 5605 9933
5 3767 3756 4204 9934
5 7071 5039 7350 9935
5 3362 3810 3935 9936
5 1994 1965 1995 9937
5 4196 4037 4249 9938
5 2263 6005 7432 9939
5 2433 2431 7210 9940
5 6101 4757 7407 9941
5 3439 3437 3440 9942
5 4727 4726 5458 9943
5 2627 2625 2628 9944
5 3771 3769 4822 9945
5 3822 3821 3823 9946
5 4078 4077 4687 9947
5 2053 2055 3801 9948
5 6051 6061 7715 9949
5 2568 2572 6932 9950
5 5330 3911 5331 9951
5 3935 3936 4460 9952
5 4764 6190 7252 9953
5 4573 7194 7236 9954
5 4896 5484 5485 9955
5 5373 5506 5507 9956
5 3781 3567 4740 9957
5 3262 4122 4905 9958
5 3443 3441 3551 9959
5 1402 918 6926 9960
5 4316 3933 7109 9961
5 3470 3957 7146 9962
5 4460 4462 5201 9963
5 4974 3904 7153 9964
5 3100 3098 7063 9965
5 1896 1897 1898 9966
5 924 1322 6926 9967
5 2556 2558 2559 9968
5 1591 1589 1594 9969
5 3806 4514 6964 9970
5 2870 2873 6948 9971
5 1649 1645 7021 9972
5 1322 930 6928 9973
5 2177 1941 3567 9974
5 7976 1961 8015 9975
5 2623 2621 3214 9976
5 936 1403 6928 9977
5 5431 5731 7150 9978
5 2006 1432 7358 9979
5 2530 1594 7231 9980
5 3322 4635 5396 9981
5 3459 3449 3460 9982
5 2782 2777 7023 9983
5 1495 1493 1935 9984
5 3932 3931 3933 9985
5 1956 7105 7385 9986
5 1565 1563 1566 9987
5 2561 2562 2564 9988
5 5064 4409 6793 9989
5 1585 1583 1586 9990
5 1467 1468 1469 9991
5 1441 1443 7017 9992
5 570 1353 6958 9993
5 2932 2837 2933 9994
5 1437 1439 7038 9995
5 3206 5049 5050 9996
5 4052 4053 5153 9997
5 2559 2560 2561 9998
5 3172 3170 3174 9999
5 2832 2930 7037 10000
5 3777 3775 4835 10001
5 3447 3445 3450 10002
5 2994 3637 7230 10003
5 3479 3811 3812 10004
5 5533 4818 5541 10005
5 3260 3262 6973 10006
5 2907 7068 7286 10007
5 6820 3332 7128 10008
5 4041 4043 7080 10009
5 2046 2049 7208 10010
5 1579 1577 1580 10011
5 6198 3662 6455 10012
5 2970 4151 4152 10013
5 6628 4135 6884 10014
5 2867 2869 3009 10015
5 1501 1499 1502 10016
5 3867 3868 4052 10017
5 8024 6336 8098 10018
5 3605 4189 4709 10019
5 1938 3900 6880 10020
5 2181 2284 6986 10021
5 2676 4899 7155 10022
5 1573 1571 1940 10023
5 5534 5533 7375 10024
5 1994 1995 2060 10025
5 7065 4128 7347 10026
5 1455 1456 1457 10027
5 4318 4249 5544 10028
5 3659 3881 4880 10029
5 4033 4006 4571 10030
5 2533 2534 2535 10031
5 4700 4702 4703 10032
5 1405 990 6931 10033
5 5798 5795 5800 10034
5 3611 3874 4224 10035
5 324 1302 7463 10036
5 6630 4195 7627 10037
5 996 1280 6931 10038
5 2672 4686 5038 10039
5 5086 4123 5723 10040
5 1902 1904 1905 10041
5 1280 1002 6935 10042
5 5780 5630 8512 10043
5 4086 4992 7154 10044
5 4740 3567 5111 10045
5 5363 7701 8239 10046
5 3988 4258 7019 10047
5 2727 5646 8444 10048
5 1008 1406 6935 10049
5 2508 2179 6986 10050
5 2522 1453 7062 10051
5 4224 4225 5359 10052
5 4644 4646 4721 10053
5 4837 4691 7025 10054
5 2071 4719 7047 10055
5 2637 2636 2676 10056
5 4135 4136 6884 10057
5 1648 1650 7024 10058
5 1406 1014 6938 10059
5 1473 1474 1475 10060
5 1373 323 7463 10061
5 3222 3289 3295 10062
5 3934 3933 4314 10063
5 5203 4737 6955 10064
5 3016 3831 3832 10065
5 1503 1502 2503 10066
5 6726 6725 7421 10067
5 3821 2031 6619 10068
5 2831 2829 7234 10069
5 1020 1323 6938 10070
5 1777 1779 7085 10071
5 1581 1580 3563 10072
5 2647 2646 2684 10073
5 1459 1458 1460 10074
5 1992 2003 6977 10075
5 2601 2599 2602 10076
5 1323 1026 6939 10077
5 3495 3229 4374 10078
5 3865 3866 3867 10079
5 4293 4107 4647 10080
5 2150 5969 7543 10081
5 3655 3657 4074 10082
5 1032 1407 6939 10083
5 1640 1644 7027 10084
5 1825 6354 7626 10085
5 1717 3220 3237 10086
5 6648 1862 7075 10087
5 1553 1552 1614 10088
5 5154 5153 5278 10089
5 1407 1038 6940 10090
5 6267 3043 8247 10091
5 4036 3512 4072 10092
5 4610 4656 4926 10093
5 1717 3219 3220 10094
5 3559 3558 3608 10095
5 4241 5405 7109 10096
5 6497 8069 8121 10097
5 4709 4845 5073 10098
5 1044 1281 6940 10099
5 1683 4649 7264 10100
5 5114 3972 5115 10101
5 2615 2613 2616 10102
5 4028 4254 4884 10103
5 1862 1864 7075 10104
5 2430 1827 7626 10105
5 2037 2039 2125 10106
5 558 1409 6970 10107
5 474 1306 6906 10108
5 5034 4484 5140 10109
5 4729 3100 7216 10110
5 3743 3742 4006 10111
5 4189 4190 7206 10112
5 6483 4157 8017 10113
5 1401 6068 7974 10114
5 6916 1307 6917 10115
5 2619 2617 2677 10116
5 1445 1447 7034 10117
5 1941 1918 1942 10118
5 1457 1456 1458 10119
5 3278 2376 3992 10120
5 2043 2047 2098 10121
5 1964 6680 7097 10122
5 1465 1466 1467 10123
5 3832 3833 3893 10124
5 3862 1992 6977 10125
5 1988 1990 7000 10126
5 3893 3924 4830 10127
5 1559 1557 2070 10128
5 3331 4608 5244 10129
5 1846 1848 7076 10130
5 2409 2410 2411 10131
5 6098 4736 7423 10132
5 4250 4249 4318 10133
5 4008 3624 6973 10134
5 3626 1886 7143 10135
5 2593 2591 3863 10136
5 7371 6596 7523 10137
5 3974 3973 4484 10138
5 3173 3172 3360 10139
5 3171 3170 3172 10140
5 1567 1566 1592 10141
5 4716 4170 5211 10142
5 2878 2994 7230 10143
5 3289 3597 7212 10144
5 2898 2896 2899 10145
5 5151 4318 5450 10146
5 4654 4731 5104 10147
5 3575 4852 5393 10148
5 2922 2923 2996 10149
5 2875 2877 3085 10150
5 2970 2891 4150 10151
5 1942 1944 7097 10152
5 1668 1671 7226 10153
5 1483 1481 3217 10154
5 2350 6885 7147 10155
5 1489 1487 1603 10156
5 1290 279 7238 10157
5 6891 1740 7356 10158
5 2902 2900 2973 10159
5 6560 5252 8369 10160
5 4654 3942 4731 10161
5 5072 7985 8046 10162
5 3294 2389 7261 10163
5 1614 3864 3865 10164
5 4659 1586 7224 10165
5 1898 1900 4991 10166
5 3169 2839 3170 10167
5 2003 2023 6977 10168
5 2544 3183 6962 10169
5 1637 1633 7066 10170
5 5399 5066 5572 10171
5 4135 3192 4136 10172
5 3637 5105 5106 10173
5 1408 606 6936 10174
5 4660 3305 7134 10175
5 4917 5275 7304 10176
5 3159 3094 3160 10177
5 2259 2261 7089 10178
5 5208 4065 6737 10179
5 1889 1976 7143 10180
5 6639 2144 7321 10181
5 1473 1471 1474 10182
5 4902 4695 7129 10183
5 4943 4942 7310 10184
5 2346 2360 2361 10185
5 4430 5728 7169 10186
5 2255 2257 7091 10187
5 4635 3067 7088 10188
5 5071 6817 7365 10189
5 3465 5039 7071 10190
5 2850 2824 6943 10191
5 1688 1685 7264 10192
5 2744 2674 7145 10193
5 2152 2153 2321 10194
5 5104 5168 5253 10195
5 3805 4237 4854 10196
5 6717 1312 7558 10197
5 3212 3982 6989 10198
5 2812 2837 2838 10199
5 5051 5050 5171 10200
5 2684 4872 5579 10201
5 4132 5294 5295 10202
5 3639 4247 4932 10203
5 6392 4374 6396 10204
5 1752 1745 6857 10205
5 2672 5714 7177 10206
5 3820 3856 4717 10207
5 1828 1830 7096 10208
5 4534 4988 7073 10209
5 1739 1747 6894 10210
5 1286 552 6970 10211
5 4255 3632 7296 10212
5 3463 4670 6979 10213
5 3295 3941 3942 10214
5 3009 3837 3838 10215
5 1964 1965 1994 10216
5 1463 1464 1465 10217
5 3361 3360 3742 10218
5 2629 2628 2798 10219
5 4648 4072 5112 10220
5 4518 4516 7099 10221
5 3375 3373 7104 10222
5 648 654 6307 10223
5 5644 4355 6942 10224
5 3396 3394 7098 10225
5 1904 1908 7176 10226
5 4280 4361 7010 10227
5 1685 1683 7264 10228
5 2164 2156 7256 10229
5 2245 2247 7100 10230
5 1891 1851 1892 10231
5 3742 3360 3744 10232
5 1794 1796 7094 10233
5 3838 3839 3968 10234
5 5899 5901 8278 10235
5 4155 4153 4157 10236
5 4703 5662 5663 10237
5 3393 4091 7293 10238
5 3514 6165 7459 10239
5 5806 3264 6586 10240
5 6651 1836 7119 10241
5 3382 4850 6985 10242
5 1615 1617 6963 10243
5 2814 2988 7108 10244
5 1836 1838 7119 10245
5 3968 3969 4961 10246
5 5253 5168 5923 10247
5 3400 3463 6979 10248
5 3964 4109 4533 10249
5 4938 4184 6987 10250
5 2676 3926 4178 10251
5 4178 5227 5228 10252
5 5341 4344 5342 10253
5 5062 6651 7119 10254
5 1369 229 7222 10255
5 2688 3193 7106 10256
5 2779 2783 7180 10257
5 4571 4006 5276 10258
5 4885 4884 4886 10259
5 1998 6838 7315 10260
5 6464 7384 7476 10261
5 1927 6634 8127 10262
5 3574 3460 3575 10263
5 2726 2719 7045 10264
5 2720 2692 7106 10265
5 1530 1625 7272 10266
5 1636 1638 7041 10267
5 4814 3809 4815 10268
5 4721 4738 4739 10269
5 1479 1477 1604 10270
5 5939 3392 8546 10271
5 2798 4795 4796 10272
5 4498 7747 7804 10273
5 1409 564 6958 10274
5 1392 468 6906 10275
5 4693 4837 7129 10276
5 5637 3803 7243 10277
5 2793 2811 2812 10278
5 2764 2762 7087 10279
5 6959 5040 7244 10280
5 2737 4119 7112 10281
5 2589 2587 2993 10282
5 5104 4731 5168 10283
5 2103 2175 7086 10284
5 3379 3382 6985 10285
5 4184 4183 6987 10286
5 4319 1580 7192 10287
5 4013 3494 7060 10288
5 4887 4886 5269 10289
5 3623 3622 3844 10290
5 2611 2609 7049 10291
5 3822 3824 3825 10292
5 3116 6959 7244 10293
5 1990 3862 7000 10294
5 2503 5086 7160 10295
5 1783 1785 7105 10296
5 3651 3652 7391 10297
5 4555 4554 4556 10298
5 4343 4344 5193 10299
5 612 1352 6936 10300
5 6656 2450 7331 10301
5 5146 4833 7513 10302
5 5853 3085 7633 10303
5 4709 4189 4845 10304
5 4597 4595 7116 10305
5 4319 7192 7193 10306
5 1459 1460 1461 10307
5 5502 5562 8039 10308
5 3513 3512 4036 10309
5 3329 3638 3639 10310
5 1905 1904 1906 10311
5 5293 4180 7093 10312
5 4768 4770 7114 10313
5 4983 4340 5406 10314
5 1965 1946 7079 10315
5 4601 4599 7121 10316
5 1469 1468 1470 10317
5 4674 3419 7140 10318
5 2546 2547 2548 10319
5 5267 7182 7357 10320
5 1741 1739 6894 10321
5 5276 7295 8228 10322
5 7105 5124 7385 10323
5 2949 2947 7285 10324
5 4119 2780 7108 10325
5 1756 1750 7605 10326
5 4988 4129 7123 10327
5 2089 2009 7232 10328
5 2098 2099 2152 10329
5 4185 2784 6462 10330
5 2280 2367 7012 10331
5 4289 5288 5289 10332
5 1917 1906 1918 10333
5 4979 3752 7198 10334
5 4132 3880 4443 10335
5 1475 1474 2531 10336
5 4605 4603 7126 10337
5 3347 7007 7296 10338
5 2670 3859 7145 10339
5 2434 2258 7277 10340
5 6879 2103 7086 10341
5 6735 3578 7319 10342
5 4228 3570 7366 10343
5 2361 3897 3898 10344
5 3898 4207 4208 10345
5 3295 3289 3941 10346
5 3476 4662 7022 10347
5 2545 2544 6962 10348
5 3717 3849 7123 10349
5 2073 2119 7084 10350
5 1616 1612 7051 10351
5 3495 4374 6392 10352
5 2017 2016 7245 10353
5 3098 3290 7063 10354
5 5707 1281 7907 10355
5 2543 2545 2546 10356
5 4247 3638 4259 10357
5 2894 2892 7055 10358
5 1457 1458 1459 10359
5 978 984 7309 10360
5 2175 3216 7086 10361
5 4208 5254 5262 10362
5 3209 7020 7136 10363
5 2097 2086 6686 10364
5 2717 2716 7112 10365
5 2535 2537 2802 10366
5 4186 4185 4858 10367
5 5392 7396 7677 10368
5 3947 4763 5592 10369
5 3940 6065 8566 10370
5 5088 7104 7335 10371
5 5673 4381 7185 10372
5 2548 2550 2551 10373
5 3914 4041 7093 10374
5 1467 1466 1468 10375
5 2147 7012 7111 10376
5 2603 2602 2604 10377
5 4169 5144 5145 10378
5 4448 5887 7312 10379
5 3005 2937 7313 10380
5 2551 2552 2553 10381
5 4691 4688 7025 10382
5 2531 2533 4685 10383
5 1850 1754 1851 10384
5 4127 5344 5346 10385
5 2572 2979 6932 10386
5 2665 2663 7151 10387
5 3859 2668 7151 10388
5 6464 7476 7547 10389
5 2346 2321 2360 10390
5 2424 2388 3565 10391
5 3277 7170 7436 10392
5 2890 2882 2891 10393
5 6657 6848 7186 10394
5 6979 5075 7271 10395
5 1461 1460 1462 10396
5 1917 1918 1941 10397
5 6143 6144 7300 10398
5 1461 1462 1463 10399
5 3266 3159 3512 10400
5 2546 2545 2547 10401
5 5326 5853 8194 10402
5 1549 1547 7122 10403
5 3183 4548 6962 10404
5 1465 1464 1466 10405
5 3917 3916 4169 10406
5 3096 3011 3101 10407
5 3306 3476 7022 10408
5 5076 4673 7340 10409
5 3811 3357 3880 10410
5 3356 3354 3357 10411
5 3870 3239 3916 10412
5 2029 2031 3224 10413
5 2955 2957 7120 10414
5 1555 1553 7053 10415
5 4984 4983 5160 10416
5 1753 1748 1754 10417
5 1453 1455 7062 10418
5 3323 2784 4185 10419
5 2384 2345 7070 10420
5 5695 4534 7073 10421
5 4560 4556 4561 10422
5 2417 2418 3267 10423
5 5471 5025 7697 10424
5 2826 2848 7136 10425
5 3412 3410 7135 10426
5 2063 2071 7047 10427
5 8244 4307 8273 10428
5 2353 7042 7311 10429
5 3100 7063 7216 10430
5 2234 2232 7291 10431
5 2428 2426 4069 10432
5 2555 2556 2557 10433
5 3546 4674 7249 10434
5 4882 4561 5135 10435
5 5990 5987 7524 10436
5 2363 2355 7127 10437
5 5811 5814 7258 10438
5 6985 5166 7279 10439
5 2746 2753 7289 10440
5 4681 4679 5277 10441
5 1463 1462 1464 10442
5 7220 4631 7370 10443
5 2960 2976 7125 10444
5 4926 5936 5937 10445
5 4641 3961 4903 10446
5 4454 4450 7312 10447
5 2105 2178 7065 10448
5 4863 4865 7028 10449
5 7321 5052 7508 10450
5 1962 2000 7102 10451
5 7716 3747 7831 10452
5 3777 4836 7139 10453
5 3586 3588 7107 10454
5 2411 2412 2413 10455
5 6545 3435 7345 10456
5 3003 2925 3010 10457
5 4963 4280 7010 10458
5 4446 1713 6946 10459
5 3328 3496 4044 10460
5 5515 4228 7502 10461
5 4043 5005 7080 10462
5 3487 3488 3964 10463
5 4571 5276 5304 10464
5 4975 4259 5379 10465
5 1601 1599 7059 10466
5 3905 4860 7670 10467
5 3302 3300 7134 10468
5 3854 3378 7104 10469
5 2999 2973 3094 10470
5 5067 4077 7187 10471
5 2748 2792 2793 10472
5 2991 2992 3466 10473
5 3982 4963 6989 10474
5 2472 2473 2475 10475
5 2723 3218 3239 10476
5 2475 2476 3487 10477
5 4558 4925 6950 10478
5 5331 3911 7210 10479
5 3557 3556 3558 10480
5 2965 2964 3086 10481
5 1607 1605 7058 10482
5 7337 5147 7743 10483
5 1690 1688 3232 10484
5 3582 3584 7124 10485
5 1761 1763 7137 10486
5 2605 2604 2606 10487
5 2025 2027 2171 10488
5 6903 4631 7220 10489
5 6718 2955 7120 10490
5 3121 3094 3159 10491
5 3887 3243 7247 10492
5 3466 3500 3820 10493
5 4053 4055 7142 10494
5 1505 1503 7160 10495
5 5255 4758 7673 10496
5 3416 3414 7140 10497
5 1939 1938 6880 10498
5 2607 2606 2608 10499
5 3871 1566 7202 10500
5 4648 5112 5204 10501
5 4668 3399 7098 10502
5 6883 1554 7229 10503
5 1714 1715 1716 10504
5 7682 5876 8204 10505
5 4180 3914 7093 10506
5 2470 2471 2472 10507
5 1499 1497 7182 10508
5 4136 4678 4679 10509
5 1960 8285 8303 10510
5 2084 2083 6389 10511
5 4621 4622 7447 10512
5 2539 2541 3855 10513
5 7405 1940 7746 10514
5 1997 4799 7096 10515
5 3861 3337 4713 10516
5 2468 2467 2469 10517
5 2643 2641 7152 10518
5 5077 6874 7218 10519
5 3549 4126 4127 10520
5 5162 5135 5451 10521
5 4503 5525 7284 10522
5 1757 1759 7156 10523
5 4001 3212 6989 10524
5 3808 3245 3809 10525
5 2879 2880 2991 10526
5 2466 2465 2467 10527
5 5173 5629 5630 10528
5 3990 3988 7019 10529
5 3081 3090 7158 10530
5 5023 5600 7697 10531
5 2816 2710 7398 10532
5 4036 4072 4648 10533
5 2399 2397 7303 10534
5 7622 5793 8003 10535
5 3087 3086 3358 10536
5 2708 3157 7398 10537
5 4513 5335 7454 10538
5 2830 2919 7525 10539
5 4361 5913 7010 10540
5 4005 2353 7311 10541
5 2182 2138 7111 10542
5 7045 2717 7112 10543
5 3196 4977 7076 10544
5 2639 2637 7155 10545
5 3267 3499 3594 10546
5 4365 4366 4643 10547
5 2798 4950 6974 10548
5 5583 4671 7171 10549
5 3518 5665 8559 10550
5 1320 6442 7953 10551
5 5102 7220 7370 10552
5 4347 5723 8076 10553
5 2887 2884 5855 10554
5 3594 4793 4794 10555
5 2736 2750 4747 10556
5 5264 7389 8274 10557
5 2796 2810 2879 10558
5 3404 3402 7271 10559
5 3435 7043 7200 10560
5 3494 3495 7060 10561
5 3157 2706 6863 10562
5 2548 2547 2550 10563
5 4403 6597 7452 10564
5 7967 6108 8021 10565
5 4077 3316 7187 10566
5 1905 1906 1917 10567
5 3186 3116 7244 10568
5 3568 3358 3909 10569
5 4141 4033 7110 10570
5 6776 7023 7374 10571
5 2653 2651 7175 10572
5 2659 2657 7177 10573
5 2355 3489 7127 10574
5 5149 5150 5492 10575
5 3594 4955 7677 10576
5 4552 4554 4555 10577
5 3013 3325 3329 10578
5 2609 2608 2723 10579
5 2682 2679 7157 10580
5 2551 2550 2552 10581
5 4387 4384 7188 10582
5 1747 1748 1753 10583
5 4640 6039 7887 10584
5 6747 4503 7284 10585
5 3245 3246 7255 10586
5 2649 2647 7164 10587
5 5102 3760 7220 10588
5 2716 2737 7112 10589
5 4763 5103 5606 10590
5 4669 4672 7171 10591
5 7007 5048 7296 10592
5 1743 1755 7172 10593
5 1864 1930 7075 10594
5 5949 5286 8269 10595
5 4041 7080 7093 10596
5 4527 3993 4528 10597
5 5887 2420 7581 10598
5 3933 3931 7109 10599
5 3384 3381 7279 10600
5 2633 2631 7166 10601
5 3636 4165 4166 10602
5 3947 4000 4763 10603
5 2679 2678 7157 10604
5 2361 2360 3897 10605
5 2130 2132 7168 10606
5 1747 1740 1748 10607
5 1324 978 7309 10608
5 2780 2814 7108 10609
5 3615 3961 4641 10610
5 5512 1984 8242 10611
5 7022 5078 7307 10612
5 5285 4867 7510 10613
5 4343 3818 4344 10614
5 6731 6732 7510 10615
5 984 1405 7309 10616
5 1848 3196 7076 10617
5 4239 1996 5546 10618
5 4994 6170 7882 10619
5 1961 1846 7076 10620
5 7068 6226 7286 10621
5 1716 1715 1717 10622
5 3057 3059 7186 10623
5 4696 4871 7344 10624
5 4703 5664 7199 10625
5 5563 5185 7332 10626
5 4190 4896 7206 10627
5 6817 2113 7365 10628
5 6592 6460 7292 10629
5 4341 4340 4983 10630
5 7377 6641 7537 10631
5 3898 3897 4207 10632
5 1892 1896 1916 10633
5 2692 2688 7106 10634
5 1739 1740 1747 10635
5 4166 4469 4470 10636
5 4339 4364 4365 10637
5 4129 3717 7123 10638
5 3954 2491 7587 10639
5 6639 7321 7508 10640
5 2892 2891 2970 10641
5 1694 1692 1924 10642
5 2629 2798 6974 10643
5 7170 4885 7436 10644
5 3201 3484 7170 10645
5 2553 2554 2555 10646
5 3157 6863 7294 10647
5 3597 4826 7212 10648
5 2261 2368 7089 10649
5 3824 3826 3947 10650
5 5129 3968 7209 10651
5 3119 2850 6943 10652
5 2257 3348 7091 10653
5 3348 2259 7089 10654
5 4319 7193 7404 10655
5 2345 3532 7070 10656
5 3244 2255 7091 10657
5 3532 4657 7070 10658
5 1500 1501 7530 10659
5 4208 4207 5254 10660
5 2625 2623 7190 10661
5 2657 2672 7177 10662
5 1830 1997 7096 10663
5 1307 1080 7369 10664
5 4852 3460 7214 10665
5 6680 4471 7595 10666
5 3969 4700 7199 10667
5 2794 2747 7074 10668
5 4516 5740 7099 10669
5 1796 1922 7094 10670
5 3399 3396 7098 10671
5 1838 1931 7119 10672
5 3394 3566 7098 10673
5 4973 4518 7099 10674
5 1804 1809 7260 10675
5 6627 6628 7087 10676
5 1563 1561 7202 10677
5 2932 2933 3013 10678
5 2119 3841 7084 10679
5 3378 3375 7104 10680
5 1698 1696 3391 10681
5 1976 4667 7143 10682
5 4154 4153 4155 10683
5 5217 5216 5440 10684
5 5902 1392 8352 10685
5 1714 1711 1715 10686
5 1706 1704 4075 10687
5 2734 2747 2748 10688
5 2247 3298 7100 10689
5 1569 1567 7118 10690
5 4467 1782 7318 10691
5 7147 5109 7480 10692
5 5581 4039 7191 10693
5 4376 4614 7299 10694
5 4156 4155 4340 10695
5 3570 7244 7366 10696
5 4450 4448 7312 10697
5 4152 4151 4153 10698
5 3197 1794 7094 10699
5 2078 2107 7189 10700
5 2279 2245 7100 10701
5 6489 4047 7406 10702
5 2559 2561 4728 10703
5 321 6723 7558 10704
5 2420 1720 7546 10705
5 3578 3580 7319 10706
5 4538 4536 7196 10707
5 1913 1777 7085 10708
5 5544 4249 7259 10709
5 3203 5124 7105 10710
5 2060 2061 7148 10711
5 4317 5832 6969 10712
5 1503 2503 7160 10713
5 1753 1754 1850 10714
5 7792 5480 7860 10715
5 2510 2412 3635 10716
5 2100 2073 7084 10717
5 3565 2388 7256 10718
5 6927 5870 7191 10719
5 5512 3735 8503 10720
5 3822 3823 3824 10721
5 7331 5054 7517 10722
5 4647 4107 6852 10723
5 1702 1700 1746 10724
5 5153 4053 7142 10725
5 2570 2594 2595 10726
5 6726 7421 7574 10727
5 4033 4571 7110 10728
5 4752 5207 7691 10729
5 1850 1851 1891 10730
5 3224 3821 3822 10731
5 2464 2463 2465 10732
5 2970 4150 4151 10733
5 3972 3574 7205 10734
5 4307 6327 8273 10735
5 4695 4693 7129 10736
5 3575 5394 7205 10737
5 2144 2184 7321 10738
5 4469 4165 5216 10739
5 4917 7304 7305 10740
5 1956 1783 7105 10741
5 1727 1719 4723 10742
5 4865 4013 7060 10743
5 2061 7047 7148 10744
5 4970 4968 4972 10745
5 4595 5302 7116 10746
5 5841 4815 5842 10747
5 3636 3635 4164 10748
5 1785 3203 7105 10749
5 5260 4187 7183 10750
5 3637 5106 7230 10751
5 3882 2402 7303 10752
5 5364 4597 7116 10753
5 2445 7300 7521 10754
5 3492 2363 7127 10755
5 1841 1888 7333 10756
5 5356 4750 7691 10757
5 4599 5364 7121 10758
5 4770 5614 7114 10759
5 3519 3412 7135 10760
5 5101 7122 7381 10761
5 5337 4255 7410 10762
5 2702 2733 2734 10763
5 2674 2670 7145 10764
5 2978 2826 7136 10765
5 2000 2100 7102 10766
5 5437 4601 7121 10767
5 4917 7305 7568 10768
5 2848 3209 7136 10769
5 2595 2694 2702 10770
5 3410 3506 7135 10771
5 3843 2094 7148 10772
5 3479 3357 3811 10773
5 5742 4768 7114 10774
5 3595 2354 7211 10775
5 2405 2402 3882 10776
5 2409 2407 2410 10777
5 2049 2053 7208 10778
5 3265 1760 7336 10779
5 3849 3258 7352 10780
5 2553 2552 2554 10781
5 6770 2917 7384 10782
5 3305 3302 7134 10783
5 2567 2566 2569 10784
5 4603 5437 7126 10785
5 2736 2735 2749 10786
5 1944 1964 7097 10787
5 6146 6165 7323 10788
5 1583 1581 7224 10789
5 2755 2752 7201 10790
5 3864 1552 7122 10791
5 3300 3593 7134 10792
5 2637 2676 7155 10793
5 1589 1587 7231 10794
5 3414 3519 7140 10795
5 5846 4605 7126 10796
5 3993 3992 7297 10797
5 3219 1715 7268 10798
5 7981 5645 8447 10799
5 3550 2384 7070 10800
5 2529 1962 7102 10801
5 2567 2569 2570 10802
5 1312 320 7558 10803
5 5206 4892 7805 10804
5 1938 1996 3900 10805
5 2450 3324 7331 10806
5 4684 6083 7257 10807
5 1553 1614 7053 10808
5 6724 7348 7516 10809
5 4686 2656 7175 10810
5 1587 4658 7231 10811
5 6180 6056 7620 10812
5 3491 3404 7271 10813
5 7396 3267 7677 10814
5 3816 3979 7183 10815
5 4761 5447 7342 10816
5 3487 3964 3965 10817
5 5149 4454 5150 10818
5 4565 5698 8106 10819
5 5814 5826 7258 10820
5 3535 2419 7338 10821
5 3434 3432 7200 10822
5 3310 3308 7307 10823
5 3809 3245 7255 10824
5 6993 1668 7226 10825
5 4555 4556 4560 10826
5 2678 4650 7157 10827
5 7042 4636 7311 10828
5 7028 4865 7029 10829
5 2668 2665 7151 10830
5 1592 3974 7118 10831
5 4443 5312 7144 10832
5 5072 5071 7276 10833
5 2838 2837 2932 10834
5 2957 3017 7120 10835
5 3402 6979 7271 10836
5 3389 3384 7279 10837
5 2094 2060 7148 10838
5 3419 3416 7140 10839
5 1795 1856 7349 10840
5 3017 2960 7125 10841
5 3958 1502 7182 10842
5 5737 1365 7588 10843
5 5218 4159 7376 10844
5 4011 3529 4813 10845
5 2370 3511 7069 10846
5 2064 1998 7315 10847
5 2035 2037 7203 10848
5 5371 5373 7204 10849
5 2857 2859 7218 10850
5 5354 4696 7344 10851
5 4560 4561 4882 10852
5 1960 1804 7260 10853
5 3639 3638 4247 10854
5 2796 2795 2809 10855
5 2483 3291 3292 10856
5 2041 2043 7317 10857
5 6100 4357 7351 10858
5 4877 4875 7221 10859
5 2976 3462 7125 10860
5 4132 4443 5294 10861
5 1477 1475 7130 10862
5 1739 1733 1740 10863
5 2750 2749 2795 10864
5 1086 7174 7369 10865
5 7252 6190 8115 10866
5 3381 6985 7279 10867
5 6656 7331 7517 10868
5 1296 5657 8465 10869
5 5887 4446 6946 10870
5 5105 5107 7492 10871
5 1552 1549 7122 10872
5 2839 2764 7087 10873
5 5344 8033 8210 10874
5 2812 2811 2837 10875
5 3013 3014 3325 10876
5 5193 4344 5341 10877
5 2647 2684 7164 10878
5 1322 6928 7257 10879
5 6619 2035 7203 10880
5 3941 3289 7212 10881
5 1080 1086 7369 10882
5 4345 4011 4370 10883
5 5645 1314 8447 10884
5 3811 3880 4132 10885
5 3449 3447 7214 10886
5 3632 3347 7296 10887
5 3787 3586 7107 10888
5 4671 4669 7171 10889
5 3584 3787 7124 10890
5 6056 6058 7620 10891
5 4882 5135 5162 10892
5 1581 3563 7224 10893
5 4608 4610 7207 10894
5 4845 4189 7206 10895
5 3588 3605 7107 10896
5 3611 4698 7158 10897
5 1567 1592 7118 10898
5 2549 6962 7306 10899
5 2793 2792 2811 10900
5 3643 2493 7351 10901
5 2172 3843 7211 10902
5 3206 5051 7137 10903
5 4044 4095 4291 10904
5 5613 4843 6640 10905
5 2747 2733 7074 10906
5 4055 4499 7142 10907
5 3514 3310 7307 10908
5 2113 2115 7365 10909
5 4281 3582 7124 10910
5 1763 3206 7137 10911
5 5087 6920 7242 10912
5 5307 4207 7266 10913
5 5287 4712 7390 10914
5 2762 6627 7087 10915
5 4247 4259 4975 10916
5 5900 5899 8314 10917
5 2555 2554 2556 10918
5 5391 4742 7338 10919
5 2472 2475 2477 10920
5 4187 3816 7183 10921
5 8397 5359 8410 10922
5 7501 5080 7656 10923
5 4872 2646 7152 10924
5 1906 1904 7176 10925
5 4961 3969 7199 10926
5 6310 4021 7895 10927
5 5145 5144 7911 10928
5 3499 2418 5119 10929
5 6438 6437 7843 10930
5 3329 3325 3638 10931
5 1673 1949 7440 10932
5 1470 6975 7161 10933
5 7381 2067 7583 10934
5 1915 1761 7137 10935
5 4992 4376 7299 10936
5 4052 5154 7235 10937
5 4315 4314 7181 10938
5 7285 2975 7586 10939
5 8171 4828 8205 10940
5 6949 4573 7236 10941
5 3165 3167 7287 10942
5 5066 5064 7227 10943
5 6634 1927 8160 10944
5 3232 1688 7264 10945
5 5834 5830 7798 10946
5 2917 2815 7384 10947
5 4039 6927 7191 10948
5 7794 6031 7869 10949
5 3346 3081 7158 10950
5 1759 1915 7156 10951
5 4626 6529 7469 10952
5 3208 1757 7156 10953
5 2468 2469 2470 10954
5 5182 3493 7236 10955
5 4667 2007 7215 10956
5 2570 2569 2594 10957
5 5093 4141 7110 10958
5 2564 2566 2567 10959
5 3090 3611 7158 10960
5 2609 2723 7049 10961
5 1424 2495 7576 10962
5 3059 3118 7186 10963
5 4314 4824 7181 10964
5 3373 3371 7335 10965
5 3899 2360 7251 10966
5 5232 5965 7984 10967
5 2170 1426 7576 10968
5 256 257 7592 10969
5 3941 6199 8009 10970
5 5360 7194 8410 10971
5 1474 1471 7161 10972
5 2646 2643 7152 10973
5 7055 6596 7371 10974
5 5212 3990 7019 10975
5 2595 2594 2694 10976
5 1471 1470 7161 10977
5 6076 6077 7788 10978
5 2656 2653 7175 10979
5 3194 2659 7177 10980
5 2571 2565 7841 10981
5 2075 2139 7215 10982
5 5328 4742 5391 10983
5 1594 1589 7231 10984
5 5037 4441 7590 10985
5 1273 5943 8060 10986
5 6832 5081 7449 10987
5 4249 4037 7259 10988
5 5631 4538 7196 10989
5 3574 3575 7205 10990
5 6848 3057 7186 10991
5 3371 3464 7335 10992
5 5015 5284 8050 10993
5 4028 4885 7170 10994
5 4677 4387 7188 10995
5 5263 5264 8274 10996
5 4542 1741 6894 10997
5 7338 2419 7396 10998
5 4332 4334 7387 10999
5 3308 7022 7307 11000
5 5351 4749 7578 11001
5 2641 3210 7152 11002
5 2882 2843 7239 11003
5 3805 4855 7189 11004
5 6610 3193 7483 11005
5 3323 4186 4523 11006
5 1598 1505 7160 11007
5 2723 3870 7049 11008
5 2468 2470 3231 11009
5 2739 2784 3323 11010
5 1755 3208 7172 11011
5 2411 2410 2412 11012
5 2311 2319 7133 11013
5 2555 2586 7538 11014
5 6582 6619 7203 11015
5 4037 4036 7259 11016
5 1586 1583 7224 11017
5 2970 4152 7055 11018
5 2321 2322 7251 11019
5 2865 2867 7242 11020
5 2508 6986 7352 11021
5 3210 2639 7155 11022
5 4536 6855 7196 11023
5 7244 5040 7366 11024
5 7200 6054 7367 11025
5 1404 966 7413 11026
5 2748 2747 2792 11027
5 5943 1273 7644 11028
5 3869 3867 7235 11029
5 972 1324 7413 11030
5 3926 2636 7166 11031
5 3985 4011 4345 11032
5 2132 3213 7168 11033
5 8237 5304 8254 11034
5 2417 2415 2418 11035
5 7562 3819 7574 11036
5 2354 2172 7211 11037
5 7204 5507 8508 11038
5 4255 7296 7410 11039
5 2892 2970 7055 11040
5 4795 2628 7190 11041
5 2362 2130 7168 11042
5 1566 1563 7202 11043
5 3900 4239 4807 11044
5 2859 3016 7218 11045
5 2462 2460 2463 11046
5 2007 2075 7215 11047
5 3511 4182 7069 11048
5 4678 3192 7201 11049
5 3430 3428 7345 11050
5 3484 4028 7170 11051
5 1432 1430 7358 11052
5 2843 2838 7240 11053
5 5144 3916 7262 11054
5 2734 2733 2747 11055
5 4619 4617 7341 11056
5 4719 7065 7347 11057
5 2932 6972 7240 11058
5 2027 2029 7359 11059
5 2379 6918 7298 11060
5 2927 2551 7246 11061
5 2584 2596 3240 11062
5 3292 3359 3627 11063
5 4739 4738 7372 11064
5 2636 2633 7166 11065
5 3277 3201 7170 11066
5 1561 1559 7241 11067
5 4975 5379 5696 11068
5 1497 1495 7357 11069
5 3888 2370 7069 11070
5 3897 3899 7266 11071
5 5547 5337 8018 11072
5 1502 1499 7182 11073
5 1717 3237 7343 11074
5 6251 6256 7700 11075
5 2449 6079 7389 11076
5 5173 4794 5629 11077
5 7049 6641 7377 11078
5 3432 3435 7200 11079
5 4700 4703 7199 11080
5 1475 2531 7130 11081
5 3842 3840 7508 11082
5 2631 6974 7166 11083
5 3331 5244 7262 11084
5 2702 2694 2733 11085
5 5632 4640 7816 11086
5 2083 2087 2457 11087
5 2695 2735 2736 11088
5 4359 4357 6100 11089
5 3865 3869 7280 11090
5 2606 2852 7275 11091
5 2651 3215 7175 11092
5 3468 3932 7254 11093
5 6874 2857 7218 11094
5 1403 942 7437 11095
5 5116 7268 7445 11096
5 948 1279 7437 11097
5 4636 4682 7311 11098
5 3605 4709 7107 11099
5 1339 270 7399 11100
5 1811 1752 6857 11101
5 3239 3331 7262 11102
5 5105 7492 7629 11103
5 3968 4961 7209 11104
5 2107 3805 7189 11105
5 6615 3829 7572 11106
5 1941 1942 7217 11107
5 4231 3908 7368 11108
5 3215 2649 7164 11109
5 4520 4973 7382 11110
5 3218 2608 7275 11111
5 2251 2253 7470 11112
5 2080 2078 7189 11113
5 2371 7095 7316 11114
5 4359 6100 7730 11115
5 3428 3451 7345 11116
5 4591 5249 7379 11117
5 5492 5150 5493 11118
5 3906 4974 7368 11119
5 1900 1902 7225 11120
5 2966 2968 7501 11121
5 5302 4593 7379 11122
5 6986 5057 7352 11123
5 3908 3906 7368 11124
5 2873 2875 7348 11125
5 6782 6755 7578 11126
5 2628 2625 7190 11127
5 1617 1622 7412 11128
5 5733 4619 7341 11129
5 3192 2755 7201 11130
5 4477 4476 7419 11131
5 5217 5440 5661 11132
5 2020 2515 7540 11133
5 5211 4170 7269 11134
5 2896 2894 7371 11135
5 3354 3242 7248 11136
5 6054 6051 7715 11137
5 4061 3848 7593 11138
5 2623 3214 7190 11139
5 1942 7097 7217 11140
5 2551 2553 7246 11141
5 5115 3972 7205 11142
5 2413 2412 2510 11143
5 5605 4877 7221 11144
5 3500 2992 3501 11145
5 2984 3762 7525 11146
5 5756 5757 8389 11147
5 7104 3373 7335 11148
5 5675 5534 7375 11149
5 2358 5052 7321 11150
5 3460 3449 7214 11151
5 1279 954 7458 11152
5 2991 2880 2992 11153
5 960 1404 7458 11154
5 4617 6870 7341 11155
5 2511 1484 7380 11156
5 3891 5054 7331 11157
5 3435 3430 7345 11158
5 2531 4685 7130 11159
5 3447 3450 7214 11160
5 4741 3856 6207 11161
5 4170 4169 7269 11162
5 5956 5953 7565 11163
5 1815 1813 2372 11164
5 4273 5208 5209 11165
5 4875 6865 7221 11166
5 3268 8324 8379 11167
5 2710 2708 7398 11168
5 2184 2358 7321 11169
5 7074 5009 7504 11170
5 5150 4454 7312 11171
5 5618 4965 7921 11172
5 4717 3856 4741 11173
5 2053 3801 7208 11174
5 4550 4552 7281 11175
5 2810 2809 2922 11176
5 4166 4165 4469 11177
5 2462 2464 3257 11178
5 1892 1916 7223 11179
5 2367 3468 7254 11180
5 4593 4591 7379 11181
5 2098 6983 7317 11182
5 2975 6457 7751 11183
5 1557 1555 7270 11184
5 1891 1892 7223 11185
5 3437 3434 7367 11186
5 4802 5044 7736 11187
5 5373 5507 7204 11188
5 7118 5096 7388 11189
5 1575 1573 7361 11190
5 3867 4052 7235 11191
5 6474 6713 7350 11192
5 4469 5216 5217 11193
5 7193 7192 7361 11194
5 3544 2357 7517 11195
5 6880 5139 7425 11196
5 3580 4281 7319 11197
5 2457 2458 2459 11198
5 2879 2810 2880 11199
5 6724 6948 7348 11200
5 6429 4626 7469 11201
5 2867 3009 7242 11202
5 4725 4724 7383 11203
5 3820 3500 3856 11204
5 2613 2611 7377 11205
5 4555 4820 7281 11206
5 3193 7157 7483 11207
5 4566 4520 7382 11208
5 1547 1545 7381 11209
5 3636 4164 4165 11210
5 2023 2025 7282 11211
5 2510 3635 3636 11212
5 5818 5821 7416 11213
5 7449 5081 7548 11214
5 6795 3727 7354 11215
5 2319 3888 7133 11216
5 1392 6906 8352 11217
5 5254 5307 8463 11218
5 3567 1941 7217 11219
5 4373 3858 7718 11220
5 5826 5816 7416 11221
5 4719 7347 7519 11222
5 6934 3887 7433 11223
5 1938 1910 1996 11224
5 2277 2093 7540 11225
5 3629 4172 4173 11226
5 3323 4185 4186 11227
5 5286 6454 8195 11228
5 3493 6949 7236 11229
5 966 972 7413 11230
5 5111 3567 7217 11231
5 3531 3530 7584 11232
5 3324 3891 7331 11233
5 3337 1891 7223 11234
5 1545 2067 7381 11235
5 3828 7544 7563 11236
5 4528 3993 7297 11237
5 5540 2522 8096 11238
5 6920 2865 7242 11239
5 2750 2795 2796 11240
5 2736 2749 2750 11241
5 2792 2794 7429 11242
5 4673 4913 7340 11243
5 3237 3220 7250 11244
5 2238 2236 7403 11245
5 7187 2962 7430 11246
5 3440 3437 7367 11247
5 1495 1935 7357 11248
5 5467 4568 7424 11249
5 5244 4608 7207 11250
5 6252 6249 7700 11251
5 1559 2070 7241 11252
5 3222 3295 7250 11253
5 2037 2125 7203 11254
5 3406 3491 7431 11255
5 3506 3408 7431 11256
5 4610 4926 7207 11257
5 3258 2508 7352 11258
5 3845 3844 3846 11259
5 3909 4303 4305 11260
5 2778 3739 7710 11261
5 2796 2809 2810 11262
5 5379 4259 7646 11263
5 1967 1939 6880 11264
5 3087 3568 3604 11265
5 6090 6040 8014 11266
5 3267 2418 3499 11267
5 2043 2098 7317 11268
5 4173 4174 4839 11269
5 6928 1403 7290 11270
5 3900 1996 4239 11271
5 5294 4443 7144 11272
5 492 1354 7566 11273
5 4991 1900 7225 11274
5 8149 5634 8335 11275
5 3594 3499 4793 11276
5 4083 2774 7479 11277
5 2479 2097 6686 11278
5 2459 2460 2461 11279
5 3220 3222 7250 11280
5 2557 2556 7263 11281
5 1604 1477 7130 11282
5 1902 1905 7225 11283
5 3877 6157 8302 11284
5 2815 2820 7384 11285
5 7325 4991 7326 11286
5 3466 2992 3500 11287
5 4047 6988 7406 11288
5 5342 4344 7324 11289
5 4471 6366 7707 11290
5 7192 1575 7361 11291
5 7376 4159 7491 11292
5 7012 2367 7254 11293
5 2875 3085 7348 11294
5 3781 4740 7486 11295
5 6495 6776 7374 11296
5 3102 3101 3523 11297
5 4958 4088 4960 11298
5 4150 2891 7239 11299
5 3652 3655 7391 11300
5 2466 2467 2468 11301
5 5638 1350 8291 11302
5 7689 206 7885 11303
5 5064 6793 7227 11304
5 2419 2417 7396 11305
5 4762 7011 7548 11306
5 7246 2553 7538 11307
5 2560 3177 7812 11308
5 5572 5066 7227 11309
5 5079 4665 7521 11310
5 6500 4847 7534 11311
5 1960 7260 8285 11312
5 4631 5729 7370 11313
5 6948 2873 7348 11314
5 3172 3174 7288 11315
5 4712 7167 7390 11316
5 3849 7352 7480 11317
5 2070 1557 7270 11318
5 3497 4240 7397 11319
5 5315 5317 7316 11320
5 6583 7648 7747 11321
5 7296 5048 7410 11322
5 2838 2932 7240 11323
5 3604 4843 5466 11324
5 4072 3512 7301 11325
5 5040 7005 7366 11326
5 7628 6998 7698 11327
5 7182 1497 7357 11328
5 6834 5716 7362 11329
5 2360 2321 7251 11330
5 4774 5528 7450 11331
5 5614 4772 7450 11332
5 4632 3835 7532 11333
5 3549 3548 4125 11334
5 5249 4589 7461 11335
5 6709 6708 7666 11336
5 2464 2465 2466 11337
5 3524 3523 7274 11338
5 5863 5618 8506 11339
5 5762 1305 7795 11340
5 3251 4080 7498 11341
5 3312 3514 7459 11342
5 1720 1728 7546 11343
5 3123 3122 3548 11344
5 1940 1571 7388 11345
5 942 948 7437 11346
5 4713 3337 7223 11347
5 7372 4359 7730 11348
5 1573 1940 7361 11349
5 3015 4946 8056 11350
5 4893 4890 7890 11351
5 7202 1561 7241 11352
5 5530 4994 7882 11353
5 3244 8519 8521 11354
5 4840 5306 5610 11355
5 2899 2896 7371 11356
5 7122 1547 7381 11357
5 1614 3865 7280 11358
5 7393 4836 7455 11359
5 4968 4966 7273 11360
5 4652 6582 7426 11361
5 4548 4550 7306 11362
5 7095 5315 7316 11363
5 5172 5011 7642 11364
5 3744 3360 7288 11365
5 4449 5591 7400 11366
5 2616 2613 7377 11367
5 2417 3267 7396 11368
5 3087 3358 3568 11369
5 4535 4537 7434 11370
5 4389 4677 7441 11371
5 7086 4676 7421 11372
5 5899 8278 8314 11373
5 7110 4571 7582 11374
5 4651 6657 7409 11375
5 4272 5754 7532 11376
5 4744 4391 7441 11377
5 2115 2266 7365 11378
5 2123 2084 6389 11379
5 4036 4648 7259 11380
5 4127 4126 5344 11381
5 3916 3239 7262 11382
5 4967 5763 7921 11383
5 6300 6301 7975 11384
5 2483 2481 3291 11385
5 3159 3160 7301 11386
5 4585 5143 7481 11387
5 3887 7159 7433 11388
5 4577 5467 7482 11389
5 5395 4579 7482 11390
5 4523 4186 5300 11391
5 7233 5120 7495 11392
5 6937 5077 7571 11393
5 5276 4006 7295 11394
5 4169 5145 7269 11395
5 6796 4762 7649 11396
5 2840 2964 2965 11397
5 1716 1717 7343 11398
5 4951 6018 7955 11399
5 4122 7467 7602 11400
5 4122 3182 7467 11401
5 3742 3744 7295 11402
5 4207 3897 7266 11403
5 2891 2882 7239 11404
5 4706 5631 7448 11405
5 5028 7454 8544 11406
5 3880 3357 7248 11407
5 7519 7347 7570 11408
5 2822 2978 7476 11409
5 5166 5167 7394 11410
5 8236 6002 8267 11411
5 5816 5818 7416 11412
5 1571 1569 7388 11413
5 5110 5510 7735 11414
5 5344 4126 5345 11415
5 5529 4708 7448 11416
5 5109 5110 7667 11417
5 5987 5986 7524 11418
5 7167 5299 7390 11419
5 6638 1993 8022 11420
5 4807 4239 5200 11421
5 3655 4074 7391 11422
5 5821 5820 7494 11423
5 2543 2546 7327 11424
5 1342 232 6410 11425
5 3277 6391 7606 11426
5 3434 7200 7367 11427
5 3762 5518 7525 11428
5 7824 5295 7958 11429
5 6658 4866 7788 11430
5 1315 239 6219 11431
5 2894 7055 7371 11432
5 1555 7053 7270 11433
5 2029 3224 7359 11434
5 3818 3119 7324 11435
5 2252 2250 7443 11436
5 6434 6433 7836 11437
5 4581 5395 7493 11438
5 1719 1716 7343 11439
5 2611 7049 7377 11440
5 2962 2951 7430 11441
5 7057 2549 7713 11442
5 954 960 7458 11443
5 2602 2599 7417 11444
5 5143 4583 7493 11445
5 2593 3863 7417 11446
5 4568 4566 7424 11447
5 4258 3861 7302 11448
5 4397 4809 7464 11449
5 306 307 7645 11450
5 7257 6928 7290 11451
5 3528 3526 7267 11452
5 3357 3354 7248 11453
5 7053 1614 7280 11454
5 1343 6209 7883 11455
5 2599 2593 7417 11456
5 5264 4399 7464 11457
5 6440 6442 7924 11458
5 2535 2802 7346 11459
5 2083 2004 2087 11460
5 6705 6706 7666 11461
5 4824 5578 7395 11462
5 3325 3326 7353 11463
5 3138 3136 7411 11464
5 2802 2537 7314 11465
5 3101 3011 7465 11466
5 5067 7187 7430 11467
5 2608 2606 7275 11468
5 2171 2027 7359 11469
5 3360 3172 7288 11470
5 1847 1845 7451 11471
5 3629 3359 4171 11472
5 226 227 7658 11473
5 3464 3369 7497 11474
5 6981 7037 7449 11475
5 4131 3225 7402 11476
5 5124 5301 7385 11477
5 4006 3742 7295 11478
5 4259 3638 7353 11479
5 2999 3121 7386 11480
5 6977 2023 7282 11481
5 3408 3406 7431 11482
5 2556 2559 7263 11483
5 2462 2463 2464 11484
5 6884 5385 7659 11485
5 6643 1966 7837 11486
5 2539 3855 7314 11487
5 3947 5592 7320 11488
5 5907 5905 7488 11489
5 4989 6270 8076 11490
5 2818 2830 7446 11491
5 4985 4007 7640 11492
5 5127 7248 7503 11493
5 2465 2463 7759 11494
5 4172 4171 5281 11495
5 5306 5305 5582 11496
5 1569 7118 7388 11497
5 6454 2474 8066 11498
5 5048 5152 7410 11499
5 6082 4874 7906 11500
5 2374 3492 7496 11501
5 5114 5115 7749 11502
5 3526 3925 7267 11503
5 3825 3824 7320 11504
5 2559 4728 7263 11505
5 3876 4829 5279 11506
5 4161 3627 7233 11507
5 4393 4744 7487 11508
5 3754 4979 7466 11509
5 4552 4555 7281 11510
5 3855 2541 7327 11511
5 4204 3756 7466 11512
5 1504 7485 7530 11513
5 6523 1672 8584 11514
5 3512 3159 7301 11515
5 4809 4395 7487 11516
5 3731 2019 7764 11517
5 6781 4853 7664 11518
5 2025 2171 7282 11519
5 2965 3086 3087 11520
5 1898 4991 7325 11521
5 3168 2660 7460 11522
5 5200 5655 7858 11523
5 1370 237 6316 11524
5 1925 1673 7440 11525
5 1536 5721 8328 11526
5 2415 2413 7328 11527
5 6958 1353 7310 11528
5 7181 4824 7395 11529
5 4840 4174 5305 11530
5 6725 6879 7421 11531
5 2888 5710 8241 11532
5 2728 2739 7360 11533
5 4391 4389 7441 11534
5 7839 1515 8093 11535
5 1896 1898 7325 11536
5 4404 5503 7756 11537
5 2407 2405 7427 11538
5 4044 4291 4823 11539
5 3861 4713 7302 11540
5 7157 4650 7483 11541
5 162 6702 7859 11542
5 2537 2539 7314 11543
5 5017 7804 7922 11544
5 4365 4643 5457 11545
5 6879 7086 7421 11546
5 3326 3328 7439 11547
5 6839 4909 7600 11548
5 4659 7224 7456 11549
5 6988 4632 7406 11550
5 5078 5079 7420 11551
5 1328 235 6351 11552
5 2541 2543 7327 11553
5 7352 5057 7480 11554
5 5383 5468 7819 11555
5 7014 3533 7674 11556
5 6077 4947 7913 11557
5 4622 5573 7447 11558
5 7681 6017 7944 11559
5 5749 4319 7404 11560
5 7224 3563 7456 11561
5 4685 2533 7346 11562
5 4772 4774 7450 11563
5 3180 6995 7467 11564
5 7239 2843 7240 11565
5 8310 5900 8314 11566
5 3808 3809 4814 11567
5 5216 8306 8438 11568
5 2751 6453 7529 11569
5 4680 4678 7529 11570
5 4723 1719 7343 11571
5 6581 4507 7978 11572
5 7386 4142 7492 11573
5 6962 4548 7306 11574
5 5181 5774 8290 11575
5 3568 3909 7444 11576
5 5341 5342 7435 11577
5 6149 6147 7813 11578
5 3548 3122 6491 11579
5 4589 4587 7461 11580
5 5227 3926 7579 11581
5 7401 5396 8505 11582
5 1457 1459 7472 11583
5 3123 3548 3549 11584
5 4687 5067 7586 11585
5 2244 2242 7475 11586
5 3130 6465 7917 11587
5 4708 4706 7448 11588
5 4217 4995 4996 11589
5 5101 7381 7583 11590
5 2996 3122 3123 11591
5 5385 5386 7775 11592
5 4848 6517 7886 11593
5 7300 5079 7521 11594
5 6689 6688 7652 11595
5 6442 6441 7953 11596
5 6067 6068 7913 11597
5 2248 2246 7478 11598
5 7201 2751 7529 11599
5 6681 6585 8160 11600
5 6431 6432 7836 11601
5 3167 4289 7287 11602
5 7254 4756 7489 11603
5 3604 3568 4843 11604
5 3549 4125 4126 11605
5 2736 4747 7364 11606
5 323 324 7463 11607
5 3838 5129 7591 11608
5 6050 6545 7471 11609
5 5214 6934 7433 11610
5 7050 2410 7427 11611
5 3556 3528 7267 11612
5 1356 7604 8086 11613
5 3174 3170 7518 11614
5 5590 4998 7924 11615
5 3292 3291 3359 11616
5 3189 3226 7662 11617
5 4119 6548 7484 11618
5 5713 3141 8288 11619
5 5028 4513 7454 11620
5 5230 4914 7848 11621
5 3830 3781 7486 11622
5 3367 3312 7459 11623
5 4566 7382 7424 11624
5 4823 4291 5633 11625
5 5466 4843 5613 11626
5 5607 5608 7817 11627
5 4778 5449 7555 11628
5 2092 2161 7764 11629
5 5528 4776 7555 11630
5 7421 4676 7574 11631
5 5136 5137 8266 11632
5 4399 4397 7464 11633
5 2533 2535 7346 11634
5 3207 5938 8468 11635
5 2302 2444 7789 11636
5 5916 5917 7505 11637
5 4812 7562 7574 11638
5 6188 4468 7865 11639
5 4248 3750 7584 11640
5 5601 3118 8550 11641
5 4836 4835 7455 11642
5 2796 2879 7378 11643
5 2207 2324 7554 11644
5 1304 6774 8268 11645
5 2457 2087 2458 11646
5 4740 5111 7453 11647
5 3205 2205 7554 11648
5 3123 6636 7428 11649
5 4344 3818 7324 11650
5 1504 1506 7485 11651
5 3992 2376 7496 11652
5 4814 4815 5841 11653
5 3756 3754 7466 11654
5 2513 7021 8142 11655
5 5802 5805 7615 11656
5 486 492 7566 11657
5 5938 5936 7936 11658
5 3608 4088 4403 11659
5 4728 2561 7355 11660
5 3007 3245 3808 11661
5 6203 6201 7509 11662
5 2617 2616 7599 11663
5 6372 1729 7872 11664
5 7037 6832 7449 11665
5 1916 1896 7325 11666
5 5941 3486 7528 11667
5 4140 6396 7919 11668
5 6933 5681 7830 11669
5 7079 4322 7533 11670
5 4228 7366 7502 11671
5 5085 5084 7438 11672
5 3782 4474 7896 11673
5 1727 4723 7356 11674
5 5089 5088 7462 11675
5 7592 1337 8168 11676
5 2596 2695 7364 11677
5 4474 5694 7961 11678
5 3824 3947 7320 11679
5 2459 2458 2460 11680
5 6436 6435 7843 11681
5 2461 2460 2462 11682
5 2811 2792 7429 11683
5 4997 5590 7899 11684
5 6303 6302 7975 11685
5 6291 5722 8284 11686
5 1778 1776 7500 11687
5 4336 4339 7477 11688
5 5096 5566 7746 11689
5 1733 1727 7356 11690
5 4587 4585 7481 11691
5 7317 6984 7560 11692
5 4885 4887 7436 11693
5 1623 1457 7472 11694
5 5785 7833 7874 11695
5 6617 7426 7823 11696
5 5358 5357 7651 11697
5 402 1355 7621 11698
5 4579 4577 7482 11699
5 6485 6108 7967 11700
5 4751 5529 7556 11701
5 1801 1799 7499 11702
5 3451 3426 7569 11703
5 1740 1733 7356 11704
5 1708 1706 7445 11705
5 3424 3541 7569 11706
5 498 504 7692 11707
5 3011 3010 7465 11708
5 2310 2298 7800 11709
5 5441 4753 7556 11710
5 1294 7506 7879 11711
5 165 166 7705 11712
5 2413 2510 7328 11713
5 5505 5372 7515 11714
5 4641 4903 4904 11715
5 2470 2472 7322 11716
5 6736 2728 7360 11717
5 7595 4471 7707 11718
5 6462 2807 7418 11719
5 3627 3359 3629 11720
5 3119 6943 7324 11721
5 7741 2126 7905 11722
5 2820 2822 7476 11723
5 7384 2820 7476 11724
5 4928 4927 7474 11725
5 4747 2750 7378 11726
5 2684 5579 7564 11727
5 4650 5388 7483 11728
5 4500 6570 8051 11729
5 6789 6788 7699 11730
5 4374 7767 7877 11731
5 4550 7281 7306 11732
5 3188 7054 7402 11733
5 1603 1487 7520 11734
5 2561 2564 7355 11735
5 2774 3650 7479 11736
5 3767 4204 7552 11737
5 4111 6981 7449 11738
5 5544 7259 7506 11739
5 2564 2567 7355 11740
5 4738 6532 7372 11741
5 4606 5845 7473 11742
5 4822 3769 7552 11743
5 2057 2080 7553 11744
5 5359 5360 8410 11745
5 4113 8216 8219 11746
5 7268 1708 7445 11747
5 3801 2055 7553 11748
5 5165 5303 7617 11749
5 6195 6194 7899 11750
5 4395 4393 7487 11751
5 5252 4161 7495 11752
5 5541 7139 7392 11753
5 7392 4836 7393 11754
5 7353 3326 7439 11755
5 205 206 7689 11756
5 3523 3985 7274 11757
5 3566 3388 7597 11758
5 1273 636 7644 11759
5 3844 3622 4138 11760
5 3328 4044 7439 11761
5 3386 3389 7597 11762
5 1322 7257 7490 11763
5 4111 7449 7548 11764
5 4835 3775 7557 11765
5 6963 1617 7412 11766
5 1646 1641 7684 11767
5 5759 1378 8360 11768
5 4248 7584 7773 11769
5 4403 4958 4959 11770
5 2253 3244 7470 11771
5 6339 6341 7796 11772
5 5763 2477 7802 11773
5 2410 2407 7427 11774
5 1771 1773 7647 11775
5 4173 4172 4174 11776
5 2466 5840 7719 11777
5 3563 5749 7456 11778
5 4856 7211 7570 11779
5 258 259 7742 11780
5 3836 6954 7875 11781
5 5308 6192 8442 11782
5 2428 4069 7503 11783
5 3392 5994 8495 11784
5 8100 6367 8136 11785
5 4583 4581 7493 11786
5 5602 5603 7621 11787
5 5304 5276 8254 11788
5 5820 5823 7494 11789
5 5107 5947 7492 11790
5 4564 7103 7401 11791
5 3314 3109 7457 11792
5 4921 4920 7535 11793
5 4857 5733 7585 11794
5 4159 4825 7491 11795
5 5067 7285 7586 11796
5 6671 5052 7648 11797
5 6103 6105 7522 11798
5 4717 4741 7504 11799
5 4972 4968 7273 11800
5 1706 4075 7445 11801
5 3649 3138 7411 11802
5 4782 5130 7603 11803
5 5449 4780 7603 11804
5 4462 5131 7660 11805
5 6995 6668 7467 11806
5 3182 3180 7467 11807
5 3709 3710 7865 11808
5 6876 4113 8219 11809
5 2900 2899 7624 11810
5 4867 6731 7510 11811
5 2405 3882 7427 11812
5 6742 5068 8490 11813
5 3619 6367 8100 11814
5 5935 5202 8330 11815
5 3225 3188 7402 11816
5 6896 5287 8035 11817
5 5943 5063 8060 11818
5 7004 6369 8229 11819
5 7467 6668 7602 11820
5 7490 4800 7638 11821
5 3629 4173 7233 11822
5 5370 5368 7531 11823
5 7218 3016 7571 11824
5 3231 2470 7322 11825
5 3925 3524 7274 11826
5 7504 4741 7634 11827
5 2513 8142 8240 11828
5 4684 7257 7290 11829
5 6796 7649 7688 11830
5 5780 5779 8231 11831
5 6612 6707 8259 11832
5 642 1394 7644 11833
5 7054 6860 7402 11834
5 2376 2374 7496 11835
5 3369 3367 7497 11836
5 5119 2418 7328 11837
5 3808 4814 5080 11838
5 2125 2039 7560 11839
5 8141 2478 8563 11840
5 1278 6077 7867 11841
5 3530 3251 7498 11842
5 3079 3074 7527 11843
5 5594 5593 8148 11844
5 3819 6726 7574 11845
5 1170 1176 7729 11846
5 3629 4171 4172 11847
5 3893 4831 7655 11848
5 3608 3558 4088 11849
5 4833 6864 7513 11850
5 4805 5584 7702 11851
5 3638 3325 7353 11852
5 1639 2517 7684 11853
5 4839 4174 4840 11854
5 2424 3565 7539 11855
5 7427 3882 7673 11856
5 3592 3349 7918 11857
5 4092 7350 7507 11858
5 5610 5306 5611 11859
5 5947 7386 7492 11860
5 7637 7442 8222 11861
5 6156 6158 7542 11862
5 5145 7911 7967 11863
5 2472 2477 7322 11864
5 5425 6397 8300 11865
5 2839 7087 7518 11866
5 4069 2426 7539 11867
5 5704 1915 8111 11868
5 3242 2428 7503 11869
5 7259 4648 7506 11870
5 6596 4697 7523 11871
5 4991 7225 7572 11872
5 5550 6072 8082 11873
5 1924 1692 7545 11874
5 5164 4849 7616 11875
5 5790 5796 7604 11876
5 4205 5007 7688 11877
5 2474 6501 7963 11878
5 1724 2162 7872 11879
5 2418 2415 7328 11880
5 5009 4717 7504 11881
5 3215 7164 7438 11882
5 3771 4822 7594 11883
5 600 1408 7683 11884
5 6068 5021 8002 11885
5 7178 6809 8000 11886
5 6877 5054 7650 11887
5 2919 2984 7525 11888
5 4075 1704 7541 11889
5 1690 3232 7545 11890
5 7461 4587 7481 11891
5 4215 4216 7725 11892
5 5130 4784 7630 11893
5 1501 1504 7530 11894
5 5057 7147 7480 11895
5 1428 2170 7745 11896
5 7148 7047 7519 11897
5 7139 4836 7392 11898
5 3523 3529 3985 11899
5 7558 6723 7687 11900
5 3523 3101 3529 11901
5 8247 3043 8281 11902
5 5843 5720 7766 11903
5 5366 4923 7550 11904
5 6971 7045 7484 11905
5 3199 3277 7606 11906
5 4840 5305 5306 11907
5 6457 3130 7840 11908
5 2739 3323 7360 11909
5 5286 8195 8269 11910
5 6280 6643 7837 11911
5 4790 5231 7641 11912
5 3323 4523 7360 11913
5 7340 4913 7561 11914
5 3924 3833 7672 11915
5 4890 4889 7898 11916
5 1285 594 7683 11917
5 4876 5527 7906 11918
5 1702 1746 7541 11919
5 4125 4734 7363 11920
5 7455 4835 8417 11921
5 6926 1322 7490 11922
5 7818 5250 8402 11923
5 2922 2996 7428 11924
5 5994 3268 8379 11925
5 7537 5157 7599 11926
5 5079 7323 7420 11927
5 3086 2964 7656 11928
5 1402 6658 7711 11929
5 7242 3009 7591 11930
5 3480 5913 7873 11931
5 5197 6775 7909 11932
5 4959 4958 5470 11933
5 6706 4675 7771 11934
5 4468 3995 7865 11935
5 3240 2596 7364 11936
5 7111 7012 7489 11937
5 7248 3242 7503 11938
5 4699 6724 7516 11939
5 5406 6559 8323 11940
5 6757 5292 8218 11941
5 2695 2736 7364 11942
5 8368 5210 8551 11943
5 5077 7218 7571 11944
5 1595 1600 7754 11945
5 4916 4917 7568 11946
5 3845 3846 7593 11947
5 7005 5223 7502 11948
5 3985 3529 4011 11949
5 5224 4245 7728 11950
5 3367 7459 7497 11951
5 4745 6464 7547 11952
5 2041 7317 7560 11953
5 6640 4843 7444 11954
5 7012 7254 7489 11955
5 3840 6639 7508 11956
5 7961 5694 7997 11957
5 2093 2020 7540 11958
5 2111 3828 7563 11959
5 6557 5325 8220 11960
5 2925 2887 7337 11961
5 5781 7133 8231 11962
5 6459 3456 7408 11963
5 1746 1700 7573 11964
5 3391 1696 7575 11965
5 6641 4710 7537 11966
5 3622 3314 7457 11967
5 4831 5055 7731 11968
5 3390 8422 8423 11969
5 2794 7074 7504 11970
5 8032 5350 8261 11971
5 7225 6615 7572 11972
5 3387 7293 8162 11973
5 3835 4272 7532 11974
5 5634 6573 8335 11975
5 7251 2322 7606 11976
5 3499 5119 7414 11977
5 3852 4203 7549 11978
5 1698 3391 7573 11979
5 6268 6267 8202 11980
5 7294 7769 7903 11981
5 6947 7111 7489 11982
5 5565 1337 8311 11983
5 6028 6031 7794 11984
5 7299 4614 7511 11985
5 2750 2796 7378 11986
5 7255 4641 7671 11987
5 4678 7201 7529 11988
5 7366 7005 7502 11989
5 7087 6628 7518 11990
5 3843 7148 7519 11991
5 1293 6599 7567 11992
5 2004 1967 7425 11993
5 8121 5104 8249 11994
5 6484 1295 8323 11995
5 255 256 7793 11996
5 5397 6471 8454 11997
5 1487 1485 7520 11998
5 7045 7112 7484 11999
5 5797 7615 8532 12000
5 4403 4088 4958 12001
5 7398 3157 7903 12002
5 2357 6656 7517 12003
5 182 183 7752 12004
5 2426 2424 7539 12005
5 3909 4305 7444 12006
5 7770 3546 8114 12007
5 4643 4644 7686 12008
5 1694 1924 7575 12009
5 3659 4880 7631 12010
5 6568 5101 7583 12011
5 5054 4227 7650 12012
5 4182 5392 7923 12013
5 4247 4975 7536 12014
5 1292 331 7744 12015
5 5785 1654 7833 12016
5 4960 4088 7512 12017
5 4074 3657 7631 12018
5 7316 7995 8376 12019
5 3848 3845 7593 12020
5 4861 7547 7653 12021
5 6297 7079 7533 12022
5 4648 5204 7506 12023
5 3529 3101 7465 12024
5 2203 3205 7669 12025
5 7046 4838 7757 12026
5 5923 1957 8263 12027
5 2349 2201 7669 12028
5 5396 5397 8505 12029
5 4733 6491 7468 12030
5 2586 2588 7900 12031
5 5052 3545 7648 12032
5 3113 5910 8319 12033
5 4142 6630 7629 12034
5 5881 2430 8198 12035
5 4322 6944 7533 12036
5 3627 3629 7233 12037
5 7816 4640 7887 12038
5 5039 5560 7507 12039
5 3085 2877 7633 12040
5 320 321 7558 12041
5 2205 2207 7554 12042
5 3743 4140 7919 12043
5 2055 2057 7553 12044
5 4843 3568 7444 12045
5 1774 1772 7577 12046
5 4665 4999 7521 12047
5 3608 4403 7452 12048
5 4776 4778 7555 12049
5 3636 4166 7623 12050
5 3456 3876 7408 12051
5 7112 4119 7484 12052
5 3769 3767 7552 12053
5 1692 1690 7545 12054
5 6364 2010 7612 12055
5 6937 7571 7655 12056
5 4709 5073 7709 12057
5 5087 7242 7591 12058
5 4016 5956 8123 12059
5 3775 3773 7557 12060
5 7751 6457 7840 12061
5 4289 5289 7287 12062
5 5844 4812 7987 12063
5 1296 202 7701 12064
5 6991 4512 7678 12065
5 1805 1803 7580 12066
5 5664 1293 8312 12067
5 2887 5855 7337 12068
5 1278 906 7711 12069
5 3170 2839 7518 12070
5 912 1402 7711 12071
5 2067 1543 7675 12072
5 4753 4751 7556 12073
5 4658 5003 7680 12074
5 6075 5241 8472 12075
5 6377 4197 8030 12076
5 5345 4126 7363 12077
5 6207 3856 7442 12078
5 7523 6632 7624 12079
5 5623 5625 7786 12080
5 2807 2840 7418 12081
5 7688 5007 7728 12082
5 6947 7489 7674 12083
5 6471 6312 8454 12084
5 2039 2041 7560 12085
5 8256 1659 8367 12086
5 5082 6646 7740 12087
5 2481 2479 7551 12088
5 5906 5904 7618 12089
5 7047 4719 7519 12090
5 5620 5623 7786 12091
5 5681 5679 7830 12092
5 1426 1424 7576 12093
5 5250 7818 8511 12094
5 5245 7178 8000 12095
5 6192 4331 8442 12096
5 3010 2925 7337 12097
5 1704 1702 7541 12098
5 5936 4656 7936 12099
5 4813 3529 7465 12100
5 1338 5662 8365 12101
5 6065 8459 8566 12102
5 4932 4247 7536 12103
5 4749 6782 7578 12104
5 5161 7797 7856 12105
5 6276 7046 7757 12106
5 7257 6083 7490 12107
5 6556 6003 8305 12108
5 3934 4315 7706 12109
5 396 402 7621 12110
5 5026 5062 8058 12111
5 8207 6864 8264 12112
5 444 1314 7768 12113
5 2454 1593 7772 12114
5 7470 3244 8521 12115
5 3793 4217 7468 12116
5 4044 4823 7439 12117
5 3426 3424 7569 12118
5 4339 4365 7477 12119
5 4166 4470 7738 12120
5 6491 3793 7468 12121
5 2187 2188 7787 12122
5 1918 1906 7685 12123
5 2553 2555 7538 12124
5 4126 4125 7363 12125
5 3336 3284 7704 12126
5 5072 7276 7985 12127
5 6498 3780 7937 12128
5 3254 3550 7695 12129
5 7011 4111 7548 12130
5 5492 5512 7835 12131
5 6465 3005 7994 12132
5 7132 1738 7762 12133
5 6972 5156 7694 12134
5 2491 5950 7587 12135
5 3732 5958 8156 12136
5 7492 4142 7629 12137
5 7213 3291 7551 12138
5 3500 3501 7442 12139
5 3626 6846 7765 12140
5 7328 2510 7623 12141
5 5766 4444 7637 12142
5 4793 3499 7414 12143
5 5706 6565 8568 12144
5 6846 6278 7837 12145
5 5584 5585 8517 12146
5 6783 1414 7799 12147
5 1654 1452 7833 12148
5 6084 6085 7610 12149
5 8098 5148 8258 12150
5 2117 2126 7741 12151
5 257 1337 7592 12152
5 5139 5243 7791 12153
5 4929 3819 7562 12154
5 4131 7402 7657 12155
5 1539 1596 7703 12156
5 3843 7519 7570 12157
5 3593 3288 7717 12158
5 1398 438 7768 12159
5 7293 5248 8162 12160
5 4913 5894 7561 12161
5 5842 6228 7959 12162
5 7489 4756 7674 12163
5 7050 7427 7673 12164
5 4898 3361 7919 12165
5 3750 3531 7584 12166
5 4421 5032 7763 12167
5 3286 3336 7717 12168
5 4971 5838 7596 12169
5 5180 6313 8107 12170
5 7589 5084 7635 12171
5 3924 7672 7733 12172
5 5065 5564 8060 12173
5 1398 6408 8528 12174
5 2066 5926 7958 12175
5 3863 2591 7693 12176
5 4762 7548 7649 12177
5 5664 5663 8294 12178
5 4676 4812 7574 12179
5 7166 6974 7579 12180
5 7748 3604 7866 12181
5 246 247 8149 12182
5 4370 4011 7668 12183
5 7591 5129 7672 12184
5 2006 7358 7771 12185
5 259 260 7879 12186
5 5654 4857 7585 12187
5 6548 4907 7727 12188
5 7917 6465 7994 12189
5 5958 1712 8243 12190
5 1787 1756 7605 12191
5 6037 3812 7824 12192
5 2616 7537 7599 12193
5 7692 504 8110 12194
5 1700 1698 7573 12195
5 5102 6996 7758 12196
5 1696 1694 7575 12197
5 4177 3576 8026 12198
5 7731 5055 7827 12199
5 5287 6896 8465 12200
5 7893 5765 8023 12201
5 5694 1335 7997 12202
5 4571 5304 7582 12203
5 5242 5980 8103 12204
5 6186 2454 7772 12205
5 5014 5586 7705 12206
5 7350 5039 7507 12207
5 4161 7233 7495 12208
5 1967 6880 7425 12209
5 6092 6093 7619 12210
5 3856 3500 7442 12211
5 4219 5102 7758 12212
5 1450 2501 7833 12213
5 5592 4763 7679 12214
5 4705 4707 7608 12215
5 1884 3626 7765 12216
5 7890 4890 7898 12217
5 5082 7602 7662 12218
5 3174 7518 7659 12219
5 7091 8487 8519 12220
5 1522 1524 7611 12221
5 2589 2993 7693 12222
5 2199 2349 7732 12223
5 7438 5084 7589 12224
5 4441 5732 7590 12225
5 1819 1810 7613 12226
5 3016 3832 7571 12227
5 6882 3987 7815 12228
5 3388 3386 7597 12229
5 7164 2684 7564 12230
5 5761 5940 8452 12231
5 3773 3771 7594 12232
5 5559 7398 7903 12233
5 6631 5205 7942 12234
5 6668 4759 7602 12235
5 3926 7166 7579 12236
5 5748 5037 7773 12237
5 7027 2518 8032 12238
5 6849 4500 7912 12239
5 2087 2004 7425 12240
5 7358 6706 7771 12241
5 7456 6310 7895 12242
5 5566 5034 7760 12243
5 5854 6499 7609 12244
5 2899 7523 7624 12245
5 2219 2221 7774 12246
5 1358 6720 7702 12247
5 1966 1882 7765 12248
5 5696 5379 8196 12249
5 2996 3123 7428 12250
5 7602 4759 7662 12251
5 6786 3812 7526 12252
5 4679 4680 7721 12253
5 7358 1430 7745 12254
5 2968 3007 7501 12255
5 2576 2578 7849 12256
5 4562 6950 7769 12257
5 5228 5672 8351 12258
5 6971 7484 7727 12259
5 3215 7438 7589 12260
5 4905 5082 7740 12261
5 2193 2494 7739 12262
5 6073 4869 8061 12263
5 5084 4287 7635 12264
5 4425 6196 7779 12265
5 4873 3924 7733 12266
5 6722 1327 8329 12267
5 6094 3732 8075 12268
5 2880 2810 7601 12269
5 4722 6356 8390 12270
5 4780 4782 7603 12271
5 4907 4730 7777 12272
5 2519 6843 8070 12273
5 4855 4854 7598 12274
5 3987 6839 7600 12275
5 6108 3015 8021 12276
5 4641 4904 7671 12277
5 7025 4687 7586 12278
5 3817 5195 7844 12279
5 7326 4991 7572 12280
5 5161 4856 7797 12281
5 4195 6765 7627 12282
5 6125 6128 8279 12283
5 5665 5369 8559 12284
5 2993 2587 7722 12285
5 2322 3199 7606 12286
5 5679 3128 7830 12287
5 6147 6148 7930 12288
5 4883 6347 8545 12289
5 2840 2965 7418 12290
5 8422 5430 8423 12291
5 3291 2481 7551 12292
5 3735 1751 8503 12293
5 7399 271 8564 12294
5 6706 7358 7745 12295
5 6136 6134 8279 12296
5 3902 3903 7632 12297
5 6766 5900 8310 12298
5 3420 3546 7770 12299
5 7402 6860 7657 12300
5 4293 4647 7676 12301
5 2479 6686 7551 12302
5 3791 4347 8076 12303
5 2494 2195 7755 12304
5 5082 4122 7602 12305
5 1827 1825 7626 12306
5 3827 6579 8214 12307
5 4916 7568 7654 12308
5 420 1329 7817 12309
5 5167 5165 7617 12310
5 1306 480 7820 12311
5 5347 5348 8029 12312
5 7211 3843 7570 12313
5 3876 5279 7408 12314
5 5861 1328 8155 12315
5 2794 7504 7634 12316
5 6367 3385 8162 12317
5 5502 8039 8458 12318
5 3259 3782 7856 12319
5 6565 1413 8327 12320
5 6295 4993 8280 12321
5 7896 4474 7961 12322
5 7632 3903 7670 12323
5 7557 3773 7594 12324
5 7667 5110 7735 12325
5 173 1380 7897 12326
5 5721 1536 8334 12327
5 3237 6997 7628 12328
5 7438 7164 7564 12329
5 4849 4851 7616 12330
5 4686 7589 7635 12331
5 2557 7263 7722 12332
5 4726 4838 7810 12333
5 4131 7013 7767 12334
5 2380 3477 7891 12335
5 3541 3422 7770 12336
5 3009 3838 7591 12337
5 6287 6286 8016 12338
5 636 642 7644 12339
5 6442 1320 7968 12340
5 4457 4191 7892 12341
5 6214 6213 8260 12342
5 6882 7815 8295 12343
5 6119 7976 8015 12344
5 6749 172 7897 12345
5 4463 6803 7663 12346
5 6192 6191 8374 12347
5 3368 6377 8052 12348
5 6974 4950 7579 12349
5 1591 1595 7772 12350
5 4457 7892 7940 12351
5 4838 7046 7810 12352
5 7651 5357 8377 12353
5 7001 2513 8240 12354
5 5493 5150 7581 12355
5 7176 1908 7783 12356
5 5757 5358 7651 12357
5 3992 7496 7766 12358
5 5306 5582 7514 12359
5 4365 5457 7477 12360
5 5157 5158 7614 12361
5 7343 3237 7628 12362
5 4840 5610 7681 12363
5 5119 7328 7623 12364
5 4925 5559 7903 12365
5 6955 3716 8059 12366
5 7001 8240 8283 12367
5 4374 3229 7767 12368
5 231 1342 8010 12369
5 7480 5109 7667 12370
5 3113 7284 8493 12371
5 6722 7433 8427 12372
5 2998 2536 8106 12373
5 2677 2617 7599 12374
5 3716 3311 8059 12375
5 6926 7490 7638 12376
5 1798 1800 7829 12377
5 7584 5748 7773 12378
5 8013 5634 8149 12379
5 1958 2529 7783 12380
5 7409 5319 8124 12381
5 1354 7692 8339 12382
5 7694 5156 7790 12383
5 2810 2922 7601 12384
5 7219 6751 7969 12385
5 2215 6550 7998 12386
5 6219 1368 8049 12387
5 7326 7305 8491 12388
5 6688 6552 7652 12389
5 4311 3671 7978 12390
5 5618 8034 8506 12391
5 2241 2243 7826 12392
5 4217 4996 7468 12393
5 7813 6147 7930 12394
5 5503 5136 8221 12395
5 3227 4131 7767 12396
5 7353 7439 7646 12397
5 4784 4786 7630 12398
5 8175 2677 8372 12399
5 6717 7558 7687 12400
5 5011 5643 7642 12401
5 4138 3622 7457 12402
5 2922 7428 7601 12403
5 3618 5297 8046 12404
5 1517 1515 7839 12405
5 3849 7480 7667 12406
5 2661 3194 7781 12407
5 5156 6872 7790 12408
5 8075 3732 8156 12409
5 2690 5448 8434 12410
5 8189 4208 8275 12411
5 5822 5825 8019 12412
5 6740 6741 7988 12413
5 7655 4831 7731 12414
5 6643 6281 7965 12415
5 5913 5914 7873 12416
5 5300 4186 7643 12417
5 1152 1158 7933 12418
5 1491 1489 7814 12419
5 3657 3659 7631 12420
5 7312 5887 7581 12421
5 4278 4275 7822 12422
5 6391 5273 7784 12423
5 1966 6643 7894 12424
5 4236 5016 7822 12425
5 4832 4830 7782 12426
5 4786 4788 7639 12427
5 5436 7399 8564 12428
5 4788 4790 7641 12429
5 1935 1493 7780 12430
5 1881 1907 8095 12431
5 7548 5081 7649 12432
5 5022 5615 7661 12433
5 6752 4916 7654 12434
5 6954 7737 7875 12435
5 5782 218 8361 12436
5 7151 2663 7781 12437
5 7484 6548 7727 12438
5 4463 7663 7749 12439
5 5026 8058 8100 12440
5 1410 306 7645 12441
5 5966 2149 8417 12442
5 7151 7781 8152 12443
5 2964 2966 7656 12444
5 516 522 7946 12445
5 6467 6468 8109 12446
5 2877 2928 7633 12447
5 6293 6292 8284 12448
5 7741 5206 7805 12449
5 6408 1398 8190 12450
5 8202 6267 8247 12451
5 7251 7606 7784 12452
5 4704 5378 7931 12453
5 3392 8495 8546 12454
5 672 678 7935 12455
5 7518 6628 7659 12456
5 1401 894 7867 12457
5 900 1278 7867 12458
5 6322 2309 8571 12459
5 3257 5667 8580 12460
5 4667 7033 7708 12461
5 5746 2165 8296 12462
5 3141 6763 8073 12463
5 3558 3556 7512 12464
5 5727 5726 7712 12465
5 2530 7231 7680 12466
5 190 191 7928 12467
5 4416 4419 7847 12468
5 4419 4327 7850 12469
5 7586 2975 7751 12470
5 4007 4008 7640 12471
5 5031 4418 7847 12472
5 6798 5133 8183 12473
5 6620 5232 8025 12474
5 6377 8030 8048 12475
5 5470 4958 7607 12476
5 2978 7136 7653 12477
5 4624 4625 8317 12478
5 3736 1883 8095 12479
5 5081 4139 7649 12480
5 2973 2900 7624 12481
5 4231 7368 7816 12482
5 5086 6558 8177 12483
5 4277 4278 7854 12484
5 594 600 7683 12485
5 6397 1869 8300 12486
5 1062 1387 7881 12487
5 1327 316 7991 12488
5 317 1376 7991 12489
5 2165 1959 8549 12490
5 6343 1624 8057 12491
5 4132 5295 7824 12492
5 7469 6529 8504 12493
5 4186 4858 7643 12494
5 4958 4960 7607 12495
5 5128 4293 7676 12496
5 4723 7343 7628 12497
5 1807 1812 8429 12498
5 7052 2521 7801 12499
5 7571 3832 7655 12500
5 4686 7175 7589 12501
5 3903 3905 7670 12502
5 6598 262 8145 12503
5 5307 7528 8463 12504
5 6741 7002 7988 12505
5 2534 4565 8106 12506
5 7175 3215 7589 12507
5 6558 5191 8525 12508
5 5312 5127 8129 12509
5 5199 7689 7885 12510
5 286 287 8018 12511
5 4666 5486 8521 12512
5 1402 6926 7638 12513
5 5106 5105 7629 12514
5 7026 4827 7785 12515
5 247 248 8013 12516
5 7222 230 8010 12517
5 207 1304 7885 12518
5 5235 6401 8344 12519
5 5504 5050 7902 12520
5 8154 6757 8201 12521
5 2542 2540 8237 12522
5 5338 5058 8139 12523
5 5827 1289 7752 12524
5 1277 858 7901 12525
5 864 1400 7901 12526
5 5038 4686 7635 12527
5 6030 7780 7814 12528
5 1877 3236 8185 12529
5 7100 5487 7950 12530
5 3517 3518 8508 12531
5 7630 4786 7639 12532
5 7217 7097 7595 12533
5 3515 2382 7957 12534
5 2521 1771 7647 12535
5 6708 6705 7666 12536
5 7727 4907 7777 12537
5 5150 7312 7581 12538
5 4759 3189 7662 12539
5 2525 1878 7894 12540
5 4734 4733 7625 12541
5 6408 1329 8528 12542
5 1385 6840 8337 12543
5 6228 4904 7750 12544
5 7600 4909 8252 12545
5 3135 5713 8536 12546
5 6486 3696 8211 12547
5 3087 3604 7748 12548
5 7639 4788 7641 12549
5 6916 6917 7838 12550
5 1907 1879 8185 12551
5 3160 3094 7852 12552
5 7513 6864 8207 12553
5 6742 6743 8044 12554
5 227 6825 7658 12555
5 6163 7749 7778 12556
5 5611 5306 7514 12557
5 6530 7219 7969 12558
5 3693 3694 8211 12559
5 1880 1966 7894 12560
5 1281 1050 7907 12561
5 5257 6616 8125 12562
5 2538 2998 8209 12563
5 540 546 8003 12564
5 332 333 8065 12565
5 263 1338 8145 12566
5 183 184 8001 12567
5 3007 3808 7501 12568
5 6762 221 7941 12569
5 2510 3636 7623 12570
5 6356 7397 8390 12571
5 5087 7591 7672 12572
5 2201 2203 7669 12573
5 3450 3445 7851 12574
5 1928 1672 8006 12575
5 4853 6876 7664 12576
5 3443 3551 7851 12577
5 6169 6167 7834 12578
5 1840 1842 7927 12579
5 4227 5265 7650 12580
5 3545 4030 7648 12581
5 3543 6193 8538 12582
5 4436 5881 8132 12583
5 6037 7824 7958 12584
5 5056 6757 8154 12585
5 4794 4793 7828 12586
5 5448 8403 8434 12587
5 3833 5087 7672 12588
5 7637 5348 8200 12589
5 7883 5007 8037 12590
5 277 6542 8270 12591
5 5462 4806 8565 12592
5 5934 4404 7756 12593
5 6315 1351 7689 12594
5 5199 6315 7689 12595
5 6720 6721 8055 12596
5 1842 1844 7934 12597
5 1873 1909 8250 12598
5 196 197 7993 12599
5 3808 5080 7501 12600
5 462 1392 7981 12601
5 5201 4462 7660 12602
5 1399 846 7932 12603
5 852 1277 7932 12604
5 3043 3038 8299 12605
5 2212 2215 7998 12606
5 6843 2519 8140 12607
5 7923 4955 8036 12608
5 6128 6124 8285 12609
5 5111 7217 7595 12610
5 7143 4667 7708 12611
5 4157 4153 7878 12612
5 3812 3811 7824 12613
5 1543 1541 7675 12614
5 6167 6029 7821 12615
5 3236 1875 8250 12616
5 6397 5425 8298 12617
5 5689 5685 8455 12618
5 3244 7091 8519 12619
5 6902 1326 7652 12620
5 7177 5714 7723 12621
5 1935 7794 7869 12622
5 4483 6556 8397 12623
5 3005 7313 7636 12624
5 7014 7674 7706 12625
5 5321 5462 8581 12626
5 1521 1520 7948 12627
5 6476 3155 8446 12628
5 5085 7438 7564 12629
5 2034 2033 8393 12630
5 3487 3965 7802 12631
5 1912 6567 8333 12632
5 2501 6923 7665 12633
5 3832 3893 7655 12634
5 4854 8079 8161 12635
5 1444 1442 8045 12636
5 5617 5434 8217 12637
5 4356 4367 8489 12638
5 329 6557 8220 12639
5 3556 7267 7512 12640
5 7649 4139 7688 12641
5 5025 5023 7697 12642
5 5013 5012 8341 12643
5 3034 3113 8319 12644
5 4962 6174 8423 12645
5 2727 2743 8062 12646
5 1957 1903 8263 12647
5 5010 5014 8068 12648
5 1346 179 8039 12649
5 4750 4752 7691 12650
5 6860 4810 7657 12651
5 4011 4813 7668 12652
5 2464 2466 7719 12653
5 5746 4731 8009 12654
5 1867 3572 8300 12655
5 5381 5380 8307 12656
5 7469 2959 8474 12657
5 7097 6680 7595 12658
5 5629 1983 8512 12659
5 5147 3875 8092 12660
5 5956 8031 8123 12661
5 7136 7020 7653 12662
5 1354 498 7692 12663
5 2070 8426 8476 12664
5 249 250 8196 12665
5 7784 5273 7876 12666
5 1806 1984 8503 12667
5 5324 5471 8255 12668
5 6628 6884 7659 12669
5 5111 7595 7707 12670
5 7659 5385 7775 12671
5 8243 1712 8287 12672
5 8377 6479 8398 12673
5 486 7566 7820 12674
5 1320 834 7968 12675
5 7840 3130 7917 12676
5 2390 1985 8392 12677
5 840 1399 7968 12678
5 1641 1639 7684 12679
5 5721 5196 8328 12680
5 3039 3041 7956 12681
5 1321 882 7974 12682
5 888 1401 7974 12683
5 4088 3558 7512 12684
5 3551 3441 7925 12685
5 6952 2006 7920 12686
5 5189 5759 8293 12687
5 2128 2362 7905 12688
5 5200 4239 7753 12689
5 1335 328 8220 12690
5 2963 5938 8540 12691
5 1899 2328 8230 12692
5 3787 7107 7709 12693
5 7235 5154 8043 12694
5 6741 6742 8490 12695
5 3217 1481 7904 12696
5 8434 5201 8446 12697
5 6454 8066 8195 12698
5 2006 7771 7920 12699
5 1298 7651 8377 12700
5 5288 5090 8216 12701
5 7767 7013 7877 12702
5 5414 5417 7995 12703
5 7368 5632 7816 12704
5 3533 6947 7674 12705
5 5521 5329 8352 12706
5 7123 3849 7667 12707
5 4871 4870 7951 12708
5 666 1371 8534 12709
5 7429 2794 7634 12710
5 8390 4240 8441 12711
5 7496 5843 7766 12712
5 3874 4570 8120 12713
5 4193 6620 8064 12714
5 3267 3594 7677 12715
5 6546 6547 8139 12716
5 6163 4463 7749 12717
5 6681 2528 8253 12718
5 4970 4972 7832 12719
5 5247 6399 8374 12720
5 266 1293 8294 12721
5 6565 378 8568 12722
5 3858 4620 7718 12723
5 6249 6251 7700 12724
5 2477 2475 7802 12725
5 522 528 8086 12726
5 6199 6198 8088 12727
5 6478 6479 8377 12728
5 8020 3975 8125 12729
5 7844 5195 7892 12730
5 4812 4101 7987 12731
5 5177 7222 8010 12732
5 5548 5061 8440 12733
5 3518 7204 8508 12734
5 1632 2519 8070 12735
5 1350 5638 8361 12736
5 6800 3975 8020 12737
5 1134 1140 8080 12738
5 618 624 8087 12739
5 6778 1857 7977 12740
5 588 1285 8040 12741
5 5331 7132 8514 12742
5 1479 1604 7904 12743
5 5163 6214 8191 12744
5 4139 4205 7688 12745
5 7506 5204 7879 12746
5 4884 5108 7964 12747
5 1303 6208 8572 12748
5 4820 4560 7808 12749
5 5118 7418 7748 12750
5 4470 4469 7853 12751
5 6584 6681 8253 12752
5 7547 2978 7653 12753
5 5594 8148 8557 12754
5 5179 5180 7846 12755
5 7184 5454 7936 12756
5 7018 4375 7687 12757
5 8306 6023 8438 12758
5 7002 4978 7988 12759
5 6788 1410 7699 12760
5 2591 2589 7693 12761
5 4259 7353 7646 12762
5 4763 5606 7679 12763
5 3256 3254 7695 12764
5 166 1330 7705 12765
5 6547 5141 8187 12766
5 5956 7565 8031 12767
5 1313 213 8004 12768
5 214 1390 8004 12769
5 6211 6212 8260 12770
5 6208 1303 8178 12771
5 4644 4721 7686 12772
5 7942 5205 8005 12773
5 2776 2778 7710 12774
5 6087 5712 8577 12775
5 5641 4570 8531 12776
5 5268 4915 7982 12777
5 1351 205 7689 12778
5 5046 4805 7702 12779
5 6808 1385 8000 12780
5 1254 1357 8137 12781
5 906 912 7711 12782
5 5118 7748 7866 12783
5 2372 1813 7807 12784
5 5703 5704 8179 12785
5 272 1291 8564 12786
5 4895 7009 7714 12787
5 6910 5194 8215 12788
5 7439 4823 7646 12789
5 6864 4215 8264 12790
5 1541 1539 7703 12791
5 7231 4658 7680 12792
5 4 308 8332 12793
5 6301 7273 8371 12794
5 4659 7456 7895 12795
5 5142 6679 8187 12796
5 4896 5485 7914 12797
5 4721 4739 7690 12798
5 2584 3240 7845 12799
5 202 203 7701 12800
5 7775 5386 7888 12801
5 5221 5280 8382 12802
5 307 4 8332 12803
5 3213 2134 7970 12804
5 1325 1242 8163 12805
5 7303 4634 7761 12806
5 2362 7898 7905 12807
5 2136 2339 7970 12808
5 6344 6343 8057 12809
5 3284 3256 7704 12810
5 3345 3543 8538 12811
5 4839 4840 7681 12812
5 6492 5080 7908 12813
5 7397 4240 8390 12814
5 6000 6004 8267 12815
5 5006 5547 8037 12816
5 6018 4940 7971 12817
5 4758 7050 7673 12818
5 2474 7963 8066 12819
5 6620 8025 8064 12820
5 5177 4910 8203 12821
5 3942 3941 8009 12822
5 2124 1427 8143 12823
5 5513 4457 7940 12824
5 5486 7470 8521 12825
5 5255 7673 7761 12826
5 2574 2576 8537 12827
5 3809 7255 7671 12828
5 6653 6652 8208 12829
5 6540 4802 7736 12830
5 6664 5585 8295 12831
5 1425 2124 8165 12832
5 2496 1423 8165 12833
5 5469 4176 7809 12834
5 1300 176 8148 12835
5 1619 2520 8057 12836
5 4756 3934 7706 12837
5 7864 6765 7939 12838
5 7672 5129 7733 12839
5 6677 6675 8191 12840
5 1349 199 8035 12841
5 200 6896 8035 12842
5 1811 6857 7807 12843
5 5994 8379 8495 12844
5 7675 1541 7703 12845
5 6796 7688 7728 12846
5 6679 6676 8226 12847
5 6029 6030 7821 12848
5 7623 4166 7738 12849
5 276 277 8270 12850
5 2463 2460 7929 12851
5 5459 4939 8408 12852
5 6167 7821 7834 12853
5 197 198 8108 12854
5 4512 7057 7678 12855
5 1431 1927 8127 12856
5 2033 7144 8393 12857
5 7540 2515 7862 12858
5 5051 5522 8111 12859
5 4723 7628 7698 12860
5 5765 2018 7778 12861
5 5164 7616 8214 12862
5 6479 4816 8385 12863
5 5515 7502 7724 12864
5 1627 1626 8070 12865
5 7260 6128 8285 12866
5 1305 7734 7795 12867
5 6212 5190 8293 12868
5 4948 5268 7976 12869
5 7239 7240 7694 12870
5 5674 5675 7720 12871
5 8132 5881 8198 12872
5 1421 2496 8206 12873
5 4529 1419 8206 12874
5 5407 4484 8102 12875
5 5348 5346 8200 12876
5 7110 7582 8197 12877
5 3501 2992 7915 12878
5 6429 7469 8474 12879
5 4861 7653 7844 12880
5 1483 3217 7980 12881
5 5206 7741 7905 12882
5 4113 3878 8233 12883
5 2149 7455 8417 12884
5 6701 6702 8224 12885
5 6664 1374 8517 12886
5 6765 4792 7939 12887
5 1978 1872 8047 12888
5 1236 1325 8234 12889
5 1377 1230 8234 12890
5 4370 7668 8215 12891
5 1345 1170 7729 12892
5 162 163 8224 12893
5 4739 7372 7730 12894
5 510 1297 8110 12895
5 3288 3286 7717 12896
5 3464 7497 7813 12897
5 331 332 7744 12898
5 4216 4576 7725 12899
5 4061 7593 8171 12900
5 5576 5647 7862 12901
5 4984 5160 8168 12902
5 6504 6522 8451 12903
5 6471 5397 8353 12904
5 3256 7695 7704 12905
5 2734 2963 8540 12906
5 6891 7356 7698 12907
5 7306 7281 7713 12908
5 2744 7145 8286 12909
5 438 444 7768 12910
5 2157 2187 8054 12911
5 7230 5106 7864 12912
5 189 190 8169 12913
5 7093 7080 7916 12914
5 4561 4562 8227 12915
5 6286 6385 8016 12916
5 7790 6872 7878 12917
5 1906 7176 7685 12918
5 7029 4865 7972 12919
5 6428 3214 8175 12920
5 6399 7084 8359 12921
5 1289 182 7752 12922
5 3626 7143 7708 12923
5 1337 258 7742 12924
5 6881 2091 8207 12925
5 1302 325 8338 12926
5 6617 7823 8020 12927
5 1224 1377 8276 12928
5 1309 1218 8276 12929
5 1876 2525 8071 12930
5 7025 7586 7751 12931
5 2959 2948 8412 12932
5 6111 3889 8391 12933
5 225 3 8336 12934
5 2587 2557 7722 12935
5 5828 5827 7752 12936
5 5184 5638 8291 12937
5 2197 2199 7732 12938
5 3 226 8336 12939
5 6762 5183 8291 12940
5 4851 5089 8083 12941
5 6073 7839 8093 12942
5 7073 4988 7990 12943
5 6937 7655 7731 12944
5 3882 7303 7761 12945
5 2528 6681 8245 12946
5 4300 3688 8201 12947
5 4852 7842 8461 12948
5 2530 7680 8150 12949
5 7495 5120 7966 12950
5 5113 7301 8005 12951
5 7648 4030 7747 12952
5 3647 2465 7759 12953
5 4212 5203 8048 12954
5 4245 6796 7728 12955
5 8156 5958 8243 12956
5 5757 8342 8386 12957
5 287 288 8387 12958
5 2549 7306 7713 12959
5 5598 1598 8525 12960
5 1597 6294 8289 12961
5 5404 6613 8524 12962
5 7096 7004 8262 12963
5 291 1303 8572 12964
5 534 540 8272 12965
5 7791 5243 7929 12966
5 5329 5902 8352 12967
5 5221 8382 8439 12968
5 7073 1302 8338 12969
5 6736 7360 7737 12970
5 3935 4461 8144 12971
5 1430 1428 7745 12972
5 4250 5151 8297 12973
5 1435 2528 8245 12974
5 5266 5267 7996 12975
5 5273 5274 7876 12976
5 1870 1978 8085 12977
5 5434 5537 8217 12978
5 211 6899 8112 12979
5 1388 210 8112 12980
5 6759 1331 7931 12981
5 1302 7073 7990 12982
5 6975 1635 8368 12983
5 4904 4903 7863 12984
5 6901 6900 8146 12985
5 5241 5229 8432 12986
5 7085 6087 8577 12987
5 1600 2492 7754 12988
5 1930 1866 8094 12989
5 2209 2211 8115 12990
5 5211 6531 8147 12991
5 7316 5317 7995 12992
5 2191 2193 7739 12993
5 6182 7770 8114 12994
5 1298 1188 8342 12995
5 5222 6208 8178 12996
5 7465 3010 7743 12997
5 8046 5297 8079 12998
5 5277 4679 7721 12999
5 5053 6023 8306 13000
5 1212 1309 8360 13001
5 1378 1206 8360 13002
5 6789 7600 8252 13003
5 2279 7100 7950 13004
5 1363 390 8199 13005
5 4854 4237 8079 13006
5 303 1360 8354 13007
5 4926 5937 7992 13008
5 6590 8367 8488 13009
5 4150 7239 7694 13010
5 5724 2494 8399 13011
5 7107 4709 7709 13012
5 5083 6634 8160 13013
5 6181 6182 8114 13014
5 6369 6138 8229 13015
5 7856 3782 7896 13016
5 6176 6736 7737 13017
5 3830 7486 8188 13018
5 4150 7694 7790 13019
5 5719 5717 7744 13020
5 5262 5254 8500 13021
5 1857 1815 7977 13022
5 8221 5136 8266 13023
5 2998 7582 8209 13024
5 178 1346 8557 13025
5 3075 3077 8122 13026
5 3257 2464 7719 13027
5 2266 2117 7741 13028
5 5555 5553 8474 13029
5 7857 4685 8418 13030
5 6552 5258 8471 13031
5 4711 5287 8465 13032
5 7240 6972 7694 13033
5 5397 4635 8353 13034
5 5239 5236 8473 13035
5 6654 5035 8409 13036
5 1200 1378 8386 13037
5 3650 6971 7727 13038
5 7606 6391 7784 13039
5 5269 4886 8042 13040
5 4240 6819 8441 13041
5 5094 5285 8567 13042
5 6895 5238 8292 13043
5 5344 5345 8033 13044
5 2211 7252 8115 13045
5 7418 2965 7748 13046
5 378 384 8568 13047
5 5575 5577 8184 13048
5 1176 1182 8398 13049
5 3160 7852 7942 13050
5 5766 7637 8200 13051
5 5499 5496 8153 13052
5 7943 1597 7948 13053
5 1658 7001 8283 13054
5 2019 2092 7764 13055
5 7360 4523 7737 13056
5 7722 7263 8255 13057
5 6842 6843 8140 13058
5 7080 5005 8084 13059
5 5342 7716 7831 13060
5 3979 6937 7731 13061
5 1368 6041 7962 13062
5 7612 2010 8083 13063
5 1513 1934 8093 13064
5 5498 5580 8153 13065
5 5710 3125 8077 13066
5 7988 4978 8186 13067
5 4852 7214 7842 13068
5 181 1289 8458 13069
5 3898 4208 8189 13070
5 4654 5104 8121 13071
5 6593 4905 7740 13072
5 6734 4841 8485 13073
5 4988 7123 7735 13074
5 1146 1287 8462 13075
5 7155 4899 7945 13076
5 6389 6390 8041 13077
5 1461 1929 8479 13078
5 3177 6991 8012 13079
5 4841 4273 8485 13080
5 7647 5462 8565 13081
5 4506 6111 8356 13082
5 7284 5525 8493 13083
5 6899 5285 8112 13084
5 1927 1433 8245 13085
5 2195 2197 7755 13086
5 1331 7056 7931 13087
5 3194 7177 7723 13088
5 7356 4723 7698 13089
5 6347 7826 8545 13090
5 8109 6468 8218 13091
5 7686 4721 7690 13092
5 624 630 8384 13093
5 1658 8283 8348 13094
5 5129 7209 7733 13095
5 7281 4820 7713 13096
5 7653 7020 7844 13097
5 5248 4243 8136 13098
5 8441 6819 8502 13099
5 5410 5409 8498 13100
5 5119 7623 7738 13101
5 1369 7222 8203 13102
5 2018 6163 7778 13103
5 4499 4057 8131 13104
5 4651 7409 8124 13105
5 218 219 8361 13106
5 7130 4685 7857 13107
5 1986 2265 8242 13108
5 2946 2959 8504 13109
5 204 1351 8239 13110
5 4508 5179 7792 13111
5 7809 4176 7825 13112
5 576 582 8421 13113
5 2087 7425 7791 13114
5 1738 6372 7762 13115
5 3073 3075 8212 13116
5 6601 6600 8130 13117
5 7282 6337 8024 13118
5 4633 4421 7763 13119
5 7528 3486 8463 13120
5 6891 7698 7937 13121
5 6559 6482 8323 13122
5 1882 1884 7765 13123
5 7453 5111 7707 13124
5 7750 6410 7959 13125
5 7797 4128 7856 13126
5 5830 5829 7798 13127
5 7425 5139 7791 13128
5 4030 4862 7747 13129
5 5511 5444 8232 13130
5 7698 6998 7937 13131
5 5285 6899 8567 13132
5 2070 7270 8426 13133
5 5261 5251 8484 13134
5 5483 4219 7758 13135
5 2197 7732 7755 13136
5 3650 7727 7777 13137
5 5446 5499 8232 13138
5 1800 1802 8265 13139
5 7123 7667 7735 13140
5 5068 4575 8490 13141
5 2251 7470 8582 13142
5 3440 7367 7715 13143
5 4823 5633 7806 13144
5 4239 5546 7753 13145
5 2722 2727 8444 13146
5 1342 6410 7750 13147
5 2950 6718 8412 13148
5 5144 7262 7870 13149
5 1355 408 8347 13150
5 2562 7812 7841 13151
5 1285 7505 8040 13152
5 7536 4975 8067 13153
5 7202 7241 7949 13154
5 5324 8255 8308 13155
5 2300 7789 7800 13156
5 3965 3964 8034 13157
5 5213 5464 8416 13158
5 6781 7664 8169 13159
5 7582 5304 8209 13160
5 3174 7659 7775 13161
5 6030 6028 7794 13162
5 4675 4976 7771 13163
5 4716 5211 8147 13164
5 6943 6011 7716 13165
5 8033 4130 8210 13166
5 6393 6394 7972 13167
5 3214 2621 8175 13168
5 2880 7601 7915 13169
5 7955 6018 7971 13170
5 5342 7324 7716 13171
5 432 1398 8528 13172
5 6501 3647 7858 13173
5 5034 5140 7760 13174
5 4837 7025 7751 13175
5 2162 6140 8042 13176
5 5168 5746 8296 13177
5 5113 8005 8117 13178
5 7761 4634 8022 13179
5 7091 3348 8487 13180
5 1329 426 8528 13181
5 3422 3420 7770 13182
5 7520 1485 7980 13183
5 414 420 7817 13184
5 4866 6076 7788 13185
5 1979 1826 8262 13186
5 2959 7469 8504 13187
5 5429 5511 8277 13188
5 1314 450 8447 13189
5 2619 2677 8175 13190
5 5662 4702 8320 13191
5 5004 7354 7776 13192
5 7009 5261 8518 13193
5 7660 6476 8446 13194
5 5799 5797 8532 13195
5 5425 5424 8298 13196
5 7566 5776 7820 13197
5 1593 1591 7772 13198
5 5281 5848 8555 13199
5 7222 5177 8203 13200
5 7044 3197 8176 13201
5 2973 7624 7852 13202
5 7276 2266 7805 13203
5 5805 7692 8110 13204
5 2287 2371 8363 13205
5 2125 7560 7823 13206
5 1507 1598 8235 13207
5 1934 1511 8257 13208
5 2512 6618 8516 13209
5 3044 3047 8325 13210
5 4837 7751 7840 13211
5 8021 3015 8056 13212
5 4530 4133 8554 13213
5 5932 5931 8101 13214
5 5558 7125 8466 13215
5 2300 2302 7789 13216
5 7551 6686 7855 13217
5 4560 4882 7808 13218
5 7654 3830 8188 13219
5 7060 6393 7972 13220
5 6952 7920 8053 13221
5 3229 3227 7767 13222
5 3912 4331 8359 13223
5 1818 1936 8313 13224
5 7497 6149 7813 13225
5 3207 2702 8540 13226
5 7077 3362 8144 13227
5 4625 6339 7796 13228
5 5461 6666 8453 13229
5 5241 8432 8472 13230
5 5545 4248 7773 13231
5 6718 5555 8412 13232
5 1295 255 7793 13233
5 5619 5620 7786 13234
5 5278 5153 8281 13235
5 5106 7627 7864 13236
5 1537 1536 8578 13237
5 1828 7096 8262 13238
5 8063 8135 8180 13239
5 1908 1958 7783 13240
5 480 486 7820 13241
5 2091 7513 8207 13242
5 1961 7076 8015 13243
5 4856 7570 7797 13244
5 1523 1597 8289 13245
5 4099 5308 8442 13246
5 2385 2219 7774 13247
5 1933 1527 8301 13248
5 5415 5413 8552 13249
5 8297 5151 8320 13250
5 4872 7152 7926 13251
5 3844 4138 7868 13252
5 6388 6387 7880 13253
5 5662 8320 8365 13254
5 7627 6765 7864 13255
5 7680 6868 8150 13256
5 1529 1933 8321 13257
5 2298 2300 7800 13258
5 2191 7739 7787 13259
5 2965 3087 7748 13260
5 5698 5093 8197 13261
5 3298 2249 8582 13262
5 3037 3039 8445 13263
5 221 222 7941 13264
5 2562 2560 7812 13265
5 7324 6943 7716 13266
5 3146 6034 7889 13267
5 2663 2661 7781 13268
5 1536 1533 8334 13269
5 7624 6632 7852 13270
5 1493 1491 7780 13271
5 5243 4807 8119 13272
5 5216 4165 8306 13273
5 5416 5419 8340 13274
5 7297 3992 7766 13275
5 5647 7540 7862 13276
5 7995 5825 8376 13277
5 5246 8170 8219 13278
5 3979 7731 7827 13279
5 4839 7681 7944 13280
5 6228 7750 7959 13281
5 5160 4983 8181 13282
5 7785 6322 8571 13283
5 2188 2191 7787 13284
5 5379 7646 7806 13285
5 7992 5937 8014 13286
5 7674 4756 7706 13287
5 5337 7410 7989 13288
5 6307 1333 7696 13289
5 5240 5239 7799 13290
5 1940 7388 7746 13291
5 7367 6054 7715 13292
5 6950 4925 7769 13293
5 4830 4873 7782 13294
5 7354 4959 7776 13295
5 4813 7465 7743 13296
5 6387 5567 7880 13297
5 4998 6440 7924 13298
5 7570 7347 7797 13299
5 5848 5305 8555 13300
5 5485 7900 7914 13301
5 5815 5813 8470 13302
5 5080 4814 7908 13303
5 4461 4460 8403 13304
5 222 1362 7941 13305
5 7502 5223 7724 13306
5 5636 5383 7819 13307
5 7414 5119 7738 13308
5 7616 3827 8214 13309
5 3118 3061 8550 13310
5 4940 6007 7986 13311
5 5204 5112 8311 13312
5 4211 4210 7947 13313
5 7678 4820 7808 13314
5 3065 3322 8542 13315
5 7472 1459 8479 13316
5 5145 7967 8021 13317
5 6437 6436 7843 13318
5 7817 5608 8347 13319
5 2565 2562 7841 13320
5 6868 6867 8150 13321
5 7260 1809 8313 13322
5 7815 6665 8295 13323
5 7205 5394 8023 13324
5 8022 1993 8081 13325
5 7962 6041 8007 13326
5 5784 7640 8378 13327
5 4164 5053 8306 13328
5 6601 8130 8436 13329
5 5016 7026 7785 13330
5 6107 5225 8152 13331
5 7781 6107 8152 13332
5 7747 4862 7804 13333
5 5345 7363 7734 13334
5 7838 5180 8107 13335
5 8292 4576 8349 13336
5 5667 3363 8580 13337
5 7763 5032 7792 13338
5 6977 7282 8024 13339
5 6819 2313 8502 13340
5 3501 7915 8029 13341
5 3899 7784 7876 13342
5 5762 7795 8007 13343
5 4331 4097 8442 13344
5 5696 250 8449 13345
5 7673 3882 7761 13346
5 7618 5904 8350 13347
5 5214 7433 8329 13348
5 5149 5492 7835 13349
5 2265 7835 8242 13350
5 5257 8125 8189 13351
5 3322 7103 8542 13352
5 3010 7337 7743 13353
5 6433 6431 7836 13354
5 6278 6280 7837 13355
5 3519 7237 8118 13356
5 5089 7612 8083 13357
5 5757 7651 8342 13358
5 6925 1321 8238 13359
5 6982 8348 8383 13360
5 5261 8484 8518 13361
5 4224 5359 8404 13362
5 6686 2123 7855 13363
5 5265 8439 8492 13364
5 7839 6073 8061 13365
5 7821 1603 7834 13366
5 5394 5393 7803 13367
5 6171 7520 7980 13368
5 4914 6082 7848 13369
5 5265 5221 8439 13370
5 6532 6408 8190 13371
5 1820 1822 8520 13372
5 6194 4997 7899 13373
5 6896 1296 8465 13374
5 7288 3174 7775 13375
5 4499 8131 8202 13376
5 5097 4970 7832 13377
5 4455 8050 8131 13378
5 6982 1658 8348 13379
5 5571 5415 8552 13380
5 4959 5470 7776 13381
5 6470 1288 8469 13382
5 5603 5705 8541 13383
5 5049 7052 7801 13384
5 4862 5482 7804 13385
5 5450 4318 8553 13386
5 4527 4528 8371 13387
5 2462 3257 8580 13388
5 4330 5376 8027 13389
5 4950 4796 7809 13390
5 7084 3841 8359 13391
5 5628 5074 8246 13392
5 4193 8064 8154 13393
5 7470 5486 8582 13394
5 6041 5762 8007 13395
5 7842 5380 8461 13396
5 2475 3487 7802 13397
5 6958 7310 8028 13398
5 4151 4150 7790 13399
5 6209 290 8572 13400
5 6703 6701 8167 13401
5 3899 7251 7784 13402
5 1489 1603 7814 13403
5 1935 7780 7794 13404
5 6007 4933 7960 13405
5 7668 6910 8215 13406
5 5062 7119 8008 13407
5 4275 4236 7822 13408
5 5458 4726 7810 13409
5 7758 4986 8166 13410
5 7160 5086 8177 13411
5 7582 2998 8197 13412
5 4157 7878 8017 13413
5 7088 3191 8353 13414
5 1813 1811 7807 13415
5 7388 5096 7746 13416
5 3995 3709 7865 13417
5 5228 5227 7938 13418
5 7597 3389 8278 13419
5 1452 1450 7833 13420
5 5134 5132 8128 13421
5 6810 8053 8173 13422
5 5371 7204 8559 13423
5 396 7621 8199 13424
5 4927 4231 7816 13425
5 1934 8082 8093 13426
5 6769 4529 8362 13427
5 4950 7809 7825 13428
5 5960 5962 8535 13429
5 2080 7189 8031 13430
5 7140 3519 8118 13431
5 6810 6952 8053 13432
5 2776 7710 8062 13433
5 1922 1798 7829 13434
5 7238 5293 7916 13435
5 8296 2165 8549 13436
5 6128 7260 8313 13437
5 5049 7801 7902 13438
5 6219 8049 8251 13439
5 7125 3462 8466 13440
5 6034 2757 7952 13441
5 4829 5460 7818 13442
5 1729 1724 7872 13443
5 3440 7715 7925 13444
5 3787 7709 8221 13445
5 4210 3730 7911 13446
5 5255 7761 8022 13447
5 2243 2279 7826 13448
5 5282 7213 7855 13449
5 5225 5126 8225 13450
5 7295 3744 8315 13451
5 6396 4374 7877 13452
5 7984 4730 8025 13453
5 7857 6295 8280 13454
5 4367 7803 8489 13455
5 5993 5043 8072 13456
5 7808 4882 8012 13457
5 6441 4951 7953 13458
5 7213 7551 7855 13459
5 7715 6061 7925 13460
5 7364 4747 7811 13461
5 4418 4416 7847 13462
5 4197 6119 8030 13463
5 6613 7472 8479 13464
5 4128 3259 7856 13465
5 7985 6215 8046 13466
5 1520 1517 7839 13467
5 7479 3650 7777 13468
5 4327 4325 7850 13469
5 6702 6704 7859 13470
5 4400 5263 8091 13471
5 6269 5703 8179 13472
5 894 900 7867 13473
5 6867 5320 8309 13474
5 5305 4174 8555 13475
5 7811 5689 8455 13476
5 7750 4904 7863 13477
5 4899 4178 8351 13478
5 4325 4277 7854 13479
5 6497 8121 8249 13480
5 1915 7137 8111 13481
5 7651 1298 8342 13482
5 2578 2581 7849 13483
5 3445 3443 7851 13484
5 3604 5466 7866 13485
5 6774 5198 8268 13486
5 1387 6916 7838 13487
5 6840 1282 8170 13488
5 2458 2087 7791 13489
5 7729 6479 8385 13490
5 8488 3478 8523 13491
5 8215 5194 8324 13492
5 2581 2584 7845 13493
5 8152 5225 8225 13494
5 7183 3979 7827 13495
5 260 1294 7879 13496
5 1290 7238 7916 13497
5 4858 5118 7866 13498
5 5251 6295 8418 13499
5 7347 4128 7797 13500
5 3811 4132 7824 13501
5 5282 7855 8041 13502
5 2928 7230 7864 13503
5 6775 3482 7909 13504
5 7677 4955 7923 13505
5 3363 2461 8580 13506
5 7129 4837 7840 13507
5 7560 6984 7823 13508
5 2588 3146 7900 13509
5 5201 7660 8446 13510
5 4795 7190 8089 13511
5 4965 4967 7921 13512
5 6209 5224 7883 13513
5 1056 1062 7881 13514
5 5741 4508 7860 13515
5 7310 4942 8028 13516
5 6410 5861 7959 13517
5 4889 5206 7898 13518
5 6119 4948 7976 13519
5 6663 6665 8556 13520
5 7850 4325 7854 13521
5 5916 7505 8443 13522
5 5629 4794 7828 13523
5 7601 6637 7915 13524
5 6316 1315 8407 13525
5 6763 4956 8073 13526
5 6871 7039 8492 13527
5 6752 7654 8188 13528
5 7771 4976 7920 13529
5 6295 7857 8418 13530
5 7020 3817 7844 13531
5 5565 5113 8117 13532
5 7204 3518 8559 13533
5 5227 7579 7825 13534
5 7796 4871 7951 13535
5 7426 2125 7823 13536
5 7017 3478 8488 13537
5 5175 4329 7884 13538
5 8345 4949 8499 13539
5 5768 5769 8116 13540
5 1603 7520 7834 13541
5 7462 3464 7813 13542
5 1400 6925 7861 13543
5 7735 5510 7990 13544
5 7565 2080 8031 13545
5 7607 4960 8515 13546
5 3094 2973 7852 13547
5 4903 5177 7863 13548
5 6606 7183 7827 13549
5 7909 3482 7999 13550
5 7892 5195 7940 13551
5 1333 660 5435 13552
5 7376 4795 8089 13553
5 7363 4734 7795 13554
5 7273 4966 8371 13555
5 6004 6001 8326 13556
5 4533 8437 8506 13557
5 2521 7647 8565 13558
5 7625 7962 8007 13559
5 6991 7678 7808 13560
5 4915 5226 7982 13561
5 7737 4523 7875 13562
5 7214 3450 7842 13563
5 4191 4861 7892 13564
5 1286 7622 8003 13565
5 4927 7816 7887 13566
5 4633 7763 7846 13567
5 3346 7158 8236 13568
5 5961 5960 8478 13569
5 3349 3350 7918 13570
5 4874 4876 7906 13571
5 4151 7790 7878 13572
5 3240 7364 7811 13573
5 5817 5815 8435 13574
5 5914 5918 7873 13575
5 4961 7199 8312 13576
5 206 207 7885 13577
5 4469 5217 7853 13578
5 858 864 7901 13579
5 1369 8203 8431 13580
5 7971 4940 7986 13581
5 4947 6067 7913 13582
5 172 173 7897 13583
5 6174 7956 8423 13584
5 2928 7864 7939 13585
5 2382 2380 7891 13586
5 7861 5013 8341 13587
5 6243 8345 8499 13588
5 2362 7890 7898 13589
5 7355 3573 8308 13590
5 5456 4848 7886 13591
5 8356 6111 8391 13592
5 4508 7792 7860 13593
5 5238 7725 8292 13594
5 8177 6558 8525 13595
5 5267 7357 7869 13596
5 7454 1925 8544 13597
5 8060 5564 8384 13598
5 1925 7440 8544 13599
5 7435 5342 7831 13600
5 4230 4232 8331 13601
5 1878 1880 7894 13602
5 4942 5332 8028 13603
5 8309 5320 8381 13604
5 6014 5121 8428 13605
5 3888 8036 8138 13606
5 1050 1056 7907 13607
5 3888 7069 8036 13608
5 7262 5244 7870 13609
5 5977 5961 8430 13610
5 3846 7868 8511 13611
5 7593 5460 8171 13612
5 5751 7634 7983 13613
5 2515 6849 7912 13614
5 5380 7842 8307 13615
5 6542 5513 8270 13616
5 3846 3844 7868 13617
5 7280 8486 8501 13618
5 5782 5639 7910 13619
5 1604 7130 7857 13620
5 7634 4741 7983 13621
5 4123 5266 8078 13622
5 1056 7881 7907 13623
5 5269 8042 8075 13624
5 7763 5179 7846 13625
5 4976 6815 7920 13626
5 4576 5068 8349 13627
5 7267 3925 7871 13628
5 4892 6215 7985 13629
5 7855 2123 8041 13630
5 7462 7813 7930 13631
5 3361 3743 7919 13632
5 4656 7184 7936 13633
5 4960 7512 7871 13634
5 4153 4151 7878 13635
5 5003 4659 7895 13636
5 7793 5160 8181 13637
5 7357 1935 7869 13638
5 2581 7845 7849 13639
5 4739 7730 8116 13640
5 218 5782 8396 13641
5 8308 3573 8406 13642
5 7818 3846 8511 13643
5 4176 3592 7938 13644
5 1366 6025 7966 13645
5 5132 5030 8134 13646
5 5380 4379 8461 13647
5 4232 4928 8364 13648
5 6987 5161 7896 13649
5 8004 1390 8471 13650
5 7013 4898 7877 13651
5 2126 2128 7905 13652
5 1481 1479 7904 13653
5 7528 5307 8401 13654
5 5392 7677 7923 13655
5 7664 1282 8169 13656
5 6991 7808 8012 13657
5 5471 7722 8255 13658
5 7018 7687 8104 13659
5 7621 5603 8199 13660
5 5676 3257 8133 13661
5 5320 4859 8381 13662
5 7724 5223 8178 13663
5 5050 5049 7902 13664
5 5120 4839 7944 13665
5 7009 8518 8583 13666
5 6198 6036 8088 13667
5 7266 3899 7876 13668
5 5871 5015 8050 13669
5 5134 8128 8135 13670
5 7884 4329 7973 13671
5 3730 6485 7967 13672
5 5532 5842 8155 13673
5 7665 6923 8509 13674
5 3141 8073 8288 13675
5 7294 5932 8101 13676
5 3207 8468 8497 13677
5 8029 5348 8222 13678
5 8194 4792 8297 13679
5 6208 6209 8572 13680
5 8523 7034 8539 13681
5 4861 7844 7892 13682
5 6302 6300 7975 13683
5 846 852 7932 13684
5 4523 5300 7875 13685
5 6040 4211 8014 13686
5 3157 7294 7903 13687
5 5672 4330 8027 13688
5 6632 6631 7942 13689
5 7304 4713 8419 13690
5 3478 7034 8523 13691
5 4130 4096 8210 13692
5 7325 7326 8491 13693
5 2507 6982 8383 13694
5 2507 8383 8433 13695
5 1287 1152 7933 13696
5 4845 7206 7889 13697
5 7241 2070 8476 13698
5 2362 7168 7890 13699
5 6428 8175 8372 13700
5 7567 4961 8312 13701
5 456 462 7981 13702
5 7512 7267 7871 13703
5 2187 7848 8054 13704
5 7709 5503 8221 13705
5 4902 7917 7994 13706
5 7933 5459 8408 13707
5 7870 5244 7947 13708
5 8409 5483 8509 13709
5 1931 1840 7927 13710
5 7734 7363 7795 13711
5 5293 7093 7916 13712
5 7866 5466 7979 13713
5 5172 6703 8167 13714
5 3987 7600 7815 13715
5 4172 5281 8555 13716
5 7687 6723 8104 13717
5 5901 7597 8278 13718
5 8331 4232 8364 13719
5 1297 516 7946 13720
5 4902 7129 7917 13721
5 678 1308 7935 13722
5 3744 7288 7888 13723
5 7759 5243 8119 13724
5 5055 5436 8223 13725
5 7206 4896 7914 13726
5 1315 8251 8407 13727
5 3441 3440 7925 13728
5 191 1348 7928 13729
5 6281 6283 7965 13730
5 1844 1961 7934 13731
5 8080 5548 8440 13732
5 7754 2492 8074 13733
5 7701 203 8239 13734
5 7056 4704 7931 13735
5 6761 6762 7941 13736
5 1664 8409 8509 13737
5 2573 2571 8405 13738
5 6136 1936 8520 13739
5 5819 5817 8415 13740
5 4713 7223 8419 13741
5 4933 5993 8011 13742
5 7743 5147 8092 13743
5 6031 4177 7996 13744
5 4859 6953 8477 13745
5 7646 4823 7806 13746
5 5400 6530 7969 13747
5 2458 7791 7929 13748
5 5978 5977 8375 13749
5 8437 5587 8506 13750
5 5227 7825 7938 13751
5 5926 6037 7958 13752
5 6030 7814 7821 13753
5 7852 6632 7942 13754
5 2992 2880 7915 13755
5 5539 4312 8515 13756
5 4858 7866 7979 13757
5 3977 3515 7957 13758
5 5351 7578 7993 13759
5 5195 5259 7940 13760
5 7889 7206 7914 13761
5 834 840 7968 13762
5 7474 4927 7887 13763
5 7129 7840 7917 13764
5 7579 4950 7825 13765
5 5307 7266 8401 13766
5 1597 1521 7948 13767
5 7853 5217 7954 13768
5 5179 7763 7792 13769
5 4096 5766 8200 13770
5 1281 5707 8345 13771
5 882 888 7974 13772
5 5638 5782 8361 13773
5 7288 7775 7888 13774
5 6751 1311 7969 13775
5 5525 8043 8493 13776
5 5384 5277 8579 13777
5 4329 6692 7973 13778
5 5158 6183 8527 13779
5 3780 6891 7937 13780
5 4845 7889 7952 13781
5 3871 7949 8038 13782
5 4870 5070 7951 13783
5 7825 4176 7938 13784
5 7742 5204 8311 13785
5 1315 6219 8251 13786
5 3573 7064 8406 13787
5 3041 3390 7956 13788
5 4814 5841 7908 13789
5 7152 3210 7926 13790
5 7898 5206 7905 13791
5 5713 8288 8536 13792
5 5257 8189 8275 13793
5 3671 6581 7978 13794
5 7931 5378 8304 13795
5 6173 6175 8522 13796
5 3871 7202 7949 13797
5 6825 1369 8431 13798
5 6498 7937 8069 13799
5 1410 7645 8556 13800
5 5073 4845 7952 13801
5 6739 6740 7988 13802
5 4886 4884 7964 13803
5 2134 2136 7970 13804
5 3146 7889 7914 13805
5 6600 1339 8130 13806
5 7440 5736 8544 13807
5 5021 5650 8002 13808
5 5723 4123 8078 13809
5 1397 6922 7955 13810
5 7982 5226 8008 13811
5 7926 3210 7945 13812
5 7927 5268 7982 13813
5 8150 6867 8309 13814
5 1822 1824 8464 13815
5 4634 6638 8022 13816
5 6960 8433 8482 13817
5 7777 4730 7984 13818
5 7730 5768 8116 13819
5 4938 7961 7997 13820
5 7795 4734 8007 13821
5 1932 6810 8173 13822
5 4211 7947 7992 13823
5 5698 4565 8551 13824
5 316 317 7991 13825
5 4208 5262 8275 13826
5 6919 1276 7960 13827
5 5831 6778 7977 13828
5 3210 7155 7945 13829
5 1485 1483 7980 13830
5 6987 7896 7961 13831
5 8435 5815 8470 13832
5 8478 5960 8535 13833
5 6065 4901 8459 13834
5 7804 5482 7922 13835
5 7823 6984 8020 13836
5 6617 8020 8125 13837
5 8005 5205 8117 13838
5 1983 5780 8512 13839
5 230 231 8010 13840
5 5217 5661 7954 13841
5 4210 7870 7947 13842
5 4101 4808 7987 13843
5 5161 7856 7896 13844
5 5695 7073 8338 13845
5 1287 8330 8462 13846
5 6960 2507 8433 13847
5 2460 2458 7929 13848
5 7778 5115 8023 13849
5 4813 7743 8092 13850
5 6921 1397 7971 13851
5 4938 6987 7961 13852
5 2266 7741 7805 13853
5 7725 4576 8292 13854
5 5244 7207 7947 13855
5 414 7817 8347 13856
5 5030 5242 8126 13857
5 4557 6014 8529 13858
5 5655 5212 7963 13859
5 7053 7280 8501 13860
5 1288 286 8018 13861
5 7034 1647 8539 13862
5 7862 2515 7912 13863
5 6872 4932 8017 13864
5 2211 2212 7998 13865
5 5209 5208 8530 13866
5 1345 7729 8385 13867
5 6007 7960 7986 13868
5 3482 5871 7999 13869
5 5825 5824 8376 13870
5 7966 6025 8159 13871
5 1276 6921 7986 13872
5 7334 4682 8090 13873
5 4865 7060 7972 13874
5 3576 4989 8026 13875
5 184 1347 8001 13876
5 1970 1928 8006 13877
5 8128 5132 8134 13878
5 5268 7934 7976 13879
5 7941 1362 8473 13880
5 546 1286 8003 13881
5 6014 8428 8529 13882
5 1397 7955 7971 13883
5 8477 6953 8562 13884
5 5412 5676 8498 13885
5 5765 7778 8023 13886
5 1284 196 7993 13887
5 7946 5799 8532 13888
5 7889 6034 7952 13889
5 582 588 8040 13890
5 1815 2372 7977 13891
5 7780 6030 7794 13892
5 5317 5414 7995 13893
5 5070 4902 7994 13894
5 8045 6654 8409 13895
5 213 214 8004 13896
5 8430 5961 8478 13897
5 7960 1276 7986 13898
5 5823 5822 8019 13899
5 8414 3620 8538 13900
5 1344 8440 8467 13901
5 1313 6980 8567 13902
5 4741 6207 7983 13903
5 6921 7971 7986 13904
5 5325 4938 7997 13905
5 5097 7832 8182 13906
5 6809 6808 8000 13907
5 5089 7462 7930 13908
5 6665 7699 8556 13909
5 5159 6532 8190 13910
5 6215 3618 8046 13911
5 6637 5347 8029 13912
5 7714 7009 8583 13913
5 3160 7942 8005 13914
5 8079 5297 8161 13915
5 7598 4854 8161 13916
5 4730 4729 8025 13917
5 7911 3730 7967 13918
5 7920 6815 8053 13919
5 1158 1164 8424 13920
5 654 1333 6307 13921
5 3948 8450 8480 13922
5 4731 3942 8009 13923
5 3366 8052 8059 13924
5 1394 6307 8290 13925
5 6984 6800 8020 13926
5 5144 7870 7911 13927
5 5980 5978 8370 13928
5 1931 7982 8008 13929
5 8415 5817 8435 13930
5 5062 8008 8058 13931
5 7915 6637 8029 13932
5 6919 7960 8011 13933
5 2501 7665 7874 13934
5 5063 5065 8060 13935
5 4955 5173 8036 13936
5 5298 7334 8090 13937
5 6739 7988 8186 13938
5 6669 6734 8346 13939
5 5514 5432 8422 13940
5 6585 5083 8160 13941
5 1664 1444 8045 13942
5 4869 5169 8061 13943
5 333 1334 8065 13944
5 5043 4400 8063 13945
5 179 180 8039 13946
5 4964 6669 8346 13947
5 1343 7883 8037 13948
5 7999 5871 8050 13949
5 8265 1960 8303 13950
5 5267 7869 7996 13951
5 251 1336 8449 13952
5 1396 6919 8011 13953
5 6004 8122 8267 13954
5 6230 3619 8100 13955
5 5251 8418 8484 13956
5 3366 3368 8052 13957
5 7615 1297 8532 13958
5 6070 354 8164 13959
5 6570 3736 8051 13960
5 7207 4926 7992 13961
5 6743 1382 8044 13962
5 8381 4859 8477 13963
5 199 200 8035 13964
5 8406 7064 8497 13965
5 8486 3869 8513 13966
5 7076 4977 8015 13967
5 3311 3366 8059 13968
5 5633 5634 8013 13969
5 5104 5253 8249 13970
5 5269 8075 8156 13971
5 5422 5425 8380 13972
5 3862 6977 8024 13973
5 5597 5628 8358 13974
5 7119 1931 8008 13975
5 8072 5043 8180 13976
5 4882 5162 8012 13977
5 5007 5006 8037 13978
5 7503 4069 8129 13979
5 6313 5708 8107 13980
5 5910 3113 8493 13981
5 7410 5152 7989 13982
5 6721 6722 8055 13983
5 5154 5910 8043 13984
5 8440 6451 8467 13985
5 5924 1341 8526 13986
5 8030 4977 8048 13987
5 6899 1313 8567 13988
5 8228 7295 8315 13989
5 5026 8100 8136 13990
5 6140 6094 8075 13991
5 7769 7294 8101 13992
5 2743 2776 8062 13993
5 3973 3871 8038 13994
5 6270 3791 8076 13995
5 7814 1603 7821 13996
5 1872 1874 8047 13997
5 7133 3888 8138 13998
5 5137 6349 8282 13999
5 5860 5234 8151 14000
5 7878 6872 8017 14001
5 8053 6814 8173 14002
5 5299 5351 8576 14003
5 5226 6230 8058 14004
5 5577 8051 8184 14005
5 1409 6958 8028 14006
5 7301 3160 8005 14007
5 6666 5010 8068 14008
5 7625 4996 7962 14009
5 1536 8328 8578 14010
5 8025 4729 8064 14011
5 6590 5187 8367 14012
5 6134 6125 8279 14013
5 3964 4533 8034 14014
5 5628 8246 8358 14015
5 6815 6814 8053 14016
5 6072 6073 8082 14017
5 3647 7759 8119 14018
5 7947 7207 7992 14019
5 3862 8024 8098 14020
5 1440 1932 8343 14021
5 8133 5410 8498 14022
5 1624 1619 8057 14023
5 7960 4933 8011 14024
5 5965 7479 7984 14025
5 4977 4212 8048 14026
5 7578 1284 7993 14027
5 1670 6960 8482 14028
5 7633 2928 7939 14029
5 5020 6205 8172 14030
5 8065 1334 8425 14031
5 5115 7205 8023 14032
5 5842 7959 8155 14033
5 6953 6748 8562 14034
5 7900 3146 7914 14035
5 8011 5993 8072 14036
5 217 218 8396 14037
5 7269 5145 8021 14038
5 7189 4855 8031 14039
5 2339 2157 8054 14040
5 5284 6268 8202 14041
5 1342 7750 7863 14042
5 1883 1881 8095 14043
5 7048 2526 8097 14044
5 5234 5020 8113 14045
5 8047 1874 8071 14046
5 504 510 8110 14047
5 1626 1632 8070 14048
5 6351 1370 8246 14049
5 6025 1332 8159 14050
5 1874 1876 8071 14051
5 8037 5547 8387 14052
5 3948 6735 8450 14053
5 4625 7796 7951 14054
5 5550 8082 8456 14055
5 8036 5173 8138 14056
5 6998 4655 8069 14057
5 5030 8126 8134 14058
5 7505 5917 8040 14059
5 1344 1134 8080 14060
5 3257 7719 8133 14061
5 1341 6467 8109 14062
5 1396 8011 8072 14063
5 2536 2534 8106 14064
5 5848 5281 8563 14065
5 6723 1373 8104 14066
5 8041 6390 8141 14067
5 1321 8002 8238 14068
5 8031 4855 8123 14069
5 1442 1440 8343 14070
5 5058 6546 8139 14071
5 528 1356 8086 14072
5 5053 5255 8081 14073
5 5438 5250 8511 14074
5 1352 618 8087 14075
5 1360 6789 8252 14076
5 4996 4995 8049 14077
5 7963 5212 8066 14078
5 4729 7216 8064 14079
5 8375 5977 8430 14080
5 5776 5775 8157 14081
5 7064 3207 8497 14082
5 8130 4873 8436 14083
5 3973 8038 8102 14084
5 4069 7618 8129 14085
5 3669 6798 8183 14086
5 3457 2888 8241 14087
5 2123 6389 8041 14088
5 8166 7665 8509 14089
5 5133 5134 8091 14090
5 5211 7269 8056 14091
5 7869 6031 7996 14092
5 4211 7992 8014 14093
5 4237 5072 8079 14094
5 4193 8154 8201 14095
5 4975 5696 8067 14096
5 5394 7803 7893 14097
5 1868 1870 8085 14098
5 7643 4858 7979 14099
5 4507 6012 8496 14100
5 8069 4655 8121 14101
5 6327 4506 8356 14102
5 6468 4300 8218 14103
5 5005 6542 8084 14104
5 7280 3869 8486 14105
5 6914 1396 8072 14106
5 5779 5781 8231 14107
5 456 7981 8447 14108
5 7969 1311 8366 14109
5 5487 5668 8213 14110
5 1299 249 8196 14111
5 5400 7969 8366 14112
5 5212 7019 8066 14113
5 5016 7785 8571 14114
5 6616 6617 8125 14115
5 1866 1868 8094 14116
5 6761 7941 8473 14117
5 4682 5047 8090 14118
5 6263 1283 8560 14119
5 3240 7811 8455 14120
5 278 1290 8533 14121
5 8058 6230 8100 14122
5 8370 5978 8375 14123
5 1515 1513 8093 14124
5 3669 8183 8274 14125
5 6517 6515 8142 14126
5 6749 5401 8366 14127
5 5205 4984 8117 14128
5 5047 5540 8099 14129
5 8468 5454 8497 14130
5 378 6565 8327 14131
5 6080 3669 8274 14132
5 4225 3874 8120 14133
5 1868 8085 8094 14134
5 4225 8120 8158 14135
5 210 211 8112 14136
5 7636 7313 8494 14137
5 8090 5047 8099 14138
5 3385 3387 8162 14139
5 4484 3973 8102 14140
5 5131 4651 8124 14141
5 5072 8046 8079 14142
5 1957 5923 8549 14143
5 1429 1431 8127 14144
5 1367 246 8149 14145
5 5332 5893 8475 14146
5 7803 5393 8489 14147
5 7928 1348 8420 14148
5 4674 8118 8192 14149
5 1248 1254 8137 14150
5 198 1349 8108 14151
5 5041 5042 8132 14152
5 5921 4557 8579 14153
5 8246 1370 8358 14154
5 6814 6653 8173 14155
5 7964 2162 8042 14156
5 4988 7735 7990 14157
5 5876 5875 8204 14158
5 8044 1382 8304 14159
5 7039 5265 8492 14160
5 7870 4210 7911 14161
5 4655 4654 8121 14162
5 5432 5430 8422 14163
5 1427 1429 8143 14164
5 7000 3862 8098 14165
5 262 263 8145 14166
5 6292 6291 8284 14167
5 2522 7062 8096 14168
5 1429 8127 8143 14169
5 7269 8021 8056 14170
5 5587 5863 8506 14171
5 1879 1877 8185 14172
5 1248 8137 8163 14173
5 5291 5924 8526 14174
5 176 177 8148 14175
5 8027 4899 8351 14176
5 2324 2209 8115 14177
5 8228 4368 8254 14178
5 5707 4949 8345 14179
5 6542 277 8533 14180
5 5509 7018 8104 14181
5 5173 5630 8138 14182
5 6909 1275 8103 14183
5 1672 1669 8584 14184
5 4735 6881 8207 14185
5 6312 5739 8454 14186
5 2563 8237 8254 14187
5 3486 5911 8463 14188
5 8142 6515 8240 14189
5 5152 6469 8469 14190
5 3077 3346 8122 14191
5 1242 1248 8163 14192
5 5360 4225 8158 14193
5 5198 5199 8268 14194
5 390 396 8199 14195
5 5435 372 8534 14196
5 1423 1425 8165 14197
5 5310 8140 8193 14198
5 4829 7818 8402 14199
5 5297 5330 8161 14200
5 7067 8480 8531 14201
5 5121 4368 8228 14202
5 4057 4455 8131 14203
5 5758 5756 8389 14204
5 1379 6739 8186 14205
5 6001 6471 8326 14206
5 7842 3450 8307 14207
5 1822 8316 8520 14208
5 3696 3693 8211 14209
5 5281 5282 8141 14210
5 2540 2538 8209 14211
5 7479 7777 7984 14212
5 4243 5026 8136 14213
5 4674 7140 8118 14214
5 4735 8207 8264 14215
5 7190 3214 8089 14216
5 3546 7249 8114 14217
5 6737 4061 8171 14218
5 3859 8152 8225 14219
5 5141 5142 8187 14220
5 5496 5498 8153 14221
5 3878 3877 8233 14222
5 1363 8199 8541 14223
5 4901 4900 8248 14224
5 5074 5532 8388 14225
5 3869 7235 8513 14226
5 2563 2542 8237 14227
5 8073 6692 8288 14228
5 3572 6164 8318 14229
5 6675 5163 8191 14230
5 7950 5487 8213 14231
5 1291 6606 8223 14232
5 8000 1385 8337 14233
5 3362 3935 8144 14234
5 5158 4716 8147 14235
5 7433 7159 8427 14236
5 7094 1922 8113 14237
5 1275 6912 8126 14238
5 1395 6915 8128 14239
5 5310 6842 8140 14240
5 8246 5074 8388 14241
5 7059 2530 8150 14242
5 6912 1395 8134 14243
5 6482 6484 8323 14244
5 4368 2563 8254 14245
5 1282 189 8169 14246
5 7137 5051 8111 14247
5 6915 1318 8135 14248
5 1387 7838 8107 14249
5 1326 217 8396 14250
5 5223 5222 8178 14251
5 8049 4995 8251 14252
5 6914 8072 8180 14253
5 6652 6654 8208 14254
5 5580 5575 8184 14255
5 5099 5097 8182 14256
5 6002 6000 8267 14257
5 4978 5515 8186 14258
5 250 251 8449 14259
5 8174 1623 8259 14260
5 6900 1389 8146 14261
5 8103 1275 8126 14262
5 5893 6970 8475 14263
5 7067 3948 8480 14264
5 8039 180 8458 14265
5 2621 2619 8175 14266
5 3975 3898 8189 14267
5 5270 5269 8156 14268
5 1419 1421 8206 14269
5 7276 7805 7985 14270
5 5041 8132 8198 14271
5 5122 8176 8244 14272
5 8463 5911 8500 14273
5 3688 4193 8201 14274
5 1367 8149 8335 14275
5 5242 8103 8126 14276
5 1288 7989 8469 14277
5 1520 7839 8061 14278
5 1293 7567 8312 14279
5 5513 7940 8271 14280
5 7019 4258 8195 14281
5 4562 7769 8101 14282
5 1875 1873 8250 14283
5 6515 6513 8240 14284
5 3859 7151 8152 14285
5 7442 3501 8222 14286
5 7760 5140 8395 14287
5 5090 5092 8216 14288
5 4807 5200 8119 14289
5 5440 5216 8438 14290
5 1901 8230 8263 14291
5 6213 6211 8260 14292
5 7084 6399 8573 14293
5 328 329 8220 14294
5 1901 1899 8230 14295
5 8318 6164 8333 14296
5 8126 6912 8134 14297
5 1395 8128 8134 14298
5 5122 7044 8176 14299
5 5420 5422 8380 14300
5 5311 5310 8193 14301
5 8128 6915 8135 14302
5 2904 2573 8405 14303
5 5092 5246 8219 14304
5 7062 1623 8174 14305
5 8216 5092 8219 14306
5 2328 6497 8249 14307
5 8324 5194 8379 14308
5 6676 6678 8226 14309
5 5771 4370 8215 14310
5 1306 7820 8157 14311
5 5537 5514 8394 14312
5 163 1359 8224 14313
5 8195 4258 8269 14314
5 1984 1986 8242 14315
5 8113 1922 8151 14316
5 4995 5353 8251 14317
5 5524 6026 8426 14318
5 5138 6584 8253 14319
5 1230 1236 8234 14320
5 5231 5041 8198 14321
5 5824 5819 8415 14322
5 1318 6914 8180 14323
5 6024 2690 8434 14324
5 8066 7019 8195 14325
5 4993 5530 8280 14326
5 277 278 8533 14327
5 5138 8253 8256 14328
5 8240 6513 8283 14329
5 5409 5412 8498 14330
5 5377 6895 8292 14331
5 5585 6882 8295 14332
5 5219 6428 8372 14333
5 6191 5247 8374 14334
5 1330 6753 8453 14335
5 4983 5406 8181 14336
5 8135 1318 8180 14337
5 5135 4561 8227 14338
5 4910 7195 8203 14339
5 1340 276 8270 14340
5 7249 4674 8192 14341
5 4734 7625 8007 14342
5 3197 7094 8172 14343
5 8251 5353 8407 14344
5 1604 7857 8280 14345
5 5126 4230 8331 14346
5 1164 1345 8424 14347
5 7216 5056 8154 14348
5 4459 6560 8452 14349
5 5234 8113 8151 14350
5 3191 3073 8212 14351
5 6124 6126 8285 14352
5 5270 8156 8243 14353
5 8299 3036 8319 14354
5 5377 8292 8349 14355
5 7848 6082 8054 14356
5 6423 6425 8357 14357
5 203 204 8239 14358
5 5303 5164 8214 14359
5 4909 5519 8252 14360
5 7159 5046 8427 14361
5 5444 5446 8232 14362
5 6576 6360 8574 14363
5 6183 5219 8527 14364
5 8096 7062 8174 14365
5 5588 5587 8437 14366
5 1903 1901 8263 14367
5 5187 5138 8256 14368
5 8285 6126 8303 14369
5 1433 1435 8245 14370
5 3038 3036 8299 14371
5 5311 8193 8261 14372
5 5238 4735 8264 14373
5 1509 1507 8235 14374
5 6513 6511 8283 14375
5 1598 7160 8177 14376
5 4529 8226 8362 14377
5 226 7658 8336 14378
5 5468 5381 8307 14379
5 5208 6737 8205 14380
5 1400 7861 8341 14381
5 4986 7665 8166 14382
5 7094 8113 8172 14383
5 8159 1332 8369 14384
5 1869 1867 8300 14385
5 3694 5463 8400 14386
5 6421 6423 8413 14387
5 5123 5122 8244 14388
5 5093 7110 8197 14389
5 6126 6129 8303 14390
5 8028 5332 8475 14391
5 5289 5288 8302 14392
5 8350 2050 8393 14393
5 5266 8026 8078 14394
5 7145 3859 8225 14395
5 1408 6936 8204 14396
5 6137 6136 8316 14397
5 6692 5128 8288 14398
5 7937 6998 8069 14399
5 6259 2905 8410 14400
5 6737 8171 8205 14401
5 5135 8227 8322 14402
5 5190 5189 8293 14403
5 5272 5270 8243 14404
5 7616 4851 8083 14405
5 5346 5344 8210 14406
5 5103 5257 8275 14407
5 2905 8397 8410 14408
5 7645 307 8332 14409
5 8064 7216 8154 14410
5 1218 1224 8276 14411
5 8426 6026 8476 14412
5 5324 8308 8406 14413
5 5904 2050 8350 14414
5 3036 3034 8319 14415
5 1408 8204 8548 14416
5 7278 4964 8346 14417
5 5616 8004 8471 14418
5 6024 8434 8446 14419
5 7885 1304 8268 14420
5 1511 1509 8257 14421
5 5292 8109 8218 14422
5 5350 5311 8261 14423
5 6421 8413 8457 14424
5 6164 1912 8333 14425
5 4008 6549 8378 14426
5 5174 6314 8460 14427
5 6665 6664 8295 14428
5 8283 6511 8348 14429
5 5220 6263 8560 14430
5 265 266 8294 14431
5 1357 6769 8362 14432
5 5387 2744 8286 14433
5 1826 1828 8262 14434
5 6012 3901 8481 14435
5 7858 5655 7963 14436
5 4956 7973 8073 14437
5 4499 8202 8247 14438
5 2265 7000 8258 14439
5 1356 534 8272 14440
5 7510 6732 8561 14441
5 5183 5184 8291 14442
5 5357 6478 8377 14443
5 6229 4666 8521 14444
5 8131 5284 8202 14445
5 7939 4792 8194 14446
5 7796 6341 8483 14447
5 6618 6420 8516 14448
5 8392 1859 8429 14449
5 5219 8372 8527 14450
5 5292 5291 8526 14451
5 1802 1960 8265 14452
5 1509 8235 8257 14453
5 5012 6195 8341 14454
5 4792 4250 8297 14455
5 1985 1859 8392 14456
5 5196 6629 8328 14457
5 8148 177 8557 14458
5 1332 5761 8369 14459
5 5123 8244 8273 14460
5 7124 3787 8221 14461
5 5202 5548 8330 14462
5 8082 6073 8093 14463
5 5427 5429 8277 14464
5 6174 6173 8522 14465
5 7000 8098 8258 14466
5 7805 4892 7985 14467
5 8186 5515 8558 14468
5 8113 5020 8172 14469
5 1298 8377 8398 14470
5 1382 6759 8304 14471
5 5509 8104 8510 14472
5 7158 4698 8236 14473
5 5155 5123 8273 14474
5 6420 6421 8457 14475
5 1859 1807 8429 14476
5 5967 5966 8417 14477
5 7826 2279 8545 14478
5 5852 1367 8335 14479
5 6909 8103 8370 14480
5 6469 6470 8469 14481
5 8104 1373 8510 14482
5 6242 8499 8543 14483
5 8320 5151 8365 14484
5 1937 8309 8381 14485
5 8450 6349 8480 14486
5 8042 6140 8075 14487
5 5553 6429 8474 14488
5 308 4980 8332 14489
5 4855 7598 8123 14490
5 2050 2034 8393 14491
5 5061 6451 8440 14492
5 6735 7319 8450 14493
5 6308 4846 8399 14494
5 1334 6303 8425 14495
5 1525 1523 8289 14496
5 1379 8186 8558 14497
5 6511 6509 8348 14498
5 408 414 8347 14499
5 8278 7394 8314 14500
5 2492 6811 8382 14501
5 7142 4499 8247 14502
5 5424 5427 8298 14503
5 5877 5878 8411 14504
5 366 378 8327 14505
5 5667 5676 8373 14506
5 6728 5235 8344 14507
5 8204 5875 8548 14508
5 5272 8243 8287 14509
5 5160 7592 8168 14510
5 7668 4813 8092 14511
5 6398 2100 8573 14512
5 6341 6344 8483 14513
5 5923 5168 8296 14514
5 1409 8028 8475 14515
5 6353 4883 8545 14516
5 4949 6402 8499 14517
5 5188 5459 8355 14518
5 5685 5686 8455 14519
5 1527 1525 8301 14520
5 5427 8277 8298 14521
5 6501 7858 7963 14522
5 5127 7503 8129 14523
5 8008 5226 8058 14524
5 2905 4483 8397 14525
5 8348 6509 8383 14526
5 325 326 8338 14527
5 5246 5245 8337 14528
5 5274 5272 8287 14529
5 1282 7664 8170 14530
5 1414 225 8336 14531
5 6451 5174 8467 14532
5 4702 5326 8320 14533
5 5401 5400 8366 14534
5 8255 4728 8308 14535
5 7934 1961 7976 14536
5 4821 6449 8514 14537
5 1931 7927 7982 14538
5 1669 1670 8584 14539
5 8499 6402 8543 14540
5 5451 5135 8322 14541
5 5875 5877 8548 14542
5 7059 8150 8309 14543
5 1751 1806 8503 14544
5 5464 5214 8329 14545
5 1188 1194 8342 14546
5 8519 6229 8521 14547
5 7827 5055 8223 14548
5 6573 4130 8570 14549
5 1809 1818 8313 14550
5 8146 1389 8547 14551
5 5911 1726 8500 14552
5 1937 7059 8309 14553
5 5378 5377 8349 14554
5 1525 8289 8301 14555
5 8372 7614 8527 14556
5 8486 5524 8501 14557
5 4281 7124 8266 14558
5 302 303 8354 14559
5 5772 5771 8324 14560
5 5353 5597 8407 14561
5 5153 7142 8281 14562
5 5430 4962 8423 14563
5 6509 6507 8383 14564
5 1531 1529 8321 14565
5 8428 5386 8529 14566
5 5582 5667 8373 14567
5 4816 5745 8385 14568
5 1280 6576 8574 14569
5 8103 5980 8370 14570
5 4178 5228 8351 14571
5 1206 1212 8360 14572
5 3155 6024 8446 14573
5 3390 3044 8325 14574
5 5112 5565 8311 14575
5 6026 5233 8476 14576
5 1533 1531 8334 14577
5 288 1343 8387 14578
5 5255 8022 8081 14579
5 3389 7394 8278 14580
5 8342 1194 8386 14581
5 5326 8297 8320 14582
5 8487 5812 8519 14583
5 4939 5935 8408 14584
5 8383 6507 8433 14585
5 4570 7067 8531 14586
5 7263 4728 8255 14587
5 2309 6438 8571 14588
5 8212 6004 8326 14589
5 1311 6749 8366 14590
5 6759 7931 8304 14591
5 1339 7782 8130 14592
5 1623 7472 8259 14593
5 5523 5524 8486 14594
5 1373 7463 8510 14595
5 7199 5664 8312 14596
5 8480 5642 8531 14597
5 4258 7302 8269 14598
5 3938 3517 8508 14599
5 8382 6811 8439 14600
5 5178 5324 8406 14601
5 1824 1979 8464 14602
5 5348 7637 8222 14603
5 4565 6975 8551 14604
5 7124 8221 8266 14605
5 7142 8247 8281 14606
5 3691 6661 8543 14607
5 5387 8331 8364 14608
5 5314 4722 8390 14609
5 6423 8357 8413 14610
5 1531 8321 8334 14611
5 8577 5323 8581 14612
5 4379 4356 8489 14613
5 6522 6523 8451 14614
5 5417 5416 8340 14615
5 6349 5642 8480 14616
5 5706 6564 8569 14617
5 6564 1413 8569 14618
5 7690 4739 8116 14619
5 1959 1957 8549 14620
5 5813 5812 8487 14621
5 4165 4164 8306 14622
5 1609 6871 8492 14623
5 1194 1200 8386 14624
5 5523 8486 8513 14625
5 6629 1596 8578 14626
5 2948 2950 8412 14627
5 6399 6398 8573 14628
5 8125 3975 8189 14629
5 6314 5220 8507 14630
5 4806 6117 8565 14631
5 5191 5598 8525 14632
5 6507 6505 8433 14633
5 2518 7024 8357 14634
5 5167 8310 8314 14635
5 8413 1653 8457 14636
5 4945 4480 8505 14637
5 5812 6229 8519 14638
5 6589 8488 8523 14639
5 5323 5321 8581 14640
5 1182 1298 8398 14641
5 5194 5193 8379 14642
5 8433 6505 8482 14643
5 219 1350 8361 14644
5 2368 2287 8363 14645
5 8439 1609 8492 14646
5 5712 5323 8577 14647
5 6351 8246 8388 14648
5 5642 5641 8531 14649
5 5388 5387 8364 14650
5 3841 3912 8359 14651
5 6589 6590 8488 14652
5 630 1273 8384 14653
5 6402 3691 8543 14654
5 5274 7528 8401 14655
5 8236 4698 8305 14656
5 8063 5134 8135 14657
5 6449 4206 8448 14658
5 5229 5724 8432 14659
5 5151 5450 8365 14660
5 6505 6504 8482 14661
5 5314 8390 8441 14662
5 4635 7088 8353 14663
5 450 456 8447 14664
5 6449 8448 8514 14665
5 7058 1937 8381 14666
5 4966 4527 8371 14667
5 6119 8015 8030 14668
5 5035 5483 8409 14669
5 6242 6243 8499 14670
5 3620 3345 8538 14671
5 1348 6901 8420 14672
5 6420 8457 8516 14673
5 6023 2390 8438 14674
5 5403 5404 8524 14675
5 6923 1664 8509 14676
5 5316 5314 8441 14677
5 6606 7827 8223 14678
5 5918 5916 8443 14679
5 5256 6589 8523 14680
5 5215 5213 8416 14681
5 7733 7209 8436 14682
5 5657 4711 8465 14683
5 5316 8441 8502 14684
5 2944 2946 8504 14685
5 180 181 8458 14686
5 5258 5616 8471 14687
5 5525 5523 8513 14688
5 2730 2722 8444 14689
5 1353 576 8421 14690
5 6811 1609 8439 14691
5 1140 1146 8462 14692
5 5236 6761 8473 14693
5 5043 8063 8180 14694
5 1374 6693 8517 14695
5 1393 6909 8370 14696
5 8203 7195 8431 14697
5 4728 7355 8308 14698
5 5301 5155 8391 14699
5 4133 4624 8554 14700
5 6908 1393 8375 14701
5 7024 1653 8413 14702
5 6892 8477 8562 14703
5 5140 5407 8400 14704
5 6967 5256 8539 14705
5 4460 5201 8403 14706
5 6565 5706 8569 14707
5 4846 4755 8472 14708
5 1413 6565 8569 14709
5 5178 8406 8497 14710
5 271 272 8564 14711
5 426 432 8528 14712
5 1388 7510 8561 14713
5 2979 2574 8537 14714
5 5413 5316 8502 14715
5 6012 8481 8496 14716
5 5853 7633 8194 14717
5 4698 4224 8404 14718
5 3501 8029 8222 14719
5 8241 5209 8530 14720
5 7394 5167 8314 14721
5 5256 8523 8539 14722
5 6730 1379 8558 14723
5 5477 5478 8459 14724
5 7390 5299 8576 14725
5 290 291 8572 14726
5 1295 7793 8181 14727
5 1393 8370 8375 14728
5 5155 8356 8391 14729
5 8288 5128 8536 14730
5 4575 4638 8490 14731
5 6804 1344 8467 14732
5 3047 7077 8394 14733
5 1653 7016 8457 14734
5 177 178 8557 14735
5 7936 5454 8468 14736
5 6661 6242 8543 14737
5 3190 3037 8445 14738
5 8379 5193 8495 14739
5 1384 6804 8460 14740
5 1370 6316 8358 14741
5 5134 8063 8091 14742
5 8357 7024 8413 14743
5 4097 4099 8442 14744
5 7962 4996 8049 14745
5 8432 4846 8472 14746
5 5771 8215 8324 14747
5 8460 6804 8467 14748
5 6892 7058 8477 14749
5 7195 5240 8431 14750
5 7876 5274 8401 14751
5 1349 7390 8576 14752
5 4886 7964 8042 14753
5 7016 2512 8516 14754
5 5393 4852 8461 14755
5 4273 5209 8485 14756
5 1459 1461 8479 14757
5 6908 8375 8430 14758
5 5174 8460 8467 14759
5 3462 5569 8466 14760
5 7782 4873 8130 14761
5 1319 6908 8430 14762
5 1936 1820 8520 14763
5 1337 7742 8311 14764
5 5510 5509 8510 14765
5 2702 2734 8540 14766
5 8484 2802 8518 14767
5 5454 5178 8497 14768
5 1384 8460 8507 14769
5 6835 1384 8507 14770
5 8063 4400 8091 14771
5 5279 4829 8402 14772
5 5483 7758 8166 14773
5 384 1363 8568 14774
5 6980 5094 8567 14775
5 5522 5171 8481 14776
5 8015 4977 8030 14777
5 5171 5504 8496 14778
5 4533 6752 8437 14779
5 2371 7316 8376 14780
5 5210 5698 8551 14781
5 2368 8415 8435 14782
5 1328 6351 8388 14783
5 6907 1319 8478 14784
5 8419 1916 8491 14785
5 3063 3065 8542 14786
5 5282 8041 8141 14787
5 1273 8060 8384 14788
5 1613 6892 8562 14789
5 5386 5384 8529 14790
5 7089 2368 8435 14791
5 2249 2251 8582 14792
5 7658 1414 8336 14793
5 3061 3063 8550 14794
5 5369 5371 8559 14795
5 7223 1916 8419 14796
5 1368 7962 8049 14797
5 1319 8430 8478 14798
5 8403 5201 8434 14799
5 6360 6931 8574 14800
5 8460 6314 8507 14801
5 6835 8507 8560 14802
5 1283 6835 8560 14803
5 8316 1822 8464 14804
5 8481 5171 8496 14805
5 4873 7733 8436 14806
5 1596 1537 8578 14807
5 8457 7016 8516 14808
5 5193 5341 8495 14809
5 5167 7617 8310 14810
5 1389 6897 8547 14811
5 7463 5510 8510 14812
5 3063 8542 8550 14813
5 8507 5220 8560 14814
5 6898 1388 8561 14815
5 3348 7089 8470 14816
5 4980 7645 8332 14817
5 1287 7933 8408 14818
5 7270 7053 8501 14819
5 6970 1409 8475 14820
5 7058 8381 8477 14821
5 1391 6907 8535 14822
5 6907 8478 8535 14823
5 4318 5544 8553 14824
5 4685 7346 8418 14825
5 7514 5582 8373 14826
5 4900 7696 8248 14827
5 5070 7636 8317 14828
5 1922 7829 8151 14829
5 7973 6692 8073 14830
5 7640 4008 8378 14831
5 7835 5512 8242 14832
5 6931 1280 8574 14833
5 7505 1285 8411 14834
5 1336 8067 8449 14835
5 7089 8435 8470 14836
5 5630 5629 8512 14837
5 7683 1408 8548 14838
5 8495 5341 8546 14839
5 7956 3390 8423 14840
5 7346 2802 8484 14841
5 7313 5869 8494 14842
5 2100 7084 8573 14843
5 5351 8108 8576 14844
5 2677 7614 8372 14845
5 2802 7314 8518 14846
5 1916 7325 8491 14847
5 7249 4982 8575 14848
5 6181 8114 8575 14849
5 7940 5259 8271 14850
5 5341 7435 8546 14851
5 2461 2462 8580 14852
5 5187 8256 8367 14853
5 5199 7885 8268 14854
5 7910 1326 8396 14855
5 7314 3855 8583 14856
5 4174 4172 8555 14857
5 8026 4989 8078 14858
5 7820 5776 8157 14859
5 4625 7951 8317 14860
5 1343 8037 8387 14861
5 7633 7939 8194 14862
5 8002 5650 8238 14863
5 7861 6925 8238 14864
5 1932 8208 8343 14865
5 7959 5861 8155 14866
5 8418 7346 8484 14867
5 7724 6730 8558 14868
5 8325 5514 8422 14869
5 1290 8084 8533 14870
5 8518 7314 8583 14871
5 5245 8000 8337 14872
5 7868 5438 8511 14873
5 5280 8074 8382 14874
5 8074 2492 8382 14875
5 7614 5158 8527 14876
5 5046 8055 8427 14877
5 8051 3736 8184 14878
5 5128 7676 8536 14879
5 3744 7888 8315 14880
5 7951 5070 8317 14881
5 372 666 8534 14882
5 8043 5910 8493 14883
5 8068 1330 8453 14884
5 5121 8228 8315 14885
5 7699 1410 8556 14886
5 5877 7683 8548 14887
5 8034 4533 8506 14888
5 4871 7796 8483 14889
5 5515 7724 8558 14890
5 1664 8045 8409 14891
5 5288 8233 8302 14892
5 8109 5292 8526 14893
5 7720 5675 8566 14894
5 7266 7876 8401 14895
5 8199 5603 8541 14896
5 8273 6327 8356 14897
5 8077 6734 8485 14898
5 5782 7910 8396 14899
5 8122 3346 8267 14900
5 7319 8282 8450 14901
5 8318 5420 8380 14902
5 7888 5386 8428 14903
5 1344 8080 8440 14904
5 8322 2904 8405 14905
5 5672 8027 8351 14906
5 8286 5126 8331 14907
5 5938 7936 8468 14908
5 8233 3877 8302 14909
5 1345 8355 8424 14910
5 5483 8166 8509 14911
5 8033 5852 8570 14912
5 7989 5152 8469 14913
5 8082 1934 8456 14914
5 8305 4698 8404 14915
5 8363 5824 8415 14916
5 8330 5548 8462 14917
5 3191 8212 8326 14918
5 1297 7946 8532 14919
5 6556 8305 8404 14920
5 8208 6654 8343 14921
5 5209 8077 8485 14922
5 8055 6722 8427 14923
5 1598 8177 8525 14924
5 8226 6678 8362 14925
5 5387 8286 8331 14926
5 8067 5696 8449 14927
5 6666 8068 8453 14928
5 5155 8273 8356 14929
5 1670 8451 8584 14930
5 5852 8335 8570 14931
5 5676 8133 8498 14932
5 4130 8033 8570 14933
5 3572 8318 8380 14934
5 8445 6174 8522 14935
5 8084 6542 8533 14936
5 1341 8109 8526 14937
5 3457 8241 8530 14938
5 5451 8322 8405 14939
5 8114 7249 8575 14940
5 8315 7888 8428 14941
5 3390 8325 8422 14942
5 8282 6349 8450 14943
5 2368 8363 8415 14944
5 5724 8399 8432 14945
5 5208 8205 8530 14946
5 8108 1349 8576 14947
5 8355 5459 8424 14948
5 5121 8315 8428 14949
5 8399 4846 8432 14950
5 5281 8141 8563 14951
5 6137 8316 8464 14952
5 8426 7270 8501 14953
5 8369 5761 8452 14954
5 6560 8369 8452 14955
5 8316 6136 8520 14956
5 5923 8296 8549 14957
5 8335 6573 8570 14958
5 5524 8426 8501 14959
5 8328 6629 8578 14960
5 3190 8445 8522 14961
5 4624 8494 8554 14962
5 8494 5869 8554 14963
5 8451 6523 8584 14964
5 354 1413 8164 14965
5 1413 366 8327 14966
5 1411 1272 7859 14967
5 6704 1411 7859 14968
5 1272 162 7859 14969
5 354 366 1413 14970
9 14 15 427 421 14971
9 421 427 428 422 14972
9 422 428 429 423 14973
9 423 429 430 424 14974
9 424 430 431 425 14975
9 425 431 432 426 14976
9 7 8 385 379 14977
9 379 385 386 380 14978
9 380 386 387 381 14979
9 381 387 388 382 14980
9 382 388 389 383 14981
9 383 389 390 384 14982
9 10 11 403 397 14983
9 397 403 404 398 14984
9 398 404 405 399 14985
9 399 405 406 400 14986
9 400 406 407 401 14987
9 401 407 408 402 14988
9 6 7 379 373 14989
9 373 379 380 374 14990
9 374 380 381 375 14991
9 375 381 382 376 14992
9 376 382 383 377 14993
9 377 383 384 378 14994
9 29 30 517 511 14995
9 511 517 518 512 14996
9 512 518 519 513 14997
9 513 519 520 514 14998
9 514 520 521 515 14999
9 515 521 522 516 15000
9 28 29 511 505 15001
9 505 511 512 506 15002
9 506 512 513 507 15003
9 507 513 514 508 15004
9 508 514 515 509 15005
9 509 515 516 510 15006
9 13 14 421 415 15007
9 415 421 422 416 15008
9 416 422 423 417 15009
9 417 423 424 418 15010
9 418 424 425 419 15011
9 419 425 426 420 15012
9 0 5 361 360 15013
9 360 361 362 359 15014
9 359 362 363 358 15015
9 358 363 364 357 15016
9 357 364 365 356 15017
9 356 365 366 355 15018
9 15 16 433 427 15019
9 427 433 434 428 15020
9 428 434 435 429 15021
9 429 435 436 430 15022
9 430 436 437 431 15023
9 431 437 438 432 15024
9 16 17 439 433 15025
9 433 439 440 434 15026
9 434 440 441 435 15027
9 435 441 442 436 15028
9 436 442 443 437 15029
9 437 443 444 438 15030
9 17 18 445 439 15031
9 439 445 446 440 15032
9 440 446 447 441 15033
9 441 447 448 442 15034
9 442 448 449 443 15035
9 443 449 450 444 15036
9 18 19 451 445 15037
9 445 451 452 446 15038
9 446 452 453 447 15039
9 447 453 454 448 15040
9 448 454 455 449 15041
9 449 455 456 450 15042
9 19 20 457 451 15043
9 451 457 458 452 15044
9 452 458 459 453 15045
9 453 459 460 454 15046
9 454 460 461 455 15047
9 455 461 462 456 15048
9 20 21 463 457 15049
9 457 463 464 458 15050
9 458 464 465 459 15051
9 459 465 466 460 15052
9 460 466 467 461 15053
9 461 467 468 462 15054
9 21 22 469 463 15055
9 463 469 470 464 15056
9 464 470 471 465 15057
9 465 471 472 466 15058
9 466 472 473 467 15059
9 467 473 474 468 15060
9 22 23 475 469 15061
9 469 475 476 470 15062
9 470 476 477 471 15063
9 471 477 478 472 15064
9 472 478 479 473 15065
9 473 479 480 474 15066
9 23 24 481 475 15067
9 475 481 482 476 15068
9 476 482 483 477 15069
9 477 483 484 478 15070
9 478 484 485 479 15071
9 479 485 486 480 15072
9 24 25 487 481 15073
9 481 487 488 482 15074
9 482 488 489 483 15075
9 483 489 490 484 15076
9 484 490 491 485 15077
9 485 491 492 486 15078
9 25 26 493 487 15079
9 487 493 494 488 15080
9 488 494 495 489 15081
9 489 495 496 490 15082
9 490 496 497 491 15083
9 491 497 498 492 15084
9 47 48 625 619 15085
9 619 625 626 620 15086
9 620 626 627 621 15087
9 621 627 628 622 15088
9 622 628 629 623 15089
9 623 629 630 624 15090
9 48 49 631 625 15091
9 625 631 632 626 15092
9 626 632 633 627 15093
9 627 633 634 628 15094
9 628 634 635 629 15095
9 629 635 636 630 15096
9 30 31 523 517 15097
9 517 523 524 518 15098
9 518 524 525 519 15099
9 519 525 526 520 15100
9 520 526 527 521 15101
9 521 527 528 522 15102
9 31 32 529 523 15103
9 523 529 530 524 15104
9 524 530 531 525 15105
9 525 531 532 526 15106
9 526 532 533 527 15107
9 527 533 534 528 15108
9 32 33 535 529 15109
9 529 535 536 530 15110
9 530 536 537 531 15111
9 531 537 538 532 15112
9 532 538 539 533 15113
9 533 539 540 534 15114
9 33 34 541 535 15115
9 535 541 542 536 15116
9 536 542 543 537 15117
9 537 543 544 538 15118
9 538 544 545 539 15119
9 539 545 546 540 15120
9 34 35 547 541 15121
9 541 547 548 542 15122
9 542 548 549 543 15123
9 543 549 550 544 15124
9 544 550 551 545 15125
9 545 551 552 546 15126
9 35 36 553 547 15127
9 547 553 554 548 15128
9 548 554 555 549 15129
9 549 555 556 550 15130
9 550 556 557 551 15131
9 551 557 558 552 15132
9 36 37 559 553 15133
9 553 559 560 554 15134
9 554 560 561 555 15135
9 555 561 562 556 15136
9 556 562 563 557 15137
9 557 563 564 558 15138
9 37 38 565 559 15139
9 559 565 566 560 15140
9 560 566 567 561 15141
9 561 567 568 562 15142
9 562 568 569 563 15143
9 563 569 570 564 15144
9 38 39 571 565 15145
9 565 571 572 566 15146
9 566 572 573 567 15147
9 567 573 574 568 15148
9 568 574 575 569 15149
9 569 575 576 570 15150
9 39 40 577 571 15151
9 571 577 578 572 15152
9 572 578 579 573 15153
9 573 579 580 574 15154
9 574 580 581 575 15155
9 575 581 582 576 15156
9 40 41 583 577 15157
9 577 583 584 578 15158
9 578 584 585 579 15159
9 579 585 586 580 15160
9 580 586 587 581 15161
9 581 587 588 582 15162
9 41 42 589 583 15163
9 583 589 590 584 15164
9 584 590 591 585 15165
9 585 591 592 586 15166
9 586 592 593 587 15167
9 587 593 594 588 15168
9 42 43 595 589 15169
9 589 595 596 590 15170
9 590 596 597 591 15171
9 591 597 598 592 15172
9 592 598 599 593 15173
9 593 599 600 594 15174
9 43 44 601 595 15175
9 595 601 602 596 15176
9 596 602 603 597 15177
9 597 603 604 598 15178
9 598 604 605 599 15179
9 599 605 606 600 15180
9 44 45 607 601 15181
9 601 607 608 602 15182
9 602 608 609 603 15183
9 603 609 610 604 15184
9 604 610 611 605 15185
9 605 611 612 606 15186
9 45 46 613 607 15187
9 607 613 614 608 15188
9 608 614 615 609 15189
9 609 615 616 610 15190
9 610 616 617 611 15191
9 611 617 618 612 15192
9 46 47 619 613 15193
9 613 619 620 614 15194
9 614 620 621 615 15195
9 615 621 622 616 15196
9 616 622 623 617 15197
9 617 623 624 618 15198
9 89 90 877 871 15199
9 871 877 878 872 15200
9 872 878 879 873 15201
9 873 879 880 874 15202
9 874 880 881 875 15203
9 875 881 882 876 15204
9 90 91 883 877 15205
9 877 883 884 878 15206
9 878 884 885 879 15207
9 879 885 886 880 15208
9 880 886 887 881 15209
9 881 887 888 882 15210
9 91 92 889 883 15211
9 883 889 890 884 15212
9 884 890 891 885 15213
9 885 891 892 886 15214
9 886 892 893 887 15215
9 887 893 894 888 15216
9 92 93 895 889 15217
9 889 895 896 890 15218
9 890 896 897 891 15219
9 891 897 898 892 15220
9 892 898 899 893 15221
9 893 899 900 894 15222
9 49 50 637 631 15223
9 631 637 638 632 15224
9 632 638 639 633 15225
9 633 639 640 634 15226
9 634 640 641 635 15227
9 635 641 642 636 15228
9 50 51 643 637 15229
9 637 643 644 638 15230
9 638 644 645 639 15231
9 639 645 646 640 15232
9 640 646 647 641 15233
9 641 647 648 642 15234
9 51 52 649 643 15235
9 643 649 650 644 15236
9 644 650 651 645 15237
9 645 651 652 646 15238
9 646 652 653 647 15239
9 647 653 654 648 15240
9 52 53 655 649 15241
9 649 655 656 650 15242
9 650 656 657 651 15243
9 651 657 658 652 15244
9 652 658 659 653 15245
9 653 659 660 654 15246
9 53 1 367 655 15247
9 655 367 368 656 15248
9 656 368 369 657 15249
9 657 369 370 658 15250
9 658 370 371 659 15251
9 659 371 372 660 15252
9 1 54 661 367 15253
9 367 661 662 368 15254
9 368 662 663 369 15255
9 369 663 664 370 15256
9 370 664 665 371 15257
9 371 665 666 372 15258
9 54 55 667 661 15259
9 661 667 668 662 15260
9 662 668 669 663 15261
9 663 669 670 664 15262
9 664 670 671 665 15263
9 665 671 672 666 15264
9 55 56 673 667 15265
9 667 673 674 668 15266
9 668 674 675 669 15267
9 669 675 676 670 15268
9 670 676 677 671 15269
9 671 677 678 672 15270
9 56 57 679 673 15271
9 673 679 680 674 15272
9 674 680 681 675 15273
9 675 681 682 676 15274
9 676 682 683 677 15275
9 677 683 684 678 15276
9 57 58 685 679 15277
9 679 685 686 680 15278
9 680 686 687 681 15279
9 681 687 688 682 15280
9 682 688 689 683 15281
9 683 689 690 684 15282
9 58 59 691 685 15283
9 685 691 692 686 15284
9 686 692 693 687 15285
9 687 693 694 688 15286
9 688 694 695 689 15287
9 689 695 696 690 15288
9 59 60 697 691 15289
9 691 697 698 692 15290
9 692 698 699 693 15291
9 693 699 700 694 15292
9 694 700 701 695 15293
9 695 701 702 696 15294
9 60 61 703 697 15295
9 697 703 704 698 15296
9 698 704 705 699 15297
9 699 705 706 700 15298
9 700 706 707 701 15299
9 701 707 708 702 15300
9 61 62 709 703 15301
9 703 709 710 704 15302
9 704 710 711 705 15303
9 705 711 712 706 15304
9 706 712 713 707 15305
9 707 713 714 708 15306
9 62 63 715 709 15307
9 709 715 716 710 15308
9 710 716 717 711 15309
9 711 717 718 712 15310
9 712 718 719 713 15311
9 713 719 720 714 15312
9 63 64 721 715 15313
9 715 721 722 716 15314
9 716 722 723 717 15315
9 717 723 724 718 15316
9 718 724 725 719 15317
9 719 725 726 720 15318
9 64 65 727 721 15319
9 721 727 728 722 15320
9 722 728 729 723 15321
9 723 729 730 724 15322
9 724 730 731 725 15323
9 725 731 732 726 15324
9 65 66 733 727 15325
9 727 733 734 728 15326
9 728 734 735 729 15327
9 729 735 736 730 15328
9 730 736 737 731 15329
9 731 737 738 732 15330
9 66 67 739 733 15331
9 733 739 740 734 15332
9 734 740 741 735 15333
9 735 741 742 736 15334
9 736 742 743 737 15335
9 737 743 744 738 15336
9 67 68 745 739 15337
9 739 745 746 740 15338
9 740 746 747 741 15339
9 741 747 748 742 15340
9 742 748 749 743 15341
9 743 749 750 744 15342
9 68 69 751 745 15343
9 745 751 752 746 15344
9 746 752 753 747 15345
9 747 753 754 748 15346
9 748 754 755 749 15347
9 749 755 756 750 15348
9 69 70 757 751 15349
9 751 757 758 752 15350
9 752 758 759 753 15351
9 753 759 760 754 15352
9 754 760 761 755 15353
9 755 761 762 756 15354
9 70 71 763 757 15355
9 757 763 764 758 15356
9 758 764 765 759 15357
9 759 765 766 760 15358
9 760 766 767 761 15359
9 761 767 768 762 15360
9 71 72 769 763 15361
9 763 769 770 764 15362
9 764 770 771 765 15363
9 765 771 772 766 15364
9 766 772 773 767 15365
9 767 773 774 768 15366
9 72 73 775 769 15367
9 769 775 776 770 15368
9 770 776 777 771 15369
9 771 777 778 772 15370
9 772 778 779 773 15371
9 773 779 780 774 15372
9 73 74 781 775 15373
9 775 781 782 776 15374
9 776 782 783 777 15375
9 777 783 784 778 15376
9 778 784 785 779 15377
9 779 785 786 780 15378
9 74 75 787 781 15379
9 781 787 788 782 15380
9 782 788 789 783 15381
9 783 789 790 784 15382
9 784 790 791 785 15383
9 785 791 792 786 15384
9 75 76 793 787 15385
9 787 793 794 788 15386
9 788 794 795 789 15387
9 789 795 796 790 15388
9 790 796 797 791 15389
9 791 797 798 792 15390
9 76 77 799 793 15391
9 793 799 800 794 15392
9 794 800 801 795 15393
9 795 801 802 796 15394
9 796 802 803 797 15395
9 797 803 804 798 15396
9 77 78 805 799 15397
9 799 805 806 800 15398
9 800 806 807 801 15399
9 801 807 808 802 15400
9 802 808 809 803 15401
9 803 809 810 804 15402
9 78 79 811 805 15403
9 805 811 812 806 15404
9 806 812 813 807 15405
9 807 813 814 808 15406
9 808 814 815 809 15407
9 809 815 816 810 15408
9 79 80 817 811 15409
9 811 817 818 812 15410
9 812 818 819 813 15411
9 813 819 820 814 15412
9 814 820 821 815 15413
9 815 821 822 816 15414
9 80 81 823 817 15415
9 817 823 824 818 15416
9 818 824 825 819 15417
9 819 825 826 820 15418
9 820 826 827 821 15419
9 821 827 828 822 15420
9 81 82 829 823 15421
9 823 829 830 824 15422
9 824 830 831 825 15423
9 825 831 832 826 15424
9 826 832 833 827 15425
9 827 833 834 828 15426
9 82 83 835 829 15427
9 829 835 836 830 15428
9 830 836 837 831 15429
9 831 837 838 832 15430
9 832 838 839 833 15431
9 833 839 840 834 15432
9 83 84 841 835 15433
9 835 841 842 836 15434
9 836 842 843 837 15435
9 837 843 844 838 15436
9 838 844 845 839 15437
9 839 845 846 840 15438
9 84 85 847 841 15439
9 841 847 848 842 15440
9 842 848 849 843 15441
9 843 849 850 844 15442
9 844 850 851 845 15443
9 845 851 852 846 15444
9 26 27 499 493 15445
9 493 499 500 494 15446
9 494 500 501 495 15447
9 495 501 502 496 15448
9 496 502 503 497 15449
9 497 503 504 498 15450
9 11 12 409 403 15451
9 403 409 410 404 15452
9 404 410 411 405 15453
9 405 411 412 406 15454
9 406 412 413 407 15455
9 407 413 414 408 15456
9 12 13 415 409 15457
9 409 415 416 410 15458
9 410 416 417 411 15459
9 411 417 418 412 15460
9 412 418 419 413 15461
9 413 419 420 414 15462
9 8 9 391 385 15463
9 385 391 392 386 15464
9 386 392 393 387 15465
9 387 393 394 388 15466
9 388 394 395 389 15467
9 389 395 396 390 15468
9 27 28 505 499 15469
9 499 505 506 500 15470
9 500 506 507 501 15471
9 501 507 508 502 15472
9 502 508 509 503 15473
9 503 509 510 504 15474
9 9 10 397 391 15475
9 391 397 398 392 15476
9 392 398 399 393 15477
9 393 399 400 394 15478
9 394 400 401 395 15479
9 395 401 402 396 15480
9 5 6 373 361 15481
9 361 373 374 362 15482
9 362 374 375 363 15483
9 363 375 376 364 15484
9 364 376 377 365 15485
9 365 377 378 366 15486
9 85 86 853 847 15487
9 847 853 854 848 15488
9 848 854 855 849 15489
9 849 855 856 850 15490
9 850 856 857 851 15491
9 851 857 858 852 15492
9 86 87 859 853 15493
9 853 859 860 854 15494
9 854 860 861 855 15495
9 855 861 862 856 15496
9 856 862 863 857 15497
9 857 863 864 858 15498
9 87 88 865 859 15499
9 859 865 866 860 15500
9 860 866 867 861 15501
9 861 867 868 862 15502
9 862 868 869 863 15503
9 863 869 870 864 15504
9 88 89 871 865 15505
9 865 871 872 866 15506
9 866 872 873 867 15507
9 867 873 874 868 15508
9 868 874 875 869 15509
9 869 875 876 870 15510
9 93 94 901 895 15511
9 895 901 902 896 15512
9 896 902 903 897 15513
9 897 903 904 898 15514
9 898 904 905 899 15515
9 899 905 906 900 15516
9 94 95 907 901 15517
9 901 907 908 902 15518
9 902 908 909 903 15519
9 903 909 910 904 15520
9 904 910 911 905 15521
9 905 911 912 906 15522
9 95 96 913 907 15523
9 907 913 914 908 15524
9 908 914 915 909 15525
9 909 915 916 910 15526
9 910 916 917 911 15527
9 911 917 918 912 15528
9 96 97 919 913 15529
9 913 919 920 914 15530
9 914 920 921 915 15531
9 915 921 922 916 15532
9 916 922 923 917 15533
9 917 923 924 918 15534
9 97 98 925 919 15535
9 919 925 926 920 15536
9 920 926 927 921 15537
9 921 927 928 922 15538
9 922 928 929 923 15539
9 923 929 930 924 15540
9 98 99 931 925 15541
9 925 931 932 926 15542
9 926 932 933 927 15543
9 927 933 934 928 15544
9 928 934 935 929 15545
9 929 935 936 930 15546
9 99 100 937 931 15547
9 931 937 938 932 15548
9 932 938 939 933 15549
9 933 939 940 934 15550
9 934 940 941 935 15551
9 935 941 942 936 15552
9 100 101 943 937 15553
9 937 943 944 938 15554
9 938 944 945 939 15555
9 939 945 946 940 15556
9 940 946 947 941 15557
9 941 947 948 942 15558
9 101 102 949 943 15559
9 943 949 950 944 15560
9 944 950 951 945 15561
9 945 951 952 946 15562
9 946 952 953 947 15563
9 947 953 954 948 15564
9 102 103 955 949 15565
9 949 955 956 950 15566
9 950 956 957 951 15567
9 951 957 958 952 15568
9 952 958 959 953 15569
9 953 959 960 954 15570
9 103 104 961 955 15571
9 955 961 962 956 15572
9 956 962 963 957 15573
9 957 963 964 958 15574
9 958 964 965 959 15575
9 959 965 966 960 15576
9 104 105 967 961 15577
9 961 967 968 962 15578
9 962 968 969 963 15579
9 963 969 970 964 15580
9 964 970 971 965 15581
9 965 971 972 966 15582
9 105 106 973 967 15583
9 967 973 974 968 15584
9 968 974 975 969 15585
9 969 975 976 970 15586
9 970 976 977 971 15587
9 971 977 978 972 15588
9 106 107 979 973 15589
9 973 979 980 974 15590
9 974 980 981 975 15591
9 975 981 982 976 15592
9 976 982 983 977 15593
9 977 983 984 978 15594
9 107 108 985 979 15595
9 979 985 986 980 15596
9 980 986 987 981 15597
9 981 987 988 982 15598
9 982 988 989 983 15599
9 983 989 990 984 15600
9 108 109 991 985 15601
9 985 991 992 986 15602
9 986 992 993 987 15603
9 987 993 994 988 15604
9 988 994 995 989 15605
9 989 995 996 990 15606
9 109 110 997 991 15607
9 991 997 998 992 15608
9 992 998 999 993 15609
9 993 999 1000 994 15610
9 994 1000 1001 995 15611
9 995 1001 1002 996 15612
9 110 111 1003 997 15613
9 997 1003 1004 998 15614
9 998 1004 1005 999 15615
9 999 1005 1006 1000 15616
9 1000 1006 1007 1001 15617
9 1001 1007 1008 1002 15618
9 111 112 1009 1003 15619
9 1003 1009 1010 1004 15620
9 1004 1010 1011 1005 15621
9 1005 1011 1012 1006 15622
9 1006 1012 1013 1007 15623
9 1007 1013 1014 1008 15624
9 112 113 1015 1009 15625
9 1009 1015 1016 1010 15626
9 1010 1016 1017 1011 15627
9 1011 1017 1018 1012 15628
9 1012 1018 1019 1013 15629
9 1013 1019 1020 1014 15630
9 113 114 1021 1015 15631
9 1015 1021 1022 1016 15632
9 1016 1022 1023 1017 15633
9 1017 1023 1024 1018 15634
9 1018 1024 1025 1019 15635
9 1019 1025 1026 1020 15636
9 114 115 1027 1021 15637
9 1021 1027 1028 1022 15638
9 1022 1028 1029 1023 15639
9 1023 1029 1030 1024 15640
9 1024 1030 1031 1025 15641
9 1025 1031 1032 1026 15642
9 115 116 1033 1027 15643
9 1027 1033 1034 1028 15644
9 1028 1034 1035 1029 15645
9 1029 1035 1036 1030 15646
9 1030 1036 1037 1031 15647
9 1031 1037 1038 1032 15648
9 116 117 1039 1033 15649
9 1033 1039 1040 1034 15650
9 1034 1040 1041 1035 15651
9 1035 1041 1042 1036 15652
9 1036 1042 1043 1037 15653
9 1037 1043 1044 1038 15654
9 117 118 1045 1039 15655
9 1039 1045 1046 1040 15656
9 1040 1046 1047 1041 15657
9 1041 1047 1048 1042 15658
9 1042 1048 1049 1043 15659
9 1043 1049 1050 1044 15660
9 118 119 1051 1045 15661
9 1045 1051 1052 1046 15662
9 1046 1052 1053 1047 15663
9 1047 1053 1054 1048 15664
9 1048 1054 1055 1049 15665
9 1049 1055 1056 1050 15666
9 119 120 1057 1051 15667
9 1051 1057 1058 1052 15668
9 1052 1058 1059 1053 15669
9 1053 1059 1060 1054 15670
9 1054 1060 1061 1055 15671
9 1055 1061 1062 1056 15672
9 120 121 1063 1057 15673
9 1057 1063 1064 1058 15674
9 1058 1064 1065 1059 15675
9 1059 1065 1066 1060 15676
9 1060 1066 1067 1061 15677
9 1061 1067 1068 1062 15678
9 121 122 1069 1063 15679
9 1063 1069 1070 1064 15680
9 1064 1070 1071 1065 15681
9 1065 1071 1072 1066 15682
9 1066 1072 1073 1067 15683
9 1067 1073 1074 1068 15684
9 122 123 1075 1069 15685
9 1069 1075 1076 1070 15686
9 1070 1076 1077 1071 15687
9 1071 1077 1078 1072 15688
9 1072 1078 1079 1073 15689
9 1073 1079 1080 1074 15690
9 123 124 1081 1075 15691
9 1075 1081 1082 1076 15692
9 1076 1082 1083 1077 15693
9 1077 1083 1084 1078 15694
9 1078 1084 1085 1079 15695
9 1079 1085 1086 1080 15696
9 124 125 1087 1081 15697
9 1081 1087 1088 1082 15698
9 1082 1088 1089 1083 15699
9 1083 1089 1090 1084 15700
9 1084 1090 1091 1085 15701
9 1085 1091 1092 1086 15702
9 125 126 1093 1087 15703
9 1087 1093 1094 1088 15704
9 1088 1094 1095 1089 15705
9 1089 1095 1096 1090 15706
9 1090 1096 1097 1091 15707
9 1091 1097 1098 1092 15708
9 126 127 1099 1093 15709
9 1093 1099 1100 1094 15710
9 1094 1100 1101 1095 15711
9 1095 1101 1102 1096 15712
9 1096 1102 1103 1097 15713
9 1097 1103 1104 1098 15714
9 127 128 1105 1099 15715
9 1099 1105 1106 1100 15716
9 1100 1106 1107 1101 15717
9 1101 1107 1108 1102 15718
9 1102 1108 1109 1103 15719
9 1103 1109 1110 1104 15720
9 128 129 1111 1105 15721
9 1105 1111 1112 1106 15722
9 1106 1112 1113 1107 15723
9 1107 1113 1114 1108 15724
9 1108 1114 1115 1109 15725
9 1109 1115 1116 1110 15726
9 129 130 1117 1111 15727
9 1111 1117 1118 1112 15728
9 1112 1118 1119 1113 15729
9 1113 1119 1120 1114 15730
9 1114 1120 1121 1115 15731
9 1115 1121 1122 1116 15732
9 130 131 1123 1117 15733
9 1117 1123 1124 1118 15734
9 1118 1124 1125 1119 15735
9 1119 1125 1126 1120 15736
9 1120 1126 1127 1121 15737
9 1121 1127 1128 1122 15738
9 131 132 1129 1123 15739
9 1123 1129 1130 1124 15740
9 1124 1130 1131 1125 15741
9 1125 1131 1132 1126 15742
9 1126 1132 1133 1127 15743
9 1127 1133 1134 1128 15744
9 132 133 1135 1129 15745
9 1129 1135 1136 1130 15746
9 1130 1136 1137 1131 15747
9 1131 1137 1138 1132 15748
9 1132 1138 1139 1133 15749
9 1133 1139 1140 1134 15750
9 133 134 1141 1135 15751
9 1135 1141 1142 1136 15752
9 1136 1142 1143 1137 15753
9 1137 1143 1144 1138 15754
9 1138 1144 1145 1139 15755
9 1139 1145 1146 1140 15756
9 134 135 1147 1141 15757
9 1141 1147 1148 1142 15758
9 1142 1148 1149 1143 15759
9 1143 1149 1150 1144 15760
9 1144 1150 1151 1145 15761
9 1145 1151 1152 1146 15762
9 135 136 1153 1147 15763
9 1147 1153 1154 1148 15764
9 1148 1154 1155 1149 15765
9 1149 1155 1156 1150 15766
9 1150 1156 1157 1151 15767
9 1151 1157 1158 1152 15768
9 136 137 1159 1153 15769
9 1153 1159 1160 1154 15770
9 1154 1160 1161 1155 15771
9 1155 1161 1162 1156 15772
9 1156 1162 1163 1157 15773
9 1157 1163 1164 1158 15774
9 137 138 1165 1159 15775
9 1159 1165 1166 1160 15776
9 1160 1166 1167 1161 15777
9 1161 1167 1168 1162 15778
9 1162 1168 1169 1163 15779
9 1163 1169 1170 1164 15780
9 138 139 1171 1165 15781
9 1165 1171 1172 1166 15782
9 1166 1172 1173 1167 15783
9 1167 1173 1174 1168 15784
9 1168 1174 1175 1169 15785
9 1169 1175 1176 1170 15786
9 139 140 1177 1171 15787
9 1171 1177 1178 1172 15788
9 1172 1178 1179 1173 15789
9 1173 1179 1180 1174 15790
9 1174 1180 1181 1175 15791
9 1175 1181 1182 1176 15792
9 140 141 1183 1177 15793
9 1177 1183 1184 1178 15794
9 1178 1184 1185 1179 15795
9 1179 1185 1186 1180 15796
9 1180 1186 1187 1181 15797
9 1181 1187 1188 1182 15798
9 141 142 1189 1183 15799
9 1183 1189 1190 1184 15800
9 1184 1190 1191 1185 15801
9 1185 1191 1192 1186 15802
9 1186 1192 1193 1187 15803
9 1187 1193 1194 1188 15804
9 142 143 1195 1189 15805
9 1189 1195 1196 1190 15806
9 1190 1196 1197 1191 15807
9 1191 1197 1198 1192 15808
9 1192 1198 1199 1193 15809
9 1193 1199 1200 1194 15810
9 143 144 1201 1195 15811
9 1195 1201 1202 1196 15812
9 1196 1202 1203 1197 15813
9 1197 1203 1204 1198 15814
9 1198 1204 1205 1199 15815
9 1199 1205 1206 1200 15816
9 144 145 1207 1201 15817
9 1201 1207 1208 1202 15818
9 1202 1208 1209 1203 15819
9 1203 1209 1210 1204 15820
9 1204 1210 1211 1205 15821
9 1205 1211 1212 1206 15822
9 145 146 1213 1207 15823
9 1207 1213 1214 1208 15824
9 1208 1214 1215 1209 15825
9 1209 1215 1216 1210 15826
9 1210 1216 1217 1211 15827
9 1211 1217 1218 1212 15828
9 146 147 1219 1213 15829
9 1213 1219 1220 1214 15830
9 1214 1220 1221 1215 15831
9 1215 1221 1222 1216 15832
9 1216 1222 1223 1217 15833
9 1217 1223 1224 1218 15834
9 147 148 1225 1219 15835
9 1219 1225 1226 1220 15836
9 1220 1226 1227 1221 15837
9 1221 1227 1228 1222 15838
9 1222 1228 1229 1223 15839
9 1223 1229 1230 1224 15840
9 148 149 1231 1225 15841
9 1225 1231 1232 1226 15842
9 1226 1232 1233 1227 15843
9 1227 1233 1234 1228 15844
9 1228 1234 1235 1229 15845
9 1229 1235 1236 1230 15846
9 149 150 1237 1231 15847
9 1231 1237 1238 1232 15848
9 1232 1238 1239 1233 15849
9 1233 1239 1240 1234 15850
9 1234 1240 1241 1235 15851
9 1235 1241 1242 1236 15852
9 150 151 1243 1237 15853
9 1237 1243 1244 1238 15854
9 1238 1244 1245 1239 15855
9 1239 1245 1246 1240 15856
9 1240 1246 1247 1241 15857
9 1241 1247 1248 1242 15858
9 151 152 1249 1243 15859
9 1243 1249 1250 1244 15860
9 1244 1250 1251 1245 15861
9 1245 1251 1252 1246 15862
9 1246 1252 1253 1247 15863
9 1247 1253 1254 1248 15864
9 152 153 1255 1249 15865
9 1249 1255 1256 1250 15866
9 1250 1256 1257 1251 15867
9 1251 1257 1258 1252 15868
9 1252 1258 1259 1253 15869
9 1253 1259 1260 1254 15870
9 153 154 1261 1255 15871
9 1255 1261 1262 1256 15872
9 1256 1262 1263 1257 15873
9 1257 1263 1264 1258 15874
9 1258 1264 1265 1259 15875
9 1259 1265 1266 1260 15876
9 154 155 1267 1261 15877
9 1261 1267 1268 1262 15878
9 1262 1268 1269 1263 15879
9 1263 1269 1270 1264 15880
9 1264 1270 1271 1265 15881
9 1265 1271 1272 1266 15882
9 155 2 156 1267 15883
9 1267 156 157 1268 15884
9 1268 157 158 1269 15885
9 1269 158 159 1270 15886
9 1270 159 160 1271 15887
9 1271 160 161 1272 15888
NPOIN= 8585
0 0 0
0.5 0 1
1.5 0.2308681911255631 2
1.5 0.934195 3
0 0.934195 4
0.009999999999981184 0 5
0.01999999999996093 0 6
0.02999999999993919 0 7
0.03999999999992259 0 8
0.04999999999990733 0 9
0.05999999999989158 0 10
0.06999999999986641 0 11
0.07999999999983726 0 12
0.08999999999980811 0 13
0.09999999999977895 0 14
0.1099999999997498 0 15
0.1199999999997207 0 16
0.1299999999996915 0 17
0.1399999999996624 0 18
0.1499999999996332 0 19
0.1599999999996041 0 20
0.1699999999995749 0 21
0.1799999999995457 0 22
0.1899999999995166 0 23
0.1999999999994874 0 24
0.2099999999994583 0 25
0.2199999999994292 0 26
0.2299999999994 0 27
0.2399999999993709 0 28
0.2499999999993472 0 29
0.2599999999993681 0 30
0.2699999999993944 0 31
0.2799999999994208 0 32
0.2899999999994471 0 33
0.2999999999994734 0 34
0.3099999999994997 0 35
0.3199999999995261 0 36
0.3299999999995524 0 37
0.3399999999995787 0 38
0.3499999999996051 0 39
0.3599999999996314 0 40
0.3699999999996577 0 41
0.379999999999684 0 42
0.3899999999997104 0 43
0.3999999999997367 0 44
0.4099999999997631 0 45
0.4199999999997894 0 46
0.4299999999998157 0 47
0.4399999999998421 0 48
0.4499999999998683 0 49
0.4599999999998947 0 50
0.469999999999921 0 51
0.4799999999999474 0 52
0.4899999999999737 0 53
0.5097087378641664 0.002241438748812349 54
0.5194174757283327 0.004482877497624702 55
0.5291262135924991 0.006724316246437056 56
0.5388349514566653 0.008965754995249375 57
0.5485436893208315 0.01120719374406168 58
0.5582524271849977 0.01344863249287399 59
0.5679611650491641 0.01569007124168635 60
0.5776699029133306 0.01793150999049875 61
0.5873786407774972 0.02017294873931115 62
0.5970873786416636 0.02241438748812351 63
0.6067961165058302 0.0246558262369359 64
0.6165048543699968 0.02689726498574831 65
0.6262135922341328 0.02913870373455366 66
0.6359223300982136 0.03138014248334627 67
0.6456310679622771 0.03362158123213486 68
0.6553398058263407 0.03586301998092347 69
0.6650485436904041 0.03810445872971208 70
0.6747572815544676 0.04034589747850066 71
0.6844660194185309 0.04258733622728923 72
0.6941747572825945 0.04482877497607785 73
0.7038834951466577 0.04707021372486639 74
0.7135922330107212 0.049311652473655 75
0.7233009708747847 0.05155309122244361 76
0.7330097087388483 0.05379452997123223 77
0.7427184466029115 0.05603596872002076 78
0.7524271844669751 0.05827740746880938 79
0.7621359223310384 0.06051884621759795 80
0.7718446601951019 0.06276028496638653 81
0.7815533980591657 0.06500172371517521 82
0.7912621359232288 0.06724316246396372 83
0.8009708737872923 0.06948460121275234 84
0.8106796116513557 0.07172603996154094 85
0.8203883495154189 0.07396747871032947 86
0.8300970873794826 0.07620891745911812 87
0.8398058252435459 0.07845035620790666 88
0.8495145631076095 0.08069179495669528 89
0.8592233009716728 0.08293323370548385 90
0.8689320388357362 0.0851746724542724 91
0.8786407766998 0.0874161112030611 92
0.8883495145638636 0.0896575499518497 93
0.8980582524279267 0.09189898870063823 94
0.9077669902919905 0.09414042744942688 95
0.9174757281560537 0.09638186619821543 96
0.9271844660201172 0.09862330494700404 97
0.9368932038841806 0.1008647436957926 98
0.9466019417482439 0.1031061824445812 99
0.9563106796123075 0.1053476211933698 100
0.9660194174763708 0.1075890599421584 101
0.9757281553404344 0.109830498690947 102
0.9854368932044977 0.1120719374397356 103
0.9951456310685614 0.1143133761885242 104
1.004854368932626 0.1165548149373131 105
1.014563106796692 0.1187962536861022 106
1.024271844660758 0.1210376924348914 107
1.033980582524824 0.1232791311836807 108
1.04368932038889 0.1255205699324697 109
1.053398058252954 0.1277620086812585 110
1.063106796117019 0.1300034474300475 111
1.072815533981086 0.1322448861788369 112
1.082524271845153 0.1344863249276263 113
1.09223300970922 0.1367277636764156 114
1.101941747573286 0.1389692024252047 115
1.111650485437351 0.1412106411739939 116
1.121359223301418 0.1434520799227832 117
1.131067961165485 0.1456935186715726 118
1.140776699029552 0.147934957420362 119
1.150485436893617 0.150176396169151 120
1.160194174757683 0.1524178349179402 121
1.16990291262175 0.1546592736667296 122
1.179611650485817 0.1569007124155189 123
1.189320388349883 0.1591421511643082 124
1.199029126213948 0.1613835899130972 125
1.208737864078013 0.1636250286618861 126
1.218446601942079 0.1658664674106754 127
1.228155339806146 0.1681079061594647 128
1.237864077670213 0.1703493449082541 129
1.247572815534279 0.1725907836570433 130
1.257281553398344 0.1748322224058323 131
1.266990291262411 0.1770736611546217 132
1.276699029126478 0.179315099903411 133
1.286407766990545 0.1815565386522004 134
1.296116504854611 0.1837979774009895 135
1.305825242718675 0.1860394161497783 136
1.315533980582741 0.1882808548985674 137
1.325242718446808 0.1905222936473568 138
1.334951456310874 0.1927637323961462 139
1.344660194174941 0.1950051711449355 140
1.354368932039006 0.1972466098937246 141
1.364077669903073 0.1994880486425138 142
1.373786407767139 0.2017294873913031 143
1.383495145631206 0.2039709261400925 144
1.393203883495273 0.2062123648888818 145
1.402912621359338 0.2084538036376708 146
1.412621359223404 0.2106952423864601 147
1.422330097087471 0.2129366811352494 148
1.432038834951538 0.2151781198840389 149
1.441747572815604 0.2174195586328281 150
1.451456310679669 0.2196609973816169 151
1.461165048543734 0.2219024361304059 152
1.470873786407801 0.2241438748791953 153
1.480582524271868 0.2263853136279846 154
1.490291262135934 0.228626752376774 155
1.5 0.2407742025181453 156
1.5 0.2506802139107167 157
1.5 0.2605862253033011 158
1.5 0.2704922366958876 159
1.5 0.2803982480884742 160
1.5 0.2903042594810608 161
1.5 0.3002102708736406 162
1.5 0.3101162822661921 163
1.5 0.3200222936587396 164
1.5 0.3299283050512871 165
1.5 0.3398343164438345 166
1.5 0.349740327836382 167
1.5 0.3596463392289294 168
1.5 0.3695523506214929 169
1.5 0.3794583620140795 170
1.5 0.389364373406666 171
1.5 0.3992703847992526 172
1.5 0.4091763961918234 173
1.5 0.419082407584404 174
1.5 0.4289884189769906 175
1.5 0.4388944303695771 176
1.5 0.4488004417621565 177
1.5 0.4587064531547076 178
1.5 0.4686124645472551 179
1.5 0.4785184759398026 180
1.5 0.48842448733235 181
1.5 0.4983304987248974 182
1.5 0.5082365101174449 183
1.5 0.5181425215099984 184
1.5 0.5280485329026086 185
1.5 0.5379545442952341 186
1.5 0.5478605556878599 187
1.5 0.5577665670804854 188
1.5 0.5676725784731111 189
1.5 0.5775785898657367 190
1.5 0.5874846012583624 191
1.5 0.597390612650988 192
1.5 0.6072966240436137 193
1.5 0.6172026354362393 194
1.5 0.6271086468288649 195
1.5 0.6370146582214906 196
1.5 0.6469206696141163 197
1.5 0.6568266810067419 198
1.5 0.6667326923993675 199
1.5 0.6766387037919932 200
1.5 0.6865447151846189 201
1.5 0.6964507265772446 202
1.5 0.7063567379698585 203
1.5 0.7162627493624161 204
1.5 0.7261687607549915 205
1.5 0.7360747721476171 206
1.5 0.7459807835402428 207
1.5 0.7558867949328684 208
1.5 0.7657928063254941 209
1.5 0.7756988177181197 210
1.5 0.7856048291107454 211
1.5 0.795510840503371 212
1.5 0.8054168518959967 213
1.5 0.8153228632886222 214
1.5 0.8252288746812479 215
1.5 0.8351348860738737 216
1.5 0.8450408974664441 217
1.5 0.854946908859004 218
1.5 0.8648529202516205 219
1.5 0.8747589316442461 220
1.5 0.8846649430368717 221
1.5 0.8945709544294973 222
1.5 0.9044769658221231 223
1.5 0.9143829772147488 224
1.5 0.9242889886073743 225
1.490119067117434 0.934195 226
1.480238134234867 0.934195 227
1.470357201352301 0.934195 228
1.46042757299763 0.934195 229
1.450229406615479 0.934195 230
1.439703346623071 0.934195 231
1.428817173241675 0.934195 232
1.417542823713576 0.934195 233
1.405854763868285 0.934195 234
1.393728944077669 0.934195 235
1.381142101575825 0.934195 236
1.368071295257793 0.934195 237
1.354493565919755 0.934195 238
1.340385723463044 0.934195 239
1.325724149626843 0.934195 240
1.310484674761717 0.934195 241
1.294642456602044 0.934195 242
1.278171905181725 0.934195 243
1.261046591262733 0.934195 244
1.243239176195951 0.934195 245
1.224721357315391 0.934195 246
1.205463789324927 0.934195 247
1.185711945923633 0.934195 248
1.165950080158208 0.934195 249
1.146188214392783 0.934195 250
1.126426348627358 0.934195 251
1.106664482861933 0.934195 252
1.086902617096508 0.934195 253
1.067140751331083 0.934195 254
1.047378885565658 0.934195 255
1.027617019800233 0.934195 256
1.007855154034808 0.934195 257
0.9880932882694855 0.934195 258
0.9683314225042068 0.934195 259
0.948569556738928 0.934195 260
0.9288076909736493 0.934195 261
0.9090458252083706 0.934195 262
0.8892839594430917 0.934195 263
0.8695220936778131 0.934195 264
0.8497602279125342 0.934195 265
0.8299983621472555 0.934195 266
0.8102364963819768 0.934195 267
0.790474630616698 0.934195 268
0.7707127648514194 0.934195 269
0.7509508990861206 0.934195 270
0.7311890333207225 0.934195 271
0.7114271675552974 0.934195 272
0.6916653017898728 0.934195 273
0.6719034360244478 0.934195 274
0.6521415702590228 0.934195 275
0.6323797044935979 0.934195 276
0.6126178387281729 0.934195 277
0.5928559729627481 0.934195 278
0.573094107197323 0.934195 279
0.5533322414318982 0.934195 280
0.5335703756664733 0.934195 281
0.5138085099010482 0.934195 282
0.4940466441356235 0.934195 283
0.4742847783701984 0.934195 284
0.4545229126047734 0.934195 285
0.4347610468393486 0.934195 286
0.4149991810739238 0.934195 287
0.3952373153084987 0.934195 288
0.3754754495430737 0.934195 289
0.3557135837776486 0.934195 290
0.3359517180122236 0.934195 291
0.316189852246799 0.934195 292
0.2964279864813739 0.934195 293
0.2766661207159489 0.934195 294
0.2569042549505238 0.934195 295
0.237142389185099 0.934195 296
0.2173805234196744 0.934195 297
0.1976186576542494 0.934195 298
0.1778567918888243 0.934195 299
0.1580949261233995 0.934195 300
0.1383330603579744 0.934195 301
0.1185711945925496 0.934195 302
0.09880932882712479 0.934195 303
0.07904746306169974 0.934195 304
0.05928559729627469 0.934195 305
0.03952373153084965 0.934195 306
0.01976186576542505 0.934195 307
0 0.9142382780521632 308
0 0.8942815561043468 309
0 0.8743248341565331 310
0 0.8543681122086936 311
0 0.8344113902608957 312
0 0.8144546683130404 313
0 0.7944979463652293 314
0 0.7745412244173872 315
0 0.754584502469569 316
0 0.7346277805217774 317
0 0.7146710585739942 318
0 0.694714336626211 319
0 0.6747576146784278 320
0 0.6548008927306443 321
0 0.6348441707828612 322
0 0.614887448835078 323
0 0.5949307268872625 324
0 0.5749740049394415 325
0 0.5550172829915989 326
0 0.535060561043778 327
0 0.515103839095988 328
0 0.4951471171481922 329
0 0.4751903952003901 330
0 0.4552336732525244 331
0 0.4352769513046078 332
0 0.4153202293566991 333
0 0.3953635074087972 334
0 0.3754067854608953 335
0 0.3554500635129503 336
0 0.3354933415650483 337
0 0.3155366196171465 338
0 0.295590485521355 339
0 0.2761519914589736 340
0 0.2574707044229184 341
0 0.2395166496584371 342
0 0.222260960336319 343
0 0.2056758481554027 344
0 0.1897345090868755 345
0 0.1744111046028275 346
0 0.1596806677136677 347
0 0.1455190513996923 348
0 0.1319028490163977 349
0 0.1188092764889151 350
0 0.1062160846661778 351
0 0.09410138525407785 352
0 0.08244342674959415 353
0 0.07122028349460174 354
0 0.06040935010108117 355
0 0.04998653186772206 356
0 0.0399134438958253 357
0 0.02993508292187441 358
0 0.01995672194792353 359
0 0.009978360973972644 360
0.009999999999981184 0.005 361
0.009999999999981184 0.01075 362
0.009999999999981184 0.0173625 363
0.009999999999981184 0.024966875 364
0.009999999999981184 0.03371190624999999 365
0.009999999999981184 0.04376869218749999 366
0.4994331562686706 0.005000322115147101 367
0.4987812859776417 0.01075069254756627 368
0.4980316351429586 0.01736361854484831 369
0.4971695366830729 0.02496848344172265 370
0.4961781234542044 0.03371407807312815 371
0.4950379982410056 0.04377151189924446 372
0.01999999999996093 0.005 373
0.01999999999996093 0.01075 374
0.01999999999996093 0.0173625 375
0.01999999999996093 0.024966875 376
0.01999999999996093 0.03371190624999999 377
0.01999999999996093 0.04376869218749999 378
0.02999999999993919 0.005 379
0.02999999999993919 0.01075 380
0.02999999999993919 0.0173625 381
0.02999999999993919 0.024966875 382
0.02999999999993919 0.03371190624999999 383
0.02999999999993919 0.04376869218749999 384
0.03999999999992259 0.005 385
0.03999999999992259 0.01075 386
0.03999999999992259 0.0173625 387
0.03999999999992259 0.024966875 388
0.03999999999992259 0.03371190624999999 389
0.03999999999992259 0.04376869218749999 390
0.04999999999990733 0.005 391
0.04999999999990733 0.01075 392
0.04999999999990733 0.0173625 393
0.04999999999990733 0.024966875 394
0.04999999999990733 0.03371190624999999 395
0.04999999999990733 0.04376869218749999 396
0.05999999999989158 0.005 397
0.05999999999989158 0.01075 398
0.05999999999989158 0.0173625 399
0.05999999999989158 0.024966875 400
0.05999999999989158 0.03371190624999999 401
0.05999999999989158 0.04376869218749999 402
0.06999999999986641 0.005000000000000001 403
0.06999999999986641 0.01075 404
0.06999999999986641 0.0173625 405
0.06999999999986641 0.024966875 406
0.06999999999986641 0.03371190625 407
0.06999999999986641 0.0437686921875 408
0.07999999999983726 0.005 409
0.07999999999983726 0.01075 410
0.07999999999983726 0.0173625 411
0.07999999999983726 0.024966875 412
0.07999999999983726 0.03371190624999999 413
0.07999999999983726 0.04376869218749999 414
0.08999999999980811 0.005 415
0.08999999999980811 0.01075 416
0.08999999999980811 0.0173625 417
0.08999999999980811 0.024966875 418
0.08999999999980811 0.03371190624999999 419
0.08999999999980811 0.04376869218749999 420
0.09999999999977895 0.005000000000000001 421
0.09999999999977895 0.01075 422
0.09999999999977895 0.0173625 423
0.09999999999977895 0.024966875 424
0.09999999999977895 0.03371190625 425
0.09999999999977895 0.0437686921875 426
0.1099999999997498 0.005000000000000001 427
0.1099999999997498 0.01075 428
0.1099999999997498 0.0173625 429
0.1099999999997498 0.024966875 430
0.1099999999997498 0.03371190625 431
0.1099999999997498 0.0437686921875 432
0.1199999999997207 0.004999999999999999 433
0.1199999999997207 0.01075 434
0.1199999999997207 0.0173625 435
0.1199999999997207 0.02496687499999999 436
0.1199999999997207 0.03371190624999999 437
0.1199999999997207 0.04376869218749998 438
0.1299999999996915 0.005000000000000001 439
0.1299999999996915 0.01075 440
0.1299999999996915 0.0173625 441
0.1299999999996915 0.024966875 442
0.1299999999996915 0.03371190625 443
0.1299999999996915 0.0437686921875 444
0.1399999999996624 0.004999999999999999 445
0.1399999999996624 0.01075 446
0.1399999999996624 0.0173625 447
0.1399999999996624 0.02496687499999999 448
0.1399999999996624 0.03371190624999999 449
0.1399999999996624 0.04376869218749998 450
0.1499999999996332 0.005000000000000001 451
0.1499999999996332 0.01075 452
0.1499999999996332 0.0173625 453
0.1499999999996332 0.024966875 454
0.1499999999996332 0.03371190625 455
0.1499999999996332 0.0437686921875 456
0.1599999999996041 0.005 457
0.1599999999996041 0.01075 458
0.1599999999996041 0.0173625 459
0.1599999999996041 0.024966875 460
0.1599999999996041 0.03371190624999999 461
0.1599999999996041 0.04376869218749999 462
0.1699999999995749 0.005 463
0.1699999999995749 0.01075 464
0.1699999999995749 0.0173625 465
0.1699999999995749 0.024966875 466
0.1699999999995749 0.03371190624999999 467
0.1699999999995749 0.04376869218749999 468
0.1799999999995457 0.005 469
0.1799999999995457 0.01075 470
0.1799999999995457 0.0173625 471
0.1799999999995457 0.024966875 472
0.1799999999995457 0.03371190624999999 473
0.1799999999995457 0.04376869218749999 474
0.1899999999995166 0.005 475
0.1899999999995166 0.01075 476
0.1899999999995166 0.0173625 477
0.1899999999995166 0.024966875 478
0.1899999999995166 0.03371190624999999 479
0.1899999999995166 0.04376869218749999 480
0.1999999999994874 0.004999999999999999 481
0.1999999999994874 0.01075 482
0.1999999999994874 0.0173625 483
0.1999999999994874 0.02496687499999999 484
0.1999999999994874 0.03371190624999999 485
0.1999999999994874 0.04376869218749998 486
0.2099999999994583 0.005 487
0.2099999999994583 0.01075 488
0.2099999999994583 0.0173625 489
0.2099999999994583 0.024966875 490
0.2099999999994583 0.03371190624999999 491
0.2099999999994583 0.04376869218749999 492
0.2199999999994292 0.005 493
0.2199999999994292 0.01075 494
0.2199999999994292 0.0173625 495
0.2199999999994292 0.024966875 496
0.2199999999994292 0.03371190624999999 497
0.2199999999994292 0.04376869218749999 498
0.2299999999994 0.005 499
0.2299999999994 0.01075 500
0.2299999999994 0.0173625 501
0.2299999999994 0.024966875 502
0.2299999999994 0.03371190624999999 503
0.2299999999994 0.04376869218749999 504
0.2399999999993709 0.005 505
0.2399999999993709 0.01075 506
0.2399999999993709 0.0173625 507
0.2399999999993709 0.024966875 508
0.2399999999993709 0.03371190624999999 509
0.2399999999993709 0.04376869218749999 510
0.2499999999993472 0.005 511
0.2499999999993472 0.01075 512
0.2499999999993472 0.0173625 513
0.2499999999993472 0.024966875 514
0.2499999999993472 0.03371190624999999 515
0.2499999999993472 0.04376869218749999 516
0.2599999999993681 0.005 517
0.2599999999993681 0.01075 518
0.2599999999993681 0.0173625 519
0.2599999999993681 0.024966875 520
0.2599999999993681 0.03371190624999999 521
0.2599999999993681 0.04376869218749999 522
0.2699999999993944 0.005 523
0.2699999999993944 0.01075 524
0.2699999999993944 0.0173625 525
0.2699999999993944 0.024966875 526
0.2699999999993944 0.03371190624999999 527
0.2699999999993944 0.04376869218749999 528
0.2799999999994208 0.005 529
0.2799999999994208 0.01075 530
0.2799999999994208 0.0173625 531
0.2799999999994208 0.024966875 532
0.2799999999994208 0.03371190624999999 533
0.2799999999994208 0.04376869218749999 534
0.2899999999994471 0.005 535
0.2899999999994471 0.01075 536
0.2899999999994471 0.0173625 537
0.2899999999994471 0.024966875 538
0.2899999999994471 0.03371190624999999 539
0.2899999999994471 0.04376869218749999 540
0.2999999999994734 0.005 541
0.2999999999994734 0.01075 542
0.2999999999994734 0.0173625 543
0.2999999999994734 0.024966875 544
0.2999999999994734 0.03371190624999999 545
0.2999999999994734 0.04376869218749999 546
0.3099999999994997 0.005 547
0.3099999999994997 0.01075 548
0.3099999999994997 0.0173625 549
0.3099999999994997 0.024966875 550
0.3099999999994997 0.03371190624999999 551
0.3099999999994997 0.04376869218749999 552
0.3199999999995261 0.005 553
0.3199999999995261 0.01075 554
0.3199999999995261 0.0173625 555
0.3199999999995261 0.024966875 556
0.3199999999995261 0.03371190624999999 557
0.3199999999995261 0.04376869218749999 558
0.3299999999995524 0.005 559
0.3299999999995524 0.01075 560
0.3299999999995524 0.0173625 561
0.3299999999995524 0.024966875 562
0.3299999999995524 0.03371190624999999 563
0.3299999999995524 0.04376869218749999 564
0.3399999999995787 0.005000000000000001 565
0.3399999999995787 0.01075 566
0.3399999999995787 0.0173625 567
0.3399999999995787 0.024966875 568
0.3399999999995787 0.03371190625 569
0.3399999999995787 0.0437686921875 570
0.3499999999996051 0.005000000000000001 571
0.3499999999996051 0.01075 572
0.3499999999996051 0.0173625 573
0.3499999999996051 0.024966875 574
0.3499999999996051 0.03371190625 575
0.3499999999996051 0.0437686921875 576
0.3599999999996314 0.005000000000000001 577
0.3599999999996314 0.01075 578
0.3599999999996314 0.0173625 579
0.3599999999996314 0.024966875 580
0.3599999999996314 0.03371190625 581
0.3599999999996314 0.0437686921875 582
0.3699999999996577 0.005 583
0.3699999999996577 0.01075 584
0.3699999999996577 0.0173625 585
0.3699999999996577 0.024966875 586
0.3699999999996577 0.03371190624999999 587
0.3699999999996577 0.04376869218749999 588
0.379999999999684 0.005 589
0.379999999999684 0.01075 590
0.379999999999684 0.0173625 591
0.379999999999684 0.024966875 592
0.379999999999684 0.03371190624999999 593
0.379999999999684 0.04376869218749999 594
0.3899999999997104 0.005 595
0.3899999999997104 0.01075 596
0.3899999999997104 0.0173625 597
0.3899999999997104 0.024966875 598
0.3899999999997104 0.03371190624999999 599
0.3899999999997104 0.04376869218749999 600
0.3999999999997367 0.005 601
0.3999999999997367 0.01075 602
0.3999999999997367 0.0173625 603
0.3999999999997367 0.024966875 604
0.3999999999997367 0.03371190624999999 605
0.3999999999997367 0.04376869218749999 606
0.4099999999997631 0.005 607
0.4099999999997631 0.01075 608
0.4099999999997631 0.0173625 609
0.4099999999997631 0.024966875 610
0.4099999999997631 0.03371190624999999 611
0.4099999999997631 0.04376869218749999 612
0.4199999999997894 0.005 613
0.4199999999997894 0.01075 614
0.4199999999997894 0.0173625 615
0.4199999999997894 0.024966875 616
0.4199999999997894 0.03371190624999999 617
0.4199999999997894 0.04376869218749999 618
0.4299999999998157 0.004999999999999999 619
0.4299999999998157 0.01075 620
0.4299999999998157 0.0173625 621
0.4299999999998157 0.02496687499999999 622
0.4299999999998157 0.03371190624999999 623
0.4299999999998157 0.04376869218749998 624
0.4399999999998421 0.005 625
0.4399999999998421 0.01075 626
0.4399999999998421 0.0173625 627
0.4399999999998421 0.024966875 628
0.4399999999998421 0.03371190624999999 629
0.4399999999998421 0.04376869218749999 630
0.4499999999998683 0.005 631
0.4499999999998683 0.01075 632
0.4499999999998683 0.0173625 633
0.4499999999998683 0.024966875 634
0.4499999999998683 0.03371190624999999 635
0.4499999999998683 0.04376869218749999 636
0.4599999999998947 0.005 637
0.4599999999998947 0.01075 638
0.4599999999998947 0.0173625 639
0.4599999999998947 0.024966875 640
0.4599999999998947 0.03371190624999999 641
0.4599999999998947 0.04376869218749999 642
0.469999999999921 0.005 643
0.469999999999921 0.01075 644
0.469999999999921 0.0173625 645
0.469999999999921 0.024966875 646
0.469999999999921 0.03371190624999999 647
0.469999999999921 0.04376869218749999 648
0.4799999999999474 0.005 649
0.4799999999999474 0.01075 650
0.4799999999999474 0.0173625 651
0.4799999999999474 0.024966875 652
0.4799999999999474 0.03371190624999999 653
0.4799999999999474 0.04376869218749999 654
0.4899999999999737 0.004999999999999999 655
0.4899999999999737 0.01075 656
0.4899999999999737 0.0173625 657
0.4899999999999737 0.02496687499999999 658
0.4899999999999737 0.03371190624999999 659
0.4899999999999737 0.04376869218749998 660
0.5085839825924471 0.007113289072738527 661
0.5072905140299698 0.01271591694525363 662
0.505803025183121 0.019158938998646 663
0.5040924130092449 0.02656841436004722 664
0.5021252090092874 0.03508931102565863 665
0.4998629244093362 0.04488834219111174 666
0.5182927204566135 0.00935472782155088 667
0.5169992518941362 0.01495735569406598 668
0.5155117630472874 0.02140037774745835 669
0.5138011508734113 0.02880985310885957 670
0.5118339468734537 0.03733074977447098 671
0.5095716622735026 0.04712978093992409 672
0.5280014583207798 0.01159616657036323 673
0.5267079897583026 0.01719879444287833 674
0.5252205009114538 0.0236418164962707 675
0.5235098887375776 0.03105129185767192 676
0.5215426847376201 0.03957218852328331 677
0.5192804001376689 0.04937121968873642 678
0.537710196184946 0.01383760531917555 679
0.5364167276224687 0.01944023319169066 680
0.5349292387756199 0.02588325524508303 681
0.5332186266017438 0.03329273060648425 682
0.5312514226017863 0.04181362727209566 683
0.5289891380018351 0.05161265843754877 684
0.5474189340491122 0.01607904406798786 685
0.546125465486635 0.02168167194050296 686
0.5446379766397862 0.02812469399389533 687
0.5429273644659101 0.03553416935529655 688
0.5409601604659525 0.04405506602090795 689
0.5386978758660014 0.05385409718636107 690
0.5571276719132784 0.01832048281680016 691
0.5558342033508011 0.02392311068931527 692
0.5543467145039523 0.03036613274270763 693
0.5526361023300762 0.03777560810410885 694
0.5506688983301187 0.04629650476972025 695
0.5484066137301674 0.05609553593517336 696
0.5668364097774448 0.02056192156561253 697
0.5655429412149675 0.02616454943812763 698
0.5640554523681187 0.03260757149151999 699
0.5623448401942426 0.04001704685292122 700
0.560377636194285 0.04853794351853262 701
0.5581153515943338 0.05833697468398573 702
0.5765451476416114 0.02280336031442493 703
0.5752516790791341 0.02840598818694003 704
0.5737641902322853 0.0348490102403324 705
0.5720535780584092 0.04225848560173362 706
0.5700863740584516 0.05077938226734503 707
0.5678240894585005 0.06057841343279814 708
0.5862538855057779 0.02504479906323732 709
0.5849604169433007 0.03064742693575243 710
0.5834729280964519 0.03709044898914479 711
0.5817623159225758 0.04449992435054601 712
0.5797951119226182 0.05302082101615741 713
0.577532827322667 0.06281985218161051 714
0.5959626233699443 0.02728623781204969 715
0.5946691548074671 0.0328888656845648 716
0.5931816659606183 0.03933188773795716 717
0.5914710537867421 0.04674136309935839 718
0.5895038497867846 0.05526225976496979 719
0.5872415651868335 0.06506129093042291 720
0.6056713612341109 0.02952767656086208 721
0.6043778926716337 0.03513030443337718 722
0.6028904038247849 0.04157332648676955 723
0.6011797916509087 0.04898280184817078 724
0.5992125876509512 0.05750369851378218 725
0.5969503030510001 0.06730272967923528 726
0.6153800990982775 0.03176911530967449 727
0.6140866305358003 0.03737174318218959 728
0.6125991416889515 0.04381476523558195 729
0.6108885295150753 0.05122424059698317 730
0.6089213255151177 0.05974513726259457 731
0.6066590409151665 0.06954416842804767 732
0.6250888369624135 0.03401055405847984 733
0.6237953683999362 0.03961318193099495 734
0.6223078795530874 0.04605620398438731 735
0.6205972673792113 0.05346567934578853 736
0.6186300633792537 0.06198657601139993 737
0.6163677787793025 0.07178560717685303 738
0.6347975748264943 0.03625199280727245 739
0.6335041062640171 0.04185462067978755 740
0.6320166174171683 0.04829764273317992 741
0.6303060052432922 0.05570711809458115 742
0.6283388012433346 0.06422801476019255 743
0.6260765166433835 0.07402704592564566 744
0.6445063126905578 0.03849343155606103 745
0.6432128441280806 0.04409605942857614 746
0.6417253552812318 0.05053908148196851 747
0.6400147431073556 0.05794855684336973 748
0.6380475391073981 0.06646945350898113 749
0.6357852545074469 0.07626848467443424 750
0.6542150505546214 0.04073487030484964 751
0.6529215819921441 0.04633749817736475 752
0.6514340931452953 0.05278052023075712 753
0.6497234809714192 0.06018999559215833 754
0.6477562769714617 0.06871089225776975 755
0.6454939923715104 0.07850992342322285 756
0.6639237884186848 0.04297630905363825 757
0.6626303198562076 0.04857893692615335 758
0.6611428310093588 0.05502195897954572 759
0.6594322188354826 0.06243143434094695 760
0.6574650148355251 0.07095233100655834 761
0.6552027302355738 0.08075136217201145 762
0.6736325262827483 0.04521774780242684 763
0.672339057720271 0.05082037567494194 764
0.6708515688734222 0.05726339772833431 765
0.6691409566995461 0.06467287308973553 766
0.6671737526995886 0.07319376975534694 767
0.6649114680996374 0.08299280092080005 768
0.6833412641468116 0.04745918655121541 769
0.6820477955843344 0.05306181442373051 770
0.6805603067374856 0.05950483647712288 771
0.6788496945636094 0.0669143118385241 772
0.6768824905636519 0.07543520850413551 773
0.6746202059637008 0.08523423966958862 774
0.6930500020108752 0.04970062530000402 775
0.6917565334483979 0.05530325317251912 776
0.6902690446015491 0.06174627522591149 777
0.688558432427673 0.06915575058731271 778
0.6865912284277155 0.07767664725292411 779
0.6843289438277643 0.08747567841837722 780
0.7027587398749384 0.05194206404879256 781
0.7014652713124612 0.05754469192130766 782
0.6999777824656124 0.06398771397470003 783
0.6982671702917362 0.07139718933610126 784
0.6962999662917786 0.07991808600171266 785
0.6940376816918274 0.08971711716716577 786
0.7124674777390019 0.05418350279758118 787
0.7111740091765246 0.05978613067009628 788
0.7096865203296758 0.06622915272348864 789
0.7079759081557997 0.07363862808488987 790
0.7060087041558422 0.08215952475050127 791
0.7037464195558909 0.09195855591595438 792
0.7221762156030654 0.05642494154636978 793
0.7208827470405882 0.06202756941888489 794
0.7193952581937394 0.06847059147227726 795
0.7176846460198633 0.07588006683367848 796
0.7157174420199057 0.08440096349928988 797
0.7134551574199546 0.09419999466474299 798
0.731884953467129 0.0586663802951584 799
0.7305914849046518 0.0642690081676735 800
0.729103996057803 0.07071203022106587 801
0.7273933838839268 0.0781215055824671 802
0.7254261798839693 0.08664240224807851 803
0.7231638952840181 0.09644143341353162 804
0.7415936913311922 0.06090781904394694 805
0.740300222768715 0.06651044691646205 806
0.7388127339218662 0.07295346896985441 807
0.7371021217479901 0.08036294433125563 808
0.7351349177480325 0.08888384099686703 809
0.7328726331480814 0.09868287216232013 810
0.7513024291952558 0.06314925779273556 811
0.7500089606327786 0.06875188566525067 812
0.7485214717859298 0.07519490771864304 813
0.7468108596120536 0.08260438308004425 814
0.7448436556120961 0.09112527974565567 815
0.7425813710121449 0.1009243109111088 816
0.7610111670593191 0.06539069654152413 817
0.7597176984968419 0.07099332441403923 818
0.7582302096499931 0.0774363464674316 819
0.756519597476117 0.08484582182883282 820
0.7545523934761594 0.09336671849444422 821
0.7522901088762083 0.1031657496598973 822
0.7707199049233826 0.0676321352903127 823
0.7694264363609054 0.0732347631628278 824
0.7679389475140566 0.07967778521622017 825
0.7662283353401804 0.08708726057762139 826
0.7642611313402229 0.09560815724323279 827
0.7619988467402717 0.1054071884086859 828
0.7804286427874464 0.06987357403910138 829
0.7791351742249691 0.07547620191161648 830
0.7776476853781203 0.08191922396500886 831
0.7759370732042442 0.08932869932641008 832
0.7739698692042867 0.09784959599202148 833
0.7717075846043354 0.1076486271574746 834
0.7901373806515095 0.0721150127878899 835
0.7888439120890323 0.077717640660405 836
0.7873564232421835 0.08416066271379737 837
0.7856458110683073 0.09157013807519859 838
0.7836786070683497 0.10009103474081 839
0.7814163224683985 0.1098900659062631 840
0.799846118515573 0.07435645153667851 841
0.7985526499530957 0.07995907940919361 842
0.7970651611062469 0.08640210146258598 843
0.7953545489323708 0.09381157682398719 844
0.7933873449324131 0.1023324734895986 845
0.791125060332462 0.1121315046550517 846
0.8095548563796364 0.07659789028546711 847
0.8082613878171592 0.08220051815798222 848
0.8067738989703104 0.08864354021137459 849
0.8050632867964342 0.09605301557277582 850
0.8030960827964767 0.1045739122383872 851
0.8008337981965256 0.1143729434038403 852
0.8192635942436997 0.07883932903425564 853
0.8179701256812224 0.08444195690677074 854
0.8164826368343736 0.09088497896016312 855
0.8147720246604975 0.09829445432156433 856
0.8128048206605399 0.1068153509871757 857
0.8105425360605888 0.1166143821526288 858
0.8289723321077633 0.08108076778304429 859
0.8276788635452861 0.08668339565555939 860
0.8261913746984373 0.09312641770895178 861
0.8244807625245612 0.100535893070353 862
0.8225135585246036 0.1090567897359644 863
0.8202512739246524 0.1188558209014175 864
0.8386810699718266 0.08332220653183284 865
0.8373876014093493 0.08892483440434795 866
0.8359001125625005 0.09536785645774032 867
0.8341895003886244 0.1027773318191415 868
0.8322222963886668 0.111298228484753 869
0.8299600117887157 0.1210972596502061 870
0.8483898078358902 0.08556364528062145 871
0.847096339273413 0.09116627315313655 872
0.8456088504265642 0.09760929520652892 873
0.8438982382526881 0.1050187705679301 874
0.8419310342527305 0.1135396672335415 875
0.8396687496527794 0.1233386983989947 876
0.8580985456999535 0.08780508402941002 877
0.8568050771374762 0.09340771190192514 878
0.8553175882906274 0.0998507339553175 879
0.8536069761167513 0.1072602093167187 880
0.8516397721167938 0.1157811059823301 881
0.8493774875168426 0.1255801371477833 882
0.8678072835640169 0.09004652277819858 883
0.8665138150015397 0.09564915065071368 884
0.8650263261546909 0.102092172704106 885
0.8633157139808147 0.1095016480655073 886
0.8613485099808572 0.1180225447311187 887
0.8590862253809061 0.1278215758965718 888
0.8775160214280807 0.09228796152698727 889
0.8762225528656035 0.09789058939950238 890
0.8747350640187547 0.1043336114528947 891
0.8730244518448785 0.111743086814296 892
0.871057247844921 0.1202639834799074 893
0.8687949632449697 0.1300630146453605 894
0.8872247592921443 0.09452940027577587 895
0.885931290729667 0.100132028148291 896
0.8844438018828182 0.1065750502016833 897
0.8827331897089421 0.1139845255630846 898
0.8807659857089846 0.122505422228696 899
0.8785037011090334 0.1323044533941491 900
0.8969334971562074 0.0967708390245644 901
0.8956400285937302 0.1023734668970795 902
0.8941525397468814 0.1088164889504719 903
0.8924419275730052 0.1162259643118731 904
0.8904747235730477 0.1247468609774845 905
0.8882124389730965 0.1345458921429376 906
0.9066422350202712 0.09901227777335306 907
0.9053487664577939 0.1046149056458682 908
0.9038612776109451 0.1110579276992605 909
0.902150665437069 0.1184674030606618 910
0.9001834614371115 0.1269882997262732 911
0.8979211768371603 0.1367873308917263 912
0.9163509728843344 0.1012537165221416 913
0.9150575043218572 0.1068563443946567 914
0.9135700154750084 0.1132993664480491 915
0.9118594033011322 0.1207088418094503 916
0.9098921993011746 0.1292297384750617 917
0.9076299147012235 0.1390287696405148 918
0.9260597107483979 0.1034951552709302 919
0.9247662421859206 0.1090977831434453 920
0.9232787533390718 0.1155408051968377 921
0.9215681411651957 0.1229502805582389 922
0.9196009371652382 0.1314711772238503 923
0.917338652565287 0.1412702083893034 924
0.9357684486124613 0.1057365940197188 925
0.9344749800499841 0.1113392218922339 926
0.9329874912031353 0.1177822439456263 927
0.9312768790292592 0.1251917193070275 928
0.9293096750293016 0.1337126159726389 929
0.9270473904293505 0.143511647138092 930
0.9454771864765246 0.1079780327685073 931
0.9441837179140473 0.1135806606410224 932
0.9426962290671985 0.1200236826944148 933
0.9409856168933224 0.127433158055816 934
0.9390184128933649 0.1359540547214274 935
0.9367561282934136 0.1457530858868805 936
0.9551859243405882 0.110219471517296 937
0.953892455778111 0.1158220993898111 938
0.9524049669312622 0.1222651214432035 939
0.9506943547573861 0.1296745968046047 940
0.9487271507574285 0.1381954934702161 941
0.9464648661574774 0.1479945246356692 942
0.9648946622046515 0.1124609102660845 943
0.9636011936421742 0.1180635381385996 944
0.9621137047953254 0.124506560191992 945
0.9604030926214493 0.1319160355533932 946
0.9584358886214918 0.1404369322190046 947
0.9561736040215406 0.1502359633844577 948
0.9746034000687152 0.1147023490148732 949
0.9733099315062379 0.1203049768873883 950
0.9718224426593891 0.1267479989407806 951
0.970111830485513 0.1341574743021819 952
0.9681446264855554 0.1426783709677933 953
0.9658823418856042 0.1524774021332464 954
0.9843121379327784 0.1169437877636617 955
0.9830186693703011 0.1225464156361768 956
0.9815311805234523 0.1289894376895692 957
0.9798205683495762 0.1363989130509704 958
0.9778533643496187 0.1449198097165818 959
0.9755910797496674 0.1547188408820349 960
0.9940208757968421 0.1191852265124504 961
0.9927274072343648 0.1247878543849655 962
0.991239918387516 0.1312308764383578 963
0.9895293062136399 0.1386403517997591 964
0.9875621022136823 0.1471612484653705 965
0.9852998176137312 0.1569602796308236 966
1.003729613660907 0.1214266652612393 967
1.00243614509843 0.1270292931337544 968
1.000948656251581 0.1334723151871468 969
0.9992380440777049 0.140881790548548 970
0.9972708400777474 0.1494026872141594 971
0.9950085554777962 0.1592017183796125 972
1.013438351524973 0.1236681040100283 973
1.012144882962495 0.1292707318825435 974
1.010657394115646 0.1357137539359358 975
1.00894678194177 0.143123229297337 976
1.006979577941813 0.1516441259629484 977
1.004717293341862 0.1614431571284016 978
1.023147089389039 0.1259095427588175 979
1.021853620826561 0.1315121706313326 980
1.020366131979713 0.137955192684725 981
1.018655519805836 0.1453646680461262 982
1.016688315805879 0.1538855647117376 983
1.014426031205928 0.1636845958771908 984
1.032855827253105 0.1281509815076069 985
1.031562358690628 0.133753609380122 986
1.030074869843779 0.1401966314335144 987
1.028364257669903 0.1476061067949156 988
1.026397053669945 0.156127003460527 989
1.024134769069994 0.1659260346259801 990
1.04256456511717 0.1303924202563959 991
1.041271096554693 0.135995048128911 992
1.039783607707844 0.1424380701823034 993
1.038072995533968 0.1498475455437046 994
1.036105791534011 0.158368442209316 995
1.03384350693406 0.1681674733747691 996
1.052273302981235 0.1326338590051847 997
1.050979834418758 0.1382364868776998 998
1.049492345571909 0.1446795089310921 999
1.047781733398033 0.1520889842924933 1000
1.045814529398075 0.1606098809581047 1001
1.043552244798124 0.1704089121235579 1002
1.0619820408453 0.1348752977539737 1003
1.060688572282823 0.1404779256264888 1004
1.059201083435974 0.1469209476798812 1005
1.057490471262098 0.1543304230412824 1006
1.05552326726214 0.1628513197068938 1007
1.053260982662189 0.1726503508723469 1008
1.071690778709367 0.1371167365027631 1009
1.07039731014689 0.1427193643752782 1010
1.068909821300041 0.1491623864286705 1011
1.067199209126165 0.1565718617900718 1012
1.065232005126207 0.1650927584556832 1013
1.062969720526256 0.1748917896211363 1014
1.081399516573434 0.1393581752515524 1015
1.080106048010956 0.1449608031240676 1016
1.078618559164108 0.1514038251774599 1017
1.076907946990231 0.1588133005388611 1018
1.074940742990274 0.1673341972044725 1019
1.072678458390323 0.1771332283699256 1020
1.091108254437501 0.1415996140003418 1021
1.089814785875023 0.1472022418728569 1022
1.088327297028175 0.1536452639262493 1023
1.086616684854298 0.1610547392876505 1024
1.084649480854341 0.1695756359532619 1025
1.08238719625439 0.1793746671187151 1026
1.100816992301566 0.1438410527491309 1027
1.099523523739089 0.149443680621646 1028
1.09803603489224 0.1558867026750384 1029
1.096325422718364 0.1632961780364396 1030
1.094358218718406 0.171817074702051 1031
1.092095934118455 0.1816161058675041 1032
1.110525730165632 0.14608249149792 1033
1.109232261603155 0.1516851193704352 1034
1.107744772756306 0.1581281414238275 1035
1.10603416058243 0.1655376167852287 1036
1.104066956582472 0.1740585134508402 1037
1.101804671982521 0.1838575446162933 1038
1.120234468029699 0.1483239302467094 1039
1.118940999467222 0.1539265581192245 1040
1.117453510620373 0.1603695801726169 1041
1.115742898446497 0.1677790555340181 1042
1.113775694446539 0.1762999521996295 1043
1.111513409846588 0.1860989833650826 1044
1.129943205893766 0.1505653689954988 1045
1.128649737331288 0.1561679968680139 1046
1.127162248484439 0.1626110189214063 1047
1.125451636310563 0.1700204942828075 1048
1.123484432310606 0.1785413909484189 1049
1.121222147710655 0.188340422113872 1050
1.139651943757833 0.1528068077442881 1051
1.138358475195355 0.1584094356168033 1052
1.136870986348506 0.1648524576701956 1053
1.13516037417463 0.1722619330315968 1054
1.133193170174673 0.1807828296972083 1055
1.130930885574722 0.1905818608626614 1056
1.149360681621898 0.1550482464930772 1057
1.14806721305942 0.1606508743655923 1058
1.146579724212572 0.1670938964189846 1059
1.144869112038696 0.1745033717803859 1060
1.142901908038738 0.1830242684459973 1061
1.140639623438787 0.1928232996114504 1062
1.159069419485964 0.1572896852418664 1063
1.157775950923487 0.1628923131143815 1064
1.156288462076638 0.1693353351677739 1065
1.154577849902762 0.1767448105291751 1066
1.152610645902804 0.1852657071947865 1067
1.150348361302853 0.1950647383602396 1068
1.168778157350031 0.1595311239906557 1069
1.167484688787553 0.1651337518631709 1070
1.165997199940705 0.1715767739165632 1071
1.164286587766828 0.1789862492779644 1072
1.162319383766871 0.1875071459435758 1073
1.16005709916692 0.197306177109029 1074
1.178486895214097 0.1617725627394451 1075
1.17719342665162 0.1673751906119602 1076
1.175705937804771 0.1738182126653526 1077
1.173995325630895 0.1812276880267538 1078
1.172028121630938 0.1897485846923652 1079
1.169765837030986 0.1995476158578183 1080
1.188195633078164 0.1640140014882344 1081
1.186902164515687 0.1696166293607495 1082
1.185414675668838 0.1760596514141419 1083
1.183704063494962 0.1834691267755431 1084
1.181736859495004 0.1919900234411545 1085
1.179474574895053 0.2017890546066076 1086
1.197904370942229 0.1662554402370233 1087
1.196610902379752 0.1718580681095385 1088
1.195123413532903 0.1783010901629308 1089
1.193412801359027 0.185710565524332 1090
1.191445597359069 0.1942314621899434 1091
1.189183312759118 0.2040304933553966 1092
1.207613108806294 0.1684968789858122 1093
1.206319640243816 0.1740995068583273 1094
1.204832151396968 0.1805425289117197 1095
1.203121539223091 0.1879520042731209 1096
1.201154335223134 0.1964729009387323 1097
1.198892050623183 0.2062719321041854 1098
1.21732184667036 0.1707383177346015 1099
1.216028378107883 0.1763409456071167 1100
1.214540889261034 0.182783967660509 1101
1.212830277087158 0.1901934430219102 1102
1.2108630730872 0.1987143396875217 1103
1.208600788487249 0.2085133708529748 1104
1.227030584534427 0.1729797564833909 1105
1.22573711597195 0.178582384355906 1106
1.224249627125101 0.1850254064092984 1107
1.222539014951225 0.1924348817706996 1108
1.220571810951267 0.200955778436311 1109
1.218309526351316 0.2107548096017641 1110
1.236739322398494 0.1752211952321803 1111
1.235445853836016 0.1808238231046954 1112
1.233958364989168 0.1872668451580878 1113
1.232247752815292 0.194676320519489 1114
1.230280548815334 0.2031972171851004 1115
1.228018264215383 0.2129962483505535 1116
1.24644806026256 0.1774626339809695 1117
1.245154591700083 0.1830652618534846 1118
1.243667102853234 0.1895082839068769 1119
1.241956490679358 0.1969177592682781 1120
1.2399892866794 0.2054386559338895 1121
1.237727002079449 0.2152376870993427 1122
1.256156798126625 0.1797040727297585 1123
1.254863329564148 0.1853067006022736 1124
1.253375840717299 0.191749722655666 1125
1.251665228543423 0.1991591980170672 1126
1.249698024543465 0.2076800946826786 1127
1.247435739943514 0.2174791258481317 1128
1.265865535990692 0.1819455114785478 1129
1.264572067428215 0.187548139351063 1130
1.263084578581366 0.1939911614044553 1131
1.26137396640749 0.2014006367658565 1132
1.259406762407532 0.2099215334314679 1133
1.257144477807581 0.219720564596921 1134
1.275574273854759 0.1841869502273372 1135
1.274280805292281 0.1897895780998523 1136
1.272793316445433 0.1962326001532447 1137
1.271082704271556 0.2036420755146459 1138
1.269115500271599 0.2121629721802573 1139
1.266853215671648 0.2219620033457104 1140
1.285283011718826 0.1864283889761266 1141
1.283989543156348 0.1920310168486417 1142
1.2825020543095 0.1984740389020341 1143
1.280791442135623 0.2058835142634353 1144
1.278824238135666 0.2144044109290467 1145
1.276561953535715 0.2242034420944998 1146
1.294991749582891 0.1886698277249157 1147
1.293698281020414 0.1942724555974308 1148
1.292210792173565 0.2007154776508232 1149
1.290500179999689 0.2081249530122244 1150
1.288532975999731 0.2166458496778358 1151
1.28627069139978 0.2264448808432889 1152
1.304700487446956 0.1909112664737045 1153
1.303407018884478 0.1965138943462196 1154
1.30191953003763 0.202956916399612 1155
1.300208917863753 0.2103663917610132 1156
1.298241713863796 0.2188872884266246 1157
1.295979429263845 0.2286863195920777 1158
1.314409225311021 0.1931527052224936 1159
1.313115756748544 0.1987553330950087 1160
1.311628267901695 0.2051983551484011 1161
1.309917655727819 0.2126078305098023 1162
1.307950451727862 0.2211287271754137 1163
1.30568816712791 0.2309277583408668 1164
1.324117963175088 0.195394143971283 1165
1.322824494612611 0.2009967718437981 1166
1.321337005765762 0.2074397938971905 1167
1.319626393591886 0.2148492692585917 1168
1.317659189591929 0.2233701659242031 1169
1.315396904991977 0.2331691970896562 1170
1.333826701039155 0.1976355827200724 1171
1.332533232476678 0.2032382105925875 1172
1.331045743629829 0.2096812326459798 1173
1.329335131455953 0.2170907080073811 1174
1.327367927455995 0.2256116046729925 1175
1.325105642856044 0.2354106358384455 1176
1.343535438903222 0.1998770214688617 1177
1.342241970340744 0.2054796493413768 1178
1.340754481493896 0.2119226713947692 1179
1.33904386932002 0.2193321467561704 1180
1.337076665320062 0.2278530434217818 1181
1.334814380720111 0.2376520745872349 1182
1.353244176767287 0.2021184602176508 1183
1.35195070820481 0.2077210880901659 1184
1.350463219357961 0.2141641101435582 1185
1.348752607184085 0.2215735855049595 1186
1.346785403184128 0.2300944821705709 1187
1.344523118584176 0.239893513336024 1188
1.362952914631353 0.2043598989664399 1189
1.361659446068876 0.2099625268389551 1190
1.360171957222027 0.2164055488923474 1191
1.358461345048151 0.2238150242537486 1192
1.356494141048193 0.23233592091936 1193
1.354231856448242 0.2421349520848131 1194
1.37266165249542 0.2066013377152293 1195
1.371368183932943 0.2122039655877444 1196
1.369880695086094 0.2186469876411368 1197
1.368170082912218 0.226056463002538 1198
1.36620287891226 0.2345773596681494 1199
1.363940594312309 0.2443763908336025 1200
1.382370390359487 0.2088427764640187 1201
1.38107692179701 0.2144454043365338 1202
1.379589432950161 0.2208884263899262 1203
1.377878820776285 0.2282979017513274 1204
1.375911616776327 0.2368187984169388 1205
1.373649332176376 0.2466178295823919 1206
1.392079128223553 0.211084215212808 1207
1.390785659661076 0.2166868430853231 1208
1.389298170814227 0.2231298651387155 1209
1.387587558640351 0.2305393405001167 1210
1.385620354640394 0.2390602371657281 1211
1.383358070040442 0.2488592683311812 1212
1.401787866087619 0.213325653961597 1213
1.400494397525141 0.2189282818341121 1214
1.399006908678293 0.2253713038875045 1215
1.397296296504416 0.2327807792489057 1216
1.395329092504459 0.2413016759145171 1217
1.393066807904508 0.2511007070799702 1218
1.411496603951685 0.2155670927103863 1219
1.410203135389208 0.2211697205829014 1220
1.408715646542359 0.2276127426362937 1221
1.407005034368483 0.235022217997695 1222
1.405037830368525 0.2435431146633064 1223
1.402775545768574 0.2533421458287595 1224
1.421205341815752 0.2178085314591756 1225
1.419911873253275 0.2234111593316907 1226
1.418424384406426 0.2298541813850831 1227
1.41671377223255 0.2372636567464843 1228
1.414746568232592 0.2457845534120957 1229
1.412484283632641 0.2555835845775488 1230
1.430914079679819 0.220049970207965 1231
1.429620611117342 0.2256525980804801 1232
1.428133122270493 0.2320956201338725 1233
1.426422510096617 0.2395050954952737 1234
1.424455306096659 0.2480259921608851 1235
1.422193021496708 0.2578250233263382 1236
1.440622817543885 0.2222914089567543 1237
1.439329348981408 0.2278940368292694 1238
1.437841860134559 0.2343370588826618 1239
1.436131247960683 0.241746534244063 1240
1.434164043960725 0.2502674309096744 1241
1.431901759360774 0.2600664620751275 1242
1.450331555407949 0.2245328477055431 1243
1.449038086845472 0.2301354755780582 1244
1.447550597998623 0.2365784976314506 1245
1.445839985824747 0.2439879729928518 1246
1.44387278182479 0.2525088696584632 1247
1.441610497224838 0.2623079008239163 1248
1.460040293272014 0.2267742864543321 1249
1.458746824709537 0.2323769143268472 1250
1.457259335862688 0.2388199363802395 1251
1.455548723688812 0.2462294117416408 1252
1.453581519688855 0.2547503084072522 1253
1.451319235088904 0.2645493395727053 1254
1.469749031136081 0.2290157252031214 1255
1.468455562573604 0.2346183530756366 1256
1.466968073726755 0.2410613751290289 1257
1.465257461552879 0.2484708504904302 1258
1.463290257552922 0.2569917471560416 1259
1.46102797295297 0.2667907783214947 1260
1.479457769000148 0.2312571639519108 1261
1.478164300437671 0.2368597918244259 1262
1.476676811590822 0.2433028138778183 1263
1.474966199416946 0.2507122892392195 1264
1.472998995416988 0.2592331859048309 1265
1.470736710817037 0.269032217070284 1266
1.489166506864215 0.2334986027007002 1267
1.487873038301738 0.2391012305732153 1268
1.486385549454889 0.2455442526266077 1269
1.484674937281013 0.2529537279880089 1270
1.482707733281055 0.2614746246536203 1271
1.480445448681104 0.2712736558190734 1272
0.4451886892980524 0.05229061929474157 1273
0.5707368158775533 0.07106635942083397 1274
0.6484072184060644 0.08803865642657997 1275
0.7260771213185722 0.1059701664168885 1276
0.8035367509691641 0.1240975619446832 1277
0.8808497909970523 0.1412445388147054 1278
0.9592654288884079 0.1598473646042276 1279
1.036756732968614 0.1776962063781269 1280
1.115801420609716 0.1954074961810405 1281
1.491421142483808 0.5627195727767986 1282
1.211514014521804 0.2180421038563351 1283
1.491495177045847 0.6321581058681929 1284
0.3749999999996709 0.05242894622536717 1285
0.3054873021166262 0.05248829566695565 1286
1.279430671364513 0.2339443481746412 1287
0.4475712785213496 0.9179556309978476 1288
1.490985070897827 0.4920714560450728 1289
0.5834176960328212 0.9197473609803355 1290
0.7041373203286061 0.9175261154792608 1291
0.01723204164281363 0.4637654603055806 1292
0.8221891627081992 0.9165452426258035 1293
0.9360726958088529 0.9147481662629715 1294
1.058857621261082 0.9149049309359197 1295
1.490165469234592 0.6915755884193796 1296
0.2450003176710899 0.0517009908643685 1297
1.338939721077318 0.2463300898714225 1298
1.178547270724733 0.9182158647912522 1299
1.491977609742719 0.4353249653472434 1300
0.01800555410522691 0.3456608916084898 1301
0.01500982176461633 0.5822579743562197 1302
0.3294016275262536 0.9201605365166727 1303
1.491421142483808 0.7509337892365556 1304
1.270471697842003 0.9198202786768596 1305
0.1849999999995312 0.05242894622531911 1306
1.163456667289311 0.207092644810149 1307
0.5219640628267018 0.05928808215430736 1308
1.386172676677178 0.2577478129731742 1309
0.01700541808467898 0.2480535449466 1310
1.491918681020335 0.3844113677103708 1311
0.01718229091288201 0.6842253942888107 1312
1.490729531634748 0.8005445126197976 1313
0.1354783557743675 0.05295500866305521 1314
1.346877397313764 0.923063916625573 1315
0.2272762870429354 0.9170787008523065 1316
0.01322382193723657 0.1826414069558632 1317
0.6872421698623181 0.09700441142173399 1318
0.6095722669497478 0.07907290143145215 1319
0.7657697988431532 0.114605356188731 1320
0.8417898026174131 0.1322774330532757 1321
0.9202549773215207 0.1507855193544698 1322
1.075591684424877 0.1866619613732853 1323
0.9979217815123513 0.1687304513829715 1324
1.425100020249361 0.2672902056589205 1325
1.492337752004085 0.8402102988853827 1326
0.01936484004267476 0.7625047006240373 1327
1.400225512534065 0.9225923127078031 1328
0.09555521823149271 0.05270441727813878 1329
1.491917819354661 0.3456823119787146 1330
0.1491909631921308 0.9163189881957942 1331
0.01075908987870113 0.1253955501265681 1332
0.4840361861598137 0.05001691369350392 1333
0.01679029377558723 0.404528521600016 1334
0.01905220210865571 0.5228666827261764 1335
1.116810199952457 0.9193079495493748 1336
0.9987904911569775 0.9151647347625176 1337
0.8817853639859254 0.9146974422363441 1338
0.7619842667762129 0.9177846223050847 1339
0.6429584572792626 0.9206115659748924 1340
0.5227197121791098 0.9176839972842064 1341
1.434205657938679 0.925519781308725 1342
0.3847243899390094 0.9176821022645163 1343
1.250435524120205 0.2259015574319571 1344
1.309079809080955 0.2413516121211473 1345
1.491746527509412 0.4630405627969682 1346
1.491104095940444 0.523310224436246 1347
1.491659218904851 0.5928696649858355 1348
1.491172252332382 0.6633162131254123 1349
1.491699326464135 0.8699316956189649 1350
1.490439189625933 0.7199083247369803 1351
0.4149999999997763 0.05242894622536717 1352
0.3446578133331352 0.05263102790659172 1353
0.2142635302504586 0.05251763766438343 1354
0.06616165831390214 0.05326587470941797 1355
0.2749999999994076 0.05242894622536717 1356
1.453060322043155 0.274265581570215 1357
0.01754198852600863 0.8246054865864539 1358
1.491421142483876 0.315069287962466 1359
0.09131459119134935 0.9165874980310341 1360
0.009907807695141562 0.088272406001836 1361
1.491498239242141 0.9002927964139389 1362
0.03499999999993089 0.05242894622532777 1363
0.01663638927752325 0.2863811951087633 1364
0.0147380887667233 0.2138393729389464 1365
0.01167523785912692 0.1530695495153715 1366
1.234431831620968 0.9187898562243227 1367
1.318011287343718 0.9218063811252084 1368
1.464740101581711 0.9260605545813202 1369
1.374636017356893 0.9234028990921301 1370
0.5032643157226097 0.05230259906726496 1371
0.4842790309258419 0.9170960155422327 1372
0.01545186313238961 0.6249679545200535 1373
0.01614634855993946 0.86435065527671 1374
1.473654339917505 0.2785594985577617 1375
0.0158880708031332 0.7280941375288192 1376
1.405608145665624 0.2624462433027873 1377
1.3664419764687 0.2529095624358102 1378
0.2865506291998243 0.9175724686247503 1379
1.491969217232765 0.4129669413934852 1380
1.491027834203104 0.3646088575296035 1381
0.187738392193091 0.917593863878248 1382
1.192096538793672 0.2135592263587549 1383
1.230931490249938 0.2225249813539128 1384
1.491731034318495 0.5422557704260922 1385
0.5411472064171978 0.06437199267965682 1386
1.143873236435977 0.2020970387915572 1387
1.491265971053225 0.7717220460897868 1388
1.491746273767849 0.612249629739926 1389
1.491690756374758 0.8205839824056207 1390
0.5901547912214183 0.07459002393388114 1391
0.1649005635662918 0.05347558402394816 1392
0.6289897426779376 0.08355577892900277 1393
0.4649999999999075 0.05242894622536712 1394
0.6678246941341914 0.0925215339241571 1395
0.7066898245465625 0.1013565694989808 1396
0.7454945970466975 0.1104530439144654 1397
0.1150177270972186 0.05237674742516591 1398
0.7855322319580846 0.1190796970506645 1399
0.8233151001081898 0.1283249341461414 1400
0.8611798062575788 0.1365207188152141 1401
0.9006743917212325 0.1459950686716261 1402
0.9398196654919424 0.1552961009167416 1403
0.9787031357128124 0.1643532119187631 1404
1.017339257240482 0.17321332888055 1405
1.056174208696744 0.1821790838757066 1406
1.095009160153011 0.1911448388708636 1407
0.3949664525551199 0.05171460363175375 1408
0.3249999999995392 0.05192564023518361 1409
0.05051804642292494 0.9179871851599559 1410
1.482348699369626 0.2842269076774841 1411
1.476396450345862 0.2886495844032121 1412
0.01379146131727985 0.05959783801395643 1413
1.491641467180982 0.9193421291300932 1414
1.466843675763442 0.2859386538849671 1415
1.469751840960253 0.2954635095985676 1416
1.46008450742912 0.2931561889317269 1417
1.463000086659636 0.3026511512381228 1418
1.453585414517561 0.3006573627587305 1419
1.456268750750827 0.3099429887184714 1420
1.44686475658725 0.3079723469757537 1421
1.449510801161314 0.3172260122120107 1422
1.440089958646061 0.3152421336096296 1423
1.442687330941018 0.3244508543537067 1424
1.433308355538199 0.3225065122706809 1425
1.435910536919769 0.3317199227675307 1426
1.426525930444376 0.3297704921715492 1427
1.429089063236426 0.3389481115972762 1428
1.419591392871653 0.3368937501281714 1429
1.422257295568408 0.3461698290514419 1430
1.41291942396657 0.3442687082775466 1431
1.415591654692968 0.3535596476864811 1432
1.406185473222197 0.3516153558836218 1433
1.408849037820976 0.360937588681445 1434
1.399358700180574 0.3589438579793017 1435
1.402035124530983 0.3683250817660005 1436
1.392196011754582 0.3660525513636397 1437
1.395121286647781 0.3757086601715405 1438
1.385195744769134 0.3734145392458355 1439
1.388048262076515 0.3828125556479198 1440
1.378193790522223 0.3808544542111389 1441
1.38224867570458 0.3915762545321498 1442
1.371298403431872 0.3885323601429039 1443
1.374157714628324 0.3982840765443754 1444
1.364033753306754 0.3959930818645103 1445
1.367066629562407 0.4059830049176049 1446
1.356832106157772 0.4036246480029707 1447
1.359911998153314 0.4137183413045343 1448
1.34936973322576 0.4111366322540274 1449
1.352526160167426 0.4213480600917152 1450
1.342002764585973 0.4188534265434561 1451
1.345212899458044 0.4291760636072774 1452
1.334840864329978 0.4268813842929612 1453
1.33837011115619 0.4375732053164085 1454
1.327522004240036 0.4349005134876667 1455
1.331072159064525 0.4456859032372725 1456
1.320073655071146 0.4429219562702394 1457
1.323492516467483 0.4537148752678717 1458
1.312887599834893 0.4514108258948286 1459
1.315972123347824 0.4619971422747085 1460
1.30519022321424 0.4596685238583214 1461
1.308095298301987 0.4701792418789363 1462
1.296532428853473 0.4672339109976011 1463
1.300137533098138 0.4785006450249083 1464
1.288414430178024 0.4755246893990022 1465
1.292180085243369 0.4870470857793193 1466
1.280437969531682 0.4841749118602623 1467
1.284170897516153 0.4957715969137623 1468
1.272281267692224 0.492874474857565 1469
1.276044818422292 0.504573899742782 1470
1.264263349291032 0.5018762906776622 1471
1.260319485809669 0.4891438393743275 1472
1.252500718089427 0.4991666315031053 1473
1.256007980746888 0.5108829641391588 1474
1.244029825858121 0.5080975964473173 1475
1.240368780658196 0.4953805573912861 1476
1.231950529490694 0.5051178015564464 1477
1.22837582968274 0.4927564008521698 1478
1.219905694088911 0.5020495240241414 1479
1.216291939296617 0.4902746639395004 1480
1.207761458598259 0.4992082349282065 1481
1.204124934274777 0.4874221254532345 1482
1.195564428897371 0.4962887947112896 1483
1.191915820680264 0.4845551897593454 1484
1.183322454233719 0.4933332141432971 1485
1.179682999146022 0.4815994027929302 1486
1.170959158625717 0.4906878056668389 1487
1.167309904060734 0.4786249822019829 1488
1.158754563009105 0.4877912515957996 1489
1.15496125216353 0.4756684965548937 1490
1.146438066178179 0.4846784743100794 1491
1.142580922894983 0.4726891466242171 1492
1.133857604897214 0.4817638548738439 1493
1.130135666735114 0.4697062783786396 1494
1.121337403573218 0.4789695047645218 1495
1.11774067654925 0.4667442266822209 1496
1.108855963979907 0.4760248598683074 1497
1.105201457021513 0.4637422004560646 1498
1.096334676836952 0.4730626019979017 1499
1.092284337715712 0.4607061891339795 1500
1.083671493627041 0.4701471571969143 1501
1.087443881055663 0.4825320955855166 1502
1.074778741037917 0.4795015124027116 1503
1.071111149148455 0.4670448863005855 1504
1.062105360384575 0.4764241676212693 1505
1.058421553973177 0.4639808094234408 1506
1.049523390373394 0.472876337142387 1507
1.045745714352072 0.4607132395429401 1508
1.036714293792338 0.470207047436504 1509
1.033019307908719 0.4576475005096804 1510
1.024098270826164 0.4666403485190824 1511
1.020352387684956 0.4544872992820191 1512
1.011368042365306 0.4635434035247996 1513
1.007576048243103 0.4514154891766591 1514
0.9984715026672571 0.4602948601804587 1515
0.9948163973863924 0.4482151593570024 1516
0.9855942442921721 0.457542108637186 1517
0.982077067739569 0.4451432146492036 1518
0.9729454286859895 0.4546191148674263 1519
0.9764378044683442 0.4667282959476611 1520
0.9635324519333603 0.4639095377674902 1521
0.9600509504413204 0.4515488978882086 1522
0.9509679882884925 0.4604633081769074 1523
0.9471985936043016 0.4483084914202839 1524
0.9380080069041057 0.4577916386531076 1525
0.9343654252386271 0.4450714698531537 1526
0.9252505452706595 0.4540740734540801 1527
0.9214424416505038 0.4417797818823058 1528
0.9123821332052549 0.4507442085035192 1529
0.9085216691507436 0.4385162815301012 1530
0.8994158462883233 0.447837720684114 1531
0.895524971218983 0.4351136445185362 1532
0.8865732579745702 0.4443002035139795 1533
0.882222668337549 0.4313049687209565 1534
0.8735630901953784 0.4417242918508739 1535
0.8772106787972838 0.4545460088560751 1536
0.8636414674212382 0.4507672159356138 1537
0.8602068236457883 0.4378201497700219 1538
0.8511473993597087 0.4478558665762367 1539
0.8474299625781241 0.4347316498146959 1540
0.8382230088600682 0.4445903172687581 1541
0.8345777714915762 0.4317981420158751 1542
0.8252409165607195 0.4412855221278918 1543
0.8215778672103662 0.4284909570219473 1544
0.8122153306744722 0.4380875772585028 1545
0.8085362449295227 0.425199199307544 1546
0.7992045120086635 0.4347768736893599 1547
0.7955216073248392 0.4218920357066027 1548
0.7861965098272922 0.4314855894324967 1549
0.7825685971491418 0.4185910245098445 1550
0.7731567775399295 0.428190700272859 1551
0.776806212302367 0.4411930643523214 1552
0.7636821296365142 0.437843921258492 1553
0.7601246014665166 0.4248422584443197 1554
0.7505559751053805 0.4344290370786958 1555
0.7469847324263698 0.4214012258155569 1556
0.7373842333302683 0.4310392683328776 1557
0.7337232131042999 0.4179244460910045 1558
0.7241535805341029 0.4276538571292153 1559
0.7204786099783695 0.4144757785008908 1560
0.7108899968311702 0.4242343020642976 1561
0.7072122760152638 0.4110448440697277 1562
0.6975809163064672 0.4208332323921178 1563
0.6936918877831948 0.407366234309066 1564
0.6841530081401475 0.4173172926983627 1565
0.6878990693877929 0.4307606763506691 1566
0.6744124489162967 0.4272675124350344 1567
0.6706461467307006 0.4137572906814198 1568
0.6608781668095927 0.4237213181404485 1569
0.6571615792490844 0.410193532793788 1570
0.6472777894554366 0.4201686681077321 1571
0.6435433398230737 0.4066047927463985 1572
0.6336443345325438 0.4166174524306077 1573
0.6298971763555388 0.4030021053938049 1574
0.619980302846609 0.4130707078296608 1575
0.6160614390161487 0.3992466467590106 1576
0.6062606038832254 0.4094492373090452 1577
0.6022695082107701 0.3955310121151198 1578
0.5923664616658578 0.4057754614734452 1579
0.5962078139727058 0.4197236848612522 1580
0.5822954642560894 0.4160367551966065 1581
0.5784784289701675 0.4020808023387055 1582
0.5683089665958093 0.4123209568293553 1583
0.5645837999469487 0.3983470190922315 1584
0.5542765113921192 0.4086018500923205 1585
0.5580261341013323 0.4227383369200515 1586
0.5438338093357108 0.4189578904174969 1587
0.5400851454209812 0.4047262572938376 1588
0.5295857753063828 0.4151351758338178 1589
0.5257816481754408 0.4008352131835531 1590
0.5154742807870752 0.4112349723593032 1591
0.6781240531515089 0.4408214265787509 1592
0.5117840441553402 0.3969061318205598 1593
0.5190968062830953 0.4256672129893117 1594
0.5047848306829771 0.4219466506306386 1595
0.8548345710677238 0.4609749737262176 1596
0.9534417753364953 0.4719205128107475 1597
1.051800840559859 0.4856926233780869 1598
0.5084747143962207 0.4363970022677818 1599
0.4937462333988246 0.432642023550273 1600
0.497677708478377 0.4472127288371317 1601
0.4828301670698963 0.4432001739006926 1602
1.162552145567251 0.4995497242782966 1603
1.223680397179717 0.5142098634776637 1604
0.486789991961018 0.4581007452989578 1605
0.4718012896606351 0.4540283140882789 1606
0.4757914070094336 0.4691323913913559 1607
0.4606126265187307 0.4650206124153289 1608
0.4567023678434767 0.4497870157053062 1609
0.4646794543992602 0.4803096857086278 1610
0.449318021964265 0.4761373705925204 1611
0.453407049434399 0.4915689697096389 1612
0.4688671723396385 0.4956755303415422 1613
0.7673513583511321 0.450974093687216 1614
0.4379559528590946 0.4873618871960934 1615
0.4420400825682819 0.5029636096195085 1616
0.4264819221028254 0.4987254218550585 1617
0.6257985011790841 0.389102144550104 1618
0.4302376970455819 0.5141655801328359 1619
0.7165771330796163 0.4011330153041358 1620
0.8178040791383413 0.4156239084754421 1621
0.4147704504590654 0.5101842764988126 1622
1.316972664895968 0.4324686421787414 1623
0.4187165529456623 0.5257934624509368 1624
0.9046956199277735 0.4255851720374049 1625
0.4032632762024087 0.5220863296297628 1626
0.3981965312178541 0.5057347760662929 1627
0.4073800421330778 0.5379390004279394 1628
1.029372670046293 0.4451330506710636 1629
1.176633825750334 0.4695851540967358 1630
1.11425675297516 0.4545547276945082 1631
0.3914772270676599 0.5339172631254262 1632
0.3954388150900612 0.5498374025350331 1633
0.4122637782792657 0.5538698620833441 1634
1.288177516257105 0.507159737652829 1635
0.3791288454086817 0.5454301599924635 1636
0.3833949991456942 0.5617800523691663 1637
0.3669297447790947 0.5573175076471066 1638
0.3711696249215738 0.5737582647226539 1639
0.3546617254297607 0.5693474578647852 1640
0.3589383956613684 0.5859519216131731 1641
0.3519822825855006 0.5518202261798347 1642
1.319940808114458 0.4729853189920018 1643
0.3422790369873075 0.5815181364335364 1644
0.3467688956222979 0.598381655535146 1645
0.3651230472513284 0.6011902524558357 1646
1.345117180002174 0.3995047489525467 1647
0.3298370816468436 0.593822107301228 1648
0.334318410203496 0.6108533289896727 1649
0.3172447076027538 0.6062346915415154 1650
0.3217752458519897 0.6234051455836008 1651
0.3045586836272243 0.6187438120262865 1652
0.3003932185818409 0.6017935109956506 1653
1.34928725753163 0.4393287019285573 1654
0.3091152734424779 0.6360741071791658 1655
0.2917493181305501 0.6313722270675468 1656
0.2963569546742813 0.6488337129780288 1657
0.3141231338065867 0.6519904502905194 1658
1.376259258550927 0.3704655102516619 1659
0.2786693557288933 0.6439346642598108 1660
0.2834559331521458 0.6616765453099485 1661
0.2656353531454175 0.6567298212687418 1662
0.2704805467172569 0.6746261608174496 1663
1.376294870509096 0.4076069270037237 1664
0.2527104386558243 0.6698090939645835 1665
0.2481008529252591 0.6519936189299333 1666
0.2574470926097417 0.687699988703806 1667
0.2395953591640113 0.6828624531382741 1668
0.2441921430309212 0.6999504446978815 1669
0.2636170868061988 0.7053522111977808 1670
0.2263022627612862 0.6958125059581926 1671
0.2329989074006154 0.7150743968574143 1672
0.2133226399682643 0.7092848062272703 1673
0.5220015660032964 0.3865939107110389 1674
0.5075002290810569 0.3828682621089399 1675
0.5184184959574009 0.372513863215233 1676
0.5038249912955984 0.3688579549927962 1677
0.5147088532659485 0.3586111208122321 1678
0.5002663869856127 0.3550000257719099 1679
0.5107975006188213 0.344847622345172 1680
0.4967214292074473 0.3413110767011563 1681
0.507076017020553 0.3313706126921492 1682
0.4936783797671165 0.3276922051066562 1683
0.5034919511768079 0.3179821059288868 1684
0.4903026411814135 0.3143117878020003 1685
0.4999580313687765 0.304764211361395 1686
0.4868829565929667 0.3011509718616053 1687
0.4772279739461386 0.3106796109599035 1688
0.4738170528907212 0.29751916278452 1689
0.4641617227346495 0.306999790324295 1690
0.4607291513938583 0.2938556626929441 1691
0.4510457544908782 0.3033464701099011 1692
0.4476086201270151 0.2901805886607368 1693
0.4379135611736235 0.2997195441468514 1694
0.4344416816130771 0.2864881304723934 1695
0.424683064810822 0.2960629895784163 1696
0.4212036913940327 0.2827756770634557 1697
0.411411996398881 0.2924232106455433 1698
0.4078951752090923 0.279049790896113 1699
0.3980352485040942 0.2887302533151112 1700
0.3945129389769448 0.2753012724608825 1701
0.3846210576502522 0.2850513649448135 1702
0.3810621074252186 0.271540179362546 1703
0.371103153605607 0.2813292987217039 1704
0.3675418453900346 0.267760389670015 1705
0.3575356298615227 0.2776231782835299 1706
0.3540182148378344 0.2640029200745546 1707
0.3439361995712346 0.2739157710765296 1708
0.4964653493897631 0.2917026668343803 1709
0.3403745268121937 0.2601431659620405 1710
0.3302357111241622 0.2701810717046781 1711
0.4451168596018322 0.2778414245253372 1712
0.3267510147604071 0.2563552263872284 1713
0.3164935173200416 0.2663048451392768 1714
0.3200405176978185 0.2803157751234699 1715
0.306062393509272 0.2764049459992224 1716
0.3096603562989344 0.2905910323065126 1717
0.3025404329782281 0.262330721661531 1718
0.2920288087809382 0.2724754284448362 1719
0.2884681060927111 0.2584552215456243 1720
0.5094242987566334 0.2952307995463164 1721
0.5059834419493876 0.2823645309744954 1722
0.5189429191204267 0.2859945571194743 1723
0.5156128367038193 0.2733523954576217 1724
0.5282303198559521 0.276774899755577 1725
0.3899509022009728 0.2599047041381063 1726
0.2779458885627571 0.2685368976526106 1727
0.2744230246097027 0.254302177411308 1728
0.5249533762303987 0.2642611978330048 1729
0.5374752256315368 0.2677318738063348 1730
0.5338466859772562 0.254969439452352 1731
0.5464522638560267 0.2586458545480134 1732
0.263824492713803 0.2645208305625791 1733
0.2604646516957096 0.2502180621541129 1734
0.3368238271522834 0.2465547417615084 1735
0.5428786437301036 0.2461099172260979 1736
0.5550331686531861 0.2493568632654208 1737
0.5308293385186044 0.2429001721209588 1738
0.2496379202270925 0.2605343896927301 1739
0.2532250653871823 0.2750021716821972 1740
0.2460307812028559 0.2462289589037444 1741
0.551754278540102 0.2372510975556547 1742
0.5637583620584006 0.2404425695549701 1743
0.2566210567875743 0.2360764620043172 1744
0.2426856876613113 0.2321394619937768 1745
0.3884382614181451 0.2988283345155547 1746
0.2387736786329709 0.270911288912854 1747
0.2424593886408936 0.2856273453246347 1748
0.5605515381749306 0.2284797830556569 1749
0.5725191458410316 0.2317709729674484 1750
0.2521378340525613 0.222444949164074 1751
0.2392634345418482 0.2182993447632113 1752
0.2275148726126154 0.2812770119911324 1753
0.2314350124454244 0.2964366536448941 1754
0.5756907884720329 0.243595338806018 1755
0.5844609250819891 0.2349764023459271 1756
0.5875902724829629 0.2467447997249729 1757
0.5963061827693195 0.2380905911606538 1758
0.5994618528635749 0.249875841704347 1759
0.6081664587940272 0.2412275963266771 1760
0.6113236121050883 0.2530054263465532 1761
0.6199419981677818 0.2443133609563695 1762
0.6231615866248865 0.2561230500019987 1763
0.6317679982990063 0.2474396777295963 1764
0.634998093978533 0.2592497583894782 1765
0.6435650966961601 0.2505426673115114 1766
0.6403687717305728 0.2388376275093397 1767
0.6521151211232782 0.2419113899135978 1768
0.6553039541362502 0.2535888500560236 1769
0.6638118790231355 0.244986511671399 1770
0.66695022846642 0.2565445561995206 1771
0.6754352655184739 0.2481114689864791 1772
0.6781685037990913 0.2601305600679374 1773
0.6871059572184307 0.2510813735960663 1774
0.6903470558558128 0.2626246623847517 1775
0.6987479721118524 0.2541616142695897 1776
0.7019763438219406 0.2656619376963663 1777
0.7103747291666405 0.2571970162326449 1778
0.7133334440270809 0.2692802034279626 1779
0.7220205462759426 0.2602235799665755 1780
0.7249933615793083 0.2721789679640231 1781
0.7336287466405211 0.2632258784274483 1782
0.7367746998304188 0.2747583971881121 1783
0.7451866089748629 0.2661495881936268 1784
0.7483821146066442 0.2776705530232948 1785
0.7567502938996102 0.2691414849224142 1786
0.593623547453709 0.2263702901244882 1787
0.7599579521750854 0.2806547755369133 1788
0.7682871018886722 0.2721146236333277 1789
0.7651100695813773 0.2606919499690182 1790
0.7765590190932775 0.2636605199718741 1791
0.7797663665063004 0.2750457991388735 1792
0.7880013067085391 0.2665939238709195 1793
0.7912447661083192 0.2779316017753586 1794
0.7994049401106369 0.2695141196475334 1795
0.8026642721510238 0.2808522161658596 1796
0.8108272776226105 0.2724309886180274 1797
0.8139563465452696 0.2836350033528267 1798
0.8222755371056785 0.2753934819926443 1799
0.8257954160301062 0.2864012848704047 1800
0.8337693269051687 0.27828904508154 1801
0.8374271707186326 0.2894182617908605 1802
0.8451790465322676 0.2811288394299629 1803
0.848446768016142 0.2924451518199367 1804
0.8565753456147114 0.2841497793580497 1805
0.2484496958367653 0.2088709938888293 1806
0.2363727098012467 0.2053681618607962 1807
0.7194590201897181 0.2488394943342513 1808
0.8599133204285569 0.29490689554171 1809
0.8679888711645388 0.2870140675273496 1810
0.2260691020587238 0.214298443560091 1811
0.2238609163899732 0.1988865938634188 1812
0.212912301588688 0.2099523907143039 1813
0.20934697037592 0.1958431911181236 1814
0.199615140172985 0.2062123964901844 1815
0.1961146317595208 0.1928070006552236 1816
0.6728483589064138 0.2367049621547501 1817
0.8713287953212889 0.2977451244486938 1818
0.8794134596660063 0.2899075936078047 1819
0.8821798064117965 0.300663846687618 1820
0.8907576339359315 0.292701575904215 1821
0.8938408351484353 0.3043087252994626 1822
0.9022193482600069 0.295662616562165 1823
0.9058443127845474 0.3067974262250499 1824
0.9136212395290273 0.2985671885594516 1825
0.9169895497842472 0.3094305797516828 1826
0.9250180226023788 0.3015274686659782 1827
0.9283484485928747 0.3122899127252753 1828
0.9364655179817891 0.3043312021031036 1829
0.9396352415073403 0.3156142434799121 1830
0.9478532580794617 0.3072880650961701 1831
0.9510259702497331 0.3186086975072096 1832
0.9591918812945979 0.3101824797959373 1833
0.9560369239892685 0.2989424851444716 1834
0.9672991987124469 0.301812161594665 1835
0.9705121294812252 0.313022291918558 1836
0.9785246095258705 0.3046400130366792 1837
0.9818045057311752 0.3158361363042933 1838
0.9898341258836616 0.3074596065136804 1839
0.9929344626830454 0.3184979018548518 1840
1.001103929464811 0.3102816101372142 1841
1.004418028514736 0.3214738223798864 1842
1.012424519005022 0.313132686108626 1843
1.015922999254572 0.3242439235450799 1844
1.023800926416145 0.3160137077687706 1845
1.027033286711081 0.3271309147107894 1846
1.035085778560557 0.318865112642795 1847
1.038287263133859 0.3299656532500989 1848
1.046377242876256 0.3216259876406042 1849
0.2162571543680377 0.2919597684160253 1850
0.2202627089416615 0.3073867230249742 1851
0.8990213623238836 0.2843821503658589 1852
0.8410461669809759 0.2696837249144518 1853
1.049562045738794 0.3327583864228782 1854
1.057607321776576 0.3244105580484644 1855
0.7958559190816947 0.2580744829689761 1856
0.1866907876950678 0.2028966242105922 1857
0.1828299440353537 0.1891178578090584 1858
0.2461928309070023 0.1955537370587725 1859
1.053995475267822 0.313101990944951 1860
1.065545746136694 0.3160725482041848 1861
1.068820906959671 0.3271410777695102 1862
1.076755033025073 0.3188490941531161 1863
1.079981642937963 0.3298908477183597 1864
1.087922475126827 0.3216038511561411 1865
1.091225180667236 0.3322934490029164 1866
1.098986565421354 0.3247820696067796 1867
1.102343025132817 0.3351932839408065 1868
1.110125294065189 0.3276327091910872 1869
1.113509710917072 0.3378322117321337 1870
1.121380557324452 0.3298947938982105 1871
1.12465579467606 0.3405000705657619 1872
1.132399777485967 0.3329825331983892 1873
1.135690779072559 0.3435592163447306 1874
1.143476258933864 0.3358330716846776 1875
1.146847829853424 0.3460515495039594 1876
1.154581259573953 0.338513344171826 1877
1.157919998937291 0.3488341845428822 1878
1.165656925546567 0.3412460979444938 1879
1.168988685561264 0.3515580766626148 1880
1.176724361555558 0.3439329743721263 1881
1.180026881030829 0.3543233861638094 1882
1.187759319815644 0.3466608505509676 1883
1.191053328557758 0.357026652457587 1884
1.198836165981199 0.3490074743142876 1885
1.20202230883117 0.3597913485760232 1886
1.209804197145673 0.3516712227482387 1887
0.9975548200877068 0.2990515087709945 1888
1.212966320989979 0.3624628260879202 1889
1.220714444458758 0.3543486390774906 1890
0.2051810932801261 0.3030478305543283 1891
0.2090030185336948 0.3184623283228954 1892
1.21758744654482 0.3436152621501684 1893
1.228418069368249 0.3462908180702761 1894
0.2243116630216784 0.3227945773794237 1895
0.2129228402634495 0.3339857617840917 1896
0.2284124633337197 0.3383000308834131 1897
0.2168871677447563 0.3496376808618203 1898
0.231903668384595 0.354161709810386 1899
0.2207825350385225 0.3654522402733897 1900
0.2366441466052337 0.3697899783311827 1901
0.2249141615547032 0.3813308677101895 1902
0.2401596147323305 0.3859181772086606 1903
0.2288977537358436 0.3973903358328036 1904
0.2130288447047563 0.3928639221816179 1905
0.2171045282762334 0.40894741062118 1906
1.173241330686805 0.3328551134872824 1907
0.244919682396058 0.4015571672988257 1908
1.129304153957427 0.3216114870991796 1909
0.1731144198757338 0.1992029812368352 1910
0.1693723192048993 0.1852404931674373 1911
1.073424949563179 0.308368913183859 1912
0.6935471995155232 0.2742557902737797 1913
0.2056328350559684 0.1820958355643284 1914
0.6035561787403104 0.2622302724527504 1915
0.1978492096760013 0.329539148771815 1916
0.2008029546877318 0.4044722485135732 1917
0.2050603598350322 0.4208663962733462 1918
1.22488432808778 0.4811909490482887 1919
1.225349744285911 0.3356672774352472 1920
1.236043419271324 0.3383065714578712 1921
0.8058690505731858 0.2920092179182021 1922
1.223876211564706 0.3651172686796107 1923
0.4412935875937232 0.3130417812543969 1924
0.2066261905195575 0.6892988364621503 1925
0.9641250840758107 0.2906502669357841 1926
1.402834355294922 0.3423717061630854 1927
0.2177576857819553 0.7273594468102365 1928
1.296150428237065 0.455686981373878 1929
1.084314509010273 0.3404925220464184 1930
0.9849904390655533 0.3268007247129672 1931
1.397328411765728 0.38449086923921 1932
0.9158788855140365 0.4641901589838063 1933
1.016363221078175 0.4765003163055042 1934
1.12519176607521 0.4908462801488789 1935
0.8739150775314428 0.309206369204016 1936
0.5014835155630899 0.4617991310336802 1937
0.1592127055297038 0.1948388764653216 1938
0.1559932655290684 0.1811940467492508 1939
0.6375630096150096 0.4305040926474889 1940
0.1885387126765979 0.4164075700302277 1941
0.1927969232019062 0.4331207135173719 1942
0.2097604339620401 0.4370111198002906 1943
0.1971552972556621 0.4498411153380495 1944
0.2142739610827207 0.4539090931066284 1945
0.2015565317470653 0.466753817926991 1946
0.1659382311171705 0.1717788368425513 1947
0.1527984227659595 0.1677962259611806 1948
0.1995978153018996 0.7222044836999761 1949
1.233010778326993 0.3277684484186869 1950
1.243626859338489 0.3303759199486873 1951
1.246692609787087 0.3408815802939695 1952
1.254237081521255 0.3329593618023935 1953
1.257288531858369 0.3434139152172975 1954
1.264810546240564 0.3355838531938851 1955
0.7282772028486347 0.2835849383938115 1956
0.2567263433957081 0.3897747049760555 1957
0.2609705877353682 0.4058040307252408 1958
0.2723749505851037 0.395402109860617 1959
0.8418485266319724 0.3007080724683261 1960
1.019470980553709 0.3350863395532518 1961
0.2767591853029583 0.4105433674522639 1962
0.2884145696910981 0.3991230989752812 1963
0.1846081078880419 0.4621975641278747 1964
0.1890479883363911 0.4793125052565625 1965
1.171565002015947 0.3618432441139328 1966
0.1428469145826963 0.1771381252744608 1967
0.1397076050105475 0.1638846641719959 1968
0.2043552060530699 0.7407493626929607 1969
0.2216708822251042 0.7475516929719663 1970
0.9443023495901124 0.4336773508591782 1971
1.267845662594348 0.3459773410398224 1972
1.275287230118649 0.3381291235914478 1973
1.272293642030871 0.3278159634313247 1974
1.28269107791915 0.3303437392458647 1975
1.216121038329624 0.3732556379257957 1976
1.227067853833875 0.3759321832665194 1977
1.116645858239575 0.3491866032063092 1978
0.908580341787172 0.3183620372725224 1979
1.240577760269782 0.3199123717398008 1980
0.1859549840761087 0.735506656741217 1981
0.2184307807963461 0.4713402744572825 1982
0.1628919802828479 0.1576272619183982 1983
0.2592950963113475 0.2007221694824065 1984
0.2562565714199341 0.1867862824316799 1985
0.2682807408288506 0.1895944963161579 1986
0.2652656412529902 0.1769196511961491 1987
0.2777578854245044 0.180293050609395 1988
0.274566460696702 0.1677768331131972 1989
0.2869170686792223 0.1711847261326374 1990
0.2838124553233214 0.1589132637754177 1991
0.2959223926114044 0.162259263728339 1992
0.2725882487025711 0.1549977932653172 1993
0.1718181057436588 0.4745201647648898 1994
0.1764124732468491 0.4919505284229225 1995
0.1629030785285053 0.2090788153555004 1996
0.9427774875607625 0.3270780801267664 1997
0.190853935798666 0.7542136667873478 1998
1.230039353666099 0.3172958817062786 1999
0.2925817350403154 0.4148181170016909 2000
0.3042623832264961 0.4033554606394366 2001
0.2928663919122061 0.1501856089325851 2002
0.304805111833777 0.1534701809743935 2003
0.1298125228190342 0.1731550911716624 2004
0.12675563812408 0.1598908361385774 2005
1.418568722091956 0.3627263731511737 2006
1.219264341922722 0.3841159876940664 2007
0.5411842007794089 0.28086382715351 2008
1.230245113205129 0.3868186238862077 2009
0.9915977272134132 0.4357586330133872 2010
0.4894766541926435 0.3649813178447588 2011
1.279702944154822 0.3200925339410262 2012
1.290055607597525 0.3226232872143818 2013
1.293056559888173 0.3328321398941767 2014
1.300375651191693 0.3251425045905535 2015
0.1724016092837413 0.7491857328914979 2016
0.1674988103444571 0.7301008571285729 2017
0.5245331067360649 0.3484514257974878 2018
1.237385947659777 0.3095513203008935 2019
1.227134837473001 0.3068822980650149 2020
0.3017199922686553 0.1415687726767909 2021
0.3135796016419806 0.144848964338125 2022
0.3166718495886898 0.1567035669951762 2023
0.3254154008867889 0.1480845512393008 2024
0.3285210575148811 0.1599380677775073 2025
0.3371907727583252 0.1513059256394924 2026
0.340360949739771 0.1631701624620072 2027
0.3490185696020727 0.1545754578742667 2028
0.3522097097219208 0.1664045184451975 2029
0.360914787393648 0.1578092651142489 2030
0.3640815762293808 0.1696023760117296 2031
0.3727379477225695 0.1609625214863523 2032
0.3699101317711007 0.1476895040933215 2033
0.3818165412373546 0.1525544182431053 2034
0.3845674868017498 0.1641046281846995 2035
0.3930942912822182 0.1555195612404388 2036
0.3962012459006495 0.1671281724453811 2037
0.4046930237863646 0.1585845262235309 2038
0.4078789336104006 0.170171611708817 2039
0.4163242568388495 0.1616133288516038 2040
0.4195338467508376 0.1732194830708405 2041
0.4279632106433016 0.1646857089884527 2042
0.4311574190445506 0.1763433250420872 2043
0.4395885518527834 0.1678072618352083 2044
0.4364358106810533 0.1562685911027241 2045
0.4479235348497411 0.1593069384974305 2046
0.4427961533650869 0.1794265899371906 2047
0.4448671394389004 0.1479830396859615 2048
0.4561569140818764 0.1509381442584868 2049
0.3900994937701747 0.1440882810888337 2050
0.4531096236189206 0.1397470698645333 2051
0.4643301971750263 0.1427142540824778 2052
0.4673961637121808 0.1538496703131403 2053
0.4755194268928372 0.145630403686264 2054
0.4786002442257891 0.1566994502750005 2055
0.486661704178722 0.1484055931421831 2056
0.4897727837866115 0.1595582823263933 2057
0.497852018834789 0.1513863431328398 2058
0.4834438837206292 0.1372288183042226 2059
0.1589846920019075 0.4871237845186327 2060
0.1635240380459734 0.5046388998047771 2061
0.181053548290447 0.5094313256339058 2062
0.1681118404743404 0.5222057926630448 2063
0.1772485210077221 0.7677364490116478 2064
0.1544726916043719 0.4695827030580684 2065
0.3337800279274491 0.1393212888086077 2066
0.8163702864482676 0.4509886474547227 2067
0.1857298579634681 0.5270318990994701 2068
0.1727437087210535 0.5398741020082443 2069
0.7291372368000639 0.4404699276040308 2070
0.1550350575408594 0.5350621231279311 2071
0.1597972395078974 0.5529440430432032 2072
0.3083312323420052 0.4190900143170875 2073
0.3199217823663844 0.4076489916861225 2074
1.222419058639387 0.39504303499585 2075
1.303382041742193 0.3353058951108936 2076
1.310667487319549 0.327641598898058 2077
0.5009324342150923 0.162498775099557 2078
0.508958875580185 0.1542513265876013 2079
0.493501969409254 0.1708842564941563 2080
1.307683367948764 0.3175149410320752 2081
1.317899056459375 0.320000742809858 2082
0.1168305364234858 0.1691458069310507 2083
0.1138938151389134 0.1559215945477929 2084
0.1236887957985286 0.1469034918428717 2085
0.1110988066367357 0.1429884978943199 2086
0.1196837389254019 0.182473817294857 2087
0.1587437118752162 0.7626428245146351 2088
1.233478107896838 0.3977623029361854 2089
0.1636290291655707 0.7813593274560287 2090
0.1808388333617978 0.7876806771826295 2091
1.234366586297039 0.2992202428773119 2092
1.22421634292678 0.2965623337843331 2093
0.1414906490955671 0.4822814501951527 2094
0.1369757922257838 0.464532962506848 2095
0.1206105532851676 0.1342365502302471 2096
0.1083835919104839 0.1303978317612117 2097
0.4342516111084245 0.188041338337069 2098
0.4461393774194947 0.1911478225989371 2099
0.2967408195241506 0.4306046676226271 2100
0.1449780659944217 0.7762126574499254 2101
1.313677422902632 0.337789844568216 2102
1.306391143933525 0.3454447228397673 2103
0.1903785351098131 0.5446186909585491 2104
0.1418774357625276 0.5480120311020187 2105
0.1466863502705178 0.5661035719620174 2106
0.5120777820700428 0.1653843207324545 2107
0.5201361242382526 0.1571720269077497 2108
0.5170072335006184 0.1461159710550946 2109
0.5280584645637603 0.149012856242289 2110
0.5250041299621413 0.1382290360412433 2111
0.5359414966979379 0.1409576742321824 2112
0.5390097019123326 0.1517827245136423 2113
0.546809813172716 0.1437010248541629 2114
0.5498942905155998 0.1544799307454548 2115
0.5576887916788444 0.1464434679929497 2116
0.5606820701494436 0.1571506854102844 2117
0.5685358151911259 0.1491377153311349 2118
0.3239940413275716 0.4233589435850618 2119
0.3355027637506597 0.4119920062562924 2120
0.331490595321883 0.3964258285450089 2121
0.3468232151779882 0.4007173792669519 2122
0.1014847732397245 0.1517760034799259 2123
1.423267823938484 0.3204047980586102 2124
0.3994207174670473 0.1787776268450728 2125
0.5715927001594003 0.1596594686786501 2126
0.5794101763241093 0.1518380885822289 2127
0.5825548360889461 0.1624482863469144 2128
0.5903282093304126 0.1546313073379055 2129
0.5933946217973338 0.1654132440671765 2130
0.6011790513296744 0.1574188223222021 2131
0.6042519309855046 0.1681990753421416 2132
0.6120362181182388 0.160178615134116 2133
0.6151700400768545 0.1707103941240369 2134
0.6229191816920741 0.1628909787789269 2135
0.6260388440388009 0.1734061559618307 2136
0.6338063640548308 0.1656394221721651 2137
1.225604062435097 0.4060451153203503 2138
1.214431377914859 0.4032927294359402 2139
1.314940440821205 0.3099632796293071 2140
1.32508365641645 0.3124115225153367 2141
0.3428521207411905 0.385378809785353 2142
0.3580238595699435 0.3895568516411692 2143
0.3620630823037506 0.4048131818319344 2144
0.37314656404042 0.3937047417916369 2145
0.6199904524696002 0.1522357831464234 2146
1.236759462167374 0.4087376906792936 2147
1.244652281872658 0.4004539943875496 2148
0.5439748853821069 0.1319678332794198 2149
0.5872693596994938 0.1439387782857156 2150
0.1499155740487703 0.7950321043411039 2151
0.4373951776272467 0.1998648932485288 2152
0.4494493541391092 0.2030018874344844 2153
0.4419415730066186 0.1367920753742551 2154
0.4500997160257608 0.1286684815417968 2155
0.4391018309930124 0.1257140667383204 2156
0.6366176029235753 0.1761665429987544 2157
0.644613042629381 0.1683855693626573 2158
1.231564665672265 0.2889188332270413 2159
1.22124325397903 0.2862938098217368 2160
1.242138981210441 0.2920997129580959 2161
0.502681570916889 0.2706127326569445 2162
0.4470945684514711 0.1177428916857418 2163
0.4362668214541464 0.1148153420273152 2164
0.2842553052555041 0.3832681631152399 2165
0.1175979284968931 0.1217656743169736 2166
0.1057537722434766 0.1180593881564465 2167
0.1311770685795549 0.7899466185763788 2168
0.1262412828265112 0.7710379178059004 2169
1.438858242693736 0.3407797530901214 2170
0.3316262849306465 0.1718730755414599 2171
0.1238566491900624 0.4773801208830455 2172
0.1193026097197842 0.4594655544627009 2173
1.316695203703101 0.3479330990861662 2174
1.309388993223097 0.3556137344771341 2175
0.2010390706909874 0.2874230186892792 2176
0.1843157307166167 0.399712720478595 2177
0.1285534074827082 0.5611228666383457 2178
0.1333145601493889 0.5792390883197649 2179
0.1515671637569384 0.5842516145400718 2180
0.1381375867369811 0.5974370133962547 2181
1.217639285119149 0.4144480276646214 2182
1.206273825048695 0.4116125241566445 2183
0.3771872417006371 0.4088156215953331 2184
0.3882350572088207 0.3977866080775909 2185
0.1361515571144215 0.8087705865217244 2186
0.6469245674331137 0.1786536057210272 2187
0.6553371608864988 0.1708731068761901 2188
0.6523973028216123 0.1604288012197385 2189
0.6631297238974653 0.1631423934943418 2190
0.6662281826769096 0.1735488516454705 2191
0.6738728149155088 0.1657943182607479 2192
0.6769550734363899 0.1762687843920027 2193
0.6845753924403789 0.168463665341558 2194
0.6876723797080926 0.1789223816652042 2195
0.6952881153469979 0.1711163882305738 2196
0.6983655608058859 0.1816455582552738 2197
0.7059753739488445 0.1737690254794806 2198
0.7090787059970736 0.1842394173073049 2199
0.7166942304627623 0.1764158247373203 2200
0.7197743040232929 0.1869040910331271 2201
0.7273759557775786 0.1790607626393961 2202
0.7304644279215919 0.1895482751445537 2203
0.7380664289037993 0.1817068662418626 2204
0.7411415244241493 0.1922266388996042 2205
0.7487587194535674 0.1843521908707559 2206
0.7518224216270859 0.1948714338975766 2207
0.7594167624602807 0.1869988732019758 2208
0.7622351494208087 0.1973211324041786 2209
0.770041986676863 0.1896086707905167 2210
0.7719751674087445 0.1997944854374327 2211
0.780328141041042 0.1920046107230229 2212
0.77771491737922 0.1817636213800227 2213
0.7881861947898661 0.1843558327504461 2214
0.7907436593133048 0.194748983053568 2215
0.7987177009257689 0.1869629167531821 2216
0.8012407834709171 0.197498235161137 2217
0.8092899601469798 0.1895577018673744 2218
0.812237251563888 0.199877011972934 2219
0.8198926369483829 0.1920863883661914 2220
0.822525800620313 0.2026190886500832 2221
0.8304106625694742 0.1946719831243446 2222
0.8331315586373617 0.2053172991535666 2223
0.8409660484332099 0.1972592524910179 2224
0.8439744599773872 0.207961034222378 2225
0.8516315996038443 0.1997567719349286 2226
0.854592285186532 0.210522022847507 2227
0.8621245350824094 0.2023918935092253 2228
0.86511612040001 0.2132012165359883 2229
0.8726582085689518 0.2049827660870314 2230
0.8756564553012403 0.2157832788259158 2231
0.8832251124793707 0.2075907642267681 2232
0.8863513672341796 0.2182892821927193 2233
0.8937980583052199 0.2101475286798279 2234
0.8969050225165988 0.2213062196298651 2235
0.904344307893744 0.2127956032610413 2236
0.9073971218817789 0.2236294358362593 2237
0.9148789006238551 0.2153281599728211 2238
0.918223113247052 0.2262492521461196 2239
0.925481056460572 0.2178314141211086 2240
0.9289877416133728 0.2287511199052314 2241
0.9360523779181174 0.2204397160357685 2242
0.9392978528003654 0.2307290429431486 2243
0.9465596399787486 0.2229075234716879 2244
0.9496305710924139 0.2332209475261228 2245
0.9570597900245913 0.2254376462749965 2246
0.9601295982300023 0.2357610354884324 2247
0.967586387660309 0.2279859313772683 2248
0.9708121379462786 0.2376869231652891 2249
0.9781492060726789 0.2304290611803702 2250
0.9814103775995753 0.2401023545244182 2251
0.988702445491589 0.2329419744050937 2252
0.9918087338238096 0.2432589437872535 2253
0.9992361671311785 0.2355250562262804 2254
1.002284061558576 0.2459437510782926 2255
1.009806277009194 0.2381388992424054 2256
1.01282724489096 0.2485113694601223 2257
1.020349390569824 0.2407054406991685 2258
1.023365733782696 0.2510683908009948 2259
1.030867939013291 0.2432449299390641 2260
1.033898036394394 0.2536187255397324 2261
1.041398131503884 0.2457955718955292 2262
0.7028435457990587 0.1633212347987566 2263
0.7456455414946612 0.1739163895471557 2264
0.2794711891390591 0.192222925855934 2265
0.5529574563127619 0.165242111290807 2266
0.6601181441303928 0.1525852250738117 2267
0.3842146779190668 0.3828009120119094 2268
0.3990982818552706 0.3868579531758441 2269
1.322139070420925 0.3024465234254927 2270
1.312075814519587 0.2999658488257881 2271
1.332222577420248 0.3049003637977502 2272
1.335173866219381 0.3148244924457511 2273
1.342291320384148 0.3072606385171311 2274
1.345224507736192 0.3172038885957256 2275
1.352324382810639 0.3097512040469533 2276
1.213964193131985 0.2941368833342398 2277
1.210950098254062 0.2837034972493025 2278
0.9414128940154131 0.2422690212058041 2279
1.247916211749284 0.4114075244569569 2280
1.255795329632104 0.4031637683757446 2281
0.1563818770958924 0.6023946277386985 2282
0.1429890317629727 0.6157327811380812 2283
0.1246819095634787 0.6107827149482254 2284
0.1295670649788953 0.62918246854837 2285
0.8787453158787415 0.2270012713086005 2286
1.04407965029575 0.2558374039647485 2287
1.051807257787163 0.2482511885412176 2288
1.203594240612921 0.2915829890968021 2289
1.200613376535764 0.2810858531109723 2290
1.193103447448807 0.2890997579946307 2291
1.190231084963278 0.2785316406704622 2292
1.182710713169237 0.2865221230809503 2293
1.179853076890931 0.2759250331441661 2294
1.172305784648653 0.2839993687562268 2295
1.169476325118523 0.2733208983127888 2296
1.161911600907509 0.281401510606008 2297
1.159035311602661 0.2708867761564561 2298
1.151479826143929 0.2789038586459484 2299
1.148673457460579 0.2680969251018747 2300
1.141070371293943 0.2762748640751194 2301
1.138212014477971 0.2656461883637953 2302
1.130643092273722 0.2736766457416162 2303
1.127820464592259 0.2628162586603062 2304
1.120219237552276 0.2710205202626574 2305
1.117375851399423 0.260194512956207 2306
1.109678443335754 0.2683077546865796 2307
1.106985292679973 0.2575408631395423 2308
1.2279983953865 0.2788550597278874 2309
1.165879063760338 0.2631892202659025 2310
0.1296410909910426 0.1254299170222257 2311
0.9961588068972288 0.225178269937189 2312
1.099506803015954 0.265145566693369 2313
1.048837172445467 0.2379544350662526 2314
1.059233449432869 0.2404748236615522 2315
1.355231547579219 0.3195944060662094 2316
1.362294834575266 0.3121676900734021 2317
0.1266890846291376 0.1134248954895763 2318
0.1384094811070139 0.1168925799653633 2319
0.9552565001475379 0.2152340276290224 2320
0.4406537004849412 0.2118275889176188 2321
0.4527177653410522 0.2148948307720908 2322
1.114495039349735 0.2497440538114778 2323
0.7538539633281993 0.2053423289602742 2324
0.1123768775104752 0.78483183747753 2325
0.1074237047081798 0.7659121705192158 2326
0.8588861238991463 0.1918006513522258 2327
0.2428070866213782 0.3423289258184112 2328
1.197622383828108 0.2708287359176736 2329
0.9012919200143719 0.2021785064605394 2330
0.2033074168915228 0.5318176477489824 2331
0.2079578857243769 0.5493489167762298 2332
0.2207685151054771 0.5365615038834617 2333
0.3954721032339997 0.3714048869356604 2334
0.410041456530045 0.3752153950966475 2335
0.4441355689398109 0.1069163048368337 2336
0.4334603046244361 0.1040642683938313 2337
0.454860803837319 0.1097626402691831 2338
0.6279059849174362 0.1837357188606624 2339
0.8169005868594875 0.1816997332343573 2340
0.7852560703733873 0.1739820195443224 2341
0.8355524410088686 0.2165181672852522 2342
1.339240319156765 0.2972619004800467 2343
1.209587686078264 0.4229488003273582 2344
1.198144308359134 0.4201258424730637 2345
0.428552933595543 0.2086271795609798 2346
0.2257794341514406 0.5543585478294963 2347
0.2382496917912484 0.5413585449403941 2348
0.7131798164103968 0.1952393379563364 2349
0.1111370477496028 0.6242059441683854 2350
0.1160582253561216 0.6426983910829949 2351
1.319703306460509 0.358067754595697 2352
1.312399123329655 0.3657748299143435 2353
0.1060488023376596 0.4724446015600179 2354
0.1014941274839475 0.4544661596103849 2355
0.1147801052046747 0.4414957882028305 2356
0.3921804166010258 0.412821848618019 2357
0.3812080744746229 0.4239329631024023 2358
1.104137325737333 0.2471340847014369 2359
0.4318348279224223 0.2207595494845055 2360
0.4195878003514744 0.2174950975839882 2361
0.5857064364996676 0.1728809455094553 2362
0.09697307412289749 0.4364471094293967 2363
0.1102737471555976 0.4235893383501797 2364
1.259016162605567 0.4140694010796265 2365
1.266808117827866 0.4057960061442435 2366
1.251172121711129 0.4223753435357308 2367
1.036826597888929 0.2630260539073029 2368
0.1356087887671249 0.1050777737697827 2369
0.147045600118707 0.1085479708653652 2370
1.054625290774006 0.2577341749790375 2371
0.2025786729280271 0.2201797603092748 2372
0.9111142198629418 0.2358224181153275 2373
0.09253795931274825 0.4184803021314832 2374
0.1057588207241891 0.4056735137247034 2375
0.08806885273478249 0.4005721039361281 2376
0.1012302193841719 0.3877212859744284 2377
1.056279752898752 0.230253519125248 2378
0.1344931292537163 0.6475879208541551 2379
0.1207547795114987 0.6609558429242849 2380
0.1023924314903981 0.6562298495204786 2381
0.1058208477451531 0.6746036063134633 2382
1.194857491184262 0.4087489372960724 2383
1.186653531509513 0.4172839084318381 2384
0.8031821052584902 0.208204486689035 2385
0.451979534420181 0.09915696170898292 2386
0.4625166088627645 0.1019271924041721 2387
0.4255500681344518 0.1118622517458928 2388
0.4227933675019426 0.1012084245410374 2389
0.2515944077055667 0.1743388956052524 2390
0.8184274740173318 0.2638818630748786 2391
0.1244144501147466 0.1015797885119371 2392
0.6489101406260953 0.2303447256548085 2393
0.3658870244814948 0.2521582363728151 2394
0.2899640357404857 0.1382648286332437 2395
0.298629333049833 0.129842584711043 2396
0.2871843267242193 0.1265466177025699 2397
0.2955898645091048 0.1183228803708879 2398
0.2844112925315307 0.1150931322371775 2399
0.2927382887186629 0.1070387709756246 2400
0.281650912765726 0.1038836540985282 2401
0.2733431818669294 0.1118424508066992 2402
0.3038081031950604 0.1101475469613012 2403
0.2706340088054258 0.1007072793068052 2404
0.2623475374173246 0.1085879104126247 2405
0.2596559647456627 0.09751997670131984 2406
0.2513921160140527 0.1053669330495294 2407
0.2487150770674739 0.09419351558328598 2408
0.2404668346471951 0.1021515617573188 2409
0.2431866760010173 0.1133494326076895 2410
0.2320608001088808 0.1100597610652449 2411
0.2348416571247762 0.121467592624791 2412
0.2235166823471316 0.1180893725474101 2413
0.2208761672481899 0.1066920074503358 2414
0.2122652981698984 0.1146956385365638 2415
0.2096010178439426 0.1033107846890053 2416
0.2010585824062822 0.1113025379108426 2417
0.2036778874846873 0.1228347651895231 2418
0.1985471682259038 0.09993661803886472 2419
0.2994821273517116 0.2485788305339995 2420
0.5653945515048902 0.1383925336736396 2421
1.263634668987212 0.3949828837397243 2422
1.274565663869087 0.3976021218874619 2423
0.4148963698974244 0.1089029406725029 2424
0.412138964110723 0.09830113353657834 2425
0.4042281610936028 0.1059886016290553 2426
0.4014606131684983 0.09536168344366071 2427
0.3936070398920105 0.1030636974004993 2428
0.7242436780321055 0.1686252469796913 2429
0.933854203117813 0.2931469157304026 2430
0.5486677434472902 0.2252742840061759 2431
0.5573356299568353 0.2166571505506751 2432
0.5456436359450828 0.213453136618369 2433
1.028160221182813 0.2329362622629609 2434
0.8375984387093129 0.1864494054327097 2435
0.7918772548320637 0.4090362808555297 2436
0.8802036890216021 0.1970638191128189 2437
0.8635669692610641 0.2754566569021633 2438
0.9223768675210933 0.207291719607004 2439
0.6533719077732032 0.396672488393671 2440
0.843732816542359 0.4217287682771477 2441
0.3806461867470375 0.367289566533715 2442
0.9760498393163768 0.2202882672820643 2443
1.134864966594598 0.2550306821754 2444
1.054434851305223 0.4513964066418086 2445
0.7434316460979865 0.4083890185439214 2446
0.5747149692212421 0.3881952716543855 2447
1.151350963912789 0.4635272719186346 2448
0.6814793240896045 0.15800307299703 2449
0.4138718932705555 0.3906081068675936 2450
0.4246332177059538 0.3793302228780819 2451
1.359404888091837 0.3022640699926038 2452
1.369307309726996 0.3047513868353485 2453
0.4973999783054925 0.393788928309931 2454
1.319247666375758 0.2924907622560258 2455
1.309224820615023 0.2900430089232765 2456
0.1065420725796052 0.1784927095251199 2457
0.109627062602193 0.1922314125707666 2458
0.09597037815385351 0.1880822707664921 2459
0.09896016444224343 0.2021126848961575 2460
0.08590179471207984 0.1977633878393858 2461
0.08923135482152122 0.2123063968344433 2462
0.1026141892667174 0.2168994210840191 2463
0.0918455570188971 0.2272964241200592 2464
0.1064884504190324 0.2321305288031269 2465
0.09486284108961704 0.242363634331114 2466
0.1102778795214714 0.247177950915083 2467
0.09871853301671035 0.2580970698627271 2468
0.1141165266068102 0.2627580627903328 2469
0.1023270160499918 0.2739409326118293 2470
0.1180328595174781 0.2786958026804742 2471
0.1060251580117696 0.290028730235965 2472
0.1219390710469307 0.2947939425587524 2473
0.1291230609248946 0.2665960885185881 2474
0.1099891623205861 0.3062256000322797 2475
0.1259864644608503 0.311112166933743 2476
0.09429335776718795 0.3021122493815174 2477
0.08196093092982143 0.183552093009217 2478
0.09647017674964489 0.1265058353592153 2479
0.09393790012516415 0.1143313574041359 2480
0.08469747682657142 0.1227038613213718 2481
0.08210999301864923 0.1107226131468648 2482
0.0727931604642961 0.1189015466703216 2483
0.0694859897354999 0.1066431677159737 2484
0.09137179054413887 0.1016200449126476 2485
0.5224383257470376 0.2993098142845905 2486
0.7734386401899632 0.2522943337222177 2487
0.762086057932843 0.249346591032979 2488
1.326982194231923 0.3504020663845595 2489
1.329999502844967 0.3605121253085289 2490
1.337155351953866 0.3527785452237078 2491
0.4793600899130963 0.4295527273949385 2492
0.1444449866215957 0.09704674230566659 2493
0.6799415725297193 0.188258050184885 2494
1.452368402115243 0.3266766595031937 2495
1.436910710180372 0.3058718607443504 2496
0.1549314324999577 0.813850683549732 2497
0.1411379016669473 0.8276416370655107 2498
0.1599844518375172 0.8327217058408328 2499
0.4339029234855079 0.4718050449841425 2500
1.362851960620451 0.4234208316234269 2501
1.277375772504294 0.473134492325873 2502
1.078490363946419 0.4920726315336448 2503
0.1222947595542027 0.8225485344309912 2504
0.1272872982173353 0.8414584652712461 2505
0.1083743010931193 0.8363541702144378 2506
0.2882792777613803 0.6777845685001896 2507
0.1151250934872801 0.5742908870700323 2508
0.110346442236617 0.5560339957624488 2509
0.2262340947786497 0.1296031803683873 2510
1.201012348859122 0.4754108466281127 2511
0.2742659033958815 0.6265059729959797 2512
0.3395335439022551 0.6265764367769578 2513
1.111872005149309 0.2803766792403792 2514
1.219725897444701 0.3146004783528564 2515
1.066591756920214 0.2327482611934495 2516
0.3878645941882203 0.5782832463264889 2517
0.3265363076516679 0.5772535799526382 2518
0.3770677590214062 0.5287928088560788 2519
0.4466583336649085 0.5211339948479216 2520
0.6589550752905294 0.2670762331337193 2521
1.331803727490545 0.416617759800486 2522
0.2135311780252231 0.5677706560353029 2523
1.335149359603067 0.4566336299010992 2524
1.149019310005104 0.3559887162544454 2525
1.303537351443877 0.4893530791799703 2526
0.1612236806976645 0.6205816251773507 2527
1.39078316280774 0.3562831795034292 2528
0.2651088946726111 0.4220888390614397 2529
0.5225856088125167 0.4396965117252117 2530
1.247587587791246 0.5199754727804146 2531
1.259712699114644 0.5227483810154516 2532
1.251218050339664 0.5319258679125274 2533
1.26303301247722 0.5348759561538352 2534
1.254801429607702 0.543995947512411 2535
1.266696722800396 0.5469751384045918 2536
1.258448489082224 0.5561453215245569 2537
1.2703808346161 0.5591620031805609 2538
1.262133005152301 0.5683770902493247 2539
1.274049343968254 0.571931557686357 2540
1.26583760271948 0.5807740985767126 2541
1.278309372277735 0.5842166383676057 2542
1.26966007855847 0.5931722932635576 2543
1.282316830094875 0.5960365527999466 2544
1.27351090835132 0.6055347286953305 2545
1.260242239231951 0.6022399557074268 2546
1.264473805905257 0.6152436993894446 2547
1.25096194305028 0.6118302598828064 2548
1.277487247428529 0.6178514140849259 2549
1.255347900185326 0.6251093727700239 2550
1.242137724966011 0.6220386930092651 2551
1.246231910328588 0.6351482974701271 2552
1.232828893261752 0.6320923550806332 2553
1.236922677206831 0.6454921770287114 2554
1.223243083210582 0.642338788878078 2555
1.227329650042467 0.6558076276140035 2556
1.213486167019926 0.6524619609676703 2557
1.241173044243905 0.6590042408624379 2558
1.231521855646487 0.6693708499282052 2559
1.245179526281555 0.6726471829981229 2560
1.235677788488941 0.6831079075257713 2561
1.249779520077862 0.6862449122738581 2562
1.291082449453091 0.5867469061801222 2563
1.23999653782625 0.6968528612832841 2564
1.253781420718444 0.7001638513207886 2565
1.244075046445598 0.7113760205116285 2566
1.229926174286661 0.7076712581104623 2567
1.258189851947598 0.714538920089592 2568
1.234339545556354 0.7225849294829197 2569
1.219682570056333 0.7186235348315307 2570
1.268925537111787 0.7016284418902924 2571
1.27245018158503 0.7166738121155621 2572
1.282311411939514 0.7067290282151877 2573
1.285552575674565 0.7193001018211947 2574
1.295393770743677 0.7095691292836024 2575
1.298232705117279 0.7242402283116689 2576
1.308568447064898 0.7127944611643977 2577
1.312848011199491 0.7255458526656198 2578
1.321772340682499 0.7156371119363804 2579
1.325842961364865 0.7283542974498831 2580
1.316973965987203 0.7381441398677658 2581
1.32990847715037 0.7409809472635708 2582
1.334682160410401 0.7185936356396853 2583
1.321188754990121 0.7507290623806329 2584
1.333987098323543 0.7535473056021424 2585
1.209088031383944 0.6390966965142584 2586
1.199488427345326 0.6492093568064052 2587
1.195003916284434 0.6356697697232967 2588
1.185501900066827 0.6460238434952034 2589
1.181265473474974 0.6322226995429721 2590
1.171423690261352 0.6426105906126175 2591
1.167249938953134 0.6288263430215714 2592
1.157281922257445 0.6393610289043489 2593
1.224420790869217 0.7336285604587479 2594
1.209330036140774 0.7297261380247131 2595
1.325102028014392 0.7634140892566541 2596
1.338044666226551 0.7661954229423495 2597
1.153126857954848 0.6254703800491963 2598
1.143107444933146 0.6360321229293084 2599
1.138941624008523 0.6220896063465108 2600
1.128895056276396 0.6326767985308634 2601
1.133226291057076 0.6468052793380223 2602
1.118698366977012 0.6433871662959536 2603
1.123123234324038 0.6577344279538104 2604
1.108294749709126 0.6542004777420729 2605
1.112646916013976 0.6686418748216006 2606
1.097775952153628 0.6651596924351479 2607
1.102206471045565 0.6798513910811296 2608
1.087247095433006 0.6763175215783349 2609
1.082854517218038 0.6615537755554098 2610
1.072287130899529 0.672682303303027 2611
1.067919922718906 0.657914608245599 2612
1.057283553794501 0.6690621456331751 2613
1.052980099641802 0.6542711844074656 2614
1.042276158325475 0.665421936712597 2615
1.046615920350914 0.6803195766612891 2616
1.031372623529117 0.6766074029413054 2617
1.02711638004472 0.6616676486623301 2618
1.016363119355218 0.6724026587545163 2619
1.011911649144764 0.6578027783212876 2620
1.001197103714517 0.6685448102371918 2621
0.9967198289451795 0.6539974890329531 2622
0.9858798009003467 0.665258435075063 2623
0.9815311592809138 0.6503105172602521 2624
0.9706624614191015 0.6615804944415361 2625
0.9660568631132314 0.646417201649971 2626
0.9552647472013958 0.6577400027403404 2627
0.9597416262054919 0.6729685114379028 2628
0.9444180795547549 0.6691377187489487 2629
0.9399369484525636 0.6538913120194434 2630
0.9290437384478609 0.6652480741616976 2631
0.9247373725653251 0.6500201301589981 2632
0.9137399538395095 0.6613401530859223 2633
0.9094355426447773 0.6461238066371566 2634
0.8983317559277119 0.6574195745623603 2635
0.9026674089404565 0.672778115886203 2636
0.8872018356492213 0.6688166530115012 2637
0.882904165028777 0.653437108707569 2638
0.8717337582650222 0.6648123564626808 2639
0.8675006798643379 0.6494434027729 2640
0.8562896580357913 0.6608007213000154 2641
0.8520615011556859 0.6454373339893504 2642
0.8408479753203695 0.6567873053393453 2643
0.8365998610061163 0.6414085795004033 2644
0.8253377789148694 0.6527387872045862 2645
0.8296246349011955 0.6682410713038338 2646
0.8140577446333805 0.6641618907210873 2647
0.8098073250597793 0.6486434314718876 2648
0.7984912089169802 0.660050933871406 2649
0.7942364639305473 0.6445351256552017 2650
0.7829377332381856 0.6559270716299165 2651
0.7786812193913818 0.6404136728102402 2652
0.7673774094893717 0.6518133238516495 2653
0.7632157128195899 0.6362890142741737 2654
0.7518060064382506 0.647670165660292 2655
0.7560098320395012 0.6633276118843738 2656
0.740304262270339 0.6591366798214703 2657
0.7361357146971207 0.6434414690671165 2658
0.7245761962299136 0.6549169001997839 2659
0.720474454817791 0.639251820468405 2660
0.7088959010856264 0.6504746396009011 2661
0.7047391376379215 0.6349594588380278 2662
0.693132590618626 0.6461788179878281 2663
0.6888474862809171 0.6305954455876335 2664
0.6772433485846727 0.6421295641069842 2665
0.6730373346710127 0.626331483694629 2666
0.6613954105367664 0.6378838011204266 2667
0.6655937755939223 0.6538532883268948 2668
0.6495803426773197 0.6495368257491024 2669
0.6538398863223088 0.6656570823915533 2670
0.6375879112270229 0.6612670226896999 2671
0.7445161285999911 0.6749485121242614 2672
0.6572037039940182 0.6220187666097001 2673
0.6419447197023069 0.6775928928217733 2674
0.625528809859194 0.6731480100606873 2675
0.8914927345442727 0.6843121477059011 2676
1.02075290530663 0.6869867401872553 2677
0.6299404324075414 0.6896395694603821 2678
0.6134439920631076 0.6851764995330789 2679
0.6090570269008317 0.6686225602898019 2680
0.5969295364848849 0.6806588143348401 2681
0.6012650683193008 0.6973375501262735 2682
0.5845678603473957 0.692776428337857 2683
0.8183451866215214 0.6797150387008288 2684
0.5926031180921515 0.6640678204936032 2685
0.7745209797413448 0.6249135427250091 2686
0.7012513504077642 0.6194687229362577 2687
0.5889522848570581 0.7096025075372631 2688
0.5719276632061039 0.7048553655552214 2689
0.8476186768741766 0.6309945291196644 2690
0.9923748142898973 0.6391463694289987 2691
0.5764938530547847 0.7219673817792587 2692
0.5593147553376867 0.7171652332863114 2693
1.213969203984861 0.7441856407881339 2694
1.329141789868566 0.776085890197091 2695
1.342120262681881 0.7788623102459915 2696
1.350898916422741 0.7690362226853462 2697
1.354947022379526 0.7814917205986491 2698
1.363593989839526 0.7718559362152182 2699
1.367553235871785 0.7840036023582726 2700
1.124749182203559 0.6186744292508419 2701
1.199421397808642 0.7415219392817904 2702
0.9204153386525108 0.6348918510740771 2703
1.330777871856759 0.7060321601747425 2704
1.343446399221685 0.7089738400844409 2705
1.339667612088506 0.6966888809242784 2706
1.352052448788341 0.6995510620883414 2707
1.348365041243928 0.6875125773607902 2708
1.360591845859486 0.6902458515369185 2709
1.356917545809161 0.67842423178664 2710
1.368982177335004 0.6811273823848127 2711
1.364973037622537 0.6691410349027556 2712
1.37706064573244 0.6720498928591049 2713
1.373108257791312 0.6602297719229191 2714
1.380909813029507 0.6836704259556106 2715
0.5639454709897005 0.7344490177636758 2716
0.5468080481288894 0.7297351298986912 2717
0.5421327694019169 0.7122924748030767 2718
0.5296184306573646 0.7249866350551288 2719
0.5811025599720947 0.7391241747548217 2720
0.5250899867066758 0.7076125458571263 2721
0.5133138508087832 0.7200111291516762 2722
1.091637463822055 0.6911949663558842 2723
1.375995065164037 0.7745952631555039 2724
1.379938276507694 0.7865741962557807 2725
0.5170577992326781 0.7375819163565338 2726
0.4986460547871051 0.7307775840855264 2727
1.371624666317447 0.7959486637157591 2728
1.383836395206167 0.7984338106676657 2729
0.5083323882958238 0.7028489772748926 2730
1.385133684231995 0.6631515743080133 2731
1.381572068994343 0.6517880583287221 2732
1.203563012949623 0.7560494878072219 2733
1.188769411716999 0.7531904309001449 2734
1.333220000803914 0.7888719003489044 2735
1.320033273387294 0.7860222031900499 2736
0.56847732967378 0.7517434472083233 2737
0.5858623590737629 0.7564485594586486 2738
1.375571790445473 0.8077958053267114 2739
1.387750673389013 0.8102729134862394 2740
1.388186484077969 0.7772791307932003 2741
0.5039703357587881 0.7499898010719616 2742
0.4866365638583067 0.7454550498785271 2743
0.6457275570926917 0.6942426104984296 2744
1.393167253757545 0.6544327274445687 2745
1.389698134523828 0.6431552305222668 2746
1.19291379086348 0.7679014758399459 2747
1.177138944033453 0.7643840352183964 2748
1.32420815349867 0.7990290914122787 2749
1.310753471380437 0.7961343053578389 2750
1.378258249836978 0.6405033948489788 2751
1.386382307899896 0.6319656805117149 2752
1.397858876389954 0.634318683181855 2753
1.394392841495076 0.6234462377095494 2754
1.383061423887004 0.6207868928224747 2755
1.391066060311173 0.6123371793156738 2756
1.162808553732274 0.6153372401214078 2757
1.379751231913802 0.6096394246344491 2758
1.387766238976166 0.6012297910011379 2759
1.398956888216104 0.6039315791725295 2760
1.395680390853481 0.5928698266531607 2761
1.384531463587179 0.5901635011131239 2762
1.392442746445946 0.5818492847923069 2763
1.381325842644284 0.5791411493106273 2764
1.389228068531208 0.5708719604383876 2765
1.378142825838149 0.5681440913687222 2766
1.386068085044794 0.5599394820020499 2767
1.397076690028128 0.5626110998461029 2768
1.393922175453253 0.5518531068318759 2769
1.382962447771442 0.5490877617738623 2770
1.390775963623336 0.5410162441471642 2771
1.401666435032803 0.5438795445067424 2772
1.398496499472808 0.5330731926818889 2773
0.4911493104978058 0.7629892304541294 2774
0.473561472826373 0.758204534152934 2775
0.4688102067357928 0.7412776939039072 2776
0.4558915564501936 0.7534130875571773 2777
0.4512882009882174 0.7359255323941275 2778
0.4382514825782451 0.7484390740267185 2779
0.5730449135020914 0.7691688820836167 2780
0.5905827299568245 0.773911283073917 2781
0.4428117180747487 0.7661374382809617 2782
0.4250263705581257 0.7611929107383771 2783
1.379505372852838 0.8196489506099459 2784
1.391668845211607 0.8220261833568305 2785
1.39976293095641 0.8128546231475565 2786
1.403623308484195 0.8244378919462334 2787
1.387763523594221 0.5303738901321493 2788
1.39547523774273 0.5224432262832056 2789
1.406091220210842 0.5251290192797243 2790
1.403104073751085 0.5146533878297597 2791
1.181933203962766 0.7797559744214768 2792
1.16584825375445 0.7762051062889681 2793
1.197793957316861 0.7831457365697083 2794
1.315094413307164 0.8094622716448407 2795
1.301289372644278 0.8064597955744488 2796
1.40675723643558 0.5954581535358497 2797
0.9487473826400561 0.6844828945775501 2798
1.413661425591359 0.517295251646948 2799
1.410699631684412 0.5069445930772187 2800
0.4333827901204587 0.730502343413117 2801
1.246442980023024 0.5531342017641614 2802
0.4296388891073127 0.7791562370288925 2803
0.4116744211246564 0.7740862383407285 2804
1.400179493350183 0.5042175708402108 2805
1.407781256694536 0.4965935845932191 2806
1.39564316641697 0.8335288895207446 2807
1.407415109941389 0.8358106231584881 2808
1.305730080429988 0.8200761929403553 2809
1.291673450966444 0.8169389775959192 2810
1.171082957223473 0.7920824725472105 2811
1.154470745751552 0.7883988765228237 2812
1.411467502337991 0.8154234087243425 2813
0.5776361453036444 0.7867451320939477 2814
0.5952280127660771 0.7914964351159107 2815
1.352933664403598 0.6666114848527441 2816
1.418227499876837 0.4992430773979004 2817
1.415212289031082 0.4889222258479233 2818
0.6081894219701627 0.7786244791948429 2819
0.6129129390929026 0.7961427355626909 2820
0.6258311931677342 0.7833303464896018 2821
0.6305540900940546 0.8009004204713637 2822
0.6434786290114833 0.7880594513522319 2823
1.384471910726964 0.76549469750009 2824
1.396451336193886 0.7681435945419722 2825
0.6481876523987669 0.8056912201073284 2826
0.6610800870179525 0.7927853004278911 2827
1.404944853377243 0.4863106980751185 2828
1.412424834242946 0.4787678297049547 2829
1.422632464389008 0.4813426611398148 2830
1.419846504268627 0.4712670001247593 2831
0.4162934803042378 0.7921827877598897 2832
0.3982933227355475 0.7871073368377478 2833
0.3936883480144831 0.7689680134960568 2834
0.3802651460814322 0.7820199438770965 2835
0.4342981185676889 0.7971929283634245 2836
1.15987777197667 0.8046356687642531 2837
1.143042450939101 0.800867385595236 2838
1.370181252620547 0.5764100046302129 2839
1.399608055450642 0.8448493592863371 2840
1.411197923805947 0.847095641371944 2841
1.137937010194634 0.7846240221060843 2842
1.126397258751074 0.7970835258055371 2843
0.3756818049851099 0.7638472686467837 2844
0.3622279270835278 0.7768971000586724 2845
0.3668064354909658 0.7951537023397691 2846
0.3486162688765094 0.7899190805115686 2847
0.6658328633831186 0.8104353211833426 2848
0.6787318219134552 0.7975154022118098 2849
1.392739063610539 0.7565800235481944 2850
1.404465007661707 0.7590696791831628 2851
1.127575280714311 0.6721430185117266 2852
0.6835030852832134 0.8151507632431318 2853
0.6963974997906908 0.8022041187604763 2854
0.6916347533700178 0.7846833964533073 2855
0.7091872196766849 0.789344838583122 2856
0.7139656188875478 0.8068031066089588 2857
0.7267609228938949 0.7939811445780302 2858
0.7315072668466188 0.8114444661122949 2859
0.744320365485156 0.7985940827003479 2860
0.7490569612739755 0.816050353151763 2861
0.7618031719045333 0.8031344701983183 2862
0.7570599799955906 0.785762275258162 2863
0.774484988344086 0.7903006624046025 2864
0.779283515001046 0.807632855832204 2865
0.7919258941561061 0.7947975568233647 2866
0.7967405624813596 0.8121501074743392 2867
0.8093753334831141 0.7992740672923995 2868
0.8142168749023135 0.816647221060453 2869
0.826829733969901 0.8037286664770127 2870
0.821988436951744 0.7864743348861725 2871
0.8394089630309672 0.7908844826494996 2872
0.8442602583736092 0.808121701640197 2873
0.8568294234828371 0.7952685400490097 2874
0.8616684015766625 0.8125205510434048 2875
0.8741927265002549 0.7996400508362689 2876
0.879116419912126 0.8168267973714423 2877
0.8915457284546524 0.8039648526460947 2878
1.287248106271012 0.8032445108595399 2879
1.277431491832586 0.8136613778205575 2880
1.121370126888073 0.7808188886455741 2881
1.109772650968734 0.7933090945010913 2882
1.400897540765161 0.7478150024867648 2883
1.412424477807203 0.7504730968652861 2884
1.41593658293206 0.7613905783500892 2885
1.423620825661014 0.7529275076412747 2886
1.420251353424798 0.7421952185741274 2887
1.426575490579428 0.763828641043158 2888
1.104740061383189 0.7769985182816248 2889
1.093028905554861 0.7894585142455681 2890
1.09813064340152 0.8059567588171568 2891
1.081294374955116 0.8020819757451652 2892
1.0762340370693 0.7855313162658091 2893
1.064445754123698 0.798119275837076 2894
1.059442614746979 0.7815493124070658 2895
1.047585021910657 0.7941586026513794 2896
1.042555195810902 0.7775570813523121 2897
1.030604855174684 0.7901174932429252 2898
1.035621148066328 0.8068373437399207 2899
1.018567272607823 0.8027747617532023 2900
1.01361148860628 0.7860313679630051 2901
1.001654689479285 0.7987479493690909 2902
0.9967472548629648 0.7819532679315183 2903
1.291357032845911 0.6977379897472807 2904
1.063581247737616 0.6431430470624513 2905
0.769688660642376 0.7730648664117671 2906
0.5206519335380272 0.6903578721869016 2907
0.5029749220973895 0.6858947807461729 2908
0.5160793687108347 0.6733854329391191 2909
0.4988925614211243 0.6688090046694097 2910
0.511735807916244 0.656480284305191 2911
0.4946507034965116 0.6518774466324351 2912
0.5074571956474486 0.6395708809559667 2913
0.4904122111028771 0.6348999768889378 2914
0.5030752596365107 0.6229190001002872 2915
0.4767556673483557 0.6464436765718595 2916
0.582383771167208 0.8044199583453751 2917
1.402165831501583 0.4760969424208065 2918
1.429974798905364 0.4737956993622242 2919
1.427177126016072 0.4638142701576077 2920
0.7047147885821469 0.7719806724132225 2921
1.296133280015939 0.8307371458675102 2922
1.31030774249869 0.8337955114937601 2923
1.431051720621733 0.7446416500962372 2924
1.427822738288396 0.7341620314390978 2925
0.8866988521222923 0.786859340730822 2926
1.237780949621369 0.6090957408965623 2927
0.8962874496503954 0.8209568553377107 2928
0.8345176777980881 0.7737727907547713 2929
0.4209047369507288 0.8103339996989067 2930
0.439083208904453 0.8154084427286473 2931
1.148097149701395 0.8171502522431368 2932
1.165332545466236 0.8210318307654424 2933
0.3532617408438286 0.8083466859780919 2934
0.3349468580268647 0.8030789651672681 2935
0.4862380061465323 0.61800308556199 2936
0.4987943638013435 0.6062869606666328 2937
0.5152448280306252 0.6109080800319057 2938
0.5109079506237185 0.5944312354052876 2939
0.5271440107894249 0.5989537615729775 2940
0.5229095893129029 0.5827476540611278 2941
0.5398055448227403 0.5875500405634009 2942
0.5349395537964731 0.5712085584486946 2943
0.5507615153865038 0.5755223066868778 2944
0.5466083140532716 0.5596711169513517 2945
0.5616918722164962 0.5633575009193474 2946
0.5582569092871332 0.5482401947621348 2947
0.5731317479642685 0.5519040062253334 2948
0.5698090647854789 0.5369689953190849 2949
0.5844712592566361 0.5405991238429758 2950
0.5811655245411811 0.5258117428898685 2951
0.5962422518136441 0.5299982175762167 2952
0.5924249372270867 0.514925354694818 2953
0.6074263379395176 0.5191101770337931 2954
0.6114750630765137 0.5341891435573024 2955
0.6224560928173846 0.5232465892420191 2956
0.6264656190034735 0.5382566412499299 2957
0.6375834719284748 0.5273753934033203 2958
0.5776070216486257 0.5674747009120026 2959
0.6414578863509749 0.5423166219150237 2960
0.6525978778440635 0.531492215239824 2961
0.5773678850551252 0.5107201070980989 2962
1.172407750448532 0.7479261780365327 2963
1.403475956062089 0.8559558245076475 2964
1.391782279300114 0.8538696045871875 2965
1.415055155803784 0.8582259893813786 2966
1.422542281442703 0.8494974022501949 2967
1.42621988354931 0.8601628301290913 2968
0.3576825203106431 0.7587042174222183 2969
1.086340151076512 0.8187869243817186 2970
1.433346571686784 0.8518855950551329 2971
1.43683919948412 0.862211765904161 2972
1.006268293599964 0.8153927635892049 2973
0.633526937356173 0.5123714815542859 2974
0.5431283019880513 0.543847565735706 2975
0.6564073799282308 0.5463670433359209 2976
0.6674073360950841 0.5355355058694362 2977
0.6354843783179907 0.818567821473037 2978
1.276742653378053 0.7309823029046794 2979
1.437255789795828 0.4664292789697996 2980
1.434458124579494 0.4564222906380323 2981
1.42443686794585 0.4538122740010671 2982
1.431700015767278 0.4464399068579199 2983
1.440045327589466 0.4763329197364911 2984
1.421702627299025 0.443833382448521 2985
1.42898012168834 0.4365084893330902 2986
0.5885029075579651 0.4998903005025309 2987
0.564504019383985 0.799595612919799 2988
0.5693122068717456 0.817502874982973 2989
0.5512297504320431 0.8125790762776599 2990
1.272890557084914 0.7998605419630985 2991
1.262851304024057 0.8105933668321939 2992
1.19120880174692 0.6601333246393613 2993
0.9038849546734875 0.7911147761336079 2994
0.8990825252406626 0.7741799738781472 2995
1.300639661991098 0.8445603118225576 2996
1.314916373673416 0.847549203894579 2997
1.27802226255985 0.5513896418198438 2998
0.9893806571751972 0.811527282963439 2999
1.438918554404718 0.4390824899901554 3000
1.436193611832501 0.4291806582658433 3001
1.438257643875411 0.7365548307641735 3002
1.435165218577052 0.7262061968234345 3003
1.116318322111003 0.7646544259850084 3004
0.4952401860905924 0.5898730318323877 3005
0.371069629959798 0.7457241389289635 3006
1.429887428030532 0.870408317093839 3007
1.440341778961999 0.8723469999887713 3008
0.8016546354816719 0.8296360114914239 3009
1.424742423819598 0.7238025939740328 3010
1.43215174722271 0.7159714197088511 3011
0.4255167974777856 0.8286389216461708 3012
1.153214277785365 0.8337915609569384 3013
1.170561296704479 0.8375859394560079 3014
1.055310136012577 0.7658617344857239 3015
0.7363556669668525 0.829040559619953 3016
0.6304429750992615 0.5532991853789572 3017
0.3396387894534532 0.8216275557147441 3018
0.321284389220735 0.8164127580168128 3019
0.3165840930816571 0.7978209804727766 3020
0.302925147465763 0.8111702386347214 3021
0.4437934780898731 0.833721101797821 3022
0.6712854754130506 0.5503793971451215 3023
0.6821599014158962 0.5395071528176865 3024
0.6782998219147911 0.5247507459094241 3025
0.6929438879643417 0.5287422329737881 3026
0.6968840282513975 0.5434447239168932 3027
0.7076039251842532 0.5326987370548705 3028
0.7118024839558881 0.5482170711270018 3029
0.7223277084864863 0.5367724501082354 3030
0.726526772371667 0.5529874906826123 3031
0.7367895238596951 0.5413364777887891 3032
0.7329711609877114 0.526176573123432 3033
0.7472782745661193 0.5306845912693461 3034
0.7512018765066194 0.5451112922925172 3035
0.761829132459703 0.5340665374496415 3036
0.7652826997136503 0.5477596127373124 3037
0.7760861500709357 0.5381227373342732 3038
0.7789560969486291 0.553769151782056 3039
0.7908023319089427 0.5412473084555304 3040
0.794733114793961 0.5556304803198651 3041
0.8051917997812312 0.5450539050510737 3042
0.7856977357865712 0.5266701746916769 3043
0.8086979459942842 0.5589898756913974 3044
0.8195263771905799 0.5487720379843899 3045
0.6890490927192386 0.5140965697836155 3046
0.8224317108303284 0.5646090237677318 3047
0.8339773185672748 0.5526614717610833 3048
0.8300428279278229 0.5383444408848188 3049
0.8443954659826619 0.5421082274221198 3050
0.8483009782425502 0.5563145180358338 3051
0.8586801644863753 0.5457990756963121 3052
0.8626057848053147 0.5599387027002927 3053
0.8728870068728393 0.5494044858587039 3054
0.8689754246399473 0.5353371199027788 3055
0.8830828068655207 0.5389535379365372 3056
0.8870700980452594 0.5529751176232256 3057
0.8971378325042763 0.5425336082386057 3058
0.9011965524598899 0.5565518330611871 3059
0.9112762634548145 0.5461033119694459 3060
0.9155376770261827 0.5593191186777393 3061
0.9255271766639118 0.5495407985463908 3062
0.9296119840634844 0.5632222027355338 3063
0.9397129340354782 0.5531658482834303 3064
0.9438659480529898 0.5663817865665481 3065
0.9538812186950608 0.5566771730399815 3066
0.9578373743158065 0.5706734416611532 3067
0.967906421283766 0.5602995671175957 3068
0.963950679540833 0.5463919861066771 3069
0.9779122869000677 0.5499161976156819 3070
0.9819583994097096 0.5638004676373889 3071
0.9920011915327835 0.5534844507214705 3072
0.995594055703706 0.566933887517201 3073
1.005989497988864 0.5569360449010375 3074
1.009283073298747 0.5727795699797241 3075
1.019878240884969 0.5607513580346375 3076
1.023931268846481 0.5741746082086829 3077
1.033949334441983 0.5639307992355853 3078
1.016398182501914 0.5467603910993766 3079
0.8791295596038766 0.5249972409738748 3080
1.037907606655622 0.5776578137544789 3081
1.047878886318118 0.5673120858395164 3082
0.921221975155056 0.5356391094015055 3083
0.9739326966408688 0.5361295989664586 3084
0.8670978060368333 0.8298691416194253 3085
1.395661954436388 0.8651058482691238 3086
1.383730229096906 0.863077058212356 3087
1.426289866239696 0.426601508319514 3088
1.433518251088216 0.4193419401281651 3089
1.051865157309646 0.5810979043585087 3090
1.061810841828085 0.5707346733471317 3091
1.057821729587447 0.5570362186784614 3092
1.071603957642979 0.5604484956229063 3093
0.9941143869750114 0.8284224423732495 3094
1.442419195443261 0.718385252497284 3095
1.439506885523905 0.7083160284864831 3096
0.5736082208086973 0.4956945726842937 3097
0.555964005146394 0.8306229895993906 3098
0.5741783289061745 0.8355380621124495 3099
0.5379319472940995 0.8256680350138608 3100
1.429165351573577 0.7057267267462437 3101
1.436634834359102 0.6981079134338803 3102
1.44335871748655 0.421911272418464 3103
1.440699173708251 0.4121284267244619 3104
0.3531650344029311 0.7406035016902229 3105
0.3664821445823386 0.7276690063887967 3106
1.065837696344883 0.584553947805889 3107
1.443786341667266 0.8541623068364921 3108
1.440519352438793 0.8440832294127278 3109
0.9161035386843547 0.7784214797695146 3110
0.9112362851882094 0.7615946203021491 3111
0.8944113897857805 0.7573747541616993 3112
0.7435861382233583 0.5154599302845395 3113
0.2982599603995383 0.7926178393744243 3114
0.2844895910823324 0.8059140695653613 3115
0.2891213389288174 0.8245059042071579 3116
0.2706505862230095 0.8192371849920925 3117
0.907220062049086 0.5719935130391454 3118
1.38918864534139 0.7451343373630566 3119
0.5449936469236332 0.6043239439200757 3120
0.9769141693913794 0.8244578932039912 3121
1.305227805104119 0.8584434064289346 3122
1.290725711717917 0.8555364171885984 3123
1.319467833633289 0.8612979718760447 3124
1.442918800678195 0.7470409485589957 3125
1.449561791398305 0.7108612162473126 3126
1.452451114834631 0.7206406583683247 3127
1.229348635805166 0.7487029386640761 3128
1.396719578280905 0.665704517678909 3129
0.5195477787550241 0.5664405690366962 3130
1.410034973653403 0.606464320310888 3131
1.417733065940779 0.598123500635293 3132
1.42097156459517 0.6088967764306188 3133
1.428580003864743 0.6008273195718757 3134
1.433465957965197 0.6116770730350011 3135
1.425431187365367 0.5901503106679684 3136
1.435999754395807 0.5928186117342674 3137
1.432990207432902 0.5824815348894761 3138
1.443267417355503 0.5849218863629342 3139
1.440242551701168 0.574630372882862 3140
1.446234259522393 0.594279105101824 3141
1.384770829665005 0.5197240495258925 3142
0.6573439524505817 0.7751127094901528 3143
1.134749649051051 0.6081655654139825 3144
0.8651824318065204 0.5213994422761842 3145
1.19051922845744 0.6224519895165009 3146
1.406059489665997 0.6571926368472819 3147
1.328954096621708 0.8505734608252121 3148
1.333934734226772 0.8642461308885188 3149
0.5846327847346348 0.4849222496404701 3150
1.008650139319864 0.7693851319316459 3151
0.9919526234136735 0.7653498552942241 3152
1.447219861913687 0.4690428823780551 3153
1.450049820180247 0.4791223774526873 3154
0.8784435080487266 0.6389749916803811 3155
0.8053484661764965 0.6330440892729079 3156
1.3359936317415 0.6848530157234578 3157
1.022691596134603 0.6467273844366995 3158
0.9819979674723428 0.8417317050867915 3159
0.9991917445232762 0.8455778016090892 3160
1.416620327552752 0.5276929159104827 3161
1.424093194019501 0.5199659075835462 3162
1.427060951337073 0.5302308554739547 3163
1.43441511176617 0.5226078310847422 3164
1.437399671013641 0.5326649738978571 3165
1.444591638984691 0.5252350245904256 3166
1.44750188217524 0.5350645546341055 3167
0.7323229946495441 0.6279621616317285 3168
1.36695750925136 0.5653377793302188 3169
1.358897526445471 0.5736651570704611 3170
1.355627769610293 0.5624701130357197 3171
1.347498457358171 0.5709347641070963 3172
1.344211339755192 0.559609247646243 3173
1.350824165769719 0.5821396686568501 3174
0.6047287968048849 0.6520965262972617 3175
0.4842396830642551 0.6805166669017988 3176
1.254540514090931 0.6617141431105023 3177
0.3259633423919286 0.8349852372897811 3178
0.3444063954383065 0.8402133575883541 3179
1.39468270444114 0.4836186022234063 3180
1.391835875899766 0.4733538836769657 3181
1.384317265058353 0.480933091193277 3182
1.294922925826143 0.5987749448125512 3183
0.4573230845346361 0.8204538871781271 3184
0.4620626774280473 0.8387849596465433 3185
0.2752986756208407 0.8379306186477123 3186
0.2567499899181591 0.8326239460493927 3187
1.377043779097831 0.5276339684088125 3188
1.374111223345402 0.51703361661386 3189
0.7551358410426976 0.5590477009499814 3190
0.9852083991699822 0.5763180875551264 3191
1.371672605872148 0.6181167736430102 3192
0.6058657764978738 0.7141004513471378 3193
0.7123654204030242 0.6657363421311615 3194
0.6964706800670265 0.2428635203775893 3195
1.041461022984032 0.3411848420696029 3196
0.7828029878129898 0.2857965258525579 3197
0.4614825352821324 0.2061042298871995 3198
0.46477286152038 0.2180133591210191 3199
0.4734470614334007 0.209217085208687 3200
0.476784052638752 0.2211899587428792 3201
0.4854567044427123 0.2123425900031488 3202
0.7515582442160504 0.2892343635998889 3203
0.8573513439892756 0.221729128795983 3204
0.7333767227630321 0.2006571736839331 3205
0.6263482918608725 0.2680042821802893 3206
1.194032744401999 0.7270044651231089 3207
0.5789025559915354 0.2554924622017046 3208
0.6705326204785346 0.8282034023365208 3209
0.8605618439928802 0.6760778190418361 3210
0.3009855247971003 0.09908444064903361 3211
0.3118622876324218 0.1020706798958475 3212
0.6086034472031789 0.1790723629217199 3213
0.9914587241764951 0.6789593760505226 3214
0.7871614507791826 0.6714072250980988 3215
1.302015193842961 0.3633196077453955 3216
1.200697736988538 0.5082992672051414 3217
1.106803052801029 0.694735735278295 3218
0.3238062135752507 0.294506500578546 3219
0.3133511339336055 0.3049009578610482 3220
0.3277785051304234 0.3088384019860398 3221
0.3171049468690885 0.319355776176312 3222
0.3316763363057088 0.3233179793027061 3223
0.3549686612820659 0.1783983744626514 3224
1.36623669319006 0.5249260983116706 3225
1.363277286293707 0.5142527172645996 3226
1.355350662055092 0.5220848459770664 3227
1.352249998954977 0.5113087600867789 3228
1.344327376731915 0.5192889097661438 3229
1.111516387261466 0.2395203158822266 3230
0.08604480789609326 0.2692533083588953 3231
0.4670647809890457 0.3202251083527275 3232
0.406619270924351 0.359173932860933 3233
1.120610346483886 0.6047505335968006 3234
1.130557021308496 0.5943338447437531 3235
1.151471241426976 0.3272480041329986 3236
0.2990329671597981 0.3008434066490718 3237
1.450397878174889 0.5772571694826452 3238
1.096124250581439 0.7062254321546307 3239
1.310148431276844 0.7597276886354556 3240
0.3908277210350589 0.09245414998242593 3241
0.382995840830551 0.1001351897011852 3242
0.09352765391612407 0.7797151818760013 3243
0.9937414476467545 0.2529797839273084 3244
1.433462423061827 0.8804791667736198 3245
1.443881384375001 0.8822889267925158 3246
1.316322412404995 0.2825997455370157 3247
1.306370068282172 0.2801799138091026 3248
1.299246050926381 0.2875853565116555 3249
1.296394330939988 0.2776995295770823 3250
1.289272178067746 0.285077126204664 3251
1.286409625418969 0.2752213256185106 3252
1.183344059956568 0.4058537432478054 3253
1.175132760127765 0.4143243325791478 3254
1.171812604653172 0.4029676302261572 3255
1.163550362238552 0.4115599027062347 3256
0.07683146401490422 0.221394102958078 3257
0.09679097320627081 0.569301519638808 3258
0.09223111060264 0.5511306477982203 3259
1.38148009143502 0.4706108781737043 3260
1.389024317763681 0.4630761867528648 3261
1.373899946026136 0.4782619144627637 3262
0.08855069304281671 0.7607582478897845 3263
0.2378559919764825 0.09094809182619852 3264
0.6170969387066374 0.2326246025439133 3265
0.9642664330175702 0.8375158975720575 3266
0.1924206019763184 0.1194782911367919 3267
1.364771518956537 0.7009800621034483 3268
1.365183325633737 0.3219753956959575 3269
1.45046267482205 0.4147032554555533 3270
1.447808790553795 0.4049435928935735 3271
1.438059111553763 0.4023576480578985 3272
1.445184227170419 0.3952214302844411 3273
1.453141919949958 0.4244328647496017 3274
1.277768108861359 0.4083676083823611 3275
1.28545458521491 0.400210091536615 3276
0.4678346073597613 0.2299377843440017 3277
0.08351017207172247 0.3825526827328664 3278
1.366453569039735 0.2949706687476761 3279
1.376311663534032 0.2973974284230609 3280
1.379182917863031 0.3071198720906299 3281
1.386150371707361 0.299786059886426 3282
1.160233049021051 0.4000846072462801 3283
1.151964007452354 0.4085789072407473 3284
1.14867995561606 0.3971291615325581 3285
1.140346848229543 0.4056587276388273 3286
1.137143958175467 0.3941310821554581 3287
1.128709196628736 0.4027441821219458 3288
0.3208890220352247 0.3339566272526151 3289
0.5607192894896792 0.8488125635662835 3290
0.07557746098673396 0.1311682988818512 3291
0.0633893260311591 0.1272240362439581 3292
0.8752986817942738 0.5111970009954679 3293
0.430677779905592 0.09344470905179514 3294
0.3062599110222917 0.3299368722634864 3295
1.450530452930274 0.8744063519700549 3296
1.453969297649931 0.8841012710303353 3297
0.9647530317866769 0.2472087663717189 3298
1.125455542032715 0.3912349110773047 3299
1.116998724430206 0.399963539236212 3300
1.113581282886439 0.3883477646548189 3301
1.105262683696453 0.3970820201533559 3302
1.101845359830524 0.3854076405775981 3303
1.093474883747416 0.3941133563863835 3304
1.096861569867182 0.4058468348170585 3305
1.085058969691514 0.4029051192808332 3306
1.081685497586063 0.3911376349844021 3307
1.073218065871792 0.3999173729326619 3308
1.069885082412269 0.3881623330726076 3309
1.061360707848637 0.3969239228746847 3310
1.057933406171204 0.3855314657368481 3311
1.049485431988864 0.3939638116605509 3312
1.450697536045639 0.8463734753338051 3313
1.447571810738275 0.836656322102984 3314
0.5698157135500488 0.4807726749637798 3315
0.5587862046416536 0.4915065999354004 3316
1.067643989353559 0.5468749123370684 3317
1.081299097547304 0.5502363020267422 3318
0.3484577495964252 0.7224783613971162 3319
0.3617155786460733 0.7095339076752205 3320
0.3346113959513444 0.7350845234774317 3321
0.9456917506461202 0.5816430544809761 3322
1.367170764540003 0.8171683164154603 3323
0.4285013558418956 0.3944207755378635 3324
1.158551646234796 0.8505633440852713 3325
1.175890791136706 0.8542395185817684 3326
1.187745902943901 0.8412911498473288 3327
1.193139248486731 0.8578890891045187 3328
1.141130078666965 0.8467596246915127 3329
1.204643038348121 0.8448658154314819 3330
1.111502959737877 0.709798817944673 3331
0.2521390343543221 0.8139245331856323 3332
0.2381776756399291 0.8272639615978281 3333
1.003750193660656 0.7529540854026152 3334
0.9872504574243877 0.7489204310266212 3335
1.143617269430303 0.4173695747046673 3336
0.1899091240454469 0.2986597422791185 3337
0.2440320462446126 0.5597695942583507 3338
0.2558868879455687 0.5462782213684882 3339
0.2510074424498807 0.5287786656156129 3340
0.2685833687265499 0.5338416687722884 3341
0.2637327325705033 0.516414523052029 3342
0.2810703312391592 0.521395288584116 3343
0.276256775990577 0.5041295711673925 3344
0.292052622450547 0.5089327901274343 3345
1.028928135232883 0.5872210869199321 3346
0.4302428723017973 0.8470225534594965 3347
1.014722235503414 0.2599505322017824 3348
0.9063722143396228 0.7453716375811794 3349
0.8892482959825001 0.7408136946635114 3350
0.7015161696368513 0.5603742920794841 3351
0.1859363606150821 0.2830846165004094 3352
0.3802260354830826 0.08956493850638572 3353
0.3723936700624213 0.09725977243132336 3354
0.3686264338502914 0.08666207921832371 3355
0.361146368152628 0.09424403193089662 3356
0.3644558295819974 0.1050390184316927 3357
1.387712384663445 0.8746963796520967 3358
0.06627180700560487 0.1398331295492645 3359
1.335994497252815 0.5681609059980763 3360
1.332605654214902 0.5569812764481742 3361
0.8527194167668668 0.5704578119982546 3362
0.06997914961088154 0.1944559029168236 3363
1.423637652625831 0.4167254629728706 3364
1.416379066137958 0.4239855382367953 3365
1.046110305570794 0.3823535612525522 3366
1.037623056395939 0.3909217801225029 3367
1.034180753884304 0.3795421164324001 3368
1.02572769727372 0.3879532260284289 3369
1.022375231125988 0.3762068648030611 3370
1.013845735060379 0.3849103717871259 3371
1.010511526397948 0.3731388251959763 3372
1.001949386383808 0.3818957521596423 3373
0.9986163569574688 0.3701137213659427 3374
0.9900409323768044 0.3789024508455784 3375
0.9867403735013257 0.3670849289996564 3376
0.9781319130634403 0.3758689543754674 3377
0.9814621658161707 0.3877760685497453 3378
0.9694561410700971 0.3847271948172208 3379
0.9661476453603149 0.3727892962376713 3380
0.9574422215221757 0.3816343313612762 3381
0.972801366986301 0.3967308989462799 3382
0.9541245140487118 0.3697007929811065 3383
0.9454203483411836 0.3785356737304233 3384
0.9419920590559491 0.3670415373514099 3385
0.9333998407840581 0.3754575678890039 3386
0.9298769820746636 0.364025609569123 3387
0.9213629586767264 0.3723792470230949 3388
0.9370495552147586 0.3872026530524962 3389
0.7983947859727599 0.5681787579894726 3390
0.4153200220640842 0.3061030848125242 3391
1.347786115082578 0.7197659712692548 3392
0.9179494411943778 0.3605109476990118 3393
0.9093361023232812 0.3692874817911868 3394
0.9060204989675106 0.3573289188234068 3395
0.8973282258179358 0.3661788439938166 3396
0.8939094893994991 0.3541003577900304 3397
0.8852318744306529 0.36299298871121 3398
0.8886139228756549 0.3750927567224248 3399
0.8765081729526025 0.3719606502410066 3400
0.8731465951911861 0.3598414101120622 3401
0.8643778922102101 0.3687878368693104 3402
0.8610388718186099 0.3567079270166876 3403
0.8522482630327821 0.3656201393754908 3404
0.8489139984728984 0.3535402592419935 3405
0.8401258267010695 0.3624247300191366 3406
0.8368295023312557 0.3503817943603295 3407
0.8280037556216815 0.3592498779808879 3408
0.8247751914221286 0.3472235711459749 3409
0.8158766547429952 0.3561055954166186 3410
0.8126260453624703 0.3440349207584376 3411
0.8037338740785913 0.3529353567476319 3412
0.8004014334195482 0.3408096841007746 3413
0.7915681884234821 0.3497533726835063 3414
0.7882092438556924 0.3376390560901327 3415
0.7793952653757681 0.3465775484814577 3416
0.7761122142666812 0.3344472419914737 3417
0.767226275041486 0.3433775873590117 3418
0.7705416901008093 0.3556047451938145 3419
0.7582990303841004 0.3522220410262917 3420
0.7549385410300419 0.3400911868648118 3421
0.7459916888284379 0.3489388258728812 3422
0.7426087503940192 0.3367876553448911 3423
0.7336340954141172 0.3457647584476703 3424
0.7302821596365974 0.3335164063702954 3425
0.7212809610501023 0.3425107467795524 3426
0.7179117035596235 0.3302223396846647 3427
0.7088930796314071 0.3392844833715161 3428
0.705528098571421 0.3269303117814089 3429
0.696494287833506 0.3360111288562482 3430
0.6930388454950844 0.3235442591325321 3431
0.6840872105913343 0.3327168658634991 3432
0.6805481160827733 0.3201716903408371 3433
0.6716134193534602 0.3293864127060918 3434
0.6874977979743009 0.3452091543007141 3435
0.6681847811803039 0.3169255340055757 3436
0.6591534421900569 0.3261049309100451 3437
0.6558250690547427 0.3136675111421851 3438
0.6466916929056674 0.322811384146738 3439
0.6501400071310776 0.3349419870991486 3440
0.6375064186715185 0.331698946376481 3441
0.6340649058641418 0.3193634790971587 3442
0.6248336014660429 0.3283603196204052 3443
0.6213878573276986 0.3158951855027118 3444
0.6121497548975203 0.3249480591789742 3445
0.6087003782724728 0.3124494780517444 3446
0.599394085041427 0.3217257149183204 3447
0.5960235687737693 0.3090518828697499 3448
0.5866702359159224 0.3183355937210925 3449
0.6027580782994526 0.3345438513989801 3450
0.7126327106954268 0.351766655078051 3451
1.019952807153875 0.3046754971979814 3452
1.454891542669606 0.3977819646202421 3453
1.452280020810343 0.3881056347322399 3454
0.5789883885337971 0.8537513211804737 3455
1.419603626338785 0.7720944086227738 3456
1.429576012327198 0.7739173027992572 3457
0.5831979624119177 0.3055162358294383 3458
0.5738533416189414 0.3148472480434814 3459
0.5772901344342947 0.3277375965637222 3460
0.2788544112593418 0.09287904929566823 3461
0.6610991501114307 0.5611522655210017 3462
0.8798365839496871 0.3841098217245656 3463
1.017232299390413 0.3966062998223102 3464
1.260344873675533 0.3538549840876961 3465
1.258218682488474 0.796385814071637 3466
1.262314178915904 0.4250436822154897 3467
1.25441951403354 0.4334019521973048 3468
0.9231189195770164 0.7492237642949109 3469
0.2614439621157316 0.8514179090099319 3470
0.1188124553792011 0.392855430102634 3471
1.085312620096651 0.5638056774635737 3472
1.094936167628328 0.5535499346425363 3473
1.09096716274277 0.5401862276571028 3474
1.104435292325691 0.5434684080357692 3475
1.08839615320771 0.4147010163755112 3476
0.1381014292137981 0.6665971998540023 3477
1.362087260946752 0.3858523753939472 3478
0.353867428044662 0.1020793511248977 3479
0.3504049594065175 0.09142298372167088 3480
1.196445807699365 0.3005700895647546 3481
0.8615902983574557 0.5076850116962432 3482
1.268256761833465 0.7848204088572542 3483
0.4887978018116939 0.2242983604621087 3484
0.4974462188956436 0.2154358848895043 3485
0.4174617634150471 0.2703269002639817 3486
0.1138477244672815 0.3226556769637259 3487
0.1300107903894053 0.3276076280303556 3488
0.08807751217694126 0.4674355604226158 3489
0.5285713589288024 0.6610872506998716 3490
0.8430176924293631 0.3745956462339636 3491
0.07901560455655604 0.4309748718245244 3492
1.110613390230621 0.6152423298941633 3493
1.341207100126938 0.5084493871244211 3494
1.333181098819754 0.5166220343611652 3495
1.210104459692393 0.8613211975224982 3496
1.101325376691604 0.2369787960073046 3497
0.979765283537261 0.7779715100274127 3498
0.1949689561839 0.1311161923329248 3499
1.247958044985633 0.8076691050983446 3500
1.25292418253611 0.8211888814194279 3501
0.1024881147350274 0.7469830620529383 3502
0.08359940294891646 0.7417978033583476 3503
0.4596384985265553 0.09145387357289066 3504
0.4700989194921451 0.09420049202765801 3505
0.8191662844279751 0.3682392135448249 3506
0.3090904960856431 0.09122387267911572 3507
0.2799037758708276 0.7873487354319553 3508
0.5883765030153243 0.6475748500436589 3509
0.6004467601862347 0.6357020021161826 3510
0.1555993985042192 0.1003903016155981 3511
0.96944017432925 0.8550849024780196 3512
0.9515203791525793 0.8507620958991993 3513
1.05267092110432 0.4056950223785109 3514
0.08878365365958125 0.6699279546947245 3515
0.08373149802370851 0.6511987121899223 3516
0.4389183146596814 0.3845636182590724 3517
0.4365965098116057 0.3715921446655858 3518
0.7943953988861781 0.3618036871814471 3519
1.454529830687995 0.527761756854111 3520
1.451791097244295 0.5180072893209716 3521
1.45733371683497 0.5374685269212428 3522
1.426233229553861 0.6953450381685855 3523
1.433826734938151 0.6877468855838509 3524
1.443997836608647 0.6904803996367473 3525
1.441308049778907 0.6803652590434937 3526
1.451221067606327 0.6829465476927157 3527
1.448597672571719 0.6731453757898992 3528
1.418549706950499 0.7031973319162558 3529
1.279077696176259 0.2824460265898326 3530
1.276410168546029 0.2726768044293634 3531
1.201425420407846 0.4315266792501027 3532
1.212871098813932 0.4342376891550909 3533
0.2068760908215951 0.0920899843550346 3534
0.1960100757537249 0.08878499379440119 3535
1.430099850878657 0.5405620813249989 3536
1.389018832267877 0.3094597811221509 3537
1.395954178050767 0.3021429789902492 3538
1.063549336158015 0.2225991473727515 3539
1.053354442448733 0.2201052300584048 3540
0.737691163332594 0.3582289348522567 3541
0.2883607610633043 0.491909618576031 3542
0.3061908876137587 0.4977649162583971 3543
0.3962667782439127 0.4279814510767406 3544
0.3853049236914377 0.4391962925301895 3545
0.7620494546005732 0.3644122879739189 3546
0.7702467283610339 0.2410628416603423 3547
1.295354835988213 0.8698240401657216 3548
1.280323345721427 0.8666954917685783 3549
1.177713263215739 0.4258131488800846 3550
0.6266699095195654 0.3403246255082469 3551
0.4118706244830704 0.8418959263151079 3552
0.2569113179033281 0.08647893310360463 3553
1.45834313130257 0.6756994251095532 3554
1.45574468939958 0.6660062493239594 3555
1.446046676615562 0.6633795548623878 3556
1.453180149386117 0.6562498951914871 3557
1.443401544558889 0.6536189012814683 3558
1.450586380191588 0.6464991165655289 3559
1.460280177582738 0.6491679043871568 3560
1.457759920919187 0.6394500652524125 3561
1.45944263839847 0.7129860514970872 3562
0.5860829802893044 0.4300293677388383 3563
1.17530122962674 0.2951523101449496 3564
0.4174236931561756 0.1196703311461491 3565
0.9130683886671388 0.3814627010445386 3566
0.1718971785199742 0.4117661446203691 3567
1.375479821544268 0.8724130171882331 3568
1.154305200869024 0.2901294504322658 3569
0.2799975016125138 0.8566862400562227 3570
0.2233343626426522 0.2659618660746789 3571
1.095036978355067 0.3145808893490568 3572
1.2166661214524 0.7041688486543887 3573
0.5644214839931956 0.3242454439318892 3574
0.5678188293762312 0.3372521620291327 3575
1.100444720949042 0.5306441248571057 3576
1.113876489414346 0.5335567330222062 3577
1.11779995738261 0.5466340267905585 3578
1.127185138153856 0.5366873176398861 3579
1.131085418557357 0.5497211645063859 3580
1.140429730863796 0.5398117013918823 3581
1.144334328462949 0.5528289650660887 3582
1.153621914746147 0.5428850037901843 3583
1.157538172895393 0.5559391371999693 3584
1.166802761591462 0.5460185647701132 3585
1.170711518607434 0.5590414333202136 3586
1.179953625288982 0.5492299089772325 3587
1.183843245766336 0.5621441219489982 3588
1.193048226520577 0.5523759562507689 3589
1.196934378717618 0.5652517711936704 3590
1.462312931986662 0.7227776637338303 3591
0.9185889694772664 0.7334822902774013 3592
1.120954853987306 0.4118333233779495 3593
0.18342322546766 0.1276831091164652 3594
0.09273059572666305 0.4856171808049357 3595
1.133283350316805 0.2850185895954258 3596
0.3354809762729857 0.3378951182582798 3597
0.3462578281773836 0.327275230203369 3598
1.457316889823737 0.4719160427492629 3599
1.460477871862105 0.483007419900966 3600
1.457472948893096 0.8387950320203027 3601
1.454404002497886 0.8291927805255978 3602
1.460610628013543 0.8484928358748014 3603
1.371400165667465 0.8608273465508678 3604
1.187697624300954 0.5750915303593489 3605
1.200875434100973 0.5781953751723331 3606
0.1532010882994739 0.08907449968271515 3607
1.44076352273882 0.6438161701454053 3608
1.069613638009852 0.2429516171230428 3609
0.8456289776029852 0.3415254486860777 3610
1.055829819736301 0.5949843273817281 3611
0.2718329857966284 0.487301898189393 3612
1.435461276593649 0.3926359344907149 3613
0.7018941831732577 0.3144202857735789 3614
1.447443345633914 0.8918678012443589 3615
1.457440933143786 0.8935793826046506 3616
0.5542477281400172 0.2049687485618056 3617
0.5428917860968822 0.2020689923240132 3618
0.9632641155358133 0.3612217945692562 3619
0.2963643495410587 0.5271112288102444 3620
1.271372637768267 0.3868576129952702 3621
1.444517000605496 0.8270281784237994 3622
1.451330726845354 0.8195575242288995 3623
1.378677800917247 0.4602810344346991 3624
1.386215454021457 0.4527501198717837 3625
1.194038324495685 0.3674863111437194 3626
0.05392569004999215 0.1357960807036547 3627
0.05124321504821276 0.1232122085200237 3628
0.05654148542810598 0.148629661646591 3629
0.9349784148701432 0.7368643193933703 3630
1.461026366973811 0.6853802018350892 3631
0.4165783833042266 0.8604092567812969 3632
0.1133847007740801 0.855314510996747 3633
0.0944159431736503 0.8501749085803001 3634
0.2377702238825343 0.1330164362095528 3635
0.2290683773502094 0.1414101432456112 3636
0.9210356530337482 0.7953441907487497 3637
1.146521892422833 0.8639008734053123 3638
1.128848085650145 0.8600299860509655 3639
1.313464183707974 0.2727980143189695 3640
1.323360564472368 0.2751933996103231 3641
0.4096500309572496 0.08776179112447391 3642
0.1418530288340704 0.08575476431557955 3643
0.1767406150735201 0.1620664523073296 3644
0.4755507210452666 0.8254960486323466 3645
0.480365578808549 0.8438453101277104 3646
0.1213427270794298 0.2362993048428109 3647
0.8093240062410443 0.331962526842967 3648
1.42967566734627 0.5713682937079458 3649
0.5086166620553224 0.7677623507889897 3650
0.4731687807028875 0.1046607315362978 3651
0.4805613531403525 0.09687144164055934 3652
0.4776620223215734 0.08655859950155405 3653
0.4880293874870661 0.08923726260656742 3654
0.4909268870825022 0.09949606872943587 3655
0.4983760576505472 0.09186453652165923 3656
0.5012914714648847 0.1020553206548972 3657
0.5091811454503447 0.09446020637348321 3658
0.5117199139059405 0.1046540968097071 3659
0.520408062191287 0.09712770289536143 3660
0.5329290056194875 0.3765325645816787 3661
0.3276997649774646 0.3810347660215646 3662
0.07451223259193672 0.4805453152440371 3663
0.6495012444208804 0.1499146946840501 3664
0.6571154647009483 0.1421472543802377 3665
0.6466606432674855 0.1394658021755847 3666
0.6541100642932908 0.1318016937855955 3667
0.6438192926100239 0.1291490758879543 3668
0.6645170518685382 0.1343830613463576 3669
0.6648234139637088 0.3045610706157909 3670
0.652754984805076 0.3015259317962563 3671
1.054010313617088 0.5434620566213182 3672
0.3796933482300613 0.7147420127234297 3673
0.3749253037065772 0.6967476120395499 3674
0.3926845655884127 0.7018906431206606 3675
0.3882125063622515 0.684266621234532 3676
0.4056962605755405 0.6892134685000841 3677
0.4012589587678082 0.6717376092565772 3678
0.4186065653929607 0.6766398531454623 3679
0.4141698820488986 0.6592823018456488 3680
0.3970069262981354 0.6543478388323393 3681
0.4095854979668002 0.6421074046496194 3682
0.3697192540185821 0.6786462695264643 3683
0.9601443049856222 0.532660038162738 3684
0.9701078937069069 0.5225278828132904 3685
0.9556398818028822 0.5187939173428094 3686
0.4668022760725746 0.8572073746761651 3687
0.4847046205241465 0.8617904876355041 3688
1.108647036984768 0.2294236778027977 3689
1.118790897848371 0.2319515179680079 3690
1.098481464520437 0.2268259272829211 3691
0.674540872538311 0.5101326022336303 3692
0.685648336605635 0.5000189374463916 3693
0.6712626742525936 0.4967588893723752 3694
0.6996453827275192 0.5034968482935246 3695
0.6963505865686153 0.4896761113023324 3696
0.7101101517722153 0.4931364081827578 3697
0.7747673667494428 0.1713924219674841 3698
0.7821970824880327 0.1636856113663659 3699
0.7719010821476361 0.1611178883757179 3700
0.7792985747533236 0.1535113786381694 3701
0.7895024353145752 0.1560332694228739 3702
0.7690769281902976 0.1509615102931943 3703
0.566048163944712 0.2083252371782053 3704
0.2740398260898516 0.5517612407532446 3705
0.8173421510950982 0.7693463434831297 3706
0.8296674287979391 0.7568166303170342 3707
0.8128102892137049 0.7524292476324256 3708
0.8252526954800935 0.7403355078610823 3709
0.8075785458743822 0.7358867877185667 3710
0.7524682469327735 0.768554958203255 3711
0.764948579791686 0.755983477268686 3712
0.7479833090449653 0.7514909303291515 3713
0.7602799421683566 0.7391152279226472 3714
0.7435092295693031 0.7346541753059219 3715
1.065806808762152 0.3772196355846598 3716
0.07835645724163511 0.5642814326577134 3717
0.5994055565662411 0.4890644887327103 3718
0.9839480853957575 0.5261385579486406 3719
0.9799423001980252 0.5124349686605009 3720
0.993673841869289 0.5160805791866249 3721
0.3306530904493811 0.8536527080552568 3722
0.3492227888544654 0.8588991063186826 3723
0.8890867735911321 0.5147183670438122 3724
0.8852930497537931 0.50108388248512 3725
0.8989372952150864 0.5045352583580709 3726
1.424605572536419 0.6195749953349202 3727
0.3431219311807427 0.7039433167157455 3728
1.45442035397062 0.4618760971774176 3729
1.099901069690266 0.7608233536246015 3730
1.248077670547558 0.3122119711634234 3731
0.4710503020990962 0.285112950879665 3732
0.6511761751341458 0.1215764283807146 3733
0.6409230959671587 0.1189136173868387 3734
0.2673221175493581 0.2250289355054153 3735
1.195794747943547 0.3391927190144677 3736
0.6688055100033428 0.610551925042497 3737
0.652781762296754 0.6058915167808815 3738
0.4468713015751783 0.7177969357916726 3739
0.7848787472675753 0.3255669833223713 3740
1.260174290163866 0.3840630848563076 3741
1.324360011768028 0.565398313486936 3742
1.32093489564169 0.5541080849777923 3743
1.328287074666059 0.5764929612022924 3744
0.7790094348556328 0.4057704273612335 3745
0.6211848370669893 0.7658177085228897 3746
1.360113268050563 0.7598139685345136 3747
1.283543103940829 0.265348879038589 3748
1.273574548397337 0.2628583680341248 3749
1.266473868847338 0.2701809327011152 3750
1.263628831757807 0.260361321219694 3751
0.6335645417496898 0.1264793139003202 3752
0.6307579158029191 0.1162822183017542 3753
0.6233571814619117 0.1237878698442399 3754
0.6205271200607098 0.1135462201387062 3755
0.6131432774506249 0.1211139137987087 3756
0.6103437871351997 0.1109787768376975 3757
0.2936204577753698 0.7741083646325588 3758
1.413710364594663 0.4140791005478732 3759
1.406446689981911 0.4213639605243502 3760
1.349442903549671 0.5005045650822979 3761
1.442769238041616 0.4864600013364375 3762
0.9989183856095789 0.7367054434588514 3763
0.982598694746379 0.7327103563498688 3764
1.016260033347471 0.7410426802650716 3765
1.358149823930557 0.3294184134514271 3766
0.602940841978477 0.118453707161373 3767
0.6001387213371467 0.1083387775939423 3768
0.592732621068105 0.1158012213323806 3769
0.5899297112238445 0.1056883063703257 3770
0.5825262938769658 0.1131367478299008 3771
0.57972059676032 0.1030342835744756 3772
0.5723221413350966 0.1104593818705684 3773
0.5695126362955772 0.1003779233898265 3774
0.5621075111371346 0.1078355386950459 3775
0.5593037969311497 0.09773077498408478 3776
0.5518816811236772 0.1052319977628414 3777
0.5491314550314129 0.09507880934539321 3778
0.7590819016434415 0.2381425496245366 3779
0.2462287539640916 0.3004114098666353 3780
0.167773366814137 0.3949237853812643 3781
0.07418122309628945 0.5462836987254092 3782
0.1745541772160159 0.6072980615380508 3783
0.1794058064795779 0.6254103184414 3784
0.1926378786156328 0.6121723034679312 3785
0.7728691483238295 0.3223948073670951 3786
1.161612989496703 0.5683845049095669 3787
1.397342291995093 0.7364255794171364 3788
1.393082319616346 0.2924670979835754 3789
1.402873110384839 0.2948472754748817 3790
1.063648921406883 0.5338765245140531 3791
1.050286730449931 0.5301208608823822 3792
1.324221618362757 0.8748129591734659 3793
1.339015740063894 0.8777092667890298 3794
0.5955585032114826 0.4743118103990372 3795
0.6101550525676092 0.4783435230340316 3796
1.463902362438384 0.8858985517631111 3797
0.2311065229574787 0.4585379516076701 3798
0.08938415346478187 0.8311523980478693 3799
0.1323397821279386 0.8604356749898807 3800
0.4708497492186429 0.1651599421760372 3801
1.373446874353281 0.2876771629432202 3802
1.363623808606135 0.2852589598168463 3803
0.5232542724836032 0.1682862159650879 3804
0.5151414832953164 0.1765671236422162 3805
1.288670471010669 0.410910156152875 3806
1.29628089306417 0.402812932582974 3807
1.422828789572171 0.8786303340487922 3808
1.426568208171435 0.8886461538463171 3809
0.8667648767392798 0.574240473529793 3810
0.3567741289007582 0.1129001126827664 3811
0.3463306324503855 0.1101369645581585 3812
0.6883754728715045 0.8329682289096902 3813
0.675255123524972 0.8461321364138983 3814
0.6932995136142546 0.8509657881865194 3815
0.6800633176087005 0.864254321899403 3816
0.6622425964725819 0.859290354341806 3817
1.385622617858397 0.7337021035633638 3818
1.27091621938436 0.3563689943274447 3819
1.243274574562339 0.7929959843455798 3820
0.3672922022491788 0.1816430399200236 3821
0.3580080762133632 0.19054572299824 3822
0.3706080878733649 0.1938244589225926 3823
0.3615542386728923 0.2028219072024406 3824
0.3485824160603488 0.200029368764986 3825
0.3740200654319898 0.2061963994761362 3826
0.980359252045524 0.432365511327967 3827
0.5137601017946567 0.1352651395383957 3828
0.1802842626387396 0.3831254143590327 3829
0.1625110017786619 0.3793442577396525 3830
0.7540121259357788 0.8337364741787048 3831
0.7410282241234275 0.8468502317593083 3832
0.7588559850984687 0.8514924625549637 3833
1.368102551626798 0.3317888845413133 3834
1.361121261679273 0.3392260569167126 3835
1.328707438688137 0.8120684748995216 3836
0.8192609430045663 0.8342329165105419 3837
0.8064819623681441 0.8473832584247314 3838
0.8243375194271686 0.8520219312713103 3839
0.339514329689663 0.4275902960282033 3840
0.3287736573410445 0.4388907680796533 3841
0.3437912984768287 0.4433557899690337 3842
0.1284716865109815 0.4951131653255493 3843
1.441529601077998 0.8173466639689374 3844
1.448342263330821 0.8099332840558842 3845
1.4375208478126 0.8069231766625229 3846
1.45813106190293 0.8121168310982618 3847
1.455190467458758 0.8025466405161945 3848
0.08322988822784068 0.5826375639591412 3849
1.460187500374616 0.4172934340580285 3850
1.462900549116787 0.4270621496142796 3851
0.5549839006350351 0.4766863628823859 3852
0.5439687366658653 0.4872773357366465 3853
0.9849208347686115 0.3997789481919306 3854
1.25334727738241 0.5777352837864506 3855
1.232824938587787 0.8045207421210426 3856
0.6065881414429336 0.463514226173667 3857
0.6206556899814943 0.4678117472998748 3858
0.6697765324013292 0.6697361394730155 3859
0.8697539573055577 0.347797662097398 3860
0.1745790968870065 0.2942616360877594 3861
0.2990616443490244 0.1743450206800179 3862
1.162541703289096 0.6535608310944492 3863
0.7805966594100191 0.4543383473514481 3864
0.7710305235031678 0.4642458957437721 3865
0.7845269579629963 0.4676497696558298 3866
0.7747755032983582 0.4776679369276444 3867
0.7884284984585095 0.481108384764763 3868
0.7620025257360959 0.4731636061429412 3869
1.08075129185842 0.7026166761963821 3870
0.6916529872498518 0.4441539967451049 3871
0.2753409314667019 0.7688467109078445 3872
0.2890097583278356 0.7556768061304695 3873
1.069462904135574 0.5985991914526553 3874
1.39401269933338 0.7252209574963501 3875
1.423111004216325 0.7824610044216773 3876
1.447607384072559 0.5678584903037927 3877
1.457284792726271 0.5703117840473424 3878
1.460248603510681 0.5795921726204423 3879
0.3674972527278945 0.1159108432429228 3880
0.522938911215399 0.107364637952993 3881
0.2651663665341487 0.11975984418162 3882
1.052830655530379 0.3440253166539311 3883
1.461575282920638 0.520588851668345 3884
0.07539811141064538 0.8450287880968993 3885
0.07034359411923007 0.8259713638469279 3886
0.07458508329426773 0.774395484142989 3887
0.1497693506107166 0.1196493488277448 3888
0.7281864558902791 0.3195427791629304 3889
0.4430808429722987 0.398530474368012 3890
0.4324137646364355 0.4091856295206784 3891
1.206069378246973 0.5554776915683918 3892
0.7459688075816274 0.8648674853635074 3893
0.1974843548412405 0.6302277805431876 3894
0.2106309811518492 0.6170032931209541 3895
0.184269498591296 0.6435025949819277 3896
0.4229037716975013 0.2298183592727809 3897
0.410940745354393 0.2264072316701809 3898
0.4351641054353849 0.2329121285465816 3899
0.148790171359087 0.2045707967033289 3900
0.6050899136324756 0.2987491654085678 3901
0.7556156930312687 0.7225998314354715 3902
0.7389772971596078 0.7180879120111039 3903
0.7268433834554753 0.73018788898878 3904
0.7223393905844495 0.7137673303876715 3905
0.7102286486974916 0.7257057260186027 3906
0.7057637471040856 0.7091186141283874 3907
0.6936356197604883 0.7211970185852552 3908
1.379616194745753 0.8842859403851115 3909
1.392092049185908 0.8859487308622527 3910
0.5341066494688609 0.2102938234237083 3911
0.3329919422858308 0.4546864700180045 3912
0.3481621281275505 0.4591932739267438 3913
0.5654886682622121 0.8671324597088352 3914
0.5471705724485211 0.8621250577306725 3915
1.085270082967068 0.7178773777361755 3916
1.069652047113693 0.7141710475898193 3917
1.461957600916061 0.3906688293188663 3918
1.459359549315459 0.3810158695788463 3919
1.449690153205368 0.3784353206442894 3920
1.456761403770669 0.3713623370321775 3921
1.447103642511997 0.3687767377755834 3922
1.454161774995995 0.3617161745440605 3923
0.7636916740838889 0.8694285248192328 3924
1.431153949495388 0.6773583587776242 3925
0.9070368566681586 0.6882121200785295 3926
0.2335730119703849 0.808543409209262 3927
0.2195876179682656 0.8219015288807356 3928
0.2242239907937408 0.8407338832750489 3929
1.265646350876364 0.4360761881265864 3930
1.257689269708769 0.444515371758212 3931
1.24637604913541 0.4418051320661236 3932
1.24967713626941 0.4530478296671097 3933
1.238336633411929 0.4502716641933863 3934
0.8567712357541281 0.5848398642573254 3935
0.8709330243843243 0.5887012563421952 3936
1.13651023849817 0.5268503553097413 3937
0.4536870781930671 0.3877092561931439 3938
1.458758888762608 0.5107089407354281 3939
0.5072601714406333 0.08273376841699578 3940
0.3089435789724387 0.3447311843352671 3941
0.2952620689870891 0.3406277822370561 3942
0.4269206154540799 0.6469489364556517 3943
0.4225341988010395 0.629717519037957 3944
0.5841911094518961 0.6312120542920158 3945
0.596158199239828 0.6194407385306381 3946
0.3648493266387412 0.2153072791001303 3947
1.098665531507498 0.5658903692253925 3948
1.060576210561681 0.2125472425363816 3949
1.050427246600756 0.2100609393801402 3950
1.070701016511317 0.2149612288527176 3951
0.5627719685467359 0.1965436660854858 3952
0.5744638964363442 0.1999157543723752 3953
1.340167222360674 0.3628533280934736 3954
1.333030357768552 0.3705961110740107 3955
0.9952621980637419 0.358360779927333 3956
0.2660370788143758 0.8707593601335117 3957
1.091293320081328 0.4950981142170648 3958
1.464200740502168 0.8313035396968856 3959
1.468052315485643 0.6781715169045818 3960
1.451061814757996 0.9013518657410406 3961
0.70645276188157 0.4790232436078264 3962
0.720359340244088 0.4827678694305 3963
0.1179184738907712 0.3392359985882718 3964
0.1025397280384111 0.3360217602233845 3965
1.256512412676323 0.2677517596112096 3966
1.253713431095697 0.2578829685932873 3967
0.8112782539934297 0.8653329742044811 3968
0.8294096104572236 0.8700324551213968 3969
1.175842412662872 0.5360204992434562 3970
0.5610392309418306 0.3113175096894107 3971
0.5515245699209348 0.3207166601436459 3972
0.6819275209898604 0.4544429869931126 3973
0.6681160086353725 0.4509376875717202 3974
0.4085248331822227 0.2139422668245407 3975
0.06993400436249558 0.664961127073563 3976
0.07325532742892202 0.6837891102097403 3977
1.466106059176523 0.3121876038268637 3978
0.6981200375322016 0.8689616868868602 3979
0.3880716348492256 0.08191410574162798 3980
0.9542724405768249 0.3300212526537728 3981
0.3198306487391956 0.09414526544745577 3982
0.3170257362842108 0.08346418270230135 3983
0.3064573175635903 0.08051763547721615 3984
1.415526469925983 0.6924996292382427 3985
0.1650981703473186 0.09147616186814408 3986
0.08081064545002722 0.8638429630752444 3987
0.1707975469591552 0.2787502016117249 3988
0.1821075749087903 0.2677261683826482 3989
0.1670846208952199 0.2633835705014558 3990
0.9896565253500387 0.502467295813679 3991
0.07029529167487809 0.3952635779263245 3992
0.06570636607126214 0.3774232624880852 3993
0.8417503018500154 0.7444226099545435 3994
0.8373808431699139 0.7281335143614136 3995
1.003073204429528 0.5059067337980365 3996
0.204474158761794 0.0810447831433582 3997
1.463804983934109 0.3642932079936779 3998
1.461207100762002 0.354666362485334 3999
0.3774296617876566 0.218719788020633 4000
0.3154132494608166 0.1133095437460707 4001
0.4851354680613958 0.07903639229101762 4002
1.403764918900072 0.411424131787681 4003
0.2457812823403807 0.511122040900392 4004
1.304982249002075 0.373731141117806 4005
1.31261397328164 0.562576850860304 4006
1.375948817520361 0.4500298377848842 4007
1.368330663886933 0.457520054691511 4008
1.383383963924355 0.4424284914129265 4009
0.5761736923618226 0.6594758408993124 4010
1.40770323456503 0.7005658641080765 4011
0.9401880190823586 0.7533723385412806 4012
1.33823050880754 0.4975180578724548 4013
1.346712179748899 0.4899004385526688 4014
0.09756741766724794 0.7280652186652015 4015
0.493735062433744 0.2031995199873447 4016
1.464413881522627 0.4647807106061216 4017
1.461555972481198 0.454857639183798 4018
0.1784115896784704 0.2526082161703194 4019
0.1627873547943747 0.2480445746897091 4020
0.5663868754010923 0.4659079348604285 4021
0.4053229058319922 0.6250109914508399 4022
0.4182360251880062 0.6127186522719339 4023
0.4349870063575423 0.6175421386034694 4024
0.4307855291606991 0.6006873306640453 4025
0.1501785901130909 0.0780441597736872 4026
0.5008162250855104 0.2273853742322104 4027
0.4920979481215393 0.2363251246860582 4028
0.400532773359531 0.4433492537086571 4029
0.3893753769938474 0.4545974910038484 4030
1.468925002711302 0.5137921011541999 4031
1.122001305587323 0.3797408110650602 4032
1.30926452456226 0.550924350668192 4033
1.198995847393239 0.8279427900385903 4034
0.2840657075680957 0.4752052655562635 4035
0.9567433039119246 0.8685667891752258 4036
0.9386644631736052 0.8641543923988487 4037
0.06491212450227479 0.6460934611264277 4038
0.6414070608266212 0.6176331195465004 4039
0.6362727327447122 0.600986136602738 4040
0.5838394177899642 0.872099558149741 4041
0.5973063263470815 0.8586469333721616 4042
0.6022268250031653 0.877052298939879 4043
1.198535503768441 0.874425396528846 4044
0.1184236948994116 0.8743128427061402 4045
0.4701779414117556 0.1973348735903396 4046
1.338188813737184 0.3247600342915901 4047
1.393686071371689 0.445113032853574 4048
1.398806737445959 0.3117884294739086 4049
1.391891381794304 0.3190937844632963 4050
1.204777485180845 0.4429640292935821 4051
0.7785588345915794 0.4912354518807132 4052
0.7922826794468867 0.494686023336258 4053
0.8021454796250819 0.4845161088986825 4054
0.8060387888920924 0.4981131107023348 4055
0.8158693179654182 0.4878963258246236 4056
0.8198979461672684 0.5010786525324777 4057
0.829611624333435 0.491249343605084 4058
1.464931035152745 0.8047192885214629 4059
1.461973161820812 0.7951603564247057 4060
1.452558794625817 0.7928708451173644 4061
1.459085482261496 0.7855853960755962 4062
1.468782660933909 0.787822626631836 4063
1.465846797400548 0.7782651544468373 4064
1.456100123222187 0.7760315823869448 4065
1.462900428460634 0.7687077563522063 4066
1.260807855191725 0.2505395688340017 4067
0.788287459628252 0.3963054597527594 4068
0.3957945590481778 0.1134622091683272 4069
0.7672081145717597 0.2299859489335586 4070
0.7782693986245053 0.2328366278053487 4071
0.9748499628888128 0.8728991545605577 4072
1.202244316351635 0.5427430895066097 4073
0.493983934263722 0.1098712217282285 4074
0.3612883374543725 0.2914684094996534 4075
1.1065063151355 0.6013202841717893 4076
0.5477152013360815 0.502343964153678 4077
0.53265249650083 0.4980455994321975 4078
0.1163759559321756 0.733235109190308 4079
1.291921667691479 0.2949381743467493 4080
0.3495448436995061 0.3425182878540256 4081
0.3606321207862178 0.3313287106702764 4082
0.4784241763847648 0.7759398848049571 4083
0.7866249780511093 0.1459854498763528 4084
0.7967512216426821 0.1484858739831003 4085
0.7996642360608973 0.15849941283193 4086
0.8068819264420581 0.150953438432647 4087
1.433375663540976 0.6510943508362143 4088
1.320493698392477 0.2654503626893827 4089
1.330353307236249 0.2678485219761234 4090
0.9145904056024518 0.3485552015853005 4091
1.234696604767785 0.3675987143637077 4092
0.4130517861251571 0.1500217564929595 4093
1.411039857847834 0.4041839331841715 4094
1.215641815383525 0.8778705402784724 4095
1.22586981859416 0.8654058818545274 4096
0.3372759567432136 0.4705949970200534 4097
0.3524929756617219 0.4751569274827584 4098
0.3414827833923837 0.4866577772854569 4099
0.1280438327851963 0.4286372386032605 4100
1.294803564992068 0.3710504669330675 4101
1.115935866455262 0.221945513089831 4102
1.126033440518033 0.2244547958967677 4103
0.2708156627499179 0.7504279928977005 4104
1.46740043975096 0.642116572291851 4105
1.464892771496869 0.6324293046576224 4106
1.455257436874891 0.6297501615727525 4107
1.462391828825997 0.6227418064915626 4108
0.1339867567754677 0.3442242280299634 4109
0.1463566774952002 0.3324713237799172 4110
0.3714335427663508 0.8134101322302975 4111
1.467115243504838 0.5722514089519191 4112
1.464883328577046 0.5635371787132015 4113
1.1570736821956 0.3885823104892648 4114
1.180025488934909 0.3944351329983101 4115
1.467334645443461 0.8952968619532441 4116
1.47375357787369 0.887626760540519 4117
1.470328298988205 0.8782312562837693 4118
0.5556087511994061 0.7642652556139398 4119
0.1935397163548778 0.07788508075162606 4120
0.474784136056241 0.07634294298126885 4121
1.37670902949614 0.4886040004512227 4122
1.082136426480361 0.5044744961218719 4123
1.215144835732858 0.5458315391107038 4124
1.285265578873956 0.8814365976037042 4125
1.269895147751385 0.8784151992147959 4126
1.264922027248216 0.8633062693233226 4127
0.1060608808190061 0.5380866506581218 4128
0.05982877752457242 0.559318981023853 4129
1.23046338164384 0.8818265159304242 4130
1.358189683611319 0.5325918248331282 4131
0.3596256243750789 0.1239035936595765 4132
0.4466500483914529 0.6047595029372472 4133
0.4430638413167354 0.5886667707331394 4134
1.368372901299535 0.6068563139454253 4135
1.36020792947747 0.6154043805627308 4136
1.218973526563403 0.5585086616246218 4137
1.434346300316711 0.8244062194790495 4138
0.3981533104273925 0.8552326020689335 4139
1.31777445032919 0.542353063138548 4140
1.305986384055353 0.539261232872945 4141
0.9595648285684925 0.8202295579070188 4142
0.1742292533873108 0.3681633118002855 4143
0.8951378786738999 0.4910523793073557 4144
0.9087087807011123 0.494516274081882 4145
0.8816192936763969 0.4875674022539581 4146
0.356763109619726 0.4912408117302284 4147
0.3449058657407938 0.503079402332511 4148
0.5332060440098295 0.8075903437189959 4149
1.103263407641206 0.8224452821867809 4150
1.091533298199788 0.8356164845580264 4151
1.074175032334166 0.8317235852789794 4152
1.079177852638818 0.8486899749366456 4153
1.061716372965347 0.8448176417573642 4154
1.067947309731369 0.8629531335856143 4155
1.049266253048313 0.8583064681457527 4156
1.085349806092833 0.8663554587435945 4157
0.9941151977668966 0.7206551951518922 4158
0.9779316063084722 0.7166854187210512 4159
1.31064986876235 0.2630466247393937 4160
0.04172284130541581 0.1317094130351715 4161
0.0392127512922306 0.1191753153578078 4162
0.2023805679820191 0.6483121179375075 4163
0.2404175064077061 0.1444711447250584 4164
0.2314950357134244 0.1530339523344015 4165
0.220137393487048 0.1498118267387116 4166
1.370510647275477 0.2778474941387044 4167
1.360790556735766 0.2755842123779851 4168
1.07426271602919 0.7296648227316083 4169
1.058478657242441 0.7258977875039123 4170
0.06929274613164721 0.1527093405720129 4171
0.0588168183126556 0.1612726612123536 4172
0.04624971376989188 0.1575126207636674 4173
0.04853899187190223 0.170545739276293 4174
1.465849402401057 0.5036402371166386 4175
0.9307603668000137 0.7215702342908982 4176
1.11028727438016 0.521177887531556 4177
0.8964728630840481 0.699750704582277 4178
0.7760962035832721 0.392711594149908 4179
0.5519537311615172 0.8805844804227476 4180
0.5334913108797887 0.8755272901406698 4181
0.1677319896426037 0.1024913557861241 4182
0.07926670393740792 0.4989562805840811 4183
0.06088532412121265 0.493904029836096 4184
1.371188080230962 0.8291924624242348 4185
1.358715879569479 0.8266748908048156 4186
0.6667241590233687 0.8776071901379101 4187
1.469206726557532 0.7152116452006961 4188
1.191584190603645 0.5881363879224857 4189
1.204867032341542 0.5912165965185771 4190
0.615410625009252 0.863297733126026 4191
0.9762594443897191 0.4991178223802372 4192
0.4972598832469537 0.8473538622935447 4193
1.469919112839314 0.6517935293673101 4194
0.9334321830153887 0.846531904020867 4195
0.9205476803779077 0.859710047492011 4196
1.018639551315796 0.3644582559974055 4197
1.470055691042354 0.5817599762848065 4198
0.2844851315684801 0.7373417873941471 4199
0.5798260159119513 0.614947105948923 4200
0.5674232680937021 0.6263758837001299 4201
0.5918713916126722 0.6032860214486395 4202
0.5400694451047704 0.4723213107144718 4203
0.6054675162556522 0.1286964417744867 4204
0.4030567575649209 0.8738372380384197 4205
0.504762743985598 0.2062138888917815 4206
0.4138696089136792 0.2389788027582308 4207
0.4022299743552801 0.2355970950058288 4208
1.409551382537987 0.8022733138085693 4209
1.111196673027814 0.7496302237262515 4210
1.126593451975975 0.7532127259459034 4211
1.044743480660996 0.3521951596341507 4212
0.4711848612095171 0.8766139573259243 4213
1.448829102344356 0.5078167693452932 4214
0.2059315047538754 0.8347504793949694 4215
0.2104392771136469 0.8543242483445341 4216
1.328958021326881 0.8882529318525739 4217
1.343253638756388 0.8909863255028758 4218
1.39650852110628 0.4186095123350569 4219
1.470826988244492 0.3572335352120174 4220
1.46823969556826 0.3476273101067149 4221
1.47228252873427 0.7249224871147014 4222
1.465274823882345 0.7323257120727726 4223
1.059922018485803 0.6083491116825459 4224
1.074063246755098 0.6124749475908531 4225
0.447144427406912 0.4130891382869135 4226
0.4364728851928744 0.4239232171673881 4227
0.2847184377144211 0.8755698872274904 4228
0.6891652433903769 0.7046089611120375 4229
0.6776579325173597 0.7166931708888896 4230
0.681340296962855 0.733227436327209 4231
0.6661612963258252 0.7288137016391949 4232
1.250919651550371 0.2480497137263207 4233
1.24380768533751 0.2553762475674742 4234
1.24102651865744 0.2455364727194601 4235
1.233942751647865 0.2526926092256381 4236
0.5264919826815679 0.1791278783002288 4237
0.2669641655500066 0.4702627046866107 4238
0.1520333534802139 0.2184771044746838 4239
1.094151198648695 0.2434507594100846 4240
1.268976240543737 0.4471709847012484 4241
1.276896158444355 0.4387714049522691 4242
0.9460593823548946 0.3381974395621319 4243
0.3353681325136669 0.872433358798882 4244
0.3538579197879743 0.8775333858972224 4245
0.173033313673213 0.2374211828859995 4246
1.134345060998867 0.8773877676311626 4247
1.25922222364184 0.2774970485936552 4248
0.9257470586463219 0.8776969904911494 4249
0.9082465213092564 0.8729567814175365 4250
1.343734942047758 0.8543117176317399 4251
1.475235991469901 0.7345079037279252 4252
1.468206032872991 0.7418883624924804 4253
0.5047232569039706 0.239055410518219 4254
0.4213636048827705 0.8790029683436427 4255
1.29947728387077 0.4134754814308022 4256
1.306466936995335 0.4039886164188141 4257
0.159498819725332 0.2897480610126209 4258
1.152070146434785 0.8811260832958171 4259
1.399961878150072 0.2851355762262767 4260
1.40974972525785 0.2875429705475081 4261
1.412612817940507 0.2971798342587728 4262
1.419501518592261 0.2899326853087021 4263
0.6482724927567879 0.111424651750326 4264
0.6584177787108176 0.1140257933575259 4265
0.8536494832908329 0.7320091357466408 4266
0.8490885410282643 0.7157524802048068 4267
0.05632235065945147 0.8398756093742614 4268
1.469017297381841 0.3835967153626718 4269
1.471616140548537 0.3932298670282072 4270
1.371052405994483 0.3416194565029262 4271
1.364054892945346 0.3490551912585392 4272
1.453021625251621 0.7669756307037395 4273
1.231127620029818 0.2429834165671408 4274
1.224037494619991 0.2501418637600544 4275
1.221214102455244 0.2404444425612554 4276
1.214118607535983 0.2476029749119203 4277
1.216842278200667 0.2576933766070528 4278
0.8595972213960954 0.7487067132256625 4279
0.3276043225959359 0.08636823816063618 4280
1.134439214899172 0.5619314116829003 4281
1.471258970326815 0.523127454490806 4282
0.5564787883959027 0.08765072008511994 4283
0.5463629714033786 0.08498678158385588 4284
1.401664316859146 0.3214235314581854 4285
0.7723321097857896 0.7268115514660445 4286
0.7678361576117473 0.7105977209068907 4287
0.7842489629491628 0.7145404673879482 4288
1.450423300250511 0.5447739653336761 4289
0.257123440504942 0.763587985431561 4290
1.204104229334762 0.891220871205297 4291
0.2156545525439197 0.08419800650938865 4292
1.452812271655328 0.6200501519207893 4293
1.459901749693993 0.6130534609231002 4294
0.5770432703904889 0.0929532663462487 4295
1.471379985394644 0.45759526542036 4296
1.468568090181565 0.4477282938157772 4297
0.6175957879607037 0.1033234326190309 4298
0.5973098603071839 0.09825274701055982 4299
0.4882180788646655 0.8818203328965862 4300
0.1393977199064652 0.07485688196537736 4301
1.470759773129726 0.6877950463336446 4302
1.38366200583815 0.8962545538000726 4303
1.396324910174414 0.8968352743528732 4304
1.370368060757026 0.8950487658734804 4305
0.7816039783670581 0.3136167694691994 4306
0.7690636245371844 0.3115952622594554 4307
0.8913700846926393 0.4776685082803045 4308
0.6615862454129792 0.2923803076704125 4309
0.6737261687472247 0.2955487727026593 4310
0.6493137196841019 0.2890409431030738 4311
1.408169693293783 0.6682034522551441 4312
0.3248644762436277 0.07584519670549023 4313
1.241584955527889 0.4616495136535272 4314
1.230154083766456 0.4596138705521409 4315
1.253374909587717 0.4646536734466348 4316
0.1931973977895653 0.256866514031811 4317
0.9130644772191385 0.8902826995163804 4318
0.6000981922922461 0.4336835410868745 4319
1.123176014569973 0.2145369269708536 4320
0.235826125215842 0.476262370181497 4321
0.2230097516291162 0.4883856333250461 4322
1.46987801504255 0.4198104279026973 4323
1.211288097439536 0.2379088530205749 4324
1.204164265833688 0.2451780679903458 4325
1.201349020099137 0.2353920000822697 4326
1.194240622491132 0.242569918094294 4327
1.469530048648718 0.6157350857674049 4328
1.467002593591041 0.6061618480484885 4329
0.8654167208192178 0.7198352355792653 4330
0.3203679898448511 0.466442368294041 4331
0.04850677789282105 0.1109172370647078 4332
0.03689716844731304 0.1070242615298705 4333
0.04608696080822214 0.09883689750915986 4334
0.03433998688904027 0.09523231032440189 4335
0.04338067996608558 0.08729810271168917 4336
0.0325257198963731 0.08362242254556788 4337
0.04109265453142136 0.076173336190705 4338
0.05178567615159497 0.07960376258771204 4339
1.055656138392773 0.8767212773892107 4340
1.036570668382015 0.8719025435956606 4341
1.478415310988409 0.4504879427009487 4342
1.382049792712337 0.722253562066734 4343
1.373804749019714 0.731115563134368 4344
1.404268731678885 0.6892274935444869 4345
1.280675307183876 0.2555348652036142 4346
1.060410616896127 0.5213747363864153 4347
1.046619013293701 0.5169896165010996 4348
0.05613134856957591 0.4753054043551322 4349
0.8256776778446708 0.4777910303300519 4350
0.07868106729428931 0.7228340483868895 4351
0.06466320391045718 0.7366147519517428 4352
0.05970823006779313 0.717560454071922 4353
1.414398134728577 0.4512018248898229 4354
0.5609361005011945 0.3844674842642902 4355
0.5715728824047497 0.3750005275674147 4356
0.1312784477676855 0.0824020938771764 4357
0.128817774446125 0.07160138107642811 4358
0.1207607006252854 0.07898670303213219 4359
0.1474969704419683 0.06739853429382388 4360
0.3352855242903184 0.07870771551365723 4361
0.3973706885830299 0.7199543985942004 4362
0.04948556434808157 0.06881794424497756 4363
0.06013142933815596 0.07212811736475519 4364
0.06242780323512293 0.08293049501202145 4365
0.07074481744897942 0.07540956994525913 4366
0.557971486305465 0.3694591882018121 4367
1.303573300370535 0.5896046761449674 4368
1.307396161664771 0.6015812036123569 4369
1.396492241442732 0.697290292041665 4370
0.6654603126146285 0.5934775823801939 4371
0.6245790388001435 0.4822801327920841 4372
0.6367083053222754 0.4721616286380502 4373
1.336216946252856 0.5274059725369082 4374
0.05063841648449322 0.6597804537111782 4375
0.8098130114015727 0.160933062809314 4376
0.8171582976207473 0.1532762830701213 4377
0.5847578647634402 0.3781726890937673 4378
0.5823237072904573 0.3651522164028221 4379
0.5946938137438703 0.3681968393214051 4380
1.036943840552053 0.5266934842341858 4381
1.032662398514689 0.5133063138044319 4382
0.7615202637499434 0.158497442199081 4383
0.758838190270376 0.1483577965637094 4384
0.7662517620766286 0.1408820608282126 4385
0.7560755986996999 0.1383078929049463 4386
0.7487336727986682 0.1457509881361192 4387
0.7459394174819236 0.1356956953650414 4388
0.7386375586530329 0.1431213656028605 4389
0.7358253155279236 0.1330983483178477 4390
0.7285394972141607 0.1405114496323958 4391
0.7257578550035948 0.1304997781297675 4392
0.7184508933672259 0.1378970758266014 4393
0.7156687674437459 0.1278926354206705 4394
0.7083585733573816 0.1352882451650829 4395
0.7055761182690766 0.1252854133546309 4396
0.6982642773478032 0.1326850623761477 4397
0.6954826750557106 0.1226792790691413 4398
0.6881712933626147 0.1300785053496312 4399
0.6859136692276613 0.1203152467792747 4400
0.4492379622974578 0.08867201584290482 4401
1.343109406739156 0.7442148690836008 4402
1.430593475611345 0.6409489944623888 4403
1.144355055801308 0.5977568874795138 4404
0.5922932439553324 0.4591744131466713 4405
1.431613257161504 0.5124188292217935 4406
1.269348509593373 0.3175461177769462 4407
0.4567912228878033 0.0811003010221624 4408
0.4465353707646224 0.07835358240032107 4409
0.6373391320424873 0.2272272131335527 4410
0.6457522728210944 0.2188386415386062 4411
0.6343528086055402 0.2157669998085927 4412
0.6426907930141901 0.2074951719984298 4413
0.6539672942539414 0.2104955201043015 4414
1.191415212820149 0.2328639025630456 4415
1.184296407368464 0.2400297540423824 4416
1.181467082481114 0.2303281292064701 4417
1.174343064687008 0.2374971751388057 4418
1.18690473191959 0.2503278349786832 4419
1.171526741105011 0.2277823991362124 4420
1.16447330804926 0.2350922011617022 4421
0.6814443680463742 0.5988457142812952 4422
1.007965132176746 0.5195551636342893 4423
0.1580213888471978 0.07044702326593866 4424
0.354102047628433 0.3742983245340273 4425
1.314570366201997 0.5308030654616794 4426
0.7935194040628933 0.3167386898533706 4427
1.128899600228795 0.2344452262166382 4428
1.136114912862672 0.2269683360447108 4429
0.9124901607752076 0.5079571547779587 4430
0.9222451659530974 0.4979431097583455 4431
1.043205799711272 0.2175908771371765 4432
1.040297951120103 0.2075580849356686 4433
0.952964286775203 0.2878071537450821 4434
0.9607407329835691 0.279263879363158 4435
0.9503128723979988 0.2755401443176833 4436
0.9720312147123547 0.2823678660076492 4437
0.9686657147447675 0.2710731722668804 4438
0.9799255479083009 0.2741842468442462 4439
1.276723042235903 0.3098775564003416 4440
1.266482053020011 0.307385264728847 4441
0.8010420157170675 0.3995452685599769 4442
0.3705265353473397 0.1269558078027218 4443
1.21453563251276 0.8309766822219712 4444
0.2015213466739864 0.07032096185329467 4445
0.3233608810846745 0.2427270393663204 4446
0.3332842054260911 0.2329865279290731 4447
0.3200563884770676 0.2292972106384354 4448
0.3296970827851436 0.2197089741502509 4449
0.3167414048180947 0.2160762794334571 4450
0.3465848322628916 0.2367076855092327 4451
0.3263862614334022 0.2067011333494277 4452
0.3135266352671441 0.2031153931967928 4453
0.3039143033241343 0.2123888157126401 4454
0.8343043936304546 0.5034594290441154 4455
1.290657523242013 0.2580312071662204 4456
0.6200309571509162 0.8814631002814207 4457
1.479436916052539 0.297701317749771 4458
0.02564711061161334 0.1028699090574871 4459
0.8610287404028167 0.5993440011077238 4460
0.8465734107856897 0.5960880053345371 4461
0.8749445366590251 0.6033170743965998 4462
0.5168646810862292 0.3215196407941502 4463
1.333237992229866 0.2775695339268063 4464
1.340358548813005 0.2703281010678774 4465
1.458747457692262 0.4446558664709453 4466
0.7423190110540673 0.2547430004785862 4467
0.8318993635673182 0.7124871048422935 4468
0.222957739813268 0.162054126204227 4469
0.2113312881279978 0.15904716448966 4470
0.1504282167362521 0.4522208356612021 4471
0.5482000399451847 0.3077764951386626 4472
0.5576407137175512 0.2984694601228824 4473
0.05584318592522067 0.5411873053954379 4474
1.474408699296618 0.4681789239202755 4475
0.9052135251470856 0.6310491703298409 4476
0.916236038760162 0.6199930678411019 4477
0.9311770462149284 0.623738534258486 4478
0.9269665694758663 0.6088484571681261 4479
0.9415278135208756 0.6133978592468686 4480
0.9121386968776204 0.6044809439440348 4481
0.8324698682803189 0.6261277287886658 4482
1.048499720004615 0.6402615575809172 4483
0.6716278778951162 0.4644675167696285 4484
1.378034559267947 0.3341138297865403 4485
0.04126874204821625 0.4890301892807064 4486
0.983475453549839 0.3553444207605454 4487
1.467910613053546 0.8142851771415788 4488
0.933204922206445 0.7826291020472912 4489
0.7591344818192234 0.6208482477255327 4490
0.7702443352793652 0.6095940818466385 4491
0.7550485787295611 0.6055592403225283 4492
0.7661579469881636 0.5944836777791446 4493
0.751082296313335 0.5904492890380092 4494
0.78121176112421 0.5984268654639039 4495
0.6399170917732317 0.4873848983811911 4496
1.380392065459368 0.2803525767862993 4497
0.3680390253682907 0.478721493604821 4498
0.8101345005365789 0.5110141711263522 4499
1.21461259484839 0.3329575159458966 4500
0.7166492742269696 0.468788361309257 4501
0.7305266526544654 0.4725646166756605 4502
0.7342730486417752 0.4864295324816631 4503
1.214022107457837 0.5812527647462773 4504
1.343341918240224 0.2800967353867467 4505
0.7520002228886284 0.3283422527641561 4506
0.6309224116343776 0.3053459232073364 4507
1.138923072850566 0.2368651256907032 4508
1.473420862743853 0.3668337769413141 4509
1.476101184415831 0.5068217999716564 4510
1.473199075035216 0.4967952781275069 4511
1.259565424317833 0.6381305143492277 4512
0.1891022775449807 0.661586212322008 4513
1.291937650770769 0.42163135995478 4514
1.400251759843072 0.7793794207059763 4515
1.033073500978324 0.2150679009134545 4516
1.03019776229019 0.2050518907701242 4517
1.022951369122614 0.2125541540284749 4518
1.02007723230918 0.2025402489948454 4519
1.012831768821257 0.2100252680338031 4520
1.009940771387032 0.2000212820875852 4521
0.4540014322933469 0.07091581970986822 4522
1.354624846055326 0.8144154155955978 4523
0.3072043846506545 0.7609032086563887 4524
1.44002759220037 0.3758487560876737 4525
0.07903147267221623 0.3645322085070191 4526
0.06208105140838186 0.35922722233713 4527
0.04893346767151958 0.3684990302982866 4528
1.44987545726473 0.2912053648020929 4529
0.4543054139147278 0.6206809861977821 4530
1.301456827147398 0.5254190015274598 4531
1.311053093878063 0.5189971004444512 4532
0.1220716850297997 0.3544223376623663 4533
0.04113190033350972 0.5542475886096465 4534
0.756090348584779 0.2271382366527272 4535
0.7479950692077685 0.235203918563283 4536
0.7449855513139925 0.2242074079690341 4537
0.7369044078287754 0.2322622433981708 4538
0.07875925099486547 0.6324653599971605 4539
0.05989690287551186 0.6272283105213866 4540
0.6170145938470295 0.6404032665072283 4541
0.2321152251429017 0.2421196139896965 4542
0.1114855082068644 0.7143926541673056 4543
0.1302326596649125 0.7195838283868554 4544
1.343271565849379 0.3730131629188038 4545
1.336051740230636 0.3807372758348136 4546
1.350272516833083 0.3650779604354969 4547
1.298786869578406 0.6109109479807987 4548
1.311240932771517 0.61368840960433 4549
1.302628415343194 0.6230800242879889 4550
1.315090583933319 0.6258802357866393 4551
1.306443362593024 0.63528853125347 4552
1.318942998407415 0.6380921188492539 4553
1.310305089666221 0.6474945066002251 4554
1.297657278655284 0.644749581464813 4555
1.301577386467245 0.6571637290147972 4556
1.324354385754146 0.6155224616623333 4557
1.322813347886276 0.650230773933054 4558
1.332012175079811 0.6409655306582538 4559
1.288871991806597 0.6544300726551322 4560
1.292370345330459 0.6666779089735267 4561
1.305429724921779 0.6685408142017457 4562
0.5671363395226819 0.6875950457748228 4563
0.9227695381388036 0.5941871740144165 4564
1.272604127598762 0.5261998994480336 4565
1.002708874057191 0.2074965845687556 4566
0.9998286045400298 0.1975095655052532 4567
0.9925871937043486 0.2049864447195366 4568
0.9897079103129236 0.1949983778761988 4569
1.080882702962909 0.5889811968081236 4570
1.300827532870875 0.5597118973546128 4571
0.5985692650153259 0.743753556382166 4572
1.104193370833392 0.6398270892629889 4573
0.2289550595259082 0.8596252972681969 4574
0.2152325940084816 0.8722006495139996 4575
0.19704982308379 0.8663737510003309 4576
0.982467957049611 0.2024656377266514 4577
0.979587090282654 0.192485770399997 4578
0.9723477852053515 0.199951809858674 4579
0.9694668890430187 0.189974347555653 4580
0.9622291109341372 0.1974368626697167 4581
0.9593479552146531 0.1874631854057169 4582
0.9521110284981963 0.1949247817683573 4583
0.9492300562651024 0.1849527297735741 4584
0.9419931972414921 0.1924167521784431 4585
0.939113244310073 0.182443302021109 4586
0.9318737501855897 0.189910162475051 4587
0.928997074137716 0.1799344993044051 4588
0.9217608396521015 0.1874008347603694 4589
0.918882924674516 0.1774255922674784 4590
0.9116445891359826 0.1849032157321386 4591
0.9087692177504781 0.1749187676379594 4592
0.9015263046449888 0.1824013396705984 4593
0.8986560499295859 0.1724118576019235 4594
0.891415382272419 0.1799027053630899 4595
0.8885447636783971 0.1699055940069331 4596
0.881305000362947 0.1773957942981307 4597
0.878434627374857 0.167398301216307 4598
0.871195564354877 0.174887513733893 4599
0.868325379646498 0.1648907226757333 4600
0.8610869798917828 0.1723792564858335 4601
0.8582170700221272 0.1623833185504979 4602
0.8509792029366509 0.1698712228862145 4603
0.8481094124100279 0.1598759696826312 4604
0.8408719757777237 0.167363544902343 4605
0.838047737049368 0.1574126217434811 4606
1.122153832077633 0.6982595123424873 4607
1.12690049938493 0.7133227531546985 4608
1.137619783350839 0.7017972432354276 4609
1.142282424348028 0.7168156021778911 4610
1.152889420562494 0.7052445175740931 4611
1.148312617336696 0.6904033790931022 4612
1.163374170524265 0.6937981284763374 4613
0.8202352757330607 0.1630539809814622 4614
0.4545767254018089 0.1824542907803187 4615
0.6756575429718967 0.5656232398745342 4616
0.7399495215705875 0.6014702980732602 4617
0.7359657305775236 0.5863689431858747 4618
0.7248344100214485 0.5973865471521587 4619
0.6171499969838872 0.4532118911200187 4620
0.9263527834131344 0.5114082847582591 4621
0.9357914268586535 0.5012746064192037 4622
0.9319068336027321 0.4879877856986871 4623
0.4604043954489635 0.5914719556950642 4624
0.4545586868593321 0.5762402869128312 4625
0.5757041829837788 0.5987863426525757 4626
0.1374198274718597 0.8794151321997505 4627
0.1512859881431851 0.8655275222831499 4628
0.1234826706604517 0.8933224140991457 4629
0.5593662193242699 0.2628190255136797 4630
1.411695250158593 0.4412038572260431 4631
1.351241080240964 0.3369875144219071 4632
1.161549835476262 0.2252627742903729 4633
0.2787895608030806 0.1346883750395299 4634
0.9610480127671033 0.5845270534820773 4635
1.325750405334021 0.3782998540706052 4636
1.328791993824907 0.3884964157743278 4637
0.2337035655453826 0.8785988283621655 4638
0.1878326109878477 0.5941665649905119 4639
0.6878652575336637 0.7669459118824183 4640
1.440938928469076 0.8997164750737642 4641
0.4303943019008723 0.1337659601383542 4642
0.07379965326134053 0.0864976025175703 4643
0.08139256090322872 0.07865198307216514 4644
0.07893864794114464 0.06796648969040164 4645
0.08927825166333406 0.07116931656821246 4646
1.445456137073228 0.6266212164579037 4647
0.9620668258102179 0.8865533189128278 4648
0.481877023439495 0.3375698954538551 4649
0.6342873004790712 0.7062417397683034 4650
0.8849514227622262 0.5925967035173056 4651
0.3829702790152187 0.1971212146344147 4652
0.2914349141890107 0.3257170726896619 4653
0.2808034170545752 0.3363903003053944 4654
0.2767763937136867 0.3214232110047044 4655
1.157317015840086 0.7199436698836421 4656
1.192646363999037 0.4403313027689794 4657
0.5476867706320897 0.433122273427302 4658
0.561670319084945 0.4367153444575028 4659
1.100623174588915 0.4179763800693759 4660
1.09207553163085 0.4268715920836901 4661
1.079801135250688 0.4236432171406102 4662
1.083463180275664 0.4358864644877825 4663
1.105692758885097 0.4305137526586277 4664
1.071092694542745 0.4325948064972333 4665
0.9766983304999473 0.2639867144115595 4666
1.208171358190877 0.3812065701372496 4667
0.8923288899281603 0.3875478781496074 4668
0.8832651987351705 0.3963986320680107 4669
0.8708863543592884 0.3931796983058163 4670
0.8742926594279946 0.4055396086663162 4671
0.8964541789540893 0.4000295562742138 4672
0.8618207949122316 0.4022936396597134 4673
0.7738660446951626 0.3677456853874271 4674
1.437557974758151 0.3662996260763641 4675
1.291604569785694 0.360780709274382 4676
0.7412409107553454 0.1532377507902261 4677
1.363562964917036 0.6267053928453883 4678
1.351942517621288 0.623944836052494 4679
1.35406387785319 0.6351302039358695 4680
1.34850365217611 0.6124988168604671 4681
1.31840083468555 0.3860287849736873 4682
1.472564611895213 0.4298471458850702 4683
0.9260417270474842 0.1700414780605196 4684
1.23969909040804 0.5287620310427058 4685
0.7602471169789602 0.6789729636858468 4686
0.5365445265538029 0.5132500712106386 4687
0.5213791042799528 0.5089824639890389 4688
0.5175205757426747 0.4936677902887384 4689
0.5061241220652644 0.5046220417665057 4690
0.509980911897423 0.5200693402655217 4691
0.494588667920665 0.5156502230696027 4692
0.498469500914152 0.5312498476066825 4693
0.4829328960158309 0.52677414948034 4694
0.4868422047147337 0.5425477362248803 4695
0.4712005183055133 0.5380317268528489 4696
1.044027642105211 0.840754838474839 4697
1.04652523342979 0.6046348099442264 4698
0.8423358080341177 0.8566410632217754 4699
0.8476264086423907 0.8746425738042819 4700
0.8605717042489479 0.861214582621016 4701
0.8653219798267326 0.8787738415975344 4702
0.852610640944927 0.8928697312134771 4703
0.1561051654279475 0.8842144100698504 4704
0.733880076238581 0.2213006854102456 4705
0.7258167909801689 0.2292880566090139 4706
0.7227802567009621 0.2183490102533184 4707
0.7147122269621089 0.2263391964332758 4708
1.178439185803262 0.5849614374809015 4709
1.054026364809479 0.7104518953906187 4710
1.477234879342867 0.680770208964548 4711
1.474951008037275 0.6710586485544622 4712
0.1779739685279723 0.3105831967260919 4713
0.4047585987581525 0.4587844469921193 4714
0.4157473932218625 0.4472316983108193 4715
1.042813878343548 0.7216014999726104 4716
1.228159914161333 0.7896644536961285 4717
1.238661737162508 0.7781872417301012 4718
0.1373374875687512 0.5302087085295613 4719
1.057582927639293 0.2025585271424007 4720
0.091858429298469 0.08182164586890914 4721
1.076355744222286 0.2353139725299832 4722
0.2815672159397531 0.2825723895101298 4723
1.458654133201222 0.3450802763818248 4724
1.465690933402876 0.3380578229897595 4725
1.196266558697429 0.4516622547881686 4726
1.182756311330462 0.4489330398132281 4727
1.221907666465141 0.6798257274144073 4728
0.519892998101783 0.8206917453478527 4729
0.5156875308911217 0.802446677246671 4730
0.2839942407581516 0.3513261091924976 4731
0.7208280470741089 0.5822845571309556 4732
1.300085890870771 0.8839334304952616 4733
1.290214470646956 0.8953731852755262 4734
0.1734010160238831 0.8190234693446058 4735
0.9463421477085534 0.1750769499009859 4736
1.056140044000554 0.3553079448197028 4737
0.09972900347626253 0.07427835016599582 4738
0.1021341867721697 0.08456403548842513 4739
0.1548974927069665 0.4062494150784389 4740
1.217869182126469 0.8012483420836577 4741
0.1853436392705543 0.08544503429368724 4742
0.1829081743598868 0.07465050371404605 4743
0.7209497704782442 0.1480081194680947 4744
0.6105289640284416 0.8452368152347931 4745
0.4266985177919905 0.5839873264387814 4746
1.306716465141143 0.7823797020350871 4747
1.339319763871043 0.8398081946993259 4748
1.47696803478385 0.6447932665385547 4749
0.7116634980505925 0.2154275801980582 4750
0.7035988801700328 0.2233812690468853 4751
0.7005459268094698 0.2124731143834968 4752
0.6924762798998227 0.2204282917486976 4753
0.689475763335117 0.2093751012999651 4754
0.6813453434139564 0.2174810287028462 4755
1.23528391047465 0.4390755702628244 4756
0.9665789444138004 0.1800930888567794 4757
0.2492764063026659 0.1363126008063286 4758
1.381888265516493 0.5091171371427502 4759
0.7974520035082124 0.3869681304486915 4760
0.8100685602676229 0.3901448365767469 4761
0.362653277563679 0.8451926413860216 4762
0.3681441895474089 0.2279195302196272 4763
0.7752227018964564 0.2219218205628067 4764
0.7862665475809867 0.2247230398108926 4765
0.789300009092309 0.2356451463991301 4766
0.7972769949827545 0.2275333509367878 4767
0.8003057999839291 0.238433429448998 4768
0.8082349871770458 0.2303327369300542 4769
0.8112870834420601 0.2412263177310348 4770
0.819195788432596 0.2331064026186178 4771
0.8222694579412715 0.2439875280630524 4772
0.8302134591370527 0.2357319348097527 4773
0.8332523598104925 0.2467462830331094 4774
0.8411949713598053 0.2384922776788136 4775
0.8442333789799955 0.2495046125383253 4776
0.8521081886997142 0.2414494977600912 4777
0.8551957205897552 0.2523177449396618 4778
0.8630664030926185 0.2442731085831714 4779
0.866165332171982 0.2551018416946105 4780
0.8740324630780996 0.2470692996917341 4781
0.8771325266064847 0.2578920792876709 4782
0.884998536978281 0.2498615104094047 4783
0.8881009084414535 0.2606732233029811 4784
0.8959844144489855 0.252651725082323 4785
0.8990607206288367 0.2634995262596145 4786
0.9069311076989546 0.2554480376719599 4787
0.9100139614121867 0.2663329432770603 4788
0.9178900626379104 0.2582466309210688 4789
0.920991816139945 0.2690544329044042 4790
0.9288755046407468 0.2610234527047501 4791
0.9039045788888425 0.8546331676245644 4792
0.1854318906556695 0.1397164349639073 4793
0.1740219951354543 0.1358293411557586 4794
0.9650503866496001 0.6874103751147835 4795
0.9540752151650259 0.6993331783865735 4796
0.2796201900452338 0.4585984809387714 4797
0.262731981647814 0.453786320643925 4798
0.9343728837803764 0.3355848640847086 4799
0.9061050349890574 0.1651150807339738 4800
0.9868226514388792 0.1851027249893308 4801
0.8392836154750141 0.4813720468076814 4802
1.037412368537733 0.1975893939193643 4803
0.8929071599046411 0.2418067979719792 4804
0.05148913572056252 0.8206964824484901 4805
0.6702567228509803 0.2841960083850635 4806
0.1384780914400616 0.2143178585760283 4807
1.298260620248579 0.3819942892088725 4808
0.7010315689670584 0.1427961251438227 4809
1.36390504093936 0.5543043609570351 4810
1.007050424658917 0.190097379883442 4811
1.284845209321334 0.3690230844528447 4812
1.411012201761725 0.7108998930129223 4813
1.415756057348709 0.8870407692279025 4814
1.419501309005729 0.8972741362457817 4815
1.317535292621724 0.2562216954813419 4816
0.5536104598381533 0.07728023034422293 4817
0.5390286386592441 0.09240524689416842 4818
0.536279110539218 0.08234228357840001 4819
1.285212776317471 0.642274053689077 4820
0.5129647743666097 0.2304424601662126 4821
0.5849267026140286 0.1233603069193251 4822
1.186844550849736 0.8875146227743524 4823
1.245043733965596 0.4731480822129289 4824
0.9653959357664985 0.7288169161667072 4825
0.3393776082746655 0.3525141064214684 4826
1.248843260102132 0.2747794038965106 4827
1.434499637137624 0.7840419089729378 4828
1.426929012583659 0.7924317772631806 4829
0.7507754091085098 0.8828720829913755 4830
0.7328662624941831 0.8781577608181472 4831
0.7373395846392989 0.8967695916231684 4832
0.2150337535573723 0.8032211622879003 4833
0.2290561758710223 0.789881735682775 4834
0.5552932300259864 0.1173986736144579 4835
0.5445470396833705 0.1130405887387315 4836
0.5138389256651554 0.5355011240288891 4837
1.20748042946042 0.4547186636427284 4838
0.03603973804856227 0.1666286433575624 4839
0.03859817683902397 0.1806858269971257 4840
1.45994283083014 0.7586759138445132 4841
1.469704800651183 0.7613835736796836 4842
1.362900926948088 0.8701216693561098 4843
0.03055209302753012 0.07261315021989387 4844
1.182242178666736 0.5980160394144343 4845
0.6799534448467442 0.2065046695452571 4846
0.401554274140181 0.6080128363650992 4847
0.3888359147465429 0.6200264816975712 4848
0.9762194975876055 0.4087528955060298 4849
0.963973800917572 0.405722073717217 4850
0.9881957163926349 0.4115321529589219 4851
0.5802658236916496 0.3400004696799008 4852
1.476780650338807 0.5744639451434366 4853
0.5183203254171191 0.1870564801018223 4854
0.5071183793250525 0.1847349682337149 4855
0.0975065612907975 0.5033786493910586 4856
0.7097183093619651 0.5932521345139585 4857
1.36283012294372 0.838766584825848 4858
0.5037644815440386 0.489238369084207 4859
0.7189739239811102 0.6976698120946067 4860
0.6284950352699805 0.8498012017130212 4861
0.3933958980610716 0.4701595584527036 4862
1.33527923658279 0.4866598073862053 4863
1.343460911678568 0.4789407946580393 4864
1.327445757486027 0.4945980073860275 4865
0.8856279471710927 0.1601636210857826 4866
1.475530792237481 0.7805166203501086 4867
1.456708874857348 0.7028751541591725 4868
0.9857589075217904 0.4896992428508088 4869
0.4754410008532495 0.553876279639134 4870
0.460921667933387 0.5504923861889746 4871
0.8350038059089133 0.6835056702300297 4872
0.7678304598819754 0.8862507538779899 4873
0.6313118207931182 0.2047142307158108 4874
0.6230489352072242 0.212734000872149 4875
0.6199900691042957 0.2016967120974445 4876
0.6117514852595318 0.2096790741524297 4877
0.4230481152343251 0.6940678906403758 4878
0.4359120698103005 0.6814958124849838 4879
0.5145251185112252 0.1150417841055198 4880
0.5255715118448493 0.1178815330913329 4881
1.280024979426968 0.6643988097475367 4882
0.9255968875288292 0.250862479690824 4883
0.4953237222517129 0.2482200397326096 4884
0.4831837561399424 0.2452659241624412 4885
0.486389684127413 0.2570184251641535 4886
0.4741362897130719 0.2543484617691024 4887
0.7948403809154589 0.7479715363206291 4888
0.5709379511843564 0.1883836164903251 4889
0.581943235107662 0.1914876532529945 4890
0.5866603631676399 0.2031184851599679 4891
0.559863196953825 0.1856271388808064 4892
0.5938523725677373 0.1943183119060795 4893
1.218138735751304 0.5942641335733811 4894
1.227011451695141 0.5839828627956092 4895
1.208924962555193 0.6040473566424666 4896
0.8164434236589592 0.2220016858269443 4897
1.341036786377536 0.5487378107740266 4898
0.8800388303083859 0.6959036313379257 4899
0.482584941646188 0.06941685802366274 4900
0.4931903828522156 0.07066569835190588 4901
0.4907940142321791 0.5582998919729095 4902
1.444756648440474 0.9091547593355931 4903
1.434688934681998 0.9079994284104048 4904
1.36623102193253 0.4858620382168973 4905
1.362718793662935 0.4747125830972745 4906
0.5291324246474491 0.7895716898880925 4907
0.3229765527200089 0.1938858582309975 4908
0.1052642869612438 0.8878730395569416 4909
1.454678923282802 0.9104157671829581 4910
0.6082420642164199 0.6079469302370295 4911
0.6037017833938185 0.5918113572742629 4912
0.8653474034747084 0.4147703701391535 4913
0.6508540128125915 0.1995034304997487 4914
0.9919154753578707 0.3469801842002452 4915
0.1503412476853936 0.3489985798523982 4916
0.1623954351545062 0.33713921044115 4917
0.3631922844553622 0.3472029846776315 4918
0.3746668850594196 0.3359138095504258 4919
0.3711462879699497 0.3210193516578671 4920
0.3855575666694675 0.3245510035313815 4921
0.3891050223994882 0.3396088575484679 4922
0.3996464774718457 0.3286381894246744 4923
1.335296990590161 0.6529414664971305 4924
1.326996163867465 0.6621001435877727 4925
1.14697723017908 0.7315283956660255 4926
0.6689533978666635 0.7452736753592533 4927
0.6494310760983967 0.7384057797399525 4928
1.263642492718324 0.3644929265713759 4929
0.6389447294101001 0.1472073695082223 4930
0.7292719529495153 0.5116114186282607 4931
1.115900270015683 0.8729124423591479 4932
0.7128087056891614 0.1181641423248747 4933
0.125981789528334 0.7001415872388315 4934
0.1440197940368182 0.705901008586735 4935
0.9454641091881496 0.5289102719729384 4936
0.660157196673035 0.5060391015513694 4937
0.04720669962980358 0.5072388665778005 4938
1.287631034386374 0.2487637382189183 4939
0.73265633014047 0.1234180922971999 4940
0.7353271761692346 0.764010945669171 4941
0.3325662538753331 0.06868114387739285 4942
0.3428685984952324 0.0712755383182235 4943
0.9460720978647609 0.62760904625132 4944
0.9584762238620926 0.6152352410177573 4945
1.038001051756065 0.7614811597225853 4946
0.8654012409291664 0.1551824436929824 4947
1.003547257801122 0.349938664496949 4948
1.113709614118363 0.2124248842971151 4949
0.937889267086217 0.6953960747162014 4950
0.7528873057840272 0.1286425710127257 4951
0.9830943097541966 0.2851873802099001 4952
0.9909563502922537 0.2770045137159386 4953
1.474682318317102 0.8068987187953136 4954
0.1719091065462576 0.1241527396291822 4955
1.462825962153474 0.5887428797612513 4956
1.473962915176085 0.5914097984065816 4957
1.423034466178394 0.6484791467774562 4958
1.420210125080268 0.6379808672364231 4959
1.424749024345737 0.6600774264887348 4960
0.8181569445513979 0.8839434779044473 4961
0.7769309376892513 0.5842547229126063 4962
0.3304803723041288 0.09700682074487207 4963
1.458547031867779 0.7396433995038342 4964
0.0742755089219202 0.3467188787005356 4965
0.05785439651716315 0.3412905726836231 4966
0.06978964563378594 0.3289259244314992 4967
0.05278016799829067 0.3237215399241689 4968
0.06551242500041193 0.3110521593843535 4969
0.04868365864346892 0.3060906042988158 4970
0.06118111243791922 0.2935888261392037 4971
0.03482310806468568 0.316998837043683 4972
1.015533872677536 0.2201094846231298 4973
0.7141429230293249 0.7424167370075972 4974
1.140373170803616 0.8949007033102563 4975
1.430373564249868 0.3732571462855956 4976
1.033703726638745 0.3488594583017784 4977
0.2709295949285686 0.8891502296036711 4978
0.6257807741314174 0.1340229915976168 4979
0.01671007334188086 0.904148805000174 4980
0.7662765778108246 0.4024227327551598 4981
0.7655726293428732 0.3886697543939258 4982
1.042248463532796 0.8892600939046306 4983
1.024669016648978 0.8857212718959524 4984
1.373116523936814 0.4396658142527323 4985
1.381777411313407 0.4318079842350791 4986
1.334180051978621 0.342638172523855 4987
0.04645093833518533 0.5725766179124232 4988
1.087159902764879 0.5281303158890567 4989
0.2158670105963015 0.5188353718000399 4990
0.2051454249954185 0.3609287294175825 4991
0.8026561506334404 0.1685735638609254 4992
1.210835644784343 0.5334043140078557 4993
1.198478466493475 0.5301838565195276 4994
1.333608772765759 0.9010248141289068 4995
1.319378538842519 0.8989586685599612 4996
0.7938038773460518 0.1387647289376485 4997
0.7836528649369227 0.1362952430067646 4998
1.074742609644681 0.4448413454273923 4999
0.1351975700019412 0.7385114658228287 5000
1.428295032738641 0.3997545471593495 5001
1.425668014548922 0.3899935608876831 5002
0.5503239919292114 0.4472459566504725 5003
1.405805192140693 0.6255182239576977 5004
0.6075981631664347 0.8953755760595776 5005
0.407794701567271 0.8921050085899298 5006
0.3889714179463067 0.8873699697093802 5007
1.467213079849758 0.410062025455166 5008
1.223527038583468 0.7746899066948938 5009
1.474971453444307 0.3406788279936331 5010
1.472613712999455 0.3311092382515458 5011
0.8136046799410803 0.1435712997392664 5012
0.8245444577887111 0.1449193733189086 5013
1.481905754919073 0.3335722089913583 5014
0.8410606830314671 0.5282938409296072 5015
1.235568268308551 0.2635710689563635 5016
0.3722255618507587 0.4944794497177362 5017
0.4089911061554275 0.4743606790502825 5018
0.2524418911665292 0.7440201388501233 5019
0.7901777730820019 0.3052882671603458 5020
0.8451820239353213 0.1502223843131946 5021
1.158820346477891 0.679346327858954 5022
1.17371546418849 0.6827992468722319 5023
1.178350470717804 0.6970863719002847 5024
1.188548115403623 0.6861534216608149 5025
0.9579695681161542 0.3403196243870783 5026
0.1708756865525634 0.6574101636717491 5027
0.1761854888766836 0.6791190234044688 5028
0.4706636451354633 0.8072283623128693 5029
0.6551800197163303 0.1045320721910966 5030
1.167854694085991 0.244940465325989 5031
1.157579745252255 0.2423081885106512 5032
0.09845612345179552 0.7985387370895728 5033
0.6580872179330923 0.4610835426025339 5034
1.394158208256749 0.4091046062096707 5035
1.273957996671897 0.2997534379984074 5036
1.263519678731651 0.2974766778007208 5037
0.7480977081035649 0.6907953845058252 5038
1.252877706885526 0.3618234889963557 5039
0.3121304844912454 0.8483917401519816 5040
0.9319407887074159 0.2719128841000985 5041
0.9389784397851872 0.2619492852660685 5042
0.6931847564958754 0.1135787694967898 5043
0.8344390197135759 0.4677285270635714 5044
0.06536869114926132 0.8069157645331655 5045
0.04819181981208373 0.8010606135752678 5046
1.321472908792317 0.3963045041640773 5047
0.4531657214876271 0.8707412023454482 5048
0.6382085564892541 0.2710461074062065 5049
0.629394671925546 0.2798189172691855 5050
0.6178979717098524 0.2766705471873627 5051
0.3702556745867223 0.4353835593168348 5052
0.2508612961548773 0.1475786980023264 5053
0.421890980836137 0.4202635824788548 5054
0.7197885460184558 0.8911272462027859 5055
0.5295529229319936 0.8568694190951797 5056
0.1063093209259117 0.6057546932807364 5057
1.408312714559733 0.3138502021567803 5058
1.064259973261521 0.3469091891096667 5059
1.067619691162477 0.3581669390053417 5060
1.257868076978271 0.2412902074262611 5061
0.9659578048986606 0.3320144616101017 5062
0.4437631445142624 0.06851736617616269 5063
0.4363768807658096 0.07562325033207025 5064
0.4336184015032899 0.06584298083696206 5065
0.4262807132221149 0.07287889005146354 5066
0.5513281285827973 0.5174453121389837 5067
0.2008132680559028 0.8867939653252047 5068
0.7836175158434441 0.2136855542531296 5069
0.478750587860638 0.5689578512204772 5070
0.5344944550408453 0.1710900522057767 5071
0.5379512913318883 0.1813209004006912 5072
1.168555711142127 0.5937442501478273 5073
1.388140568161368 0.9077824604550075 5074
0.858370834745116 0.3900432210341017 5075
0.8489837398079207 0.3993954674509828 5076
0.7061395603922422 0.8376027203722991 5077
1.067723176247303 0.4205771867760774 5078
1.059072596355615 0.4295972706946563 5079
1.411772433074755 0.8771421141702873 5080
0.3935609483578427 0.8366409231836051 5081
1.36880608915956 0.4960748176999615 5082
1.394555195783 0.3285694361917385 5083
0.7799392412902747 0.6986192421847037 5084
0.7964676934825659 0.7034740480623306 5085
1.068835127637565 0.5004842702909106 5086
0.771658902462154 0.8381796014031496 5087
0.9971085289702069 0.4027690938359901 5088
0.9994063638465176 0.4144513861235675 5089
1.460284969848781 0.5467317598304168 5090
1.467091954379725 0.5397783489537723 5091
1.469998396429189 0.5492009027099092 5092
1.294418333128198 0.535789398708155 5093
1.477937810494132 0.7902227585396809 5094
0.7044450772448934 0.4633560621788462 5095
0.6545473094875877 0.4472245632654278 5096
0.04514105148509309 0.2885833514447917 5097
0.05711291179519486 0.276531958233742 5098
0.04058796847001828 0.2714171054964692 5099
0.05285178917093354 0.2596769737166144 5100
0.7940849274984298 0.4576273987879834 5101
1.398990673234151 0.4283435235354055 5102
0.3815894419443113 0.2334322548580248 5103
0.270091529950171 0.3473940444031246 5104
0.9381260797440798 0.7993871952965281 5105
0.9252185536858667 0.8120902344078129 5106
0.950349104399961 0.7866690121916046 5107
0.5083926336101552 0.2504762509901335 5108
0.07402491738375919 0.6139376797428558 5109
0.05535075846728543 0.6086999076127433 5110
0.1594478082303097 0.4239376812546853 5111
0.9805714814812619 0.8902175792465875 5112
0.9922149937207774 0.8765506388221211 5113
0.5385583060450233 0.3166711288016755 5114
0.5420526207146366 0.3298111356112753 5115
0.338136192619815 0.2984724428407144 5116
1.310476732076741 0.4140306141484608 5117
1.37549418161686 0.8408032159936585 5118
0.2065219033556986 0.1345281212116525 5119
0.03404294883311369 0.1526483322963874 5120
1.314959314806202 0.5928506395021377 5121
0.763232599004783 0.2922252952604794 5122
0.7547683585598224 0.3008716025716854 5123
0.7430059080306842 0.297836933967165 5124
1.178675902747315 0.2204815587690048 5125
0.674455581814868 0.70072557707117 5126
0.3781018256480104 0.1185229732951549 5127
1.450514472518074 0.6106113175621236 5128
0.7933821037790489 0.860570526180398 5129
0.8801736519804138 0.2689004516456498 5130
0.8883670827450958 0.6084092129097849 5131
0.6650510408991301 0.1070404685224565 5132
0.6678273938642711 0.1165125748731291 5133
0.6743327804833334 0.109205622719781 5134
1.283737935517041 0.6769309514843869 5135
1.141356206222012 0.5848299909055572 5136
1.126988749296382 0.5817920160542689 5137
1.37398571824122 0.3514514911573543 5138
0.1353982231481619 0.2002272970995099 5139
0.6610705245372031 0.476387683215273 5140
1.422074498518594 0.2992698436385256 5141
1.428905957457239 0.2919922032095195 5142
0.9448560915992322 0.2025023298146972 5143
1.090199088744961 0.73263606506565 5144
1.079279183911401 0.7445994637850599 5145
0.2103488401214568 0.784380995243719 5146
1.405957893116287 0.7286968864195944 5147
0.3019155104452836 0.1989273123814097 5148
0.2920230549254306 0.2084408167507301 5149
0.2943864650097768 0.2216581998953812 5150
0.895599647348154 0.8862932714260777 5151
0.457871016316515 0.8892230420393802 5152
0.782504394419822 0.5043793691688662 5153
0.7688347768649548 0.5016166637944193 5154
0.7461615007313437 0.3086112664948689 5155
1.124069806706931 0.8427431116453805 5156
1.038698574412231 0.7067131868784298 5157
1.027135027392428 0.7171068319242291 5158
0.117902519370752 0.06939749723845694 5159
1.029515876253083 0.9034078466166577 5160
0.08416274269500178 0.5165961177357357 5161
1.270693104692879 0.6748141091176035 5162
1.416581649559635 0.2806556881350064 5163
0.9670734971104591 0.4175348516753087 5164
0.9550420457271802 0.4148022009305187 5165
0.9517879032110534 0.4026342580904344 5166
0.9429656741461678 0.4115444263510267 5167
0.2726593092636306 0.3622171025576615 5168
0.9717978229414374 0.4869977926861549 5169
0.9608518853024198 0.4961525901385767 5170
0.6207642827524578 0.2888959979704426 5171
1.478797594597415 0.3240394178804316 5172
0.1624222631541992 0.1321688752481886 5173
1.238173176355895 0.2359757713747295 5174
1.476420895306363 0.6081218808621439 5175
1.47844526418408 0.6169787209772606 5176
1.449579318078696 0.9178250992970052 5177
1.193176737561934 0.7003281314651133 5178
1.145745974908646 0.2295641284979991 5179
1.142111279362604 0.2195737455370491 5180
0.4725529361042842 0.06676644831174609 5181
1.096143270522169 0.6099453482386616 5182
1.479781336655855 0.8801032782547604 5183
1.476287645931508 0.8707335460650034 5184
1.46685034476719 0.8688554360036661 5185
1.473244065457477 0.8612125829675839 5186
1.366930701764631 0.3589074676344909 5187
1.297259808981751 0.250985294954031 5188
1.377386829738838 0.270922946786897 5189
1.387177292813146 0.273528268365535 5190
1.04194820473544 0.5038389529461178 5191
1.028124623502495 0.5000002752681981 5192
1.370203488084949 0.7194891026555568 5193
1.379132137945959 0.7111665374275765 5194
0.6490077326649315 0.8725051989289045 5195
0.8778232185084829 0.4747858988567515 5196
0.8680159033163873 0.4850339453513283 5197
1.47764476597101 0.7439460308817198 5198
1.484454761984445 0.7369818627042463 5199
0.1432713580052081 0.2289103895321178 5200
0.8665165047946318 0.6135228946752209 5201
1.267432129669438 0.2434737615297191 5202
1.048939801047104 0.3635892248867996 5203
0.9691458344725398 0.9029893045319073 5204
1.019946152096773 0.8669874030177374 5205
0.5672120047822143 0.1777897700732358 5206
0.6962556536156586 0.2009489098961393 5207
1.446986170269162 0.7740953001616423 5208
1.443337871487521 0.7641811814035706 5209
1.290948031989598 0.5245919796846965 5210
1.046829577050346 0.7358463260782649 5211
0.1522367082005409 0.2589182121283563 5212
0.04659159425434015 0.7311582089226842 5213
0.05105186937003993 0.7495230324248372 5214
0.04106344277180596 0.7116129912031177 5215
0.2340622919273201 0.1651906067776668 5216
0.2260939227016133 0.1744533321892449 5217
0.9886137482805426 0.7048883015038543 5218
1.004530719076041 0.7087228458080606 5219
1.21836273662994 0.2310441746781266 5220
0.4516070916417381 0.4263745399463784 5221
0.3402653681504538 0.8906293983626263 5222
0.3217630440293459 0.8849300191073706 5223
0.3583323943101213 0.8963871165973725 5224
0.6861968473060124 0.6881806532537185 5225
0.9805229932584753 0.3445811223091655 5226
0.9115587556494735 0.7036115045399126 5227
0.9002880515547973 0.715783578006766 5228
0.6616458767359384 0.2018438842577255 5229
0.6597278290578626 0.1915621644735425 5230
0.9229539263117688 0.2797792796662816 5231
0.4882417761701956 0.8113702666103888 5232
0.7130052324796902 0.4548532689395817 5233
0.8018737963414539 0.3085545872200421 5234
1.476436524717342 0.4127136401555803 5235
1.476776121296246 0.8966778755076454 5236
1.470719714998354 0.9046250807136296 5237
0.1763619528758014 0.8393822757134496 5238
1.481783007752306 0.9052798230069485 5239
1.474201083825924 0.9140813139390506 5240
0.6643666200166427 0.2125570788646146 5241
0.6449743879529932 0.10196781893396 5242
0.1259009606827342 0.2102833078323194 5243
1.116226363173619 0.7246723536453331 5244
1.476372943671329 0.5425443119068916 5245
1.479680080488875 0.5517171709208603 5246
0.2953297766004255 0.4633990464043006 5247
0.937115433586609 0.346397045385149 5248
0.9145110676011814 0.1949676863038158 5249
1.419334715628028 0.80662741271608 5250
1.226901156787617 0.5480621861308361 5251
0.02973581056834648 0.1261864552819738 5252
0.2590460565496785 0.3603282510328397 5253
0.4063486872681886 0.2481267113504996 5254
0.2599177229991304 0.139144329736862 5255
1.346338541824362 0.3831354957251197 5256
0.3901413375032475 0.2220531358589426 5257
1.477287405198918 0.8160723939371779 5258
0.6547038112502039 0.8911305915072929 5259
0.6736598506996319 0.8970213182126653 5260
1.230567851920906 0.5603771296552434 5261
0.3918794443318213 0.2449501644291661 5262
0.6789649826553703 0.1284090035663108 5263
0.6808461642140491 0.1375798658981035 5264
0.4411573549508263 0.4373367031142283 5265
1.094576511952574 0.5069524850110325 5266
1.103837462617877 0.4973539851917879 5267
0.9999208175603385 0.3395529035924129 5268
0.4776538396748463 0.2663503448712744 5269
0.4650363542800822 0.2632988799968633 5270
0.4616184171377927 0.2510371357011554 5271
0.4523716987675292 0.2602230756300413 5272
0.4494106047332261 0.2477103694775836 5273
0.4402046830080869 0.2551370897625814 5274
0.159657488601781 0.3181901800974813 5275
1.305416136989932 0.5713583070011682 5276
1.340155406195716 0.6212859274783272 5277
0.7725892894977795 0.5154145979082984 5278
1.41606714702342 0.7908186094210459 5279
0.4620731783610432 0.4153706870126869 5280
0.07086202491204201 0.1663896490855271 5281
0.08107285836206743 0.1563448507582986 5282
1.332176212245226 0.3986221269810479 5283
0.8271616232567054 0.5250038221928589 5284
1.48520322185971 0.782896246465523 5285
0.1371101177791992 0.2982752252862104 5286
1.48487218582704 0.6737680111446036 5287
1.453068606960642 0.5533518010457895 5288
1.443526569335255 0.552099444713827 5289
1.198240403674395 0.2253633342560711 5290
0.5388733801770971 0.8934548169883412 5291
0.5215010270603254 0.8891363185708421 5292
0.5569250375586836 0.8991713054278879 5293
0.3637279638053976 0.1358049430303506 5294
0.3523813871954541 0.1328113346952816 5295
0.2754104455735175 0.4421679532655991 5296
0.5315423207686598 0.1990562242219368 5297
1.303174683019585 0.3939807535637123 5298
1.479012550223285 0.6543973302489351 5299
1.346289709267473 0.8254698812371001 5300
0.7343195754353028 0.3065311126220625 5301
0.894286620725994 0.1899466268536414 5302
0.9563053368515249 0.4262118652282021 5303
1.293624355065611 0.568018633560311 5304
0.05376443865557404 0.1847162017995704 5305
0.04180516784496284 0.1951297563916874 5306
0.4195515273968106 0.2503076099706028 5307
0.3267724505590027 0.4968915856960336 5308
0.3323147823186969 0.5147032643770334 5309
0.3491053639870008 0.5194657429789111 5310
0.337036295669555 0.5314856190716587 5311
0.3800311273356154 0.130260266876709 5312
0.7314246341726519 0.5706507809518151 5313
1.079971581634631 0.2453935761944293 5314
1.072673377379969 0.2531815593277394 5315
1.083082428746956 0.2556386957692236 5316
1.075981112746689 0.2634135515996475 5317
0.7420102135143518 0.2126944519906371 5318
0.9086779770307341 0.5888203483189981 5319
0.5152724527897534 0.4783807109736968 5320
0.6823144520378174 0.2875196038432864 5321
0.6858060055410926 0.2988334322518239 5322
0.6945052590521535 0.2902172115073646 5323
1.202253626998565 0.6882221067996325 5324
0.02851568507538557 0.5028965207265196 5325
0.87723204658358 0.8638870472392988 5326
0.9659440865452704 0.2597858126691776 5327
0.1746509102470828 0.08225411785201414 5328
0.1723483270996369 0.07132995706994096 5329
0.5253173752120882 0.207192269784592 5330
0.5259572238535108 0.2172492224335567 5331
0.3222962174459859 0.06628382316646669 5332
1.463080174116345 0.4934457441289296 5333
1.470480246663737 0.4869101087778348 5334
0.206167922766787 0.6677511444221385 5335
0.2205400333242399 0.6531075354444611 5336
0.4256542635156853 0.8975629801023285 5337
1.411418333931285 0.3237424930630353 5338
0.7058812896258845 0.5772090047422462 5339
0.608248548798954 0.198428029428395 5340
1.36185775003269 0.728476557860035 5341
1.365605162109766 0.7400571908911332 5342
0.9455391044837271 0.4916941961833891 5343
1.254987440883369 0.8753447409633233 5344
1.258810309939134 0.8906830719910893 5345
1.250012149229165 0.8592053266803075 5346
1.260585863211996 0.848344442354227 5347
1.245348925899572 0.8441863955092213 5348
0.3203612669457915 0.5245226737466321 5349
0.3223451215869478 0.5395514564487335 5350
1.485069397120007 0.6480438873009655 5351
0.2254430525245123 0.7693550944311713 5352
1.347450230532741 0.9036039585510904 5353
0.4664083817492622 0.522534204081031 5354
0.5990867850913335 0.2062463001688121 5355
0.7198155913415307 0.2071522527846613 5356
1.337279169917817 0.2611170345343361 5357
1.347397221535132 0.2631322562381254 5358
1.065690870558628 0.6221425094206902 5359
1.078254245387054 0.6266758905905293 5360
1.478881036863466 0.7177192923294303 5361
1.475999651389878 0.7080346865956415 5362
1.48564779577364 0.7098701254232449 5363
0.8740662089486939 0.1849269718767806 5364
0.4033469836886235 0.3431857535300045 5365
0.4137638772640531 0.3324307989631983 5366
0.4174463375948521 0.3469237844197302 5367
0.4278207911090022 0.336181569605592 5368
0.4318313010213689 0.3493755655309594 5369
0.4418764316735072 0.3397016615063118 5370
0.4459216203830638 0.3526591053006152 5371
0.4558723312985816 0.3432834682353583 5372
0.4596721170715633 0.3570495129185473 5373
0.4241205834687066 0.3219069737785681 5374
0.4538510481609288 0.3299566606823441 5375
0.8608347934816084 0.7036344010332982 5376
0.1698665295766766 0.8707368816564829 5377
0.1780037037342121 0.889859364477335 5378
1.157129228139831 0.8987330705168852 5379
0.5932626211420123 0.3554648453037852 5380
0.6044426154979499 0.3583938674205411 5381
0.6078800850126107 0.3715433616733994 5382
0.6174882191375126 0.3620391660991163 5383
1.335924962835058 0.6106161461363665 5384
1.345203312403911 0.6010634906414047 5385
1.334902639450665 0.5979847571286511 5386
0.6496122810187047 0.7100570257373076 5387
0.6387867447999394 0.7229176640370786 5388
0.02112890933844985 0.08020308396802175 5389
0.05571136428269307 0.6982789476199844 5390
0.176601109657103 0.09389052424698319 5391
0.1790286911111408 0.1052527769460288 5392
0.5700563846813977 0.34965879005935 5393
0.5584006123963116 0.3461519418070325 5394
0.9647288548444448 0.2075256809151495 5395
0.9521990990811839 0.5939205177133278 5396
0.9640874977099007 0.5984937626327073 5397
0.4224338751066779 0.06138111814422553 5398
0.4151971339006337 0.07001841346924852 5399
1.478165286754112 0.38628116520356 5400
1.481248224433192 0.3957825481487176 5401
1.482973112449438 0.6997516856782988 5402
1.279719095385832 0.4496877324162639 5403
1.287513800281506 0.4409422685098962 5404
1.27246116131466 0.4585880637057534 5405
1.060336076175678 0.8938188272683936 5406
0.6762178813101644 0.4776839836446874 5407
0.03619700333864872 0.254809961682304 5408
0.04771337405277207 0.2433994376354826 5409
0.06496154022914846 0.2470528937603605 5410
0.03164850093759905 0.2374866039188631 5411
0.04654912366833759 0.2255816730812176 5412
1.087544077672169 0.2665261565084875 5413
1.079290781887278 0.2739104662726743 5414
1.089716216479059 0.2769519774761293 5415
1.082133801960063 0.284037674042942 5416
1.071546117632193 0.2796988852519154 5417
1.092867047982169 0.2868111134288133 5418
1.08640267259448 0.2943607078829179 5419
1.096944019929463 0.2970372953519121 5420
1.103554521810912 0.2893372369134077 5421
1.107085057982884 0.2996233178881051 5422
1.114600555185646 0.2916752731185974 5423
1.117691166051647 0.3020365775615492 5424
1.111854206372022 0.3093642473032956 5425
1.125377987277231 0.2940800179652084 5426
1.128338428265151 0.3048417428139941 5427
1.136018772554516 0.2966615476203337 5428
1.139193843257999 0.307094509837767 5429
0.7920232347116515 0.588514501657188 5430
0.7962002740529687 0.6024954472626065 5431
0.8071586740745136 0.5921637530843601 5432
0.8117197851943034 0.6065531966645061 5433
0.8219689383534223 0.5954012261869674 5434
0.4914767878035013 0.05183664361661747 5435
0.721908878627581 0.9082440137356521 5436
0.8538495349869062 0.1799090495444286 5437
1.422889009351304 0.8175556593632622 5438
1.256769088418638 0.4763254344986614 5439
0.2380327714323623 0.1785210122660785 5440
0.6825070969903599 0.2284882873327642 5441
1.022299150767136 0.5229611353739902 5442
1.146697229451449 0.2991563264680641 5443
1.149960149895508 0.30958527876681 5444
1.157348618692177 0.3016070068077885 5445
1.160705017227536 0.3120745083805497 5446
0.8065853790175915 0.3775832123196785 5447
0.8428762737715724 0.6138675517046785 5448
0.8582384742390949 0.263321464999659 5449
0.902013329437469 0.9045843569884201 5450
1.274581668276959 0.6870836303799316 5451
0.5638365426514758 0.07952117433065144 5452
0.3944439132090794 0.3139718945476365 5453
1.182361536083286 0.711143457820434 5454
0.2535524424293921 0.4816646906540908 5455
0.3837794622429803 0.6042042186739792 5456
0.06611895946835479 0.09467746138861086 5457
1.186582818493426 0.4605329861529343 5458
1.294012976653203 0.240894568024926 5459
1.436570341671702 0.7959609611178955 5460
1.481806672087632 0.359104788947598 5461
0.6800812978059307 0.2743316485859404 5462
0.6564108930691486 0.491216708124535 5463
0.03119501522492561 0.743549802219583 5464
1.412140428507996 0.6807866046198456 5465
1.358311152388012 0.8582736121115231 5466
0.9851334317301215 0.2125594768601489 5467
0.615729921599328 0.3497606303194576 5468
0.9479550545137929 0.7252766618968558 5469
1.412634509819832 0.6468339738725228 5470
1.196711579582415 0.6741730729809872 5471
0.5449004455069417 0.2948099933591092 5472
0.5542574631018773 0.2853873635291444 5473
0.5669012152405042 0.28914632645895 5474
0.5634456436457773 0.2762329474504776 5475
0.5760057303431906 0.2799540218906028 5476
0.4972780346228479 0.05934344040491266 5477
0.5067243313403651 0.06179918881680518 5478
1.160873091813088 0.2527174763155488 5479
1.15154001907429 0.2500390345225775 5480
0.02052608137595634 0.2675652693211059 5481
0.3973572327202886 0.4862798849131614 5482
1.387492796789216 0.4166783598520584 5483
1.222224435099447 0.6073294146989945 5484
1.213370402444763 0.6168730034055987 5485
0.9750462213221396 0.2543896227009293 5486
0.9551860375476597 0.2552505253908346 5487
1.331989784160202 0.4757844390995979 5488
1.339531114924725 0.4678182155693325 5489
1.351295420685285 0.471177180729732 5490
1.348953807461961 0.4587698648454875 5491
0.2809025602319027 0.2172674576991539 5492
0.2844820343879213 0.2312219925137549 5493
0.8492822521106774 0.2302650279003994 5494
1.167996450052915 0.3041024261031367 5495
1.171426817144748 0.3146062028121647 5496
1.178695647682161 0.3067069074985095 5497
1.182151126510839 0.3171209781467826 5498
1.16386929425854 0.3231090101994007 5499
1.480152137191751 0.4896496429526545 5500
1.477539647402685 0.4798178838109546 5501
1.486815324599891 0.4819151782286357 5502
1.154765074632937 0.5886327174922192 5503
0.6339427512012495 0.2916693975082499 5504
0.4702350417027682 0.3473849414041126 5505
0.4735417520561832 0.3608478661720091 5506
0.4615509816524597 0.3732674306414722 5507
0.4776669826050526 0.3754990663148923 5508
0.04159789290239137 0.6219687490622963 5509
0.0373786735842263 0.6041226469234673 5510
1.142240458781994 0.3180560939728849 5511
0.2691055892704182 0.2104271698206264 5512
0.6241945280426018 0.8995959441191526 5513
0.8181210956315206 0.580195611625471 5514
0.2898748274612901 0.8930336934434673 5515
1.452770076394944 0.4897565825058988 5516
1.445286956667549 0.4966867445084964 5517
1.435407649772367 0.4934990425485369 5518
0.1089381592143261 0.9060753154861718 5519
0.1560538338911002 0.06039808848660982 5520
0.1811451764236878 0.06287416879847785 5521
0.608549189293886 0.2856699127361427 5522
0.7444206231883679 0.4762762290163278 5523
0.7394017478688334 0.4633053372194696 5524
0.7484114506049954 0.4909710443578668 5525
0.8708889965592028 0.2360426131723591 5526
0.6163546451097339 0.1895660093066809 5527
0.8362965581464425 0.2577420236486553 5528
0.7065853032858632 0.2345446392257508 5529
1.205510384683321 0.521005436787312 5530
0.1246657599511597 0.06044877218686852 5531
1.400293676006495 0.9099728431493824 5532
0.5287621379835228 0.08969268198321519 5533
0.5262520250859666 0.07964074351345719 5534
0.5337854730197221 0.07202924724831657 5535
1.475502446065939 0.4404528158207124 5536
0.8323746727621093 0.5865800228613121 5537
1.4004911577476 0.6774601825267448 5538
1.420038432249246 0.6717113766022563 5539
1.327024841142878 0.4063999250390152 5540
0.5312061741889115 0.09983672177262967 5541
0.8772032681806525 0.7530799631315723 5542
1.267986075558583 0.375961998169984 5543
0.931269959804371 0.8946999468562923 5544
1.250424493243967 0.2847829688761307 5545
0.167956877969146 0.2231945757763977 5546
0.412433330797626 0.9114548450193304 5547
1.263524445375412 0.235347347872957 5548
1.017409805358011 0.5094936342746517 5549
1.012617394323423 0.4959881267185097 5550
0.6200342331836526 0.5964942383224928 5551
0.6153699631824752 0.5804079766068189 5552
0.600207360500207 0.5766447006803979 5553
0.6114097497644422 0.5639705610192235 5554
0.5947498475893364 0.5620650744108162 5555
0.6313212499420421 0.5846918041930257 5556
0.6494649435153957 0.586503147793215 5557
0.6416161292963962 0.5734762383377086 5558
1.339705019507859 0.6646117918996306 5559
1.256558548682658 0.3729514928789356 5560
1.249019829339856 0.3811832936525337 5561
1.484221804053376 0.4712297546156284 5562
1.463525036182308 0.859254484179603 5563
0.4310270991259318 0.0554098456855763 5564
0.9981097639034857 0.8951117443740145 5565
0.6449797395726617 0.4587155763066009 5566
1.344094388171196 0.6437509611282439 5567
1.455913789784755 0.4344740579897231 5568
0.6642829616839018 0.5764414797113113 5569
0.6788618472343551 0.5824183982845195 5570
1.101089068340535 0.2778908962795243 5571
0.4177934933229862 0.08025208160668225 5572
0.9506594542651718 0.5052284518810239 5573
1.189280898493916 0.3091473272051113 5574
1.192492056278896 0.3197031870290873 5575
1.199771335894122 0.3111321610374233 5576
1.202168702953597 0.3209904496180938 5577
1.248638536363974 0.4858268749120412 5578
0.8254199667190556 0.6961849270144495 5579
1.184071655964521 0.3270814289772933 5580
0.6250114151083996 0.6128629122133398 5581
0.05585796519107215 0.1997092484998761 5582
0.8780575484865666 0.4181516941918633 5583
0.03517131101750574 0.836142461730733 5584
0.04356388444424773 0.8549769584811364 5585
1.489617398970033 0.324976977113563 5586
0.1143000409296502 0.3756241768995403 5587
0.1317411840708464 0.3801678152828005 5588
0.1364293962435867 0.3981511516916518 5589
0.7917135693240651 0.128391330484591 5590
0.3392642274616143 0.2097678601267117 5591
0.3555839744998137 0.225045072028601 5592
1.48482164455962 0.4426571772449908 5593
1.487518315748216 0.4524411791601023 5594
1.435099059992847 0.6222519337152075 5595
1.357007541106603 0.8932950498875575 5596
1.361460426898964 0.9052177694630387 5597
1.039257199176623 0.4912530476788204 5598
1.025986727761306 0.4871827007818295 5599
1.16813411165511 0.6683099329661577 5600
0.92114130782966 0.5801138078119443 5601
0.05785456931573837 0.06149263107406065 5602
0.04770112646161935 0.0593124459009139 5603
1.463750124198553 0.6951221452302676 5604
0.6025021576349179 0.2178089975619141 5605
0.3712976254158395 0.2401361451872872 5606
0.0870983461911808 0.06076693691534178 5607
0.07683207101693597 0.05797478457330844 5608
0.2408168559111456 0.4937037568758683 5609
0.02718172763083974 0.1896166591301828 5610
0.02834245570333579 0.2044779613444556 5611
1.087734858398459 0.4482692140019288 5612
1.348712029961217 0.8674948592604969 5613
0.8143449290364352 0.2521624738845878 5614
1.143376646361069 0.6759324604043765 5615
1.483695672737283 0.8083159107815625 5616
0.8283891544598865 0.6110301359440242 5617
0.0933360206003819 0.3521814551192022 5618
0.440375398846748 0.6988750813045447 5619
0.4529510043063111 0.6861161618177235 5620
0.4486847380790392 0.6690157274791059 5621
0.4661514676994289 0.6742318384828303 5622
0.4698583062814885 0.6916460330318353 5623
0.4893151311594806 0.7001280302856102 5624
0.473850889684402 0.71045432082729 5625
0.4618930337808711 0.6571299132734191 5626
0.4282456172430246 0.7123116746870167 5627
1.375565362081672 0.9058508436356763 5628
0.1648631415887583 0.144194174730411 5629
0.1530696615691524 0.1405789473822282 5630
0.7287982102999077 0.2404261380337067 5631
0.7013701875182659 0.7545799581835856 5632
1.192235316001568 0.904116892247331 5633
1.210812794297347 0.9058794872233072 5634
0.6216459083572332 0.3753808972983939 5635
0.6317286791228449 0.3655640592872337 5636
1.353754847754842 0.2828302845591135 5637
1.483937551513346 0.8637154800476609 5638
1.47973786329369 0.8535065057069393 5639
0.06844386556247609 0.06470624455953383 5640
1.092421550568765 0.5978591732537603 5641
1.102450291472275 0.5874179121225767 5642
1.462783290306201 0.3286923718886323 5643
0.5471443385540602 0.3805289236284204 5644
0.1459456789540578 0.05756778187383761 5645
0.4875813712138597 0.7169868990606649 5646
1.206828741148477 0.3022588351208848 5647
0.1412073851358793 0.6861006272838195 5648
0.1586162214984621 0.6922614030405467 5649
0.8353574655063767 0.148003520464111 5650
0.8024555709892268 0.7201313396790533 5651
0.5903798208896665 0.214927049737768 5652
0.5782275378796476 0.2118338974978012 5653
0.6943998505483845 0.587758906530449 5654
0.1480713581325901 0.2438012630110274 5655
0.1632264343586091 0.08081488124937508 5656
1.479829414660684 0.6902024524348025 5657
0.7141664981706982 0.5075159729413872 5658
0.4154538386367016 0.7255054191018524 5659
0.6293365337976413 0.497532376300822 5660
0.2285694140077509 0.1866335898124761 5661
0.8709552566541686 0.8969000980643147 5662
0.8576668142996553 0.9145248757066741 5663
0.8389247355708472 0.9061885189680374 5664
0.4234237545326899 0.3629440913007683 5665
0.271669516030683 0.2401134162162934 5666
0.06750956114048447 0.209086535731811 5667
0.9577043569446797 0.2669428942383688 5668
0.1366449136176446 0.06415352671989422 5669
0.8712815534163837 0.736060764039663 5670
0.8644816500877828 0.7655582603015214 5671
0.883901279828845 0.7229092579948212 5672
1.026501116031104 0.5365193383325572 5673
0.5239539255496171 0.06951677330418454 5674
0.5163309234841865 0.07694525656354563 5675
0.06181539128237659 0.2225792179360149 5676
1.234039997788449 0.7633545857439712 5677
1.249006247428191 0.7667793619649161 5678
1.244457000978384 0.7525308834215101 5679
1.259177550899543 0.7556395029602305 5680
1.25396585231866 0.7412846174000025 5681
1.268612862015751 0.7439529532988337 5682
1.273473672655752 0.7585586997353935 5683
1.283413244479695 0.7448459879847054 5684
1.287139222102093 0.7606339050747499 5685
1.29804641463375 0.7495922622158503 5686
1.293147827583046 0.7376996217402075 5687
1.27794176982951 0.7730364287206304 5688
1.292210514905624 0.7753477049265746 5689
0.2484993659911807 0.4643633182554454 5690
0.2438424566767746 0.4471314285610933 5691
0.7824240572649821 0.7604619139818025 5692
0.1087345261720663 0.6938718374124331 5693
0.03605307502268515 0.5352137016679379 5694
0.02009826672508215 0.548192106114435 5695
1.145543257013472 0.9130828006194892 5696
1.392804141202611 0.6862561152283194 5697
1.28285861139415 0.5329352408370304 5698
1.012371837185796 0.5333054834195512 5699
0.9981757094070323 0.5299081784213541 5700
0.5719748551740442 0.2666688228835361 5701
0.5842606181725493 0.2700793053638383 5702
0.5881081109369859 0.283392251256661 5703
0.5973819441492727 0.274305095207158 5704
0.03956529533406904 0.06611657175865526 5705
0.02902039621219615 0.0611790152627117 5706
1.120219919771502 0.2047438430515738 5707
1.129563496604578 0.207080873661636 5708
1.447132029758344 0.8643118544751901 5709
1.434813891541917 0.755924565303085 5710
0.6982067319577778 0.3021291643365767 5711
0.7067268227815108 0.2938333595323644 5712
1.439432032968982 0.6019905931537874 5713
0.7324954306672412 0.6865204211285629 5714
0.036061098327868 0.4701908215454998 5715
0.05116654191621018 0.4567463099507141 5716
0.03281934709979425 0.4512413928537129 5717
0.04669514708997674 0.4379641405678611 5718
0.03062091487622 0.4308763804788455 5719
0.0452743701494622 0.4219746877921997 5720
0.8852717790207347 0.4656175097463501 5721
0.9008516605416655 0.4679265253446726 5722
1.07200762005442 0.5134839341788333 5723
0.6701279282627101 0.1940424655125189 5724
0.8207283965242401 0.4642351070157044 5725
1.414946324224196 0.8268133497535249 5726
1.418542969770857 0.838308201014249 5727
0.9168899342400887 0.5217580399930465 5728
1.404337846309474 0.4485646153118758 5729
1.407049997150216 0.4586150244984021 5730
0.8006510889597924 0.6175177653014123 5731
1.258909350495351 0.3150010434840791 5732
0.7136220479094872 0.608496071164598 5733
0.5432944271380338 0.3665602537753728 5734
0.162532502158917 0.7109481036131232 5735
0.1763785321649493 0.697881337322708 5736
0.01581921059868271 0.230743172523207 5737
0.9612046296187133 0.6310638155119734 5738
0.97339158270493 0.6206988376038949 5739
1.035953539056973 0.2251224163132019 5740
1.131706515863914 0.2444724595582255 5741
0.7923790505947435 0.24658229782238 5742
1.445347442171232 0.7284893656632657 5743
1.429668252950312 0.8413229676064424 5744
1.307331144145091 0.2521885983651787 5745
0.2853626141081015 0.3667298768369923 5746
0.644750791436651 0.5018721542979597 5747
1.271385603865307 0.2897306930334136 5748
0.5899330644907307 0.4441359101011212 5749
1.182429674122918 0.8247583236317541 5750
1.192807481990396 0.8111737634299897 5751
1.176410716075306 0.8081392059112396 5752
0.07963074240921371 0.09889240052907801 5753
1.356916213193821 0.3565293143881597 5754
1.350727583768999 0.2729981374135808 5755
1.357287685563151 0.265911522167167 5756
1.355022818770977 0.2560266464118914 5757
1.367426891900801 0.2686486843312129 5758
1.374586109248621 0.2614892206759358 5759
0.01689141273392963 0.3068453090593882 5760
0.009949940349044471 0.1132927871823597 5761
1.28694745156053 0.9206335483841388 5762
0.08183133952416585 0.3152834825621738 5763
0.5287314201553616 0.362211838784287 5764
0.5375151286244468 0.3522816487281669 5765
1.220070688843527 0.8486050107537764 5766
0.1151309924245809 0.1097170420824672 5767
0.1137966562021232 0.09809255038992155 5768
0.1039632737253777 0.1060533975439302 5769
1.300505762395717 0.2604049386144253 5770
1.384943018932782 0.6950726057229426 5771
1.372988790796114 0.6920444942627666 5772
0.4644603641484448 0.073719348983806 5773
0.4618182242703164 0.06215139638777994 5774
0.1914472958300464 0.06738423244609595 5775
0.1987913073149074 0.06050315544114489 5776
0.2084256309082094 0.06147407850682172 5777
0.3504974181214838 0.2494364911070028 5778
0.1359599181060364 0.1509505108120887 5779
0.1492962641351516 0.1541071373395792 5780
0.1323390372261182 0.1380987635143824 5781
1.489434836455138 0.8551294298425859 5782
1.342849364319357 0.4478516270283706 5783
1.354523088481503 0.4479420872940659 5784
1.360738254948243 0.4397035479582305 5785
0.2678722550934136 0.08974318225709282 5786
0.2760233404024127 0.08207052948039931 5787
0.2872371496708204 0.08515574514844051 5788
0.2840269557954823 0.07443213634094394 5789
0.2735870934998751 0.07143462374616956 5790
0.2810301665207807 0.06212843882665964 5791
0.2916183789379441 0.06694621891726066 5792
0.2894606257331235 0.05648499581425484 5793
0.2651528638458505 0.07888607405318693 5794
0.2546908131055697 0.07553833727048198 5795
0.2630233093567428 0.06829836187687036 5796
0.2523156082188223 0.06561889229244232 5797
0.2444733289641918 0.07184976093725763 5798
0.2594364945452323 0.05950367162341531 5799
0.2462834576561044 0.08318905313401186 5800
0.2357159068135508 0.0797677225168823 5801
0.2335601804088091 0.06892719561658728 5802
0.2249579066345266 0.07627648191890703 5803
0.2243081535816001 0.06484717053659911 5804
0.2317466600644617 0.05935772860414033 5805
0.2270564349373106 0.08773134950786571 5806
0.2137436727884969 0.07121260515671658 5807
0.2182886554656318 0.09546842250337595 5808
0.3924601816463709 0.3549777941311195 5809
0.9940668896336671 0.2878592314556959 5810
1.001902473986464 0.2797030403374956 5811
0.9988051035060446 0.2688934139475208 5812
1.010604655073917 0.2708403274539349 5813
1.01296504645075 0.2822548073366598 5814
1.021438045033263 0.2750107884758879 5815
1.023870653646862 0.2851316860707052 5816
1.032186089027353 0.2779590382087163 5817
1.034729844780931 0.2878796699348515 5818
1.04272256301691 0.2802645307782689 5819
1.04554672693488 0.2904841946434274 5820
1.037893417001313 0.2986131103229569 5821
1.052959073174679 0.2825234038426246 5822
1.057047411426427 0.2935724427045122 5823
1.050241381539557 0.2731977500572567 5824
1.060932663626878 0.2763217498286686 5825
1.015936849624635 0.2931823258152484 5826
1.482935847844973 0.4995358880789383 5827
1.484993085913126 0.5087687870742839 5828
0.1892154713827458 0.2422468948659013 5829
0.2039671833341939 0.2466111941370065 5830
0.1858076812249218 0.2272273614811253 5831
0.2079938454902269 0.2612400866547977 5832
0.2193500347466522 0.2510640843673878 5833
0.2167941032979062 0.2373470627470398 5834
0.2570934121151792 0.4364672688726782 5835
0.2399070187727757 0.429638257797781 5836
0.2267460074270825 0.4417813870010623 5837
0.07373774577294975 0.2812272022815853 5838
0.06943334750778485 0.2644201562869175 5839
0.08244129413242804 0.2530830157225407 5840
1.408370126821717 0.8955260737407768 5841
1.412750121308852 0.9068342933109943 5842
0.06141287786354788 0.4258880201007672 5843
1.278128501996961 0.3777351748410213 5844
0.8307263429475663 0.1649302619493158 5845
0.8338457037039168 0.1756015035777143 5846
1.467439539428585 0.4757685149609026 5847
0.06747506057925078 0.1793776933271014 5848
1.336248317603596 0.2874207873226718 5849
1.347260848595581 0.7568616790721026 5850
1.252871926481975 0.9192103454552234 5851
1.244835234483243 0.9031330752985929 5852
0.8721149001347649 0.8466320731590855 5853
1.324370314129201 0.836879997525169 5854
1.409017466159503 0.739542120933554 5855
0.1929985511431199 0.1796557196002272 5856
0.202370354019048 0.1693358374913501 5857
0.1893155436477477 0.1659291315759463 5858
0.805733800138875 0.3200399937519463 5859
0.8145022800847138 0.3117665716321033 5860
1.412233412696399 0.9245556745404913 5861
1.284431369591124 0.3023780142563806 5862
0.0966327327448408 0.3710255262776874 5863
0.1795325340369685 0.1756314152170917 5864
0.185999106025027 0.1535029084118976 5865
0.4442261060522513 0.6519019958304655 5866
0.4576257223994287 0.6398456684517106 5867
0.4724620964762685 0.629521189602574 5868
0.4709455069919126 0.6126371660505203 5869
0.6334421804576837 0.6450795530195976 5870
0.8517410847971978 0.518187000025243 5871
0.3987287117901231 0.0848024067434868 5872
0.3958449295436637 0.07438769371669907 5873
0.3854997530622101 0.07152892771701119 5874
0.3929872544753998 0.06460977268106688 5875
0.4036498271883237 0.06781712256770155 5876
0.3829791396759318 0.06123836342418333 5877
0.3757692645483802 0.06766141142955059 5878
0.8139771402167455 0.4028438511230805 5879
0.8229214227589581 0.3932526978633704 5880
0.9427477080975115 0.2844754001896509 5881
1.143809125104944 0.2876907728061928 5882
0.8164859032228537 0.6217331295421292 5883
0.4672391939054604 0.08389592634822332 5884
0.3771598668706032 0.259199746205024 5885
0.5364537515536352 0.3906175558938334 5886
0.31014049763707 0.238818996436947 5887
0.3104744263516929 0.133064556751494 5888
1.122666037959165 0.2826412876539807 5889
0.314431888077834 0.07307260868451976 5890
0.3038633219557986 0.06994608717373672 5891
0.2952648048960941 0.07753693547168716 5892
0.3116847611889874 0.06203295346786382 5893
0.8691530604478014 0.4277833224156811 5894
0.8910772990079971 0.4213388444092053 5895
0.9006683600904544 0.4126693212872884 5896
0.9141320374661879 0.4165409160738974 5897
0.9104001185760121 0.4039736659088312 5898
0.9225383986286937 0.4064184800413647 5899
0.9258478825923891 0.4186655245235593 5900
0.9178737272361603 0.39386619537095 5901
0.1652607076241813 0.06311221108707994 5902
0.4015249487740876 0.1470547093527393 5903
0.3989267103135717 0.1361088580056353 5904
0.4099282262131908 0.1388214825867875 5905
0.4079044009438666 0.1277822806324861 5906
0.4216035889361289 0.1418857912216887 5907
0.4248316689092091 0.1532484997378075 5908
0.6127872443452943 0.6242454667705524 5909
0.7575999194268831 0.510101097565139 5910
0.4037498252405008 0.2670205417378881 5911
0.2627396880069942 0.164084976813824 5912
0.346025424157805 0.08126486155775398 5913
0.3532975629791875 0.07372810669808447 5914
0.3502727517219459 0.06178665400031585 5915
0.3602167254284075 0.0663030744339163 5916
0.3591034111166678 0.05780872643958615 5917
0.3634605018514709 0.07661489399664126 5918
0.3355558288750196 0.1970256600034403 5919
0.3454233179524971 0.1875835657405501 5920
1.328505732739494 0.6282789223566577 5921
0.5503635027231495 0.2719468153335267 5922
0.2616281876803732 0.3739252367794977 5923
0.5428050865619333 0.9135422814019576 5924
0.3222771976371602 0.1363282121577181 5925
0.3306017844490651 0.1276889241726285 5926
0.3190686467546321 0.1247398955156703 5927
0.327054021143698 0.1161399411905633 5928
0.0604940177990413 0.1147841472049126 5929
1.304634553411768 0.6998560726281509 5930
1.300183759395941 0.6886342330353912 5931
1.314131907936787 0.6909230521222575 5932
1.317862333108166 0.7031697725399817 5933
1.148523746827462 0.6116760176030138 5934
1.277468559359155 0.2447027294047733 5935
1.163039681153871 0.7337024605263581 5936
1.152978054869838 0.7458505672081964 5937
1.178532622122174 0.7334353593221873 5938
1.34108766788737 0.731144168154549 5939
0.01238475741228116 0.1009214088089993 5940
0.4315900530984671 0.2741081080209553 5941
0.1811891969745571 0.7167890876768981 5942
0.4500635692253916 0.06097513476779498 5943
0.9453667530968586 0.7699492748724075 5944
0.9626285986318851 0.7739969063960805 5945
0.9577591533125278 0.7573723346163419 5946
0.9675451053084485 0.7906471308000638 5947
0.9526350038918761 0.7410527151125424 5948
0.1416975528573299 0.3146285028521957 5949
1.344263369897997 0.3448564643514228 5950
1.402273448666227 0.6147981467421747 5951
0.4820315799764833 0.200381795944479 5952
0.4787698673306276 0.1888006608423016 5953
0.4666607329408781 0.1855797869931216 5954
0.4746308899654508 0.1769494186730231 5955
0.4899566220436828 0.1911856321417964 5956
0.01820426061552819 0.3261353111452768 5957
0.4583504223562166 0.2817745929747662 5958
0.5871689408164228 0.0956276186409994 5959
0.5951237115059709 0.08910436359200553 5960
0.6052032858611566 0.09176660871673137 5961
0.585406596963477 0.08432443017460196 5962
0.5742503262207619 0.08243231220429639 5963
0.6853499897611842 0.6149542708135478 5964
0.4831381549980014 0.7933218618580919 5965
0.5550626895393289 0.1359537260831712 5966
0.5628427038153828 0.1272976313227507 5967
0.5730392701205017 0.130416965502174 5968
0.5762865745673387 0.1412681440313323 5969
0.4580811110991964 0.1942704818807334 5970
0.5667375601475593 0.09011102855670461 5971
1.392028439120746 0.7889439381240586 5972
1.396154447125073 0.8006588464292405 5973
1.404426986696313 0.7904160598339526 5974
1.384936950577987 0.3265683169567964 5975
0.6075265208463789 0.1009772666387847 5976
0.6151568997704182 0.09429906632416332 5977
0.6251083016816456 0.09663844890590413 5978
0.627771474287356 0.106051233360643 5979
0.6350438221303456 0.09955343119950619 5980
0.2899753321107633 0.09604424165663669 5981
0.4612295027464017 0.1316345904610612 5982
0.4579678227527386 0.1206180566669408 5983
0.4690298722189451 0.1234688470682912 5984
0.4722813053022776 0.1344722672782505 5985
0.480119748984694 0.1263766480923841 5986
0.4911617400135329 0.129001887109046 5987
0.4945333958405958 0.1399420376525115 5988
0.5021716446797683 0.1313150948638749 5989
0.4983892039206814 0.1209987357285423 5990
0.4765188282464607 0.1154613949525519 5991
0.5056442409209688 0.1429565595269021 5992
0.7028588205093302 0.1156975768685173 5993
1.356381993152638 0.7098037392493595 5994
1.00745123077869 0.6429187031259153 5995
1.003088170134655 0.6280903418898385 5996
0.9880231010212862 0.6243575816513232 5997
0.9986926969647898 0.613421133556739 5998
1.013522239074723 0.6171101780711423 5999
1.009152384096265 0.6032205415739309 6000
0.9945766753578186 0.5995386149076125 6001
1.023753454680041 0.6086510985157668 6002
1.028621744502251 0.6221466731481968 6003
1.005254728620065 0.5888440142647181 6004
0.692154458058768 0.160704910618834 6005
0.689074108344196 0.1501020707652785 6006
0.7227424664196629 0.1208881785096036 6007
0.0139143490063559 0.1976642929352877 6008
0.8481190609479603 0.1890558163357036 6009
1.253508758836844 0.7814905094218365 6010
1.37249498865433 0.7627930197456589 6011
0.617343303488593 0.3039562810155242 6012
0.40681068778383 0.07750658487138201 6013
1.318625801335975 0.603802614788887 6014
0.7135527551751772 0.1660135644187322 6015
0.7115445031396834 0.155711940884518 6016
0.01244711950221737 0.1679745239696465 6017
0.7424968839096633 0.1260208488568367 6018
0.5436209922569145 0.07485573298141478 6019
1.446728781853087 0.7005571365010225 6020
0.7349467828857557 0.1712997661659603 6021
0.7325556335703836 0.1609806592541314 6022
0.2496116795740838 0.160630413398368 6023
0.8630454580094724 0.6351365744297053 6024
0.01059466346075961 0.1388285249572198 6025
0.7266114647623079 0.4590893110795856 6026
1.123359423435295 0.5238389169306984 6027
1.132805865421626 0.5141907876533984 6028
1.145539272971399 0.5172763962178042 6029
1.141741120569104 0.5053346942542797 6030
1.120155718832996 0.5116482053240808 6031
0.3776293886043403 0.3515243985554626 6032
0.365922879172552 0.3632484712938561 6033
1.176913231539062 0.6192296323520432 6034
1.218776031155843 0.7596745933657398 6035
0.3008601151201948 0.3880675456260574 6036
0.3387353007935544 0.1190020754429816 6037
0.8419914653108475 0.6995766694398797 6038
0.6748359817682363 0.7797362152756691 6039
1.132113134865017 0.7687091696346512 6040
1.302924445770616 0.9214976599635124 6041
0.6397883538448412 0.3930320086414619 6042
0.6494095322473074 0.3829597071532715 6043
0.6629916421673867 0.3867342642248531 6044
0.6590608871451188 0.3732207298488227 6045
0.6724840798045912 0.3769252285946822 6046
0.6688491972125041 0.363912841547217 6047
0.6819191547850549 0.3673693260838217 6048
0.6855807278006157 0.3803096344964145 6049
0.6948745544598749 0.370759856910674 6050
0.6558658641702304 0.3596747788595185 6051
0.6987986342962149 0.3838636708530201 6052
0.7078634442340995 0.3741372591807811 6053
0.6656959777946387 0.3509130121443832 6054
0.7123886385582292 0.3876891663965692 6055
0.7214207093791415 0.3778264029750078 6056
0.6896829363782366 0.3938728665213321 6057
0.7167026247910577 0.3646976597824469 6058
0.6354588462528363 0.3790390038763722 6059
0.6458722891797396 0.3691795631636099 6060
0.6425368416050256 0.3563705858179678 6061
0.6667769610635199 0.4001912443552652 6062
0.6285712084045927 0.235666844473619 6063
0.4957586544226674 0.08124121792814246 6064
0.5013797250152809 0.07492846575826782 6065
0.6379385122207717 0.1089069856079211 6066
0.8552584560215271 0.1527698554812578 6067
0.853056724332818 0.1435610813974755 6068
0.8269010495457696 0.1839622245152017 6069
0.009937051122199491 0.07688781161516005 6070
0.02179910231214336 0.09179699429877533 6071
0.9987434811123254 0.492857310160375 6072
0.9938786795754337 0.4809110254293631 6073
0.6606453114289262 0.2334664680786254 6074
0.6703688291560701 0.2234494184944678 6075
0.8754905165993121 0.157715979013746 6076
0.8730649751864714 0.1483686005696427 6077
0.8959349548693953 0.1626283848567437 6078
0.6707912999651655 0.1553605827161798 6079
0.6672089741287583 0.1449925199578848 6080
0.860070439327863 0.2332109212931495 6081
0.6398161323944895 0.1969719899697592 6082
0.9160731613660558 0.1676390494190067 6083
0.7145559876926757 0.3176472591946221 6084
0.7107046538583727 0.3055269660916598 6085
0.7190692900459864 0.2957000905322523 6086
0.7145277871804178 0.2828626077911031 6087
0.8818786081982977 0.2386702220898689 6088
0.8894315705075392 0.2301233430108287 6089
1.148744056848092 0.7725414684555882 6090
0.6397758956996469 0.7705471964419008 6091
0.6355012619663561 0.752969367446652 6092
0.6165786462258585 0.7485243467529581 6093
0.4838813999585484 0.2885406850988041 6094
0.9361347172605307 0.1725254914766499 6095
0.9430093743021608 0.1651336875568309 6096
1.481281773831779 0.4604956047690472 6097
0.956439813599774 0.1776151874989053 6098
0.9630493258981151 0.1700605073727877 6099
0.1228668048238984 0.09017816845547541 6100
0.9766795523395657 0.1826301977787289 6101
0.983021044903715 0.1748952498457638 6102
0.3568836551860627 0.3169854294448383 6103
0.3664517262689481 0.3063948155281723 6104
0.3423100902704651 0.3130034836713472 6105
0.702406152949437 0.6928449713390235 6106
0.699973277306966 0.6767829050660953 6107
1.072084278645096 0.7698879455811733 6108
0.9969226984528092 0.1876345425810328 6109
1.004163080133086 0.1801372088986855 6110
0.7402997258185523 0.3252616401086127 6111
0.8308853198947441 0.4188833474487284 6112
0.8401279076386454 0.4093418350355361 6113
0.8271621958976663 0.406071059162695 6114
0.8357429015744046 0.395907528604695 6115
0.8315258332276643 0.3835766216125132 6116
0.6583734536814604 0.2801895806650707 6117
1.006996853511358 0.3614043329126738 6118
1.014869840493227 0.3534351198351087 6119
0.1271031285998042 0.9149957854574989 6120
0.8576909877375298 0.344694339463427 6121
0.854362656109161 0.332760537312891 6122
0.8424414551859289 0.3296305853916791 6123
0.8509433204480414 0.3214424657530269 6124
0.8628787117029373 0.3246790140776888 6125
0.8391976263997426 0.3180827420258897 6126
0.8305714401704807 0.3265401460274344 6127
0.8601204015314874 0.3133874287312844 6128
0.8269783129332607 0.3152433367359359 6129
0.8181453920785199 0.3234623448239697 6130
0.822669515731778 0.3042363303753973 6131
0.8663599469266383 0.3360033978895525 6132
0.8783469595634223 0.3389544504424311 6133
0.8748059623537963 0.3278075974202797 6134
0.8868002869715337 0.3302748890513733 6135
0.882278065039798 0.3185980950389876 6136
0.8963407647638248 0.3221897754370397 6137
0.8989355022361318 0.3337846508830554 6138
0.8817644353263996 0.3509222210129917 6139
0.4935848283189888 0.2796938768663333 6140
1.293514064233935 0.267849499943641 6141
0.2120638708797899 0.2764204098905348 6142
1.041907339530283 0.4482755451533394 6143
1.038303268932319 0.4358069514057301 6144
1.025839010397636 0.4327731370317267 6145
1.034649515147733 0.4235004239078022 6146
1.022867226050673 0.4202941204343874 6147
1.01352436477008 0.4296735328400128 6148
1.031901946393678 0.4113082097196401 6149
0.7535760387237277 0.2576589913089972 6150
1.400257098346268 0.5735324757229984 6151
1.408017797566418 0.5653779670856214 6152
1.411296592084497 0.5763346884955913 6153
1.418854517167222 0.5680415559861588 6154
1.415666937805322 0.5574218524939505 6155
1.426264278683438 0.5603079194242115 6156
1.438151378785681 0.5625619488628028 6157
1.422912698840583 0.5492179733274651 6158
1.412349461896903 0.5464811520367262 6159
1.403518817182728 0.5844808415760809 6160
1.414563042805532 0.5874060925614822 6161
0.1236695182809114 0.4113529930606968 6162
0.5206320585452269 0.3350203320844167 6163
1.084467260441783 0.3112629426827009 6164
1.043685354912879 0.4144497238287782 6165
1.149594589422393 0.529914965442705 6166
1.158276532131749 0.520339437926538 6167
1.162750304083542 0.5327437867343923 6168
1.171532042431589 0.523118552570197 6169
1.185027956298349 0.5269094393228237 6170
1.17986087641568 0.5145385104185829 6171
0.5886065570566743 0.391876481201869 6172
0.7624981751968862 0.5802797001748579 6173
0.7740583536304089 0.5698696422557151 6174
0.7480842333824187 0.5733576160495324 6175
1.346329263289158 0.7912239187886586 6176
0.7300852275093318 0.4048120721755319 6177
0.7396363385966872 0.3952303142279273 6178
0.7262041395863423 0.3914323263317685 6179
0.7346763863356526 0.3808153838247987 6180
0.7473257120175776 0.3836228464086259 6181
0.7423262698861468 0.3708158117797243 6182
1.012132097015139 0.7241518708470782 6183
0.4931066307120431 0.3795694394157233 6184
0.48289057933339 0.3912235743750425 6185
0.4868095249160155 0.4050929658786025 6186
0.473030590983266 0.4030840230116166 6187
0.814200345698928 0.7080279722400182 6188
0.6033365434137894 0.5040211427469095 6189
0.7646174747249305 0.2188991773480553 6190
0.2998070566449154 0.4802309564843129 6191
0.3150298376666252 0.4818990445052558 6192
0.3178983070312659 0.509702584596475 6193
0.8038095821877234 0.1413064645569877 6194
0.808956498550498 0.1338728672852953 6195
0.3398236770399746 0.3699433523618395 6196
0.3250999959246125 0.3652171164242542 6197
0.3130437739511234 0.3769512196173537 6198
0.3114662769490176 0.3606198745189192 6199
0.7537325810686489 0.3960739512535498 6200
0.5980735663621729 0.1467972216190354 6201
0.5960339325359261 0.136396913665877 6202
0.6089533637903508 0.1495838791103382 6203
0.6175203374211009 0.1417907157492473 6204
0.7778009720815907 0.3030517072862989 6205
0.8047298553857636 0.782020849838777 6206
1.222341370363882 0.8164557973312904 6207
0.3441390876367579 0.9080010585688454 6208
0.362819449854367 0.9167370609694225 6209
1.390163802898709 0.2828364730328297 6210
1.396958978618963 0.2759454015138785 6211
1.394246936921579 0.2663422361680924 6212
1.406765083595451 0.278420694990543 6213
1.413855140413586 0.2708870198838609 6214
0.5516221623060747 0.1938495299055744 6215
0.539698469078861 0.2339618037174942 6216
0.6310119486257464 0.1550317738025583 6217
0.5703330067655051 0.3019577532326898 6218
1.332357852161131 0.922585470240727 6219
0.5242409249215763 0.644326145441698 6220
0.5409305427891964 0.6489336837752447 6221
0.5453037221352914 0.6656368002646861 6222
0.5364579270533263 0.6322212264046964 6223
0.5579531816013954 0.6537394764484046 6224
0.5627808393342115 0.670805006924482 6225
0.5498299296403867 0.6824548880477532 6226
0.5201035668086947 0.627654639277333 6227
1.423915001840535 0.9074003787124792 6228
0.9878065241184919 0.266531591460263 6229
0.9721750090763602 0.3528125751479951 6230
0.3693427025129087 0.3784831446343855 6231
1.047497511315278 0.2000964370244074 6232
1.044990928131273 0.1901276872411913 6233
1.055052076102663 0.1925851937378773 6234
1.065022755112273 0.1949752587723697 6235
1.067721546156114 0.2049728243828202 6236
1.077766944404084 0.2073554494286329 6237
1.080822150462651 0.21729502007219 6238
1.087831628285069 0.2096791052628714 6239
1.085093603017614 0.1997383622008514 6240
1.095087562636406 0.202018554528227 6241
1.097667911678891 0.2117013726010995 6242
1.103955160271481 0.2044081612930882 6243
1.07538338072358 0.1972552634897862 6244
1.163783419722969 0.4665384116454542 6245
1.160071242276453 0.4544560668600551 6246
1.147864223901024 0.4515006997240041 6247
1.156478235721181 0.4424858637402838 6248
1.144353454741799 0.4396843285071652 6249
1.135710759079326 0.4485688788349742 6250
1.132258089456808 0.4367371944443034 6251
1.152958209235021 0.4305674685995913 6252
1.1692184159724 0.4458393678234982 6253
1.12329148824239 0.4455427771666821 6254
1.119431749584961 0.4336509434336818 6255
1.128860310312777 0.4245854139567159 6256
1.173174338924341 0.457647504398651 6257
1.166991365131292 0.4342121269174342 6258
1.078415335357791 0.6476586582624362 6259
0.03613541057638784 0.692664541675712 6260
0.785977817004061 0.3830427625782172 6261
0.4414161884532091 0.09633416376798322 6262
1.208376684243774 0.2276248873358082 6263
0.4680056819093854 0.3882698958615891 6264
1.346363881749237 0.2898656557610959 6265
1.349378572009631 0.2998150095364821 6266
0.8021066547068274 0.5315303127988926 6267
0.8164373124581698 0.5352300693692449 6268
0.5927448054716161 0.2964075451639129 6269
1.077248097915214 0.5375638582570237 6270
1.132676567207557 0.6869498609774634 6271
1.138131518049397 0.6613554185443038 6272
0.9355981292175174 0.5392703373771344 6273
0.9308665801808137 0.5252296676774215 6274
1.212871633829501 0.4784184280662213 6275
1.221534857595442 0.4692538762089028 6276
1.168565745776695 0.3915562022392832 6277
1.176748065654968 0.3833589687873293 6278
1.188365206926493 0.3861453694238855 6279
1.165329761890367 0.3804570313694132 6280
1.153910744862409 0.3774923473770353 6281
1.145614123538039 0.3856135877366785 6282
1.142093777340308 0.3743626066246946 6283
1.13375044087288 0.3826775166169235 6284
1.130180375754078 0.371201861678538 6285
1.11859310684335 0.3684273300639432 6286
1.126587545565347 0.3597419869067192 6287
1.139631933250766 0.3635678220148824 6288
1.191489454985995 0.3972776285778898 6289
1.202979167847775 0.4003354590298135 6290
0.9047266602114302 0.4817615948131189 6291
0.9182480093821672 0.4852940385571547 6292
0.9279919433755367 0.4746885747034378 6293
0.9428951563194633 0.4799240417913103 6294
1.221855237244351 0.5357502414267052 6295
0.1984742087759374 0.5140816828255452 6296
0.1936207035479516 0.4965347115147112 6297
0.8693998851632674 0.7825457357568197 6298
0.8518591436968539 0.7781991492330722 6299
0.01673491328408428 0.365433115951445 6300
0.0341647804515333 0.3554500635129608 6301
0.01645517182082699 0.3852238715593757 6302
0.03416501361922331 0.3952188606899709 6303
0.7564311006602683 0.1765207855029196 6304
0.7536830898168475 0.1661958813125013 6305
0.7671493296555558 0.1791648718642556 6306
0.4752436715537022 0.05129735992441829 6307
0.6865596944960839 0.1982903842542268 6308
0.5809519575957826 0.4700789679737943 6309
0.5783785942697938 0.4549672232247104 6310
0.9770970250048286 0.6353323871844021 6311
0.9845132930811875 0.6102397692043946 6312
1.132536024008769 0.2171213399285667 6313
1.228172014106803 0.2337743573749329 6314
1.482748954830535 0.7270911592906251 6315
1.36083089172876 0.9238817361536349 6316
0.8116138131116921 0.4743864972313778 6317
0.2388876724273242 0.7573628772516375 6318
1.281860257958549 0.3888342582621027 6319
1.292265639789465 0.3910551242806682 6320
1.189113396416369 0.5394634964474954 6321
1.238975522602214 0.2804843313536743 6322
1.25301933976449 0.2947444439529769 6323
0.8272890236947203 0.2247344883495915 6324
0.8249764760051568 0.2134943152883379 6325
0.8383625325300567 0.22718301997437 6326
0.7607157520792233 0.320410601892538 6327
1.020631634151266 0.7570815944649718 6328
1.025675727469843 0.7736089714462409 6329
0.7873027964869307 0.7775591520617688 6330
0.8064313568658051 0.1791656990150576 6331
0.8052288572279276 0.2194749768504629 6332
0.7944491860269879 0.2165979729180091 6333
0.2433164087646599 0.7762566862708526 6334
1.044030684150429 0.5536166847329644 6335
0.3115104997305032 0.1897536659702136 6336
0.3205406005785253 0.1810120051272228 6337
1.270597871926556 0.2529117690376544 6338
0.4389868456217879 0.5723005276472901 6339
0.4227888500162215 0.5674100058848895 6340
0.4351033525873504 0.5557374170951782 6341
0.4103781599365313 0.5790718831084839 6342
0.4245366937130491 0.5402649761879106 6343
0.4404854273946601 0.5387135254967133 6344
0.9035804284465248 0.2444612581257724 6345
0.9146267440403124 0.2473765877447645 6346
0.9233936509084275 0.2390551415223828 6347
1.116583567368859 0.5911223325740963 6348
1.113231496412752 0.578552172667351 6349
0.7772656241656861 0.7435383375960465 6350
1.387729320746071 0.9237291999472055 6351
0.9329181104733028 0.209847724908103 6352
0.9367615704423247 0.2529705516258898 6353
0.9104235917617779 0.2872882120456046 6354
1.073660099516701 0.2250259863549461 6355
1.084245346925403 0.2274768183331216 6356
0.8877093398981931 0.2815066958650183 6357
1.017177066474376 0.1926226942093772 6358
1.027322966692818 0.1951007226377333 6359
1.024420327051774 0.1851601254276163 6360
0.6266848667652871 0.5689275203205709 6361
1.006697719253615 0.227733459865133 6362
1.179502075926462 0.437559380430963 6363
1.004051223526263 0.4390606817533409 6364
0.7183389686163082 0.5220873624836155 6365
0.1327662309727798 0.4469633553495942 6366
0.9514925242893661 0.358973637695129 6367
0.9025053926485295 0.3453831878809526 6368
0.91098354355238 0.3372571799104769 6369
0.716329899472842 0.5652871994523525 6370
0.7407673496434075 0.5576157299261939 6371
0.5217762241500328 0.2524091368437243 6372
1.455334673993154 0.5001269860090189 6373
1.439051732509933 0.5050005976811588 6374
1.428462705199717 0.5018624781193379 6375
1.043252377980949 0.3104827545548492 6376
1.029957997203736 0.3680207126896422 6377
1.078202748274753 0.3795632510225048 6378
1.074658997452607 0.3680276655309355 6379
1.086587077187501 0.3708092369989463 6380
1.083029025050294 0.3594610757255511 6381
1.09483771210146 0.3622064015068605 6382
1.089376688066084 0.3512715570703341 6383
1.103114755845096 0.3536638978019631 6384
1.106535339309624 0.3655721491981033 6385
1.090003497489485 0.3824303769221423 6386
1.347690623867183 0.6550806237953023 6387
1.360276613247326 0.6572796654454731 6388
0.1042403922507824 0.164928733445295 6389
0.09427095197208035 0.1738766036889573 6390
0.4588198005868496 0.238778282291996 6391
1.325061233671543 0.5249204892557836 6392
1.321949270186585 0.5126060279411613 6393
1.312058404586896 0.509174744235994 6394
1.301054408618319 0.5120674787925938 6395
1.328228959457696 0.5361745860554804 6396
1.116714670515499 0.3196796349595308 6397
0.2918216241484304 0.4467688057338541 6398
0.3077531763476092 0.4518386513013768 6399
1.474158781673848 0.4029145270209183 6400
1.483855257242556 0.4053988244329256 6401
1.106042483918524 0.2195953114946849 6402
1.268918940563546 0.4807148242651028 6403
1.264985648917346 0.4681763563715672 6404
1.285604327453672 0.461367317169523 6405
0.5466727326430946 0.7946353252750563 6406
0.09732865476422031 0.06367917779275864 6407
0.1056859103861339 0.05759633201356865 6408
0.8931567723999841 0.5285586047070261 6409
1.423335268780606 0.9251810676287917 6410
0.2058677851702529 0.5990349807317179 6411
0.2237463858689748 0.603912982243739 6412
0.2285315302759996 0.6217904829013652 6413
0.2415605126415402 0.6086554879059295 6414
0.2367921156724985 0.5909722572626136 6415
0.2544163915759535 0.59569678460473 6416
0.2463347091634222 0.6264209753444456 6417
0.2495537714411994 0.5780074884834289 6418
0.2672059572719337 0.5828245713339032 6419
0.2717256978358113 0.5999055133472089 6420
0.2844341286524769 0.5870805590603827 6421
0.2797040538491081 0.5698886026574228 6422
0.2970273143974687 0.5743626728016112 6423
0.2921982444616376 0.5572400724577169 6424
0.3061092667446991 0.5621716968017958 6425
0.3051389815369103 0.5450459168475185 6426
0.2875180603289204 0.5402872336516612 6427
0.9993758570950879 0.6931038882776468 6428
0.5885453082852787 0.5881860149101599 6429
0.2617370904737123 0.564754953142473 6430
1.176761588032277 0.2658672323231006 6431
1.17402621965248 0.255374127714541 6432
1.187212094699604 0.2685022928571217 6433
1.193000104322627 0.2606158486888506 6434
1.204960219284341 0.2632119131314511 6435
1.207899355875244 0.2736295185206779 6436
1.218146391746581 0.276334129992041 6437
1.22468777023697 0.2678369204607673 6438
0.7764011663276669 0.1435067558120591 6439
0.7734795696180734 0.1337774133799831 6440
0.7632452702045952 0.1312767957243096 6441
0.7696640356845752 0.1242693035063475 6442
0.1697482380417381 0.5892309116100276 6443
0.1830513874246521 0.5760729870411354 6444
0.1651022117690822 0.5712016138116975 6445
1.101081710352948 0.4515709422256631 6446
1.110066940141173 0.4426192569402392 6447
1.114221145846636 0.4225550493882249 6448
0.5088512343460064 0.2185555826020681 6449
1.168262698541864 0.2177219506787461 6450
1.247940733775391 0.2388205880266147 6451
1.421213821002036 0.5096923712052207 6452
1.369096991859078 0.6490269595895085 6453
0.1327717551891024 0.2819378370719626 6454
0.316213069160591 0.3922473020225906 6455
0.4511489061755992 0.1707773528772852 6456
0.5315984692425857 0.5550325157851064 6457
1.287164590161466 0.3124844181333699 6458
1.408202842916182 0.7700833186531331 6459
1.29744984921435 0.3150337384217383 6460
0.569403430116682 0.2201085682787203 6461
1.383486106293782 0.8313786101432471 6462
0.592427854583343 0.8404056064288261 6463
0.6052608747994854 0.8270743372903426 6464
0.5078649867415537 0.5779022180023385 6465
1.25121959673593 0.322619925371603 6466
0.5037982065382527 0.9179125586487638 6467
0.4947925113227213 0.9015035342348466 6468
0.4744963063825721 0.8995466716835705 6469
0.4656711116634751 0.9177690825070208 6470
0.9800224173371008 0.5973918154187712 6471
1.164861480799503 0.2927320121417292 6472
0.8210082004434056 0.6372826242967633 6473
1.231505516539511 0.3569468719770962 6474
0.8940142490189192 0.6423205538962642 6475
0.8884653269681508 0.6260718738761728 6476
0.5545282649665995 0.6997180944886887 6477
1.327342799400839 0.2588084952777429 6478
1.32377736934655 0.248483040990004 6479
1.096888154289162 0.9175870595087328 6480
1.108349856394278 0.9033013790981707 6481
1.088265392506677 0.9014095212985296 6482
1.097993547617188 0.8838024524828456 6483
1.078420951934641 0.9175057975192282 6484
1.088562337826803 0.773530568158917 6485
0.6924448512415375 0.4749636221388187 6486
1.320923487575344 0.3301343622457992 6487
1.323985821002255 0.3402841864352327 6488
1.331096631589215 0.3324337759322541 6489
1.40914865748353 0.535697602707464 6490
1.309818968255754 0.8723104134625441 6491
1.400021966778032 0.8757932361752624 6492
0.5324526988363369 0.1299513146682541 6493
1.273457805291786 0.4276798857607381 6494
0.4523920229944309 0.8022409150029658 6495
0.2396688855981908 0.327032148802703 6496
0.2538568881265855 0.3295645402212937 6497
0.2498612363460218 0.3147208923289939 6498
1.319503523708776 0.8231012791383195 6499
0.4142401684548337 0.595716090948992 6500
0.124883182754127 0.251317294143665 6501
0.3025605216288816 0.7425610473961941 6502
0.2979812126483085 0.7243155043447567 6503
0.2780076258130108 0.7185757497813353 6504
0.2942539962370967 0.7071476342286679 6505
0.3115720122636126 0.7115718854025954 6506
0.3073118927191364 0.6937342866827373 6507
0.3249725200472318 0.6987145287285311 6508
0.3206113109200912 0.6809405734692283 6509
0.338256197496291 0.6858723884410487 6510
0.333830816943434 0.6682578007276527 6511
0.3514641010138051 0.6732112220913726 6512
0.3469527983237546 0.6556798725981119 6513
0.3647637517825075 0.6608525105242644 6514
0.3599788992986079 0.643213953710468 6515
0.3776057370737596 0.6484133335549014 6516
0.3743110209640674 0.631616737320996 6517
0.3297747186674399 0.7168659957516584 6518
0.3565337276770119 0.6913257860815669 6519
0.3207947321825667 0.7478002916339801 6520
0.3256673848946672 0.7662589478448451 6521
0.2664317499150495 0.7320090828470674 6522
0.2482545839304005 0.726729232099833 6523
0.375621591437318 0.07770331865554171 6524
0.1489627991954573 0.7248640744544361 6525
0.5534031411956487 0.6370052859815249 6526
0.5491411792604591 0.6206264311127918 6527
0.5628268376693181 0.6102032466518791 6528
0.5584184968643443 0.5908016811720939 6529
1.475700287168857 0.3765996762390992 6530
1.034415986439805 0.7461980453931847 6531
0.1074398520167719 0.06717315720813355 6532
1.444481963080338 0.4591664890592265 6533
1.441713049119657 0.4491708465288401 6534
1.448860534718697 0.4416887805698287 6535
1.46569949078942 0.4373700549327513 6536
0.5353209613347376 0.3034587762396104 6537
1.282637656557726 0.7882446528400334 6538
0.844135014526997 0.4935419652759785 6539
0.8529586627960885 0.4844472971558778 6540
1.352557719480169 0.5514452739034748 6541
0.6120653529744854 0.9142927351006087 6542
0.4314199961395884 0.6642141045402196 6543
0.4849956453345227 0.3514423746757491 6544
0.6911177196520735 0.3579062752438869 6545
1.415115571439466 0.3064621213241644 6546
1.425178483002505 0.3087762781087097 6547
0.5426346960258047 0.7768881606003557 6548
1.360500923095046 0.4640917910782177 6549
0.7926388210251742 0.2053977377999837 6550
1.47091953710022 0.8237923534045967 6551
1.481958618762665 0.8250873259122116 6552
0.3830945223838407 0.6663773638215131 6553
1.037877478582761 0.650674200652826 6554
1.033339882458038 0.6360785233481225 6555
1.042950658613464 0.6269630294868449 6556
0.01805011298020426 0.485437638364469 6557
1.056089409385508 0.5069165407994229 6558
1.076690990601203 0.8839424751131421 6559
0.0282888616954696 0.1140291019650213 6560
0.2331658551801025 0.5236666166004098 6561
0.2188654809731779 0.5860490995429091 6562
0.3889254365469382 0.7508242819617317 6563
0.02042311652237364 0.0688758915885531 6564
0.02114561148966776 0.05442026037613471 6565
1.061987453694292 0.3049629934699915 6566
1.068409083781642 0.2974469641414029 6567
0.7979560417569527 0.4710309748456715 6568
0.7223812540549158 0.776656408068397 6569
1.206607562543602 0.3414155932389446 6570
0.4069678116346408 0.7560407423739459 6571
1.453858182525745 0.8563514375907948 6572
1.220664150323625 0.8926050624682074 6573
0.8679714452427222 0.2244947383219993 6574
1.209961635605582 0.5683209597780837 6575
1.034527869619582 0.1877126978767319 6576
1.270058365316159 0.4166783434812191 6577
1.374997085906186 0.5571711996021038 6578
0.969914981537689 0.4419448928203988 6579
0.3162157655570256 0.7296998746677694 6580
0.6434694735691051 0.3103005582888529 6581
0.379316198594072 0.1848754573698517 6582
0.3636362121685828 0.4627671880603313 6583
1.38068554845046 0.3436942123296159 6584
1.387564663632539 0.3360197821484747 6585
0.2294341473972818 0.09884186568505661 6586
0.6903962672285033 0.5712832106686252 6587
0.6801881048805802 0.4037500428774576 6588
1.353551088459825 0.375442805483456 6589
1.360278771411995 0.3672446236975563 6590
0.7477788299578909 0.63210859451785 6591
1.304742970995905 0.3074580852116806 6592
1.355067693609417 0.4825518725106853 6593
0.5803273888172306 0.07393561308215388 6594
1.16033741684042 0.7605885125112991 6595
1.056925153058978 0.8277581465894015 6596
1.427866374759435 0.6303643753170164 6597
0.9157681717946322 0.9187281113880748 6598
0.8007536962124624 0.917232950340047 6599
0.7810452712923344 0.9178992957486388 6600
0.7908909164097666 0.9010984624317031 6601
0.5509141453469119 0.06687656529943901 6602
0.5608489723873488 0.06868323213920169 6603
0.2154990643186109 0.6350325602963651 6604
0.6820316234009579 0.9168667552497979 6605
0.6920021802726768 0.9002799584055938 6606
0.659828615329435 0.9136322003551396 6607
0.6119616979801684 0.385372141895257 6608
0.6035380391524318 0.7611305652332208 6609
0.6109906299262311 0.7313287689702916 6610
1.28455384124363 0.4302721871619516 6611
1.295637541947678 0.432085125876834 6612
1.298462809076758 0.4430030605394786 6613
1.462823488695951 0.6588601575079999 6614
0.1968186590252651 0.3881675063534206 6615
0.3862065729960251 0.2091718626054115 6616
0.3947432398028619 0.1996077106189807 6617
0.2600562711031594 0.6149376289900828 6618
0.3759295557818662 0.1728246552572876 6619
0.4926524992882388 0.8293314009139712 6620
0.1213389525947163 0.7521241333853319 6621
0.975053610437839 0.7613870180059394 6622
0.5318361953907507 0.2902019779853118 6623
1.093480119762415 0.6506623081004705 6624
0.984575890672972 0.7947332705898413 6625
0.2983291488274967 0.08823334015287786 6626
1.37649666597452 0.5984764555050445 6627
1.365162031243403 0.5955460605382819 6628
0.8633860190052999 0.471510386328641 6629
0.9465758365875099 0.8334569016759913 6630
1.031447510848008 0.853864530865249 6631
1.027011626677023 0.8362659501948522 6632
1.372187726124301 0.314513171120408 6633
1.402995587145195 0.331480844544416 6634
0.1400915945956221 0.7574445538991671 6635
1.275494385760958 0.8516134224231229 6636
1.271316081850705 0.8372512751026504 6637
0.2815703576696718 0.1465950162042395 6638
0.350850357223468 0.4161382519769253 6639
1.353678309640353 0.8802886967544319 6640
1.065471206710492 0.6989859174076631 6641
1.237939215808149 0.3784455207771196 6642
1.16267724810875 0.3698562805305831 6643
0.3456513334889149 0.1427017083814848 6644
1.383257849594849 0.2900861331759019 6645
1.360679923524269 0.5036622864828886 6646
0.689356464796117 0.3110088669756327 6647
1.060831740064644 0.3355740055213482 6648
1.466344064052465 0.3739502638579645 6649
0.7030585843517925 0.3974949662423085 6650
0.9624483654436191 0.3213398458860812 6651
1.401062180785528 0.4019133226312988 6652
1.408584836827125 0.3949924137381982 6653
1.390963222524331 0.3990353370841099 6654
0.4200880002005873 0.4633245706314165 6655
0.4030703896631146 0.4017048461824851 6656
0.8810202780079923 0.5779463221914828 6657
0.8933064213376324 0.153136336544283 6658
1.42099005072563 0.406880690295947 6659
1.467219294935233 0.8411250818574882 6660
1.090917534763693 0.2195474899656851 6661
0.01698382137401554 0.8842918597180169 6662
0.03263196359396326 0.8947119850176417 6663
0.03400929680921605 0.872263201073853 6664
0.04813649933927586 0.8863557153302556 6665
1.477359010587969 0.3498289190986117 6666
1.392490104437726 0.511910761425953 6667
1.389731966932565 0.5014545941782467 6668
1.460472949423003 0.7483211478869901 6669
1.446064521362863 0.431795020663936 6670
0.3591970381632091 0.4470668719343331 6671
1.405644937883034 0.3044005361212079 6672
1.463750581803779 0.2763672958571998 6673
0.4578358506000985 0.4013777534277414 6674
1.42623683096641 0.2830664458327871 6675
1.435733042570697 0.2848076633414316 6676
1.431397589613115 0.2759680153640621 6677
1.442332870214329 0.2772548620123028 6678
1.438751619477962 0.2942474616137615 6679
0.1676362510304438 0.4573619045674376 6680
1.39115563533418 0.3454231223092459 6681
1.329236724775586 0.2949559208683171 6682
0.9880835092951576 0.5398598890878457 6683
1.38885317003751 0.6747154514261169 6684
0.231425671084692 0.5728212739020169 6685
0.09918559352678515 0.1388966439676483 6686
0.6183266636271331 0.5082515823179659 6687
1.474118618923944 0.8332263285535821 6688
1.476994611807369 0.8431077065452892 6689
0.6212265531827744 0.6567694898107128 6690
0.2331412822690402 0.6403959422099598 6691
1.457866968710221 0.6041731228828668 6692
0.01610957951793992 0.844706677212389 6693
0.07416757509632566 0.7036029000881723 6694
0.3119173240898487 0.7793305306530006 6695
0.3303196947093794 0.7846826002512441 6696
0.7397196575885943 0.7812599690795605 6697
1.461134309328846 0.8217398930586108 6698
0.7036246258970598 0.5181062872551334 6699
1.472702144835785 0.3048752921411891 6700
1.483468036187914 0.3079495845601852 6701
1.489421263379133 0.2993657931202468 6702
1.475599960093736 0.3143580262411872 6703
1.484486538277384 0.2925679645164835 6704
1.444610547031247 0.3592266661561141 6705
1.434932305640489 0.3572194394427526 6706
1.303478261198347 0.4226828770261236 6707
1.451674127880713 0.3521833389175127 6708
1.44884633993532 0.3428780878805243 6709
0.2007093594746902 0.5808764151825869 6710
0.4400998438298448 0.6344395407628394 6711
0.7969760480476901 0.3287768552597208 6712
1.239141941237605 0.3489058534049774 6713
0.9055734107214582 0.3914823090766198 6714
0.3842203464155413 0.7327739636207125 6715
0.02036288553954175 0.7072386105139977 6716
0.03494139419077109 0.6724709042982797 6717
0.599957864633519 0.5476215910810837 6718
0.8818795950967396 0.7699330046600968 6719
0.01684299178088737 0.8041139922614144 6720
0.01725199046883582 0.7835994541335914 6721
0.03454691199041264 0.7745555099700523 6722
0.01595055810976483 0.6448189368933164 6723
0.8370165823029128 0.8387432272862335 6724
1.285725273264046 0.3405645890452025 6725
1.278335595445629 0.3483540380593955 6726
0.09375983367767646 0.7082585768213134 6727
1.479313149288691 0.422541881056137 6728
0.8047930570264299 0.4123567573380292 6729
0.3063091288134824 0.9170808431466294 6730
1.472582158848657 0.7709613935319493 6731
1.47828496560707 0.7650264468426666 6732
1.471077799683836 0.7514689696673041 6733
1.452067879089806 0.7529940943334448 6734
1.108254971206076 0.555973797606874 6735
1.359155766282239 0.7934529069691738 6736
1.449683400035886 0.7832817460609702 6737
1.075813029458795 0.5743300055045739 6738
0.2667973877299677 0.9180136549998088 6739
0.2470306366029645 0.9177437898873789 6740
0.2364554088643084 0.8984542688976594 6741
0.2151737887282015 0.9014739333764432 6742
0.2071326803667224 0.917985458874248 6743
0.5319622139204089 0.6156165644009177 6744
1.489834082551051 0.4239641819244337 6745
0.8550058757906946 0.5318541177087075 6746
0.7242865057134653 0.4968954086575687 6747
0.4773430401694478 0.5090845428209462 6748
1.490752135815769 0.395402180342876 6749
0.657234627615882 0.2216985619561797 6750
1.491683133811619 0.3744927515251061 6751
0.1377877857616789 0.3625201810739275 6752
1.491660992271627 0.3549137512367452 6753
1.471906765514092 0.6251804064211988 6754
1.482537813073202 0.6266628311337311 6755
1.01787723278162 0.6317934358280249 6756
0.5172683885876416 0.8707468426456026 6757
1.188288955940235 0.2228983098468137 6758
0.1684001453186136 0.9181745448106123 6759
0.944986983006841 0.2959985370014801 6760
1.482880648790289 0.8888271400321416 6761
1.490138111301335 0.88023104502224 6762
1.453189240286499 0.5866330612796302 6763
0.9497918959437769 0.5428459424904832 6764
0.916418579830078 0.8419510400378188 6765
0.9300116601654198 0.4313682611307892 6766
0.7898119294378146 0.6290540589109382 6767
0.8336681799359208 0.3384205065941546 6768
1.45726952639865 0.283637065053312 6769
0.587262851138474 0.8223147693986514 6770
0.6417268015734361 0.1577858300424047 6771
0.9354819521783512 0.6387697789929299 6772
1.124769095294556 0.2523863564766993 6773
1.481453698959632 0.7555800703080507 6774
0.8718085122060547 0.4978456923482575 6775
0.4475406176296874 0.7841355477169998 6776
0.4333456804787971 0.1449906595434651 6777
0.1778868389337732 0.2128908678002358 6778
0.9752337474244552 0.2934804824870801 6779
1.480629148398958 0.5829889429505535 6780
1.485004072208653 0.5758430850926043 6781
1.474574633499026 0.6348412920357958 6782
1.491367659963957 0.9098226860466508 6783
1.453905508682962 0.6928935975091691 6784
1.466504219867112 0.704942168037157 6785
0.3430015947353817 0.09915205463658106 6786
1.303483046387023 0.2703297535004357 6787
0.0691665301789872 0.9170807222209639 6788
0.07904746306169999 0.8999402745173187 6789
1.098267355545501 0.3738206797462583 6790
1.110137291667127 0.3768860625509636 6791
1.016803968617544 0.4421014407418271 6792
0.4388651873455092 0.08588657402626768 6793
0.8000954173654511 0.7648917612265778 6794
1.413384736180918 0.6170913399867101 6795
0.3674482921514269 0.8637496359760777 6796
0.9658296863236803 0.5090485578516288 6797
0.6609131896978104 0.1242620738758607 6798
1.460949428225082 0.9029311873684215 6799
0.4169405175396353 0.2051957678423368 6800
1.399406421688547 0.4659203537758634 6801
0.3918826619122529 0.6371062070577194 6802
0.5129077894986673 0.3084505543448831 6803
1.240704194862558 0.2244576191059247 6804
0.7845969366088432 0.2551684774425793 6805
1.231654694418223 0.5962880934558783 6806
1.245901761378883 0.5986495369172005 6807
1.491535372588633 0.5327181851664049 6808
1.4824899816947 0.5279477018431258 6809
1.404731737046768 0.3772564970473911 6810
0.4678666637924915 0.4390287762520601 6811
0.57954847186162 0.2927290223053758 6812
1.418321180245798 0.3970310252628221 6813
1.41614478799081 0.3876086229033619 6814
1.423441938058593 0.3805330265980555 6815
1.328060918666158 0.3224274883734315 6816
0.5311791181509162 0.1599755381853731 6817
0.970115475929918 0.7450432952130034 6818
1.097021887786286 0.2535334986533593 6819
0.266095183131775 0.8006294913338353 6820
1.03855341939547 0.2354523818013815 6821
0.9749890850145154 0.3641869950150985 6822
1.451695378126734 0.4519947633248766 6823
1.442595593199063 0.3855300786424436 6824
1.475121266903933 0.9240481359210357 6825
0.9280894215322506 0.7658464724142383 6826
0.8902630695069185 0.3419886468854554 6827
1.404911774519809 0.5546957947666913 6828
1.455505441994567 0.73010217935341 6829
0.3393512178381469 0.7533564298211175 6830
0.343977502285479 0.7716363959849442 6831
0.407372701421835 0.8234748292271987 6832
0.7956149488474634 0.1766079091360157 6833
0.06979355387405967 0.4622117874290518 6834
1.221222752385881 0.2202835426051198 6835
0.4805207901865022 0.6635307140924558 6836
1.457524508586922 0.4075140882312461 6837
0.2089372093354701 0.7598233057316169 6838
0.09968011031774576 0.8689619752745488 6839
1.490107236298387 0.5523523443170346 6840
0.7642420387966156 0.1688148818703266 6841
0.3605134109489159 0.5068919956916853 6842
0.3781938314691085 0.5104524338873033 6843
1.419698657998249 0.5383137634635152 6844
0.1461744810323704 0.8465789132950827 6845
1.185582359311548 0.3754618580226969 6846
1.096674787335685 0.4394582117508792 6847
0.8769010936926007 0.5635815349140607 6848
1.222658820988176 0.3250451414275004 6849
0.8469789039377955 0.7612460256311008 6850
1.464566900720098 0.4003442759817188 6851
1.447987018554988 0.6366849203513634 6852
1.464285510822833 0.5302316608591193 6853
1.139096057338097 0.4605985069264288 6854
0.7509636970098457 0.246307113043144 6855
0.7639770256049816 0.3315106130398476 6856
0.2290688009147516 0.2279138782635796 6857
1.37506865432076 0.3243028252421011 6858
1.46046405149076 0.8764244357205913 6859
1.372100081042701 0.5463221307144958 6860
1.430866545406722 0.4095314525564487 6861
1.471623201818919 0.7973996019448567 6862
1.327010182783331 0.6938680734093762 6863
0.2014303546983706 0.8149192497324127 6864
0.6260168762740892 0.2240474590549134 6865
0.5290965220194512 0.4828851741372003 6866
0.5266241427495789 0.4677610362723518 6867
0.5378730839630909 0.4574716877526932 6868
0.6636932001693268 0.5207730884465398 6869
0.7438525644598883 0.6167305033736425 6870
0.4453113977973928 0.460805093088922 6871
1.111442035076243 0.8558942266779083 6872
1.185922957353371 0.297866419248151 6873
0.7011871471370333 0.8198314604280643 6874
0.7894959541479203 0.7313103791485496 6875
1.474863174177129 0.5655408555389289 6876
0.4112450196348887 0.4316585439531259 6877
1.201805276657735 0.2158006651075373 6878
1.296092148231474 0.3429764003766177 6879
0.1458546717343489 0.1907200957495259 6880
0.1676447474383368 0.8005211949699829 6881
0.06228526525255916 0.8583413032250056 6882
0.7696583500344834 0.4152900009005607 6883
1.356936413687005 0.6040662320815249 6884
0.09752687824378498 0.6377045247974745 6885
0.571924022940451 0.6428599647465059 6886
0.2616305580046019 0.6371973451570569 6887
0.5803869293763669 0.6760475466732443 6888
1.26180312110289 0.3252543775100386 6889
0.5314229469468458 0.06177880850172918 6890
0.256697446274444 0.2892095092620613 6891
0.479647105796277 0.484046660890903 6892
0.4656771194368526 0.1126498104829061 6893
0.2348736670991876 0.2561367003235152 6894
0.1644077692289818 0.8518520180256932 6895
1.492080157696718 0.6806929083001441 6896
1.492001862551418 0.622097414073866 6897
1.491734092895491 0.760951385536375 6898
1.492356932042679 0.7897554828516629 6899
1.491828666848788 0.6024156280191605 6900
1.482504682147273 0.5984737891661576 6901
1.491421142483832 0.8301818803775636 6902
1.419023465050728 0.4339089856913756 6903
0.1173221127117447 0.8036866516973468 6904
1.263560793580551 0.7700541519433768 6905
0.1757093299246248 0.05276765203037724 6906
0.5998635290855909 0.07683146268267464 6907
0.6192810048138649 0.08131434018021561 6908
0.6387593585893956 0.08553352588422308 6909
1.391306943270289 0.7148645244910798 6910
0.05343598622096046 0.6786575140980762 6911
0.6581159562701299 0.0902800951753663 6912
0.8694458672116336 0.194525092298339 6913
0.6969877718654645 0.09908617404145582 6914
0.6775334319982558 0.09476297267294274 6915
1.153427611440922 0.204457186680293 6916
1.156156610766967 0.2142010485113278 6917
0.1478722812416978 0.6339948324830451 6918
0.7164068304231768 0.1035621955508617 6919
0.7666548754425715 0.8206121018527683 6920
0.7357858591826405 0.1082116051656686 6921
0.7557256062074429 0.1124898103308878 6922
1.369484858927027 0.4153912703825339 6923
0.242852357641645 0.846092383160731 6924
0.8325542232495199 0.1301176866689146 6925
0.9105355340824748 0.1484214374022413 6926
0.6455405454289396 0.6335254341663717 6927
0.9299606164639066 0.1530403801414457 6928
1.38204774382471 0.3168429584992304 6929
1.432929692395418 0.3829419913957218 6930
1.027047995104547 0.1754547676293372 6931
1.262978797996618 0.7292614670519459 6932
1.248642011400478 0.7268941818419001 6933
0.06972288716194043 0.7553643510996884 6934
1.046465470832679 0.1799376451269167 6935
0.4052306347853705 0.05206137986421118 6936
0.7111636919884325 0.8555419552396797 6937
1.065882946560812 0.1844205226244943 6938
1.085029633423123 0.1890062564921846 6939
1.105109510687581 0.1951745681651269 6940
1.417111290020282 0.461232293108472 6941
0.5505799412281565 0.3945481817108222 6942
1.381040660793892 0.7539273128395246 6943
0.2279788893687708 0.5058516590918886 6944
1.459107125454013 0.3193711455052118 6945
0.3131280785220221 0.2525192765875505 6946
1.220855824244603 0.4255238472761822 6947
0.8317907111596191 0.8211306517802102 6948
1.114665939642972 0.6292161623365188 6949
1.314259916764565 0.6593953749433907 6950
1.465394406447501 0.668526256817084 6951
1.411749144787475 0.369883981594074 6952
0.4922910070138067 0.4998408223996261 6953
1.33772642222701 0.8010831286914355 6954
1.059423692768179 0.3667515920202402 6955
1.441727549226361 0.5152342937869099 6956
0.3071639372201899 0.1215711680094112 6957
0.3349429688884894 0.05217644902218518 6958
0.3075270389176374 0.8297552353188367 6959
0.2754651248886397 0.6905279723507722 6960
1.326275612977028 0.2850383582535266 6961
1.286204438267945 0.608231644925463 6962
0.4226333194025572 0.4827215252480661 6963
1.281074373749062 0.4192565901489875 6964
0.08433169828113334 0.812205433549834 6965
0.2586621791731044 0.4990560801398608 6966
1.339125042097891 0.3909275489328109 6967
1.337941794162426 0.4077303890942581 6968
0.1970563533957403 0.2721268023582467 6969
0.314999999999513 0.05242894622536671 6970
0.5213294800734113 0.7547691545722067 6971
1.136291983448723 0.8298607782340607 6972
1.370934703170553 0.4675797093230283 6973
0.9333534694391826 0.6805453521784252 6974
1.279866918871972 0.5152280390031472 6975
1.473302715949231 0.6976413640516352 6976
0.3077146100605821 0.1652525367707918 6977
0.2615820716480985 0.7819994064980206 6978
0.8676881291800251 0.3809195014205286 6979
1.481432224194816 0.7995738627561421 6980
0.3848635913893131 0.8001717199673856 6981
0.3013306771741858 0.6643462403164612 6982
0.4255301791178044 0.1966245786029785 6983
0.4141943751356951 0.1932112319882749 6984
0.9607614269184385 0.3936199683820601 6985
0.1198791056303787 0.5924939574308509 6986
0.06579384609207958 0.512024090383689 6987
1.348213201966912 0.3270670852913078 6988
0.3230063231371005 0.1048913180907258 6989
1.250465778570034 0.6484416183413951 6990
1.263569054367912 0.6504964418883319 6991
0.1955099959333266 0.5627043584029421 6992
0.2352341807360361 0.6643761053025302 6993
0.8216989620295895 0.335235162410687 6994
1.397424877893935 0.4939389215460568 6995
1.391495563006366 0.4352751601231538 6996
0.2880171384660714 0.3111010165148671 6997
0.2741959173895446 0.3068890678161441 6998
0.357323887688454 0.145692362932192 6999
0.2892969087478888 0.1828576336256297 7000
0.3270553936148146 0.6387723324713637 7001
0.2519324568013941 0.8841433805016822 7002
0.9233542412980842 0.3403029191068816 7003
0.9197800735280384 0.3282835649172441 7004
0.3169420896653308 0.8669217052017675 7005
0.1777638464109708 0.5579026325442951 7006
0.4484900213368466 0.8521431862974007 7007
1.222730370670801 0.5710725863352135 7008
1.234416122355514 0.5726783044126877 7009
0.3384387518442253 0.08905106916373756 7010
0.3578587289683378 0.8267061348829641 7011
1.240046588574262 0.4197053733820156 7012
1.349721323843139 0.5404510716466403 7013
1.215891064774316 0.4457205690409918 7014
0.1660716121777074 0.6388506817227354 7015
0.2873120973443118 0.6140163683621779 7016
1.369599645901215 0.3779645840574378 7017
0.04681310623079489 0.640765387340515 7018
0.1560856886276249 0.2741054239904414 7019
0.65784903453738 0.8411110566762716 7020
0.3529876225012348 0.613330147465652 7021
1.076543464971297 0.4116958443134653 7022
0.4605549538301264 0.77110323379234 7023
0.313374325568372 0.5896418348648583 7024
0.5250630027934154 0.5241409996652433 7025
1.246347062829532 0.2651882281637175 7026
0.3397399306753217 0.5639697114518214 7027
1.32424229493982 0.4837186909372015 7028
1.315463913744015 0.4917319590131385 7029
1.327725025230033 0.4650462804180703 7030
0.9506695397381694 0.6425818595276629 7031
1.396603397803687 0.4556967203269682 7032
1.200009685678501 0.3892409442990253 7033
1.354797634400714 0.3931308335391204 7034
0.8465192191337995 0.2190297335043149 7035
0.4104165143101724 0.7071572491073648 7036
0.4028828577001181 0.8052288999348944 7037
1.383620902584837 0.3629903795577974 7038
0.4325071598963039 0.4520604648448855 7039
1.301986260699227 0.2974967726176594 7040
0.3648396435452309 0.5396742885515557 7041
1.322725680301558 0.3681902034449911 7042
0.67834922552218 0.3545235825719475 7043
0.7711909073540297 0.2832010187055145 7044
0.5341633107879413 0.7422128019047445 7045
1.210127908307044 0.4665056490494807 7046
0.150557924900248 0.5174001539498528 7047
1.295789457855152 0.4984539566007569 7048
1.076617916568318 0.6875416770767683 7049
0.2462081464496617 0.1247527393003698 7050
0.457957713933408 0.5070480023394142 7051
0.6467469736326515 0.2624143779828551 7052
0.754403529372073 0.4469658268504387 7053
1.379967819651186 0.5383656154279075 7054
1.069426817405716 0.8147947650926871 7055
0.1421607936629337 0.8983293408739429 7056
1.268493852354686 0.6277400335448238 7057
0.4903946597571217 0.4726367009981535 7058
0.5120429746997561 0.4506787703500948 7059
1.33043074078555 0.5053570046672435 7060
0.6863165641529326 0.5551020027503907 7061
1.324539258466382 0.4246237008475067 7062
0.5426553153056093 0.8438093481122175 7063
1.206405494332043 0.7152550307511087 7064
0.1239408309972942 0.5430950282241995 7065
0.400301593560371 0.5657681494742207 7066
1.08920416298746 0.576591121136093 7067
0.5330020118080419 0.6779108207457542 7068
0.1587680269838966 0.1110047413315018 7069
1.189347493902955 0.4287733770391718 7070
1.24976909827834 0.3513335961969729 7071
0.9863847503849261 0.2962797037456717 7072
0.02817335464229037 0.5680306659730868 7073
1.208277775759384 0.7712709862614702 7074
1.072385972113899 0.3383681239213501 7075
1.030581983326977 0.3380588543107149 7076
0.8382800653872502 0.5664897141215866 7077
1.470221916614937 0.8511165328552841 7078
0.2060353185345729 0.4838216627398846 7079
0.5890044953235929 0.8902384583246756 7080
1.311902866607049 0.4810781558376928 7081
1.121696255974473 0.2420866549855459 7082
1.252403210839844 0.3922289700361042 7083
0.3126160004944954 0.4358550121235911 7084
0.7051149517311517 0.2754958064872914 7085
1.299097839919023 0.3531162468810637 7086
1.373324243387541 0.5873821138417642 7087
0.9712103085269466 0.5735490363091357 7088
1.026454176188756 0.2604365395251402 7089
0.2352947100528447 0.311463734174604 7090
1.004004608337113 0.2556326925018643 7091
1.014198520965675 0.1828467042965661 7092
0.5701849305018254 0.8852682434880622 7093
0.7945437817913211 0.2886984813662602 7094
1.062220670860055 0.2505839112153384 7095
0.9309294126105616 0.3229067499753816 7096
0.1803465576655856 0.4453068469018041 7097
0.9010414900556049 0.3785086617963657 7098
1.025616789791923 0.2226708004127751 7099
0.9527791662250316 0.2438583635986632 7100
0.6141898981287595 0.4932488743207539 7101
0.2809863076769869 0.4262606063870944 7102
0.9324601195229661 0.5847513183113235 7103
0.9933854540391718 0.3907085033437006 7104
0.7398895556056839 0.2863287108765452 7105
0.5936623948872281 0.7266461401284898 7106
1.174683281869135 0.5718469199050844 7107
0.5600710539950683 0.7818769683782532 7108
1.261014021115221 0.4556416499873783 7109
1.297953568928596 0.5478153571285295 7110
1.228853234149575 0.4170638501905069 7111
0.5513734634087931 0.7469593346342281 7112
0.1034762900600184 0.8174835960878829 7113
0.803375937485169 0.2493240686076143 7114
1.046030687659445 0.2277464765836109 7115
0.884186781467774 0.1873926417501238 7116
0.676284075349155 0.3902972135116674 7117
0.6645184201060612 0.4372642658833817 7118
0.9738324101413154 0.3238086286383774 7119
0.6155928924216238 0.5487454505468351 7120
0.863968414953765 0.1823734493994914 7121
0.7899254494055165 0.4444774565725241 7122
0.0648069742215024 0.577537081604081 7123
1.14839188103646 0.5646765675644643 7124
0.6447707717521194 0.5588667555847352 7125
0.8437533766623823 0.1773560960828663 7126
0.08342973276336652 0.449236382359234 7127
0.2476814550210499 0.7952827506827699 7128
0.5022571581308868 0.5467251524341707 7129
1.235714705875755 0.5168969334393272 7130
1.030225262422754 0.5502594002817552 7131
0.5261738851813127 0.2298911080757561 7132
0.14087728142139 0.128791973947021 7133
1.109153692069449 0.4092095245070294 7134
0.8063086210404768 0.3651159947836118 7135
0.6530507797847158 0.8233162499071961 7136
0.6150142387692339 0.264811086719996 7137
0.7813717939118996 0.2439316208086663 7138
0.541761222253543 0.1025500735407634 7139
0.7824006529018851 0.3584475859120221 7140
1.126770540349068 0.4576133850322503 7141
0.7963423721562746 0.5076947524919071 7142
1.205155466182664 0.3703998198955086 7143
0.3733059919963713 0.1376334495686711 7144
0.6570025992507225 0.6817272566940185 7145
0.2474874134074062 0.8651061930727032 7146
0.09264318835152369 0.6191763932946838 7147
0.1460459489833049 0.4998454237004448 7148
0.6770741583852034 0.3078415611487199 7149
0.7854400614325825 0.6136669602517514 7150
0.6811830695806969 0.6574039508787857 7151
0.8453383732198458 0.6718846700882436 7152
0.7310645437392475 0.7470225695079433 7153
0.7924379403021614 0.1660871996580157 7154
0.8760504849573387 0.679967680747926 7155
0.5908006396097418 0.2585594371709933 7156
0.6178668999878474 0.7018000165782784 7157
1.042609344526914 0.5910771089370748 7158
0.06158360859802833 0.788177706984218 7159
1.065565724212598 0.4883640016138276 7160
1.26790613951472 0.5134585253516912 7161
0.5982910615976105 0.3816811451002445 7162
0.9069232868922898 0.532101927055925 7163
0.8027068475205763 0.6755706731589363 7164
0.7181668121821893 0.7594445484749861 7165
0.9180404085514696 0.6766206436090874 7166
1.472407615964038 0.6613904264042397 7167
0.5973589908160319 0.1763108119124066 7168
0.9029140371856312 0.5182715586559732 7169
0.4800044205032711 0.2331911237806478 7170
0.8873025407837121 0.409021276149483 7171
0.5670303657948006 0.2523023170605176 7172
0.1562948217968052 0.6722821621392543 7173
1.182397161611411 0.2112772420425541 7174
0.7715942029299533 0.6673287738777379 7175
0.2336642788619779 0.4130673530440706 7176
0.7286294185113669 0.6704447372833195 7177
1.473923309786853 0.5326650262664399 7178
1.481007277029458 0.5168956530309742 7179
0.4201438540198755 0.7432350721301939 7180
1.233383820240589 0.4705214520538745 7181
1.100009715239812 0.485391405096952 7182
0.6851852067981776 0.8823890874844407 7183
1.167616686939521 0.7081819398302975 7184
1.040332991203893 0.540111970847527 7185
0.8914855949448244 0.5674494664005333 7186
0.5625481572914017 0.5065386171097903 7187
0.7510811094720771 0.1559656007391104 7188
0.5043528645966698 0.1735554538175055 7189
0.9754462572024469 0.6758983143789035 7190
0.6293862000418116 0.6290036231748741 7191
0.610069179269074 0.4233546255488592 7192
0.6138552074576309 0.4379211076507693 7193
1.087635087419835 0.6348846631169521 7194
1.46449076309467 0.912096602084651 7195
0.7399104892172326 0.243292791450082 7196
0.6489327030683352 0.5166707812394979 7197
0.6362415148678389 0.1367915859884232 7198
0.8344952548257381 0.8881463944793654 7199
0.6749985763499056 0.3418466074122608 7200
1.375003820257104 0.6293164069739645 7201
0.7011178296286193 0.4339256365394742 7202
0.3876818684460479 0.1757020829323781 7203
0.4481617565818428 0.3652957675125542 7204
0.555021910574677 0.3332558901477279 7205
1.19563575113368 0.6008481770858549 7206
1.131666948984101 0.7280149957152232 7207
0.4593391627736093 0.1623002170225125 7208
0.7983749575404402 0.8819340213262727 7209
0.5368932632794414 0.2218133566927619 7210
0.1106759944887894 0.4902583435626626 7211
0.3235429097381574 0.3491556712018006 7212
0.07831518085169588 0.1436278858454408 7213
0.590008354266824 0.3308482227788031 7214
1.211212498365686 0.3922057875986574 7215
0.5251432720907667 0.8385986914067541 7216
0.1762211134586623 0.4284561640967478 7217
0.7188295251253671 0.8244406027718109 7218
1.482911962576815 0.3696535447128599 7219
1.409069780514713 0.4312442403068868 7220
0.6142740107160454 0.221088435439522 7221
1.454753929815135 0.9262122473143665 7222
0.1943962645756294 0.3140506188059646 7223
0.5720795735066259 0.4263090819320709 7224
0.2089953789932509 0.3767894950595863 7225
0.2222350879264511 0.6762149572192021 7226
0.4283713175801914 0.08314127778576766 7227
0.4628676944126649 0.1738701680870497 7228
0.7568141113848554 0.4119228620599482 7229
0.9084415204200877 0.8079112520497965 7230
0.5333567215056789 0.4292673993680065 7231
1.241289626493745 0.3894821176126167 7232
0.04410001789050717 0.1444101764054155 7233
1.409759110012349 0.4686833649791733 7234
0.7632001731964908 0.4879119376587222 7235
1.099779629428979 0.6243259729044126 7236
0.7953078005193217 0.3741468599435806 7237
0.563912066949607 0.9172056911174447 7238
1.114800758099036 0.8095857968629937 7239
1.131427177286559 0.8133475341204465 7240
0.714899136781345 0.4395360117024181 7241
0.7842107217161408 0.8251192460682623 7242
1.356496594541903 0.2925007747356363 7243
0.2937614999942286 0.8431763703452879 7244
0.1538160158827392 0.7437915847851896 7245
1.228309633353726 0.6193025456693131 7246
0.07965194958672883 0.7933343643298535 7247
0.3752083689083228 0.1079204742988503 7248
0.7648328572096414 0.3757875029669835 7249
0.3025335019399776 0.3153091836924078 7250
0.4438931531601827 0.2236892260790685 7251
0.7736807385821616 0.2104414873531871 7252
1.076830976444091 0.3491115678131103 7253
1.243312813689915 0.4306677507689156 7254
1.437184579648255 0.8901868022385948 7255
0.4277930056718416 0.1227816656194501 7256
0.9231395724254139 0.1603633526766757 7257
1.005077767076816 0.290459567378817 7258
0.9439625351398627 0.8819694411268117 7259
0.8535123968658767 0.3029184677079891 7260
0.4202374922297807 0.09068490294105577 7261
1.100821346125932 0.7210542092564112 7262
1.218116514631485 0.6658864821611096 7263
0.4793290791184137 0.324054076211935 7264
0.40206618681611 0.7379625882485481 7265
0.4266030809040549 0.2412815797025826 7266
1.438841740620996 0.6704885712437105 7267
0.3338933632283026 0.2841557928533309 7268
1.063277723433179 0.7403154380676447 7269
0.7422032841117534 0.4433017009873082 7270
0.855101728910872 0.3778548808517722 7271
0.9174418851588362 0.4287426561963429 7272
0.03824706490774502 0.3371313068222143 7273
1.423153207445104 0.6842413154984008 7274
1.117343686643345 0.6834302321687837 7275
0.5456136896948679 0.1731075607323711 7276
1.017494970564193 0.2304853523646564 7277
1.448928747130108 0.7378478118873405 7278
0.948759036571566 0.3904589335392477 7279
0.7584360740645861 0.4594126120835592 7280
1.294010282165098 0.6325673373151625 7281
0.3193597625517812 0.1685103188058319 7282
0.3332709646340801 0.1844016754349667 7283
0.7379050600259047 0.5008844787176905 7284
0.5545988743797641 0.5329580118343514 7285
0.5375391493436079 0.6950577826882167 7286
1.440655839419221 0.5424774746852005 7287
1.339478198904152 0.5792172128356436 7288
1.401270417195247 0.6454109492122029 7289
0.9330176121652396 0.1627334151381439 7290
0.8906837156804426 0.1998877098897666 7291
1.294616118058925 0.3049648671645964 7292
0.9266954664628158 0.3524989660117905 7293
1.323386390494615 0.6819075871023883 7294
1.317420608359542 0.5739563034700392 7295
0.4349251751517453 0.8655458674985006 7296
0.05122341334277106 0.3865030719287657 7297
0.152284826706048 0.6527871601208235 7298
0.8127620071030393 0.1709099409657306 7299
1.050532610690858 0.4389591546466559 7300
0.986788274291941 0.8589262151582739 7301
0.1645546304319271 0.302579513381884 7302
0.2761404465571166 0.1230983814578065 7303
0.1730267474119095 0.3263239090846886 7304
0.1784766863806133 0.3411109827776889 7305
1.290194220194548 0.6203109664464489 7306
1.064532413109988 0.4087440784231126 7307
0.6282482928209673 0.1445133699654152 7308
1.007650497013743 0.1708853574776534 7309
0.3394414745610329 0.06109186793944996 7310
1.315339169932327 0.3761466819196894 7311
0.3071338294835081 0.2254288926714948 7312
0.4834352873509254 0.6021323286649433 7313
1.249874825782125 0.5653908720572695 7314
0.1950769346341555 0.773557991209771 7315
1.065678774293367 0.2603226044953963 7316
0.4226484431821559 0.1848479552694656 7317
0.7308137158659476 0.2518454537384977 7318
1.120839203078229 0.5586175565534989 7319
0.3521917638800683 0.2124004400524893 7320
0.3660480290971895 0.4200905343159339 7321
0.08999720657082763 0.2857000240405763 7322
1.046911782032808 0.4264760335620973 7323
1.377540710523482 0.7424971322415391 7324
0.202125729985446 0.345019562786041 7325
0.1871472605114066 0.3543027695926253 7326
1.255796586839038 0.5897363116554516 7327
0.2150114279450588 0.1262598653911245 7328
0.7429859926969222 0.1636434567676603 7329
0.9936738335437636 0.1777470433681971 7330
0.4177708699513001 0.4054446660755185 7331
1.45706001627577 0.8666006666566499 7332
1.008854879221879 0.3019648361543745 7333
1.308841242203711 0.3841925150078518 7334
1.005307889346337 0.3936392737610538 7335
0.6053282160124427 0.2295350855261947 7336
1.417036354158848 0.7316483845074624 7337
0.1876539965082535 0.09673246001358285 7338
0.844907561867736 0.3871629401772378 7339
0.8528367337966927 0.4115914945666547 7340
0.7287952981161746 0.6124929659010929 7341
0.819174667167145 0.3808185385217235 7342
0.2955978488346689 0.286603371519353 7343
0.4555260796949874 0.5359055228623359 7344
0.7000642813318891 0.3485834683696121 7345
1.243146420755158 0.5409206326809277 7346
0.1197948861676421 0.5253355215674922 7347
0.849407151375017 0.8256179995328556 7348
0.8072355364448804 0.2610883322924646 7349
1.242162722577105 0.3593880307678294 7350
0.1336953802264468 0.09344110342850692 7351
0.1016108199160781 0.5875441920630096 7352
1.163915086882658 0.867401825219742 7353
1.416826087164411 0.6275267404514772 7354
1.22653633099797 0.6935299443645759 7355
0.2673932461999986 0.2787111317855664 7356
1.112602721359206 0.4880075067495808 7357
1.425207708119599 0.355311506703931 7358
0.3433661362379214 0.1751015614133934 7359
1.363211461984831 0.8052548317291657 7360
0.6238757795525715 0.4274198362041091 7361
0.06522452436579716 0.4438828054394309 7362
1.275026568027618 0.8931626158328494 7363
1.315831801680877 0.7729961712714828 7364
0.5421914519378873 0.1626129862789042 7365
0.2984656399319614 0.8618466440650079 7366
0.6625595051538885 0.3383818161807122 7367
0.6975887216526649 0.7377005232192198 7368
1.173060998116026 0.2091992728925828 7369
1.401685657692391 0.4385589843491902 7370
1.05259779784047 0.8106877470053739 7371
0.1101939947509585 0.0771221033778917 7372
1.481684297413204 0.4329594427372535 7373
0.465307183928223 0.7889959729667259 7374
0.5180324109393234 0.08676672662434307 7375
0.9713057433792409 0.7017808031819129 7376
1.061595472754939 0.6838422885631582 7377
1.29680926448337 0.7919684452655871 7378
0.90443084661785 0.1923257344678026 7379
1.189157067014988 0.4723830757923951 7380
0.803051632985558 0.4477513409872554 7381
1.005251876628699 0.2175093658511695 7382
1.455780989524315 0.3357771363064743 7383
0.6000140705028878 0.8089477772319416 7384
0.7313391641016718 0.2948870790869991 7385
0.9723188160761238 0.8075225752578572 7386
0.05718645099205209 0.1027000289758033 7387
0.6510501241617074 0.4336386871224118 7388
0.6785141668163225 0.1474186193007172 7389
1.481432338650021 0.663487097038918 7390
0.4838390372729229 0.1075167221888481 7391
0.5338004102712559 0.1101529857264543 7392
0.5376003834883941 0.1207760903114795 7393
0.9399597615043324 0.3994138035413021 7394
1.236805479400903 0.4824807257095367 7395
0.1901011979357927 0.1079537041559549 7396
1.09171305309818 0.2345651249729017 7397
1.344328087357192 0.6759862661223607 7398
0.740114827719586 0.9164854504211745 7399
0.3424612327964478 0.2229366430061189 7400
0.9389721559987325 0.5976319798917936 7401
1.3692138674839 0.5355372475569126 7402
0.9113729615749536 0.2048454643296775 7403
0.6033196411037933 0.448606848213187 7404
0.6273574987914662 0.4416103144002504 7405
1.341197191568482 0.3347905078020562 7406
0.9730674658351709 0.1725054622732322 7407
1.411943894505683 0.7808754702764263 7408
0.8951064353311736 0.5826312533327258 7409
0.439641167609672 0.8836989680694256 7410
1.422135202366965 0.5792970793847703 7411
0.4110848191358731 0.4942935870691339 7412
0.9884311060576482 0.1664900672777364 7413
0.1977208394154557 0.1428398021695954 7414
0.1986607070776132 0.1555887609515786 7415
1.02735982031651 0.296253730699321 7416
1.148074104933269 0.6504596348050715 7417
1.387873795460217 0.8426236802629548 7418
0.9013486638743141 0.6150443972189217 7419
1.055722988540341 0.4176218379370492 7420
1.288789175432105 0.3506567856728008 7421
0.7219973383558185 0.1583625288213578 7422
0.9530763198086134 0.1676513593254022 7423
0.9950206076749784 0.2150092285800903 7424
0.1326665933467267 0.186530146325879 7425
0.3911229615080015 0.1876221822963703 7426
0.2542064854367577 0.1165643745065623 7427
1.286229713399556 0.8414554087221807 7428
1.186933865672147 0.7951531763287878 7429
0.5663929683373933 0.5215782368581158 7430
0.8310471640710222 0.3712664676965717 7431
0.7000929202486368 0.1531569330650936 7432
0.05360834916558185 0.7693857095391911 7433
0.7539015292287123 0.2160031196787181 7434
1.353501298056367 0.7375728178071904 7435
0.4709328819067814 0.2420931186748907 7436
0.9496348764450238 0.1576931667372216 7437
0.7914796989786684 0.6870743532431798 7438
1.181316081987261 0.8708988035843568 7439
0.1951725378010106 0.7040930875557913 7440
0.7309999565211183 0.1505745689232774 7441
1.2384859727563 0.819565253236506 7442
0.9862468871295345 0.2228140229356188 7443
1.366508475790348 0.8825755232408207 7444
0.3479862911564408 0.2881278354673623 7445
1.42523146590197 0.4912960767532571 7446
0.9404748042141731 0.5149268940713818 7447
0.7174056725441724 0.2374315968976153 7448
0.3893120448966447 0.8183954901572761 7449
0.8256120728659644 0.255035424091748 7450
1.031775349691447 0.3080400948541829 7451
1.43796093145511 0.6334479350748807 7452
0.1415924795686597 0.4172927053915761 7453
0.1934739454003971 0.6783945890178741 7454
0.5471450643494951 0.1223551394952765 7455
0.5754715176597972 0.4403848379952783 7456
1.436988224245856 0.8338669039006534 7457
0.9691408362146671 0.1621761785231558 7458
1.040878191343134 0.4025739010430074 7459
0.7167294076851037 0.6239094098248203 7460
0.9248736262229446 0.1965561696174781 7461
1.0085224767354 0.4053345397930335 7462
0.0176575375576647 0.6040378785615366 7463
0.6905540674011716 0.140021280041814 7464
1.421675651560155 0.7134616065385136 7465
0.6151667560938978 0.1314530809850514 7466
1.387050688658636 0.491230514611513 7467
1.314945981514825 0.8854997647545512 7468
0.5751064107113698 0.5827472929483621 7469
0.9834086546364118 0.2491496325919608 7470
0.7038399471970846 0.3613126960293891 7471
1.310052118495158 0.4420143263646091 7472
0.8278145810729074 0.1552180707132226 7473
0.6547313716733703 0.7574589269731777 7474
0.9438135616798151 0.2127717436109592 7475
0.6178398373062933 0.8138307525115323 7476
0.05449775510357208 0.0910077913641661 7477
0.9659917298774623 0.2177135799289883 7478
0.4956635658654408 0.7800924403476097 7479
0.0879343408032858 0.6007504857378696 7480
0.9347963015085441 0.1997628679951179 7481
0.9748528129172864 0.2099497982041963 7482
0.6228205669412271 0.7188701950555649 7483
0.5384174713014158 0.7594741705821254 7484
1.067346880114109 0.454998867403795 7485
0.1498421777662892 0.3892770961782621 7486
0.7108941399482696 0.1452559461502317 7487
0.4188450453528353 0.1308067157088716 7488
1.232055521357458 0.4280898038649859 7489
0.9133695967919104 0.1579656727296527 7490
0.9598236515702221 0.7136890793858425 7491
0.9552037814919492 0.8033596131508646 7492
0.9547217347266366 0.2048453076879834 7493
1.049575418497102 0.3015926951563889 7494
0.03178921193735212 0.1386730877840396 7495
0.07475501948603147 0.4130666896406707 7496
1.028947329824686 0.3995167601489143 7497
1.281674418677302 0.2923872454049079 7498
0.8298181401829319 0.2668826771349821 7499
0.7078581045088619 0.2458998160228261 7500
1.418877605717567 0.8684848241352424 7501
0.3032344564835984 0.880065541670895 7502
0.3856179225739325 0.1104899135029879 7503
1.212974781941071 0.7863685565377821 7504
0.3680797740215477 0.0602866054122223 7505
0.9497850985374838 0.899890735359087 7506
1.24554243801018 0.3702317569060802 7507
0.3549427878728467 0.4316042172568773 7508
0.6065441609620874 0.1391730929112449 7509
1.481521809080403 0.7728192599342548 7510
0.8233322393160171 0.1733323863426101 7511
1.435995038039829 0.6610965358488262 7512
0.1970348137059178 0.7973930630960082 7513
0.04344933711002397 0.2096070231969774 7514
0.4674054911474628 0.3337743082585541 7515
0.8546091488004665 0.8433227238276629 7516
0.4070707424883965 0.416645823064124 7517
1.362169007780518 0.5846267928171249 7518
0.1330287730995077 0.5125661343649 7519
1.175059536078355 0.5022260490875812 7520
1.062786105633256 0.4419074453827473 7521
0.3524480417909831 0.302615216696796 7522
1.039898632971108 0.8235924997012255 7523
0.4876780026100392 0.1185444892765492 7524
1.432839674115799 0.4835711067811277 7525
0.3351008481516994 0.1071990947370215 7526
1.002169987985258 0.5433757396084391 7527
0.4277009466474636 0.2609499673623995 7528
1.365711216146388 0.6378704863354077 7529
1.079481888108076 0.4576679432440992 7530
0.4386295199096563 0.3263396452980249 7531
1.354106929556903 0.3469200661310342 7532
0.2108309804087751 0.5012517868828525 7533
0.3973763501626351 0.5918001497156171 7534
0.3805324043262557 0.3102450698334597 7535
1.121419056497991 0.8902408235350586 7536
1.050304432080624 0.6952783642535351 7537
1.218710201202024 0.6292226186308822 7538
0.4060494471253505 0.1167616050529153 7539
1.216999037238351 0.3044059096361609 7540
0.3750668612659355 0.2951215330759767 7541
1.433172640677979 0.5521626647027493 7542
0.5844488330050766 0.1337906430398611 7543
0.5108554960538193 0.1250816522551807 7544
0.4540443651028994 0.3163825262694974 7545
0.285392356769497 0.2448029478513931 7546
0.6230045365524493 0.8317332676482337 7547
0.3758452471457464 0.8315658815979492 7548
0.552008937526966 0.4618370354194465 7549
0.4094078481198049 0.3184812785737047 7550
0.08744031267053445 0.1349838117855882 7551
0.5947583185520489 0.1259902052797497 7552
0.4824249177566112 0.1683434875642183 7553
0.7444409691313636 0.201158405486405 7554
0.8477064112656019 0.2605926886578001 7555
0.6942329058318811 0.2316321000220786 7556
0.5652631418205742 0.1172238341451132 7557
0.01688170026560861 0.6642634019436144 7558
0.9002225871866705 0.2328582454483387 7559
0.4110469636448162 0.1816461517099991 7560
0.8564672383902234 0.4245149920083104 7561
1.274479709300641 0.3670113526596981 7562
0.5211042145536244 0.1273904247441547 7563
0.8081032898368858 0.6916745020699572 7564
0.4861049009618146 0.1795711224030716 7565
0.2044134114120038 0.05225931412305954 7566
0.8092912709712028 0.9001716507423968 7567
0.1677361727679679 0.35245152912501 7568
0.7252978793998378 0.3552572299174375 7569
0.1153699406594658 0.5078571873974433 7570
0.7237661661110606 0.8420701380944031 7571
0.1921033732585652 0.3719128710970888 7572
0.4024938710948039 0.302747426856236 7573
1.281409072769624 0.3585636428234977 7574
0.4286661638221919 0.3073668747141514 7575
1.445610135943845 0.3336972458564749 7576
0.6847667107554309 0.2398136187449546 7577
1.483799128916152 0.6378675195045314 7578
0.9224221733794403 0.6917269157739632 7579
0.8526335678058501 0.2728584483188868 7580
0.2975046951160214 0.2345322617401374 7581
1.289852428013317 0.555652011370277 7582
0.8071967709106139 0.4609731454390067 7583
1.269021353539952 0.2799232539604383 7584
0.6976309860058598 0.6037959700400175 7585
0.5399267781193317 0.5283447976589445 7586
1.347044759384017 0.3548658554494638 7587
0.03009111946411707 0.2202893011672779 7588
0.7757832754674863 0.6829870683355741 7589
1.256484603407071 0.3050900172598328 7590
0.7889350218275117 0.842731350422834 7591
1.017406081930102 0.9177312858332427 7592
1.445750079953674 0.7997246962825902 7593
0.5751899611782304 0.1203798742108879 7594
0.1635244627143735 0.4404518641904334 7595
0.0777588645122437 0.2981606572982349 7596
0.9255229977512439 0.3842776729277333 7597
0.5100741830618508 0.1958798479145755 7598
1.035419053445688 0.6913573206200522 7599
0.08738132717806127 0.8829108975407276 7600
1.281763303677401 0.8272465859929867 7601
1.37929548369708 0.4988716823778262 7602
0.8697787213538066 0.2661698630307615 7603
0.2697650215387421 0.06089156997653709 7604
0.5814357345437876 0.2233311968253589 7605
0.4558163828692062 0.2267490443724816 7606
1.416412632957353 0.6554126208030455 7607
0.7303725721116915 0.212030714824559 7608
1.332988881632136 0.8259752841966361 7609
0.7229169886896428 0.307343613837813 7610
0.9573479812455288 0.4386648057723969 7611
1.001779176733335 0.4263693356538089 7612
0.8760402951747699 0.2792393641598328 7613
1.023733730733009 0.7028341974041443 7614
0.2415644572180619 0.06125903639146639 7615
0.9785195115791523 0.4201590713640575 7616
0.9470669337066223 0.4212188090356969 7617
0.3976521743501733 0.124793176729209 7618
0.6291260499563999 0.7368325296323001 7619
0.7296858388540716 0.3679402371886119 7620
0.05445289234849562 0.05199186186741546 7621
0.2996890893526445 0.06020315410687126 7622
0.2176528129026683 0.1379298292039234 7623
1.022966110255777 0.8193921652157538 7624
1.305347614371792 0.8969868465595044 7625
0.9224373318110652 0.2905649921363765 7626
0.9294976272658153 0.8290077134635345 7627
0.2849184093519813 0.2967390406755643 7628
0.9423644512239522 0.8162552026502916 7629
0.8917949419845647 0.271542058881706 7630
0.5047163125506193 0.1124766474801861 7631
0.7508130567442826 0.7069181210021795 7632
0.8839308300943951 0.8332263358069183 7633
1.202825748551136 0.7982636671818774 7634
0.7637860926993858 0.6948150834368365 7635
0.4785763965748178 0.5861611697842996 7636
1.231184848564265 0.8349226014464601 7637
0.9033209889652838 0.1555436634897534 7638
0.9028482382140157 0.2743310725059626 7639
1.365794352580955 0.4478141179980976 7640
0.9133757074244757 0.2757557962366637 7641
1.469167957104557 0.3216263005989787 7642
1.352342819595903 0.8355504988874537 7643
0.4549999999998822 0.05195889065492474 7644
0.03128738914295582 0.9154722154645528 7645
1.169571310799296 0.8839223692969131 7646
0.6700355378902194 0.266774624841591 7647
0.3744607503496817 0.450775427295422 7648
0.3806727211297652 0.8498778605151855 7649
0.426155356688226 0.4346402222780479 7650
1.343407787047697 0.2545269724243484 7651
1.483659065386744 0.8361006329479699 7652
0.6406030090640575 0.8363913648431898 7653
0.156384347727425 0.3647173352478399 7654
0.728494212332764 0.8599925119864782 7655
1.407484492634792 0.8666574167393214 7656
1.360947952733431 0.543441984935281 7657
1.485120834070632 0.925777998863375 7658
1.353946097836673 0.5929362648352301 7659
0.8784820086584016 0.6170682391938003 7660
1.153458598904538 0.6650604896334888 7661
1.371412707302657 0.5065726107168713 7662
0.5255601382978412 0.3121807411592686 7663
1.484075372633771 0.5680603227041741 7664
1.373154721136082 0.4258966264063825 7665
1.441729944385172 0.350038532392198 7666
0.06947086676562032 0.5956565144216764 7667
1.399824750045588 0.7075724294078488 7668
0.723322172491969 0.1959002261205223 7669
0.7347643265471155 0.7024572811602419 7670
1.430466160302838 0.8985372290878902 7671
0.7762712777682859 0.8558590728670523 7672
0.2572075410080313 0.1279483089492708 7673
1.224004874776757 0.4365421841972311 7674
0.829367037323638 0.4541064040419571 7675
1.443473973873383 0.6173019828470914 7676
0.1813344398018956 0.1163575132176633 7677
1.272170724537953 0.6403746486589212 7678
0.359665844054822 0.2385671934040943 7679
0.5361108199094307 0.4432555033835756 7680
0.02536360309031796 0.1752614312059446 7681
0.4108227417050264 0.06099275205141008 7682
0.3853171182969559 0.05178990085025394 7683
0.3762330896379533 0.5894821369003636 7684
0.2220404378558569 0.4252186540896217 7685
0.08499933931784991 0.08971360949248719 7686
0.03264041958688282 0.6528522941727496 7687
0.3851559505648618 0.8685671269177702 7688
1.491705664250693 0.7312087762463977 7689
0.09483045534908199 0.09044386761608626 7690
0.7075458545888185 0.2041638820365673 7691
0.2245834017995482 0.05318622984911524 7692
1.177102565291634 0.6572192300919218 7693
1.11965287483721 0.8258721031895778 7694
1.166137482915454 0.4225121501076856 7695
0.4820523108291339 0.05935958446653038 7696
1.182570106311365 0.671464704868579 7697
0.2707459318567776 0.2928680459504794 7698
0.05969648707110717 0.9008493196934196 7699
1.140409466635342 0.4297887960424886 7700
1.492078133737381 0.7025524346223603 7701
0.03361254980326173 0.8136291346649718 7702
0.8427809396122972 0.457924980098611 7703
1.155645466254337 0.4181176006717852 7704
1.491285743589147 0.3360494893044906 7705
1.227070693023521 0.4483068437788634 7706
0.1459671718345952 0.4349172800751252 7707
1.196887066797628 0.3783234788203476 7708
1.16513671584777 0.5806118123453226 7709
0.4633735731827363 0.7234531129585645 7710
0.8905767460187473 0.1438040372963896 7711
1.425306628425549 0.8297045063789176 7712
1.281261517166381 0.6301864089565599 7713
1.241893423832982 0.5846368112831047 7714
0.653220621189991 0.3471960022740814 7715
1.369034420990494 0.7512418183061721 7716
1.132497695717733 0.4124382443600212 7717
0.6310489475347478 0.4565278759843675 7718
0.07999302426876641 0.2375306793760845 7719
0.5151029449976747 0.06661638508424912 7720
1.341795682943449 0.632226063601641 7721
1.204938517909988 0.6629188535956251 7722
0.7158072706365242 0.6816665315071282 7723
0.3075988334086757 0.8978552708730043 7724
0.1926735720743274 0.8480658010245546 7725
0.6027302041013973 0.1879047933892877 7726
0.5253980577312067 0.7718586778759343 7727
0.3715474279399522 0.8826767210092715 7728
1.317496844272497 0.24146803719072 7729
0.1123960016079938 0.08727698996477792 7730
0.7153980714622288 0.8733157533076517 7731
0.7020782634870553 0.1920745823041773 7732
0.7812227136235415 0.8736150451769656 7733
1.263723700427116 0.9054760979146765 7734
0.05132617167538504 0.5907511388924446 7735
0.8483034465510744 0.4714600725008989 7736
1.350636749775374 0.8029979510201646 7737
0.2086708240610802 0.1466242507941869 7738
0.6691443091775622 0.1838155781779691 7739
1.358078473020121 0.4930901437069558 7740
0.5639539385980088 0.1674418809021151 7741
0.9784604870953277 0.9181880538553683 7742
1.41398829022841 0.7210767295167293 7743
0.01599952087077557 0.4430501225403812 7744
1.432012426607305 0.3480778620462868 7745
0.64109110486053 0.4447035182877578 7746
0.3786964616713813 0.4663733595961799 7747
1.379804827155969 0.8518352325613099 7748
0.5291180358615464 0.3254537235059709 7749
1.428854004637578 0.9165593634532161 7750
0.5284432331953167 0.5393265647685191 7751
1.491829544256944 0.5026458215879761 7752
0.1572403329788775 0.2328949994976036 7753
0.4902899265703033 0.4187416351886406 7754
0.6912283036639206 0.189305114603587 7755
1.158687653023019 0.6022874519149819 7756
1.218709839487866 0.4573532453788512 7757
1.38956187179274 0.425598179635892 7758
0.1163516709830824 0.2207717058437538 7759
0.6501118344150818 0.47016596367423 7760
0.2681038485729789 0.1311932444907388 7761
0.5183815856857565 0.2405132255449529 7762
1.155231558526785 0.2323816296203329 7763
1.245245521481062 0.3021529514187557 7764
1.182598572985647 0.3648827511807507 7765
0.05262020406788207 0.4067647474770757 7766
1.347261687590559 0.5298296305321272 7767
0.1250323685644316 0.05066358253001793 7768
1.318904475967975 0.6708352234842454 7769
0.7502078450477634 0.3613028688536738 7770
1.428237837079987 0.3643159633487212 7771
0.5010904309028672 0.4079518806979459 7772
1.261098782131201 0.2873591810362226 7773
0.8140989857224558 0.2109452608796329 7774
1.342717200902291 0.5900396986870922 7775
1.409100867965067 0.6362649063186964 7776
0.5123682204289042 0.7845665414123075 7777
0.5330763705120651 0.3388718067252984 7778
0.3514587023294603 0.3594378827418124 7779
1.137905917155622 0.4934895203186349 7780
0.6965478631923487 0.6613664273970169 7781
0.7549599759494443 0.9006630192661046 7782
0.2502773124256617 0.4181038194666727 7783
0.4468207729500379 0.2355629293923638 7784
1.240391131397128 0.271241890560572 7785
0.4578800789794773 0.7047236076219385 7786
0.6574826569061987 0.1813215832247589 7787
0.8831527328850514 0.1507388522207582 7788
1.145175658846509 0.2580230754106788 7789
1.107607484488345 0.8388448592385898 7790
0.122403488870717 0.1954664513652584 7791
1.148294753224875 0.2388877469974692 7792
1.039417091891443 0.9181887377595981 7793
1.129030734120628 0.5024947488543847 7794
1.28036430023338 0.9071539268294561 7795
0.4508344311011004 0.562235937898534 7796
0.1021714615878431 0.5207590783797195 7797
0.2006036596277621 0.2332518443044338 7798
1.483255053555827 0.9156098903598633 7799
1.155641260774835 0.2610825708012613 7800
0.6486929574215141 0.275308134116779 7801
0.0979289193790442 0.3194724089132712 7802
0.5615460319082393 0.3576116152127504 7803
0.3828441291630511 0.4820817837830365 7804
0.5562556163372901 0.175292517030117 7805
1.174073707121121 0.9019866262371596 7806
0.2151163678906401 0.2235675734380488 7807
1.276305147958924 0.6524040382617354 7808
0.9428270937900943 0.710218639682519 7809
1.198437855138738 0.4635355793423033 7810
1.304624542914529 0.7704014918866231 7811
1.25780854945209 0.676186424001388 7812
1.020205044850424 0.4083106618293281 7813
1.150177212577029 0.4965250387854062 7814
0.06776442526901737 0.8784664402937123 7815
0.6849129799763101 0.7498503460266868 7816
0.08434352802841441 0.05148569192938783 7817
1.429237156189856 0.8016531895388691 7818
0.629232522279213 0.3528647056138252 7819
0.1949999999995019 0.05152362875100727 7820
1.154117073755985 0.5083547606276294 7821
1.227015712602809 0.2583871678019752 7822
0.4028015102302949 0.1903708961755161 7823
0.3491548450541924 0.1214015079830235 7824
0.9265630681422887 0.7062376215620678 7825
0.9331509698544018 0.2373895122970126 7826
0.7029536572661503 0.8864153194492392 7827
0.1749914547935462 0.1488227622479504 7828
0.8177158023818791 0.2942109009099897 7829
1.239195639488043 0.7376043518781927 7830
1.356437400756987 0.7482937239491187 7831
0.0321720461157186 0.2979722955075224 7832
1.356188039163183 0.4309567185806328 7833
1.166899701063435 0.5113545058181375 7834
0.280095992593086 0.2043305029027243 7835
1.183580947725315 0.2601374673124594 7836
1.174083501661204 0.3726433556674509 7837
1.147431386372316 0.2118533775314458 7838
0.9897731444964145 0.469211805355281 7839
0.5168321352954478 0.5507044406237022 7840
1.262337177865648 0.6888074489577911 7841
0.5918268743056507 0.3432190201625677 7842
1.214654516750159 0.2675314869206896 7843
0.6452842951292833 0.8541713725699068 7844
1.310294396085268 0.7466493079855903 7845
1.152295674215733 0.2226062003445861 7846
1.177485023542706 0.2456338714400802 7847
0.6488945782085441 0.1889875578633453 7848
1.305017206002325 0.7360356225269902 7849
1.198408243034766 0.2526711957377943 7850
0.6152288681767683 0.3369885372136121 7851
1.010742541601427 0.832053375684724 7852
0.2143694671946858 0.1717019729521062 7853
1.207698722777889 0.2532715056757128 7854
0.09013144988664619 0.1476546887793945 7855
0.08844991840252031 0.5336879438123598 7856
1.22864306872374 0.5262672738943037 7857
0.1348118299183171 0.2407396452515387 7858
1.487340389941449 0.2895289184013857 7859
1.141565259481566 0.2469118771602111 7860
0.8263769957996174 0.1366645658692944 7861
1.210035836852039 0.3121421937817402 7862
1.439508490066117 0.9173394264564535 7863
0.9126465351743505 0.8246025123307117 7864
0.8197945607966437 0.7241670377837379 7865
1.367129562273021 0.8495960431346302 7866
0.8707654610535265 0.1391535771041262 7867
1.432293027543496 0.8150430242465565 7868
1.116507912861758 0.4998835581491728 7869
1.105762140839123 0.7352487307049682 7870
1.429861730798358 0.6680357386517626 7871
0.511851762937281 0.2617722845352437 7872
0.35716020839965 0.08398949285389513 7873
1.365581843473055 0.4321671073386548 7874
1.341829007940909 0.8136683559400759 7875
0.4381010892015172 0.2439701665208265 7876
1.338867884243263 0.5379180615492301 7877
1.095998816671953 0.852275378213549 7878
0.958394182526223 0.9173677100015556 7879
1.356096315751932 0.646409076642235 7880
1.134099152718561 0.1990058894542171 7881
1.192803640631291 0.5175133796614013 7882
0.3768365810733071 0.9006643447532612 7883
1.472807860250107 0.6003880527431575 7884
1.492591079063248 0.7410277778439267 7885
0.3715386131411091 0.6159383077595998 7886
0.6717032125292642 0.7621043756975718 7887
1.332123159662955 0.5870309125466415 7888
1.186387515464075 0.6099943880758745 7889
0.5899103308254202 0.1838837929787247 7890
0.1234334595511216 0.680378450171139 7891
0.6325070136208335 0.8672907427910665 7892
0.5497688491959519 0.3560882058153368 7893
1.160120219987522 0.3592661038639618 7894
0.5640400393119676 0.4511763887679732 7895
0.07048055914177082 0.5288220989020856 7896
1.493123687038782 0.4043802154502054 7897
0.5784556237077104 0.1806570852057219 7898
0.8003640556755004 0.1332865906418411 7899
1.204431451126355 0.6260261615385068 7900
0.8138818222969035 0.1255139130933729 7901
0.6400960840319772 0.2815780891747133 7902
1.331695530998294 0.6735315257364307 7903
1.212044670817149 0.5108623916492423 7904
0.5749125899726579 0.1701462394526821 7905
0.6279440048947846 0.1947303408589763 7906
1.125306170498289 0.1975267308875001 7907
1.404056257230589 0.8863810330882257 7908
0.859374407239704 0.4951954200768307 7909
1.485927465304946 0.846603582893527 7910
1.09561239064507 0.7468069052233852 7911
1.212612918899744 0.3224827487596488 7912
0.8631211106301813 0.1459260461767831 7913
1.199878218530251 0.6133735127108002 7914
1.267553641020134 0.8237874438021831 7915
0.5767096277711339 0.9033240701853128 7916
0.5050955403397428 0.5621320620099194 7917
0.9011585928794925 0.73081673456003 7918
1.329007298214984 0.5467712802931028 7919
1.421399131825247 0.3715082112945858 7920
0.0858602940510131 0.3338035247970556 7921
0.3857634572842122 0.495805665673506 7922
0.1703475077678637 0.1134120773607106 7923
0.7802836263655206 0.1272509150972947 7924
0.6398843867327317 0.3438994754482918 7925
0.8515006981497241 0.6874271177934996 7926
0.9953164950999953 0.328874536995263 7927
1.490997330993672 0.5828367210073317 7928
0.1124331329828956 0.2059622660578852 7929
1.011050775497738 0.4174055961123563 7930
0.1619529272041108 0.9019886249992581 7931
0.7945482821560603 0.1196146075077662 7932
1.287980478519161 0.2342988204334576 7933
1.007698397344508 0.3319456635499871 7934
0.5129502647566357 0.05614259239016131 7935
1.171407507909195 0.7218754933269946 7936
0.260030995989401 0.3032692055120473 7937
0.9148196340838887 0.7185836605395126 7938
0.9003689155186191 0.8372151495782989 7939
0.6369742668536676 0.8855651248615277 7940
1.491759818866917 0.8906786697983098 7941
1.015350455681716 0.8491851185560424 7942
0.9567969924819555 0.4837536316319951 7943
0.02349378132845673 0.1601447218717916 7944
0.8657973301779874 0.6886021299908971 7945
0.2551375556064912 0.05139222858332346 7946
1.121345948174508 0.7384309885428839 7947
0.9665153537797501 0.4756995250509973 7948
0.7036335830902476 0.447461039369787 7949
0.9459847863690445 0.2520441494183132 7950
0.4648533717270418 0.5649639748476976 7951
1.172599140594549 0.6064348336710947 7952
0.7593296649663632 0.1216768022826923 7953
0.2179789209543186 0.184935752583283 7954
0.7489245088666587 0.1190418259139132 7955
0.7864448432371871 0.5651573374667341 7956
0.09075362729662079 0.6890089975899745 7957
0.3412474094261581 0.1298717618722073 7958
1.418251599266824 0.9159380385422909 7959
0.7195643440484732 0.1120328027485318 7960
0.05158245877401049 0.5238020859968946 7961
1.310994221640078 0.9096899547942829 7962
0.1389522638483058 0.25475075322611 7963
0.4991826089143444 0.2593435789203603 7964
1.151242205592476 0.3667556461109337 7965
0.02157450783757974 0.1454952416723556 7966
1.084650861328768 0.7584563186507054 7967
0.7757289333206778 0.1171239941511292 7968
1.484329589975974 0.3801338131329429 7969
0.6187349672461445 0.1795765242203053 7970
0.739048213387961 0.1166985359652687 7971
1.32057070928646 0.5023485133182318 7972
1.464831349637433 0.597682848755813 7973
0.8510677388493071 0.1345738471327314 7974
0.03235304653123341 0.3757303110742138 7975
1.011507152282224 0.3426807681677462 7976
0.190515824190955 0.2138814020582825 7977
0.6420806681787821 0.2995765507807538 7978
1.354558622327801 0.8470329428701793 7979
1.187884778874159 0.5053665358712155 7980
0.1540357233820737 0.05131064704256309 7981
0.9883245727616488 0.3367712972013861 7982
1.208229210489647 0.8143435070478959 7983
0.5000918776154367 0.7972783270601156 7984
0.5490768048181663 0.1834109373101596 7985
0.7292942901672564 0.1143400242555366 7986
1.288360632384492 0.3799487329964295 7987
0.2583156076670113 0.901960977064814 7988
0.4428943935141481 0.9018013451395919 7989
0.0331897217128268 0.5866631759918859 7990
0.01328958521414671 0.7446721846727571 7991
1.13677628671556 0.7422969466502018 7992
1.492121564488107 0.6425857515749969 7993
0.4927202853065873 0.5738877041370554 7994
1.068709187337856 0.269965923852293 7995
1.106916466221377 0.5094063782953147 7996
0.0364820241221081 0.5184035715390659 7997
0.7821640072023117 0.202678809770054 7998
0.8492773836872862 0.505528254966282 7999
1.483508554777207 0.5368301147728823 8000
1.491826772448548 0.5137353886646914 8001
0.8434587609493993 0.1412207738484344 8002
0.2969274034402629 0.05134276599261635 8003
1.492178014526806 0.8108937974049734 8004
1.003519952761535 0.8625437872279726 8005
0.2342554001252166 0.734740454838929 8006
1.296132084037225 0.9085558536344035 8007
0.9772850865408398 0.3342146476303101 8008
0.2974114168252486 0.3563773365099526 8009
1.444663358189529 0.9258810923960916 8010
0.7097613657446484 0.1096602078749477 8011
1.26715689166495 0.6633356610211828 8012
1.198645045088354 0.9194830084244164 8013
1.142923733685817 0.7571998984009733 8014
1.02258206343364 0.3457269387599046 8015
1.114295321160598 0.3593183934354076 8016
1.10133689509478 0.8662479916954091 8017
0.4277562719455512 0.9187412728100949 8018
1.064314480696508 0.2865287115160706 8019
0.4058888009078913 0.2019407159875028 8020
1.067969657796081 0.754989211890625 8021
0.2710079762948087 0.1426344850253713 8022
0.5459556577297969 0.3423475979174976 8023
0.309896304679241 0.1770098153739881 8024
0.5048433248941869 0.8149227608672853 8025
1.097078875115994 0.5188847454044724 8026
0.87568873432522 0.7105236551049793 8027
0.3290411524616509 0.05972132308534679 8028
1.256880404563459 0.8343902044503853 8029
1.026112524822783 0.3566017210999085 8030
0.4970627718922813 0.1818597933226555 8031
0.321474528189886 0.558403006662593 8032
1.244678794050615 0.8881212279301409 8033
0.1088508756740532 0.3490805800052586 8034
1.493624919171228 0.672229705752304 8035
0.1612582600720414 0.1217688623046855 8036
0.395140619400253 0.9048773206821086 8037
0.6930058930109644 0.4584582002635949 8038
1.492885844602089 0.4744646529607277 8039
0.3645461402842917 0.05118370763982005 8040
0.09270456387695454 0.1603813341803265 8041
0.4902555766682018 0.2683333106115607 8042
0.7570829576215196 0.4992089297026279 8043
0.1944531041611595 0.9031236145832489 8044
1.38211016607148 0.4010044817880795 8045
0.5407128064113378 0.1915130810311062 8046
1.128587898619305 0.3491167033138211 8047
1.037621551685196 0.360305397018471 8048
1.325499616226142 0.9109809124796403 8049
0.8386288375523347 0.5156019032054691 8050
1.204366060212889 0.3310201891821368 8051
1.042108852759424 0.3722028332452139 8052
1.414304968496563 0.3787306114316393 8053
0.6385622706470091 0.1859125732912358 8054
0.03273339859104051 0.7924821459013816 8055
1.050967355414675 0.7507819859396713 8056
0.4321269409527723 0.5280143078232635 8057
0.969673624813417 0.3423355801440462 8058
1.054137839263519 0.3756047063325452 8059
0.4401768144208075 0.05901321037290622 8060
0.9812083948720199 0.4784682761443797 8061
0.4802145368283856 0.7289125140685174 8062
0.6836618676372272 0.1112894736247551 8063
0.5094893322593734 0.8331534441770009 8064
0.01532482160582557 0.4219068770470164 8065
0.1427258006399415 0.2700929886892532 8066
1.128897263772644 0.9075788026146235 8067
1.483775568313253 0.3427519398776753 8068
0.2641602108767735 0.317053983736531 8069
0.3896397249956875 0.5201967223129728 8070
1.137727549394417 0.3530043323897596 8071
0.7000136540454334 0.1073315522729271 8072
1.455736873456069 0.595657504493962 8073
0.4764827587026828 0.4165269290869219 8074
0.4814675247723484 0.2769609934719106 8075
1.073866460300836 0.5253245432819226 8076
1.443739865986449 0.7556121754577014 8077
1.08447096611151 0.5162084199811982 8078
0.5298279826259606 0.1888808093804132 8079
1.260476107085401 0.2275886283786618 8080
0.2611211019554109 0.1515117827070115 8081
1.006352859853573 0.4837893457735236 8082
0.9899762913017627 0.4234393484069517 8083
0.5958041606674289 0.9079030724243582 8084
1.106094083214923 0.3434960681319253 8085
0.265353622432575 0.05184365558683579 8086
0.4234565039100056 0.05153780834242898 8087
0.2990792768866449 0.3730930409687977 8088
0.9818751194639022 0.6903401764179372 8089
1.312535019686783 0.3942777778516447 8090
0.6766885613639438 0.1188341355125154 8091
1.402683796292613 0.7180552367240873 8092
1.002701241672693 0.4723751260948217 8093
1.096078040322738 0.3427351296657273 8094
1.1844641959882 0.3372676183389067 8095
1.320880963851183 0.4147696351617298 8096
1.307375454388063 0.5001796616937197 8097
0.300562511133032 0.1861389115586662 8098
1.316340683675534 0.4045675769295825 8099
0.9607250823512584 0.3505816109813291 8100
1.309442145887053 0.6797559852639536 8101
0.6830448048895286 0.4660032619619685 8102
0.6419046728519918 0.09355465582749431 8103
0.03010612933299824 0.6334505215039662 8104
0.3799591143569568 0.2479677058423106 8105
1.275222644478012 0.5394426632559294 8106
1.138269095917134 0.2094553774840786 8107
1.492365683846633 0.6535096689406845 8108
0.5128522654801194 0.90331027469902 8109
0.2351255916259482 0.05098568726145774 8110
0.6084799045325111 0.2727373828606819 8111
1.493765224991122 0.7811354844471675 8112
0.7981326020166276 0.2986055764138493 8113
0.75396886516524 0.3730335747280445 8114
0.7633773371155927 0.2079669551969743 8115
0.1037885308127824 0.09450000231796227 8116
1.008616102335457 0.8815114723162916 8117
0.7845983101158531 0.3702030443754482 8118
0.1300261063514722 0.2252203686464281 8119
1.081933705969428 0.6032208832576297 8120
0.2676832698582032 0.3321145330350032 8121
1.017023061856121 0.5837168392567453 8122
0.5004516271237015 0.1938456084153114 8123
0.8984317131035273 0.5986638098736283 8124
0.3977078164741757 0.2115251360074786 8125
0.651715376915301 0.09586237700415223 8126
1.411298610440463 0.3345680529702818 8127
0.6711577668124939 0.1002317113192394 8128
0.3877392727515768 0.1220562849890613 8129
0.7733609190109012 0.9019109623263144 8130
0.8243714159058648 0.5124691981220439 8131
0.94099626985614 0.2727776864430171 8132
0.06749463924012856 0.2345211597024065 8133
0.6614711974626909 0.09813997353679707 8134
0.6808683981529992 0.1024649485204621 8135
0.9485728292898896 0.3486256995904405 8136
1.444722336362539 0.2691841495472202 8137
0.1517048768969962 0.1308920754072758 8138
1.416658585374295 0.31464717854226 8139
0.363169276561002 0.521978959680908 8140
0.08362195724934976 0.1679048785481546 8141
0.3578930518513503 0.6283885960311257 8142
1.418420418325252 0.3290759172783296 8143
0.8435519009197401 0.5800174341086075 8144
0.8991648923257313 0.9213265127647451 8145
1.484664801422327 0.6082883366234737 8146
1.029931099931456 0.730991209080073 8147
1.493281032329228 0.4448935104643551 8148
1.2181594984119 0.9199823098814022 8149
0.5248461977195484 0.4533861706960809 8150
0.8101271745216063 0.301563864078264 8151
0.6840981436051373 0.6724919789780296 8152
1.174952044913091 0.3229545467245847 8153
0.5135466001027267 0.8514970768127821 8154
1.408656842069512 0.9157268670666444 8155
0.4688104400024161 0.2737302799565323 8156
0.1902767559135349 0.05894282633240901 8157
1.08630153091376 0.6185879509498398 8158
0.01973961238932744 0.1317982987994518 8159
1.395821087437967 0.3367729782713921 8160
0.5213529426212945 0.1974462221810611 8161
0.9386953408669874 0.3567621744308127 8162
1.435923582191011 0.2683541605355068 8163
0.01103790724046324 0.06914545617806782 8164
1.431751066261124 0.3145603165583962 8165
1.381967004698703 0.423181613866879 8166
1.483604477827726 0.3170003693334688 8167
1.013136382725016 0.9015346469852157 8168
1.492440144502031 0.5708606209008528 8169
1.483501773697129 0.5590887881568576 8170
1.443405231162333 0.7894066232282195 8171
0.7860927589201464 0.2958016084817079 8172
1.406495174323225 0.3861423780494687 8173
1.314726178282526 0.4233556411976908 8174
1.006530837652989 0.682014569107076 8175
0.773406003773963 0.2934494499501528 8176
1.057992565652118 0.4953140939757751 8177
0.3272354812872377 0.9009905215846663 8178
0.5981417023711741 0.2873512639322665 8179
0.6904601255354649 0.1048732160470837 8180
1.046075025822817 0.90391608729704 8181
0.03085665648961108 0.2829344760896924 8182
0.6696338453909794 0.1271170872283309 8183
1.193892903223608 0.3292092653599976 8184
1.161764010298568 0.3325943139872003 8185
0.2781493666393818 0.9044563018507887 8186
1.430364253727334 0.3000315294629733 8187
0.1476532994209802 0.3752053371044965 8188
0.4005848145968083 0.2227560335037458 8189
0.1141423537644072 0.06139850121443871 8190
1.422634246160421 0.2755734749749274 8191
0.7751573103251439 0.3796933906419849 8192
0.3508526072864951 0.5341648882306991 8193
0.8886990603058473 0.8497419062056442 8194
0.1465426600631239 0.2857123381726592 8195
1.160114566211561 0.9194169377962249 8196
1.286387974750354 0.5438373855199607 8197
0.9327251577653906 0.2818388532141336 8198
0.04453967204843928 0.05153023419422766 8199
1.234403382113922 0.853292138661755 8200
0.5008438300976656 0.8668655684790072 8201
0.8143100442746452 0.5225995703766626 8202
1.459013470819524 0.9182936006811104 8203
0.3996875133540058 0.05913316551777643 8204
1.442676315103268 0.7808584445784374 8205
1.445197591605575 0.2999908793789378 8206
0.1835643812433936 0.8065138832941042 8207
1.398784953209488 0.3931472257273083 8208
1.282098185051906 0.563891645392368 8209
1.240069161085845 0.8705326386700798 8210
0.6833177519202818 0.4875756820240446 8211
0.9973777967154557 0.5787238273117939 8212
0.9483329059440582 0.2633818628362421 8213
0.9682534267283129 0.4294801663647219 8214
1.388238910383453 0.7045228378273301 8215
1.463611485106882 0.5544908936583302 8216
0.8336656327564058 0.599693899678662 8217
0.5059126835688563 0.8855638119209841 8218
1.473340015976233 0.5567839808153886 8219
0.01263779497072796 0.5051254781220899 8220
1.15182089925966 0.576668322601509 8221
1.244067994524666 0.8313159804598643 8222
0.708158116502694 0.9007185306545064 8223
1.492544898706019 0.3071096794419896 8224
0.6717463993749894 0.6854044090040112 8225
1.443339120723079 0.2856809314086519 8226
1.294996640487287 0.6777778844535036 8227
1.310788072345939 0.5824062760227955 8228
0.9069310973988032 0.3279883998480294 8229
0.2450658419230753 0.3586740997161948 8230
0.1431037018443212 0.1419195011338918 8231
1.153649232318111 0.3180145790905288 8232
1.455504359521083 0.5615094340121147 8233
1.415848122291584 0.2628064153498911 8234
1.03860814252926 0.480670143127402 8235
1.034072485285623 0.6006555367863963 8236
1.286561352086657 0.5767012002260281 8237
0.8342988104551616 0.1386863767298182 8238
1.493682424966617 0.7113097436661354 8239
0.3453690575913935 0.6409697320945006 8240
1.434765961888798 0.7664411405987012 8241
0.2701892852136953 0.2000275399881085 8242
0.4558684955563917 0.2704126323578711 8243
0.7645596924347584 0.3019906011951567 8244
1.398063465367922 0.3509274443677368 8245
1.381551747732618 0.9155912151615132 8246
0.7992858492384173 0.5191528193567736 8247
0.4889483058038082 0.06396112159963942 8248
0.2564251121715153 0.3450673990378111 8249
1.139778378117245 0.3271462380176259 8250
1.339433861841755 0.9122441455521562 8251
0.09465099557198384 0.8997781362489565 8252
1.382361552656861 0.3526917551672332 8253
1.298697821297136 0.5794492312746148 8254
1.210331345769234 0.6760550077185086 8255
1.375191744127943 0.3599443807661611 8256
1.028354131197448 0.4762401112340644 8257
0.2905608611639633 0.1954863505125156 8258
1.306554928982739 0.4326016121972462 8259
1.403486857043041 0.2708083191718324 8260
0.337917711253474 0.5459207801704629 8261
0.9209255652605788 0.3182545689284212 8262
0.2485860139541585 0.3751814747415158 8263
0.1884840526773904 0.8261852170122364 8264
0.8310075647428508 0.2972937533761392 8265
1.137421963175659 0.5734408151697111 8266
1.018954098090159 0.5953793701950267 8267
1.485811229920052 0.7452491452018026 8268
0.1515102115764488 0.3015223034671752 8269
0.6272119694210551 0.9184523849266306 8270
0.6410994509902703 0.9038524075528365 8271
0.2830049452953012 0.05127710085488831 8272
0.7568165652889738 0.3104663064606589 8273
0.6723558784593225 0.1376452734836621 8274
0.3927127964149837 0.2319648724598919 8275
1.39653135355865 0.2582414124520644 8276
1.132074509754924 0.3124356733470271 8277
0.9294003105937552 0.3964639783481725 8278
0.8707996436318924 0.3187357008944513 8279
1.217098778731373 0.5239028747226542 8280
0.7872839282197729 0.5146623427235044 8281
1.124140242491015 0.5701720547754061 8282
0.3320819283093195 0.6536371224752726 8283
0.9137712131355713 0.474828140879375 8284
0.8469310751576666 0.3115628596582961 8285
0.6604958206657352 0.6973415859732046 8286
0.4421421227799618 0.2664453829431976 8287
1.448971389742672 0.6026738935154361 8288
0.940477929707594 0.4681670844884034 8289
0.4713334285514689 0.05840074706316837 8290
1.484237145391987 0.873154806107353 8291
0.1797638236220404 0.858270703875133 8292
1.383913969079873 0.2660060969939269 8293
0.8398168188993556 0.9217963550646917 8294
0.05115187422286324 0.8700807236807926 8295
0.27415586532533 0.3740904437255766 8296
0.8928188736407872 0.8677842171996788 8297
1.122662855819445 0.311661560514096 8298
0.7706331108698553 0.5274938110283436 8299
1.105757464163703 0.3175828845711058 8300
0.9295214621543866 0.4637823060565671 8301
1.447571659735044 0.5594762237876653 8302
0.835020402187084 0.3084863709777271 8303
0.1781096545222374 0.9061480025497405 8304
1.037949532825552 0.6135670690666636 8305
0.2417227708083668 0.155156328901514 8306
0.6036872096298828 0.3467343904878251 8307
1.214696486472784 0.6897694501452313 8308
0.513843044615977 0.4636918180752332 8309
0.9367192622181264 0.4198582018095587 8310
0.9859562620205921 0.9044762507771563 8311
0.8251011631719066 0.8998104827407951 8312
0.8637579983357304 0.3036328571267387 8313
0.932905214947244 0.4087274024358307 8314
1.321676959751128 0.5845186254799833 8315
0.8912019914485564 0.3130341902537033 8316
0.4674286876941587 0.5775590476920739 8317
1.091261474740137 0.3048883233578218 8318
0.7576760979578765 0.5228336447207981 8319
0.8811492857806358 0.8816606316372247 8320
0.9038926426132484 0.4570217665903153 8321
1.285843661013173 0.6875056651100726 8322
1.072471175123332 0.9027432733721871 8323
1.377124907128723 0.7017605144257353 8324
0.8103007869459531 0.5706662856551235 8325
0.9907808597197704 0.588171478736615 8326
0.01623426820172243 0.05038887069127278 8327
0.8735612023609032 0.4652032852425709 8328
0.03795104640370019 0.7594206536589517 8329
1.271827268973238 0.2370493525803101 8330
0.66371302460038 0.7126444421937356 8331
0.01459050456042851 0.9195530513110766 8332
1.079826329276408 0.3009894457626671 8333
0.8915816041950275 0.4553276019288929 8334
1.227066072544666 0.905612830522279 8335
1.492750746616565 0.9269390523918144 8336
1.484279969910858 0.5451399424687522 8337
0.01226155885846004 0.565352155654008 8338
0.2168639604154423 0.06032675362864674 8339
1.075438747656882 0.2905103980996526 8340
0.8183964633213479 0.1363007579931577 8341
1.34898608575308 0.2479628603742301 8342
1.391183832635552 0.39038082486675 8343
1.483995132487588 0.4157893910467507 8344
1.111920900808009 0.2035460166898251 8345
1.452587081637778 0.7451694804341211 8346
0.07499999999985184 0.04980009962513195 8347
0.3194627549654971 0.6664764817694503 8348
0.1848175158396715 0.8751905587225506 8349
0.3892321336311714 0.1344527269167582 8350
0.8882520471880422 0.7103357495795858 8351
0.1728620985159499 0.06039970116748545 8352
0.9738472028930739 0.5858663903382008 8353
0.1088738465492612 0.9215850597693849 8354
1.30172284935627 0.2444316900887788 8355
0.7490758251363452 0.3180242711935612 8356
0.3114044133760734 0.5753578918960363 8357
1.367790359536892 0.9145279612748589 8358
0.3206663765953787 0.4494233255973354 8359
1.377185459051163 0.2534484826241871 8360
1.492769325612368 0.8622350362318805 8361
1.4494117892599 0.2819746307705595 8362
1.047553789469647 0.2645640159868261 8363
0.6528710380397708 0.7232888012225274 8364
0.8860526381028291 0.8984660276984591 8365
1.485598188524107 0.3893643734066622 8366
1.368441819257181 0.3672806596297205 8367
1.292280436404021 0.5154243708158742 8368
0.01933540235204253 0.1197858520237963 8369
0.6322157646862281 0.09097894517417378 8370
0.0483430271745051 0.3528631065742603 8371
1.01186811470705 0.6977795936411855 8372
0.05503627567845895 0.2133127396891794 8373
0.3076575674208853 0.4687620133978574 8374
0.622315572735022 0.08875762840337342 8375
1.057956847840218 0.267017703199913 8376
1.333593124267664 0.2522251811662173 8377
1.359895247264503 0.4550244536500911 8378
1.368891129428269 0.7102406943505599 8379
1.101323200257213 0.3071794929702162 8380
0.5027185067186813 0.4745240974071437 8381
0.4667085200299451 0.4273899389410949 8382
0.3059725251281511 0.6793040080732961 8383
0.4372785205688898 0.05085021194564482 8384
1.314593677131043 0.2484241167078833 8385
1.357724666350662 0.2486820824280695 8386
0.4005069673038622 0.9204808535931911 8387
1.393262189554081 0.9165039832862936 8388
1.36415309639045 0.2609971272044034 8389
1.084278455337778 0.2385626854265718 8390
0.7392807787192176 0.3154397412090145 8391
0.2455856233658623 0.1859670607928829 8392
0.380803095365735 0.1425235410084001 8393
0.8297746895958732 0.5745603227006642 8394
0.6492696832373255 0.4809415859750001 8395
1.493446198605674 0.8485209026846775 8396
1.058157246037557 0.6330459148466098 8397
1.331246047653537 0.2440202044906649 8398
0.677760773673983 0.1978047321722037 8399
0.6678508834616024 0.4854390491975095 8400
0.4304322654315866 0.2503292826637986 8401
1.42022388279259 0.7987608605495491 8402
0.8549379015821018 0.609346308277033 8403
1.051865926658466 0.6181170740745967 8404
1.280603862237469 0.696136951068553 8405
1.204564018562121 0.7005043767959074 8406
1.353609247055565 0.9136042163766591 8407
1.284767868884881 0.2410121770216345 8408
1.385642595301379 0.408243808797935 8409
1.073068208397319 0.6368256297316083 8410
0.3752600371912767 0.06021168327344344 8411
0.5858897493140341 0.5533338108113112 8412
0.2990598343076649 0.5881048654844957 8413
0.3089396753617586 0.5315727055733617 8414
1.040330648751556 0.2713794906276658 8415
0.03163282963409654 0.724505638383116 8416
0.5536742795492494 0.1272687265421807 8417
1.232961056240526 0.5381364002544305 8418
0.1856970088729192 0.3260641504663384 8419
1.484291002680011 0.5900183306511761 8420
0.3536446940644712 0.05140781994099761 8421
0.8028672139091063 0.5799160802002536 8422
0.78724097245938 0.5768799924322596 8423
1.301296646296436 0.2372583896335594 8424
0.03210865234624115 0.4123716730132284 8425
0.7351911618659734 0.4525971138804114 8426
0.04604259469121639 0.7848840204224736 8427
1.325165196377907 0.5952907220932137 8428
0.2362688036641509 0.1926256023215166 8429
0.6124985833786778 0.08643343044484332 8430
1.468117383227745 0.9187776764704884 8431
0.6710929002175368 0.2038714965829759 8432
0.2928140006838774 0.6923343174681648 8433
0.8579310699184342 0.6223909249556328 8434
1.029691635384443 0.2689388748212443 8435
0.7834546237556743 0.887769620328365 8436
0.1248111467789701 0.367623822958314 8437
0.2438782930342671 0.168078309769861 8438
0.4559461191618428 0.4382166340959438 8439
1.254082456005019 0.233371177677291 8440
1.087183836482088 0.248798485235152 8441
0.3289239501539711 0.4809406934561325 8442
0.3683632700171794 0.06978900741233932 8443
0.5001914793545477 0.7141168290482041 8444
0.7666661360703726 0.5594470278182735 8445
0.872895786131299 0.6272336938993084 8446
0.1450239357613906 0.04953034129755797 8447
0.5152297024587058 0.2099863011285807 8448
1.133426356060443 0.9218024626761725 8449
1.111541571983365 0.5672077350270778 8450
0.2602117279241367 0.7194934409132615 8451
0.01912121448409022 0.1101798118075327 8452
1.485304012523028 0.3504563422278689 8453
0.9720163930744748 0.6087441788438865 8454
1.298295065561746 0.7621336043660223 8455
1.015330050754119 0.4858651223948418 8456
0.2865676671725106 0.6006723560061197 8457
1.494531411449854 0.483471481636076 8458
0.501690174931043 0.06804026805680645 8459
1.234515422992402 0.2291133006355553 8460
0.5814158138075992 0.3529366507666222 8461
1.269977003718034 0.229563884457965 8462
0.4127193240971232 0.2597866130682921 8463
0.8994003243341381 0.3132391705299455 8464
1.484548672302934 0.6837468835611288 8465
0.652706150747377 0.5712321390612585 8466
1.244308584685245 0.2312733357086786 8467
1.183325912732381 0.7225815296537021 8468
0.45844541642083 0.9042212852933313 8469
1.020162568912159 0.2666047657439569 8470
1.485087696935063 0.8164361189886348 8471
0.6734254275301901 0.2127727384380323 8472
1.48458150681135 0.8966902982638866 8473
0.5876564177214758 0.5752983988592885 8474
0.3199999999995254 0.05816901427140247 8475
0.7228510705324829 0.4493716285177424 8476
0.4915844864114253 0.4853551091017443 8477
0.6026775950070338 0.0840231325333283 8478
1.304287282264588 0.4505594968275503 8479
1.101664216481724 0.5770535381455499 8480
0.6135131273083441 0.2942971755882412 8481
0.2801843691070647 0.7044238378918688 8482
0.4474477670908215 0.5500423673447178 8483
1.236881648508128 0.5503389684226403 8484
1.449492605123466 0.7599842798152354 8485
0.7501333470959763 0.467575631943348 8486
1.005399926449845 0.2642278328456765 8487
1.361262611224125 0.3757763695400025 8488
0.5707794836386639 0.363217833779872 8489
0.2208109773241763 0.8868114943062277 8490
0.1905299083074315 0.3395743328250258 8491
0.4451876929297245 0.4492799215066222 8492
0.7484746374187441 0.5039304701288355 8493
0.4705997620805227 0.5996817455864761 8494
1.360553319378799 0.7193796386895496 8495
0.6250993115404033 0.2972117090859079 8496
1.194065773967236 0.7121660919228668 8497
0.05617231691528625 0.233655297146615 8498
1.105674024469605 0.211833793968603 8499
0.4001064281128658 0.2565340369058876 8500
0.7466281907298657 0.4555263704940891 8501
1.090422313516288 0.2586929119794004 8502
0.2587501847995702 0.2135219448405994 8503
0.563439553747497 0.5759526823559492 8504
0.9510918847690586 0.6045757595882129 8505
0.1089759147426491 0.3628555982097907 8506
1.22473422662189 0.2268266530753243 8507
0.4479681265374401 0.3769779790090225 8508
1.378149638217184 0.4159892669715221 8509
0.02824944042616787 0.6159492736840224 8510
1.427452427026361 0.8091682731113656 8511
0.1572604785347496 0.149125591686042 8512
0.7535605238528068 0.4812523799987136 8513
0.5176010075785277 0.2218934799466217 8514
1.415330664432732 0.6634797070547731 8515
0.2741203411304576 0.6132953279348764 8516
0.02823596860534608 0.854407887802727 8517
1.24055158355856 0.5625511270450763 8518
0.9947642500349373 0.2619073469891246 8519
0.8842454118048949 0.3093530922183843 8520
0.9852442380431137 0.2581574486801909 8521
0.7612885478645568 0.5684003374496721 8522
1.354019935740294 0.3834016937437404 8523
1.289042851408791 0.4499307183527378 8524
1.048562500667535 0.4958732470410239 8525
0.5279209447555394 0.9036159529208171 8526
1.016179291493442 0.712261402607602 8527
0.1051284546646166 0.04957810266708862 8528
1.32823967769431 0.6050907408930375 8529
1.438807136911336 0.7734666444684172 8530
1.092074754097831 0.5874891882823539 8531
0.249875456113495 0.05805594707641634 8532
0.6002156022813216 0.9220769672447501 8533
0.4973840121598602 0.05042850743583025 8534
0.5942333011669974 0.08136097437870946 8535
1.443076478621004 0.6091528201011683 8536
1.287010890695156 0.7304501203240472 8537
0.3054417925005168 0.515635925224591 8538
1.346760351808502 0.3907609649524307 8539
1.187405290338175 0.7409949877196476 8540
0.04008401348075992 0.05791076679670887 8541
0.9334252571728108 0.5736061367314037 8542
1.098345189416451 0.2193188211989796 8543
0.189007181865415 0.6912470696894437 8544
0.9323568347382307 0.2453096161941524 8545
1.35290752332193 0.7276274901311283 8546
1.486103373367008 0.6172218595883595 8547
0.3897182014650373 0.05754414119538355 8548
0.2683811654870831 0.3837915803348722 8549
0.9205572316521957 0.5693014785854872 8550
1.283276439475481 0.5233547331148755 8551
1.094464041376929 0.2716286492393776 8552
0.919599689727415 0.904240363662395 8553
0.4598829032658781 0.6059645009997008 8554
0.05945215127944192 0.1720314198168375 8555
0.04527553878521852 0.9035144817630226 8556
1.494921578310186 0.4537534474584314 8557
0.29571709606467 0.9067446383208205 8558
0.4370759026588394 0.3599802659453378 8559
1.215200943366375 0.2242195618042985 8560
1.485543521734894 0.7655004774564804 8561
0.4802677326974978 0.4957775571102803 8562
0.07597999341761599 0.1743060784925 8563
0.7215363377198216 0.9231465071678373 8564
0.6665757303772809 0.2753249268408954 8565
0.5089615527175454 0.07263768053920074 8566
1.485200412686209 0.7929541999198094 8567
0.0277648859704847 0.05079568637915555 8568
0.02106785924495339 0.06123106800161947 8569
1.233492926130914 0.8932871920378421 8570
1.2328861729611 0.2722942948097671 8571
0.3457165501125455 0.9234356873839336 8572
0.3022329051286714 0.4412667841953623 8573
1.030688231186129 0.1815059493279531 8574
0.7570865289607962 0.383437525950226 8575
1.485810444434466 0.6565508393309831 8576
0.7011677941421017 0.2838047982433262 8577
0.8652114690055672 0.4608130903524378 8578
1.331667611296887 0.6201029784432039 8579
0.07847724598211236 0.2069565566278199 8580
0.6901314886669885 0.2822911458586489 8581
0.9747975269876321 0.2452161405804758 8582
1.24472176292954 0.5730998201269916 8583
0.2483917834345247 0.7134584692228129 8584
NMARK= 3
MARKER_TAG= Inlet
MARKER_ELEMS= 54
3 4 308 
3 308 309 
3 309 310 
3 310 311 
3 311 312 
3 312 313 
3 313 314 
3 314 315 
3 315 316 
3 316 317 
3 317 318 
3 318 319 
3 319 320 
3 320 321 
3 321 322 
3 322 323 
3 323 324 
3 324 325 
3 325 326 
3 326 327 
3 327 328 
3 328 329 
3 329 330 
3 330 331 
3 331 332 
3 332 333 
3 333 334 
3 334 335 
3 335 336 
3 336 337 
3 337 338 
3 338 339 
3 339 340 
3 340 341 
3 341 342 
3 342 343 
3 343 344 
3 344 345 
3 345 346 
3 346 347 
3 347 348 
3 348 349 
3 349 350 
3 350 351 
3 351 352 
3 352 353 
3 353 354 
3 354 355 
3 355 356 
3 356 357 
3 357 358 
3 358 359 
3 359 360 
3 360 0 
MARKER_TAG= Outlet
MARKER_ELEMS= 71
3 2 156 
3 156 157 
3 157 158 
3 158 159 
3 159 160 
3 160 161 
3 161 162 
3 162 163 
3 163 164 
3 164 165 
3 165 166 
3 166 167 
3 167 168 
3 168 169 
3 169 170 
3 170 171 
3 171 172 
3 172 173 
3 173 174 
3 174 175 
3 175 176 
3 176 177 
3 177 178 
3 178 179 
3 179 180 
3 180 181 
3 181 182 
3 182 183 
3 183 184 
3 184 185 
3 185 186 
3 186 187 
3 187 188 
3 188 189 
3 189 190 
3 190 191 
3 191 192 
3 192 193 
3 193 194 
3 194 195 
3 195 196 
3 196 197 
3 197 198 
3 198 199 
3 199 200 
3 200 201 
3 201 202 
3 202 203 
3 203 204 
3 204 205 
3 205 206 
3 206 207 
3 207 208 
3 208 209 
3 209 210 
3 210 211 
3 211 212 
3 212 213 
3 213 214 
3 214 215 
3 215 216 
3 216 217 
3 217 218 
3 218 219 
3 219 220 
3 220 221 
3 221 222 
3 222 223 
3 223 224 
3 224 225 
3 225 3 
MARKER_TAG= Wall
MARKER_ELEMS= 236
3 0 5 
3 5 6 
3 6 7 
3 7 8 
3 8 9 
3 9 10 
3 10 11 
3 11 12 
3 12 13 
3 13 14 
3 14 15 
3 15 16 
3 16 17 
3 17 18 
3 18 19 
3 19 20 
3 20 21 
3 21 22 
3 22 23 
3 23 24 
3 24 25 
3 25 26 
3 26 27 
3 27 28 
3 28 29 
3 29 30 
3 30 31 
3 31 32 
3 32 33 
3 33 34 
3 34 35 
3 35 36 
3 36 37 
3 37 38 
3 38 39 
3 39 40 
3 40 41 
3 41 42 
3 42 43 
3 43 44 
3 44 45 
3 45 46 
3 46 47 
3 47 48 
3 48 49 
3 49 50 
3 50 51 
3 51 52 
3 52 53 
3 53 1 
3 1 54 
3 54 55 
3 55 56 
3 56 57 
3 57 58 
3 58 59 
3 59 60 
3 60 61 
3 61 62 
3 62 63 
3 63 64 
3 64 65 
3 65 66 
3 66 67 
3 67 68 
3 68 69 
3 69 70 
3 70 71 
3 71 72 
3 72 73 
3 73 74 
3 74 75 
3 75 76 
3 76 77 
3 77 78 
3 78 79 
3 79 80 
3 80 81 
3 81 82 
3 82 83 
3 83 84 
3 84 85 
3 85 86 
3 86 87 
3 87 88 
3 88 89 
3 89 90 
3 90 91 
3 91 92 
3 92 93 
3 93 94 
3 94 95 
3 95 96 
3 96 97 
3 97 98 
3 98 99 
3 99 100 
3 100 101 
3 101 102 
3 102 103 
3 103 104 
3 104 105 
3 105 106 
3 106 107 
3 107 108 
3 108 109 
3 109 110 
3 110 111 
3 111 112 
3 112 113 
3 113 114 
3 114 115 
3 115 116 
3 116 117 
3 117 118 
3 118 119 
3 119 120 
3 120 121 
3 121 122 
3 122 123 
3 123 124 
3 124 125 
3 125 126 
3 126 127 
3 127 128 
3 128 129 
3 129 130 
3 130 131 
3 131 132 
3 132 133 
3 133 134 
3 134 135 
3 135 136 
3 136 137 
3 137 138 
3 138 139 
3 139 140 
3 140 141 
3 141 142 
3 142 143 
3 143 144 
3 144 145 
3 145 146 
3 146 147 
3 147 148 
3 148 149 
3 149 150 
3 150 151 
3 151 152 
3 152 153 
3 153 154 
3 154 155 
3 155 2 
3 3 226 
3 226 227 
3 227 228 
3 228 229 
3 229 230 
3 230 231 
3 231 232 
3 232 233 
3 233 234 
3 234 235 
3 235 236 
3 236 237 
3 237 238 
3 238 239 
3 239 240 
3 240 241 
3 241 242 
3 242 243 
3 243 244 
3 244 245 
3 245 246 
3 246 247 
3 247 248 
3 248 249 
3 249 250 
3 250 251 
3 251 252 
3 252 253 
3 253 254 
3 254 255 
3 255 256 
3 256 257 
3 257 258 
3 258 259 
3 259 260 
3 260 261 
3 261 262 
3 262 263 
3 263 264 
3 264 265 
3 265 266 
3 266 267 
3 267 268 
3 268 269 
3 269 270 
3 270 271 
3 271 272 
3 272 273 
3 273 274 
3 274 275 
3 275 276 
3 276 277 
3 277 278 
3 278 279 
3 279 280 
3 280 281 
3 281 282 
3 282 283 
3 283 284 
3 284 285 
3 285 286 
3 286 287 
3 287 288 
3 288 289 
3 289 290 
3 290 291 
3 291 292 
3 292 293 
3 293 294 
3 294 295 
3 295 296 
3 296 297 
3 297 298 
3 298 299 
3 299 300 
3 300 301 
3 301 302 
3 302 303 
3 303 304 
3 304 305 
3 305 306 
3 306 307 
3 307 4 
